#include "zpix12_font_data.h"

const zpix12_glyph_t zpix12_font_glyphs[] = {
    {0x0020, {0x000, 0x000, 0x000, 0x000, 0x000, 0x000, 0x000, 0x000, 0x000, 0x000, 0x000, 0x000}},
    {0x0021, {0x000, 0x000, 0x800, 0x800, 0x800, 0x800, 0x800, 0x800, 0x000, 0x800, 0x800, 0x000}},
    {0x0022, {0x000, 0x000, 0xA00, 0xA00, 0x000, 0x000, 0x000, 0x000, 0x000, 0x000, 0x000, 0x000}},
    {0x0023, {0x000, 0x000, 0x500, 0x500, 0xF80, 0x500, 0x500, 0x500, 0xF80, 0x500, 0x500, 0x000}},
    {0x0024, {0x000, 0x000, 0x200, 0x700, 0xA80, 0xA00, 0x700, 0x280, 0xA80, 0x700, 0x200, 0x000}},
    {0x0025, {0x000, 0x000, 0x000, 0x240, 0x540, 0x580, 0x280, 0x140, 0x1A0, 0x2A0, 0x240, 0x000}},
    {0x0026, {0x000, 0x000, 0x300, 0x480, 0x480, 0x300, 0x200, 0x540, 0x540, 0x480, 0x340, 0x000}},
    {0x0027, {0x000, 0x000, 0x800, 0x800, 0x000, 0x000, 0x000, 0x000, 0x000, 0x000, 0x000, 0x000}},
    {0x0028, {0x000, 0x200, 0x400, 0x400, 0x800, 0x800, 0x800, 0x800, 0x800, 0x400, 0x400, 0x200}},
    {0x0029, {0x000, 0x800, 0x400, 0x400, 0x200, 0x200, 0x200, 0x200, 0x200, 0x400, 0x400, 0x800}},
    {0x002A, {0x000, 0x000, 0x000, 0x000, 0x200, 0x200, 0xF80, 0x200, 0x500, 0x000, 0x000, 0x000}},
    {0x002B, {0x000, 0x000, 0x000, 0x000, 0x200, 0x200, 0xF80, 0x200, 0x200, 0x000, 0x000, 0x000}},
    {0x002C, {0x000, 0x000, 0x000, 0x000, 0x000, 0x000, 0x000, 0x000, 0x000, 0x000, 0x400, 0x400}},
    {0x002D, {0x000, 0x000, 0x000, 0x000, 0x000, 0x000, 0xF80, 0x000, 0x000, 0x000, 0x000, 0x000}},
    {0x002E, {0x000, 0x000, 0x000, 0x000, 0x000, 0x000, 0x000, 0x000, 0x000, 0x400, 0x400, 0x000}},
    {0x002F, {0x000, 0x000, 0x100, 0x100, 0x100, 0x200, 0x200, 0x200, 0x400, 0x400, 0x400, 0x000}},
    {0x0030, {0x000, 0x000, 0x700, 0x880, 0x880, 0x880, 0x880, 0x880, 0x880, 0x880, 0x700, 0x000}},
    {0x0031, {0x000, 0x000, 0x400, 0xC00, 0x400, 0x400, 0x400, 0x400, 0x400, 0x400, 0x400, 0x000}},
    {0x0032, {0x000, 0x000, 0x700, 0x880, 0x880, 0x080, 0x100, 0x200, 0x400, 0x800, 0xF80, 0x000}},
    {0x0033, {0x000, 0x000, 0x700, 0x880, 0x880, 0x080, 0x300, 0x080, 0x880, 0x880, 0x700, 0x000}},
    {0x0034, {0x000, 0x000, 0x100, 0x300, 0x300, 0x500, 0x500, 0x900, 0xF80, 0x100, 0x100, 0x000}},
    {0x0035, {0x000, 0x000, 0xF80, 0x800, 0x800, 0xF00, 0x880, 0x080, 0x080, 0x880, 0x700, 0x000}},
    {0x0036, {0x000, 0x000, 0x700, 0x880, 0x800, 0xF00, 0x880, 0x880, 0x880, 0x880, 0x700, 0x000}},
    {0x0037, {0x000, 0x000, 0xF80, 0x880, 0x080, 0x100, 0x100, 0x200, 0x200, 0x200, 0x200, 0x000}},
    {0x0038, {0x000, 0x000, 0x700, 0x880, 0x880, 0x880, 0x700, 0x880, 0x880, 0x880, 0x700, 0x000}},
    {0x0039, {0x000, 0x000, 0x700, 0x880, 0x880, 0x880, 0x880, 0x780, 0x080, 0x880, 0x700, 0x000}},
    {0x003A, {0x000, 0x000, 0x000, 0x000, 0x000, 0x400, 0x400, 0x000, 0x000, 0x400, 0x400, 0x000}},
    {0x003B, {0x000, 0x000, 0x000, 0x000, 0x000, 0x400, 0x400, 0x000, 0x000, 0x400, 0x400, 0x800}},
    {0x003C, {0x000, 0x000, 0x080, 0x100, 0x200, 0x400, 0x800, 0x400, 0x200, 0x100, 0x080, 0x000}},
    {0x003D, {0x000, 0x000, 0x000, 0x000, 0x000, 0xF80, 0x000, 0x000, 0xF80, 0x000, 0x000, 0x000}},
    {0x003E, {0x000, 0x000, 0x800, 0x400, 0x200, 0x100, 0x080, 0x100, 0x200, 0x400, 0x800, 0x000}},
    {0x003F, {0x000, 0x000, 0x700, 0x880, 0x080, 0x100, 0x200, 0x200, 0x000, 0x200, 0x200, 0x000}},
    {0x0040, {0x000, 0x000, 0x700, 0x880, 0x980, 0xA80, 0xA80, 0xA80, 0xB80, 0x800, 0x700, 0x000}},
    {0x0041, {0x000, 0x000, 0x200, 0x200, 0x500, 0x500, 0x500, 0x700, 0x880, 0x880, 0x880, 0x000}},
    {0x0042, {0x000, 0x000, 0xF00, 0x880, 0x880, 0x880, 0xF00, 0x880, 0x880, 0x880, 0xF00, 0x000}},
    {0x0043, {0x000, 0x000, 0x700, 0x880, 0x880, 0x800, 0x800, 0x800, 0x880, 0x880, 0x700, 0x000}},
    {0x0044, {0x000, 0x000, 0xF00, 0x880, 0x880, 0x880, 0x880, 0x880, 0x880, 0x880, 0xF00, 0x000}},
    {0x0045, {0x000, 0x000, 0xF80, 0x800, 0x800, 0x800, 0xF80, 0x800, 0x800, 0x800, 0xF80, 0x000}},
    {0x0046, {0x000, 0x000, 0xF80, 0x800, 0x800, 0x800, 0xF00, 0x800, 0x800, 0x800, 0x800, 0x000}},
    {0x0047, {0x000, 0x000, 0x700, 0x880, 0x880, 0x800, 0xB80, 0x880, 0x880, 0x980, 0x680, 0x000}},
    {0x0048, {0x000, 0x000, 0x880, 0x880, 0x880, 0x880, 0xF80, 0x880, 0x880, 0x880, 0x880, 0x000}},
    {0x0049, {0x000, 0x000, 0xF80, 0x200, 0x200, 0x200, 0x200, 0x200, 0x200, 0x200, 0xF80, 0x000}},
    {0x004A, {0x000, 0x000, 0x080, 0x080, 0x080, 0x080, 0x080, 0x080, 0x880, 0x880, 0x700, 0x000}},
    {0x004B, {0x000, 0x000, 0x880, 0x900, 0x900, 0xA00, 0xC00, 0xA00, 0x900, 0x900, 0x880, 0x000}},
    {0x004C, {0x000, 0x000, 0x800, 0x800, 0x800, 0x800, 0x800, 0x800, 0x800, 0x800, 0xF80, 0x000}},
    {0x004D, {0x000, 0x000, 0x880, 0x880, 0xD80, 0xD80, 0xA80, 0xA80, 0x880, 0x880, 0x880, 0x000}},
    {0x004E, {0x000, 0x000, 0x880, 0xC80, 0xC80, 0xA80, 0xA80, 0x980, 0x980, 0x880, 0x880, 0x000}},
    {0x004F, {0x000, 0x000, 0x700, 0x880, 0x880, 0x880, 0x880, 0x880, 0x880, 0x880, 0x700, 0x000}},
    {0x0050, {0x000, 0x000, 0xF00, 0x880, 0x880, 0x880, 0xF00, 0x800, 0x800, 0x800, 0x800, 0x000}},
    {0x0051, {0x000, 0x000, 0x700, 0x880, 0x880, 0x880, 0x880, 0x880, 0x880, 0xA80, 0x700, 0x080}},
    {0x0052, {0x000, 0x000, 0xF00, 0x880, 0x880, 0x880, 0xF00, 0x900, 0x880, 0x880, 0x880, 0x000}},
    {0x0053, {0x000, 0x000, 0x700, 0x880, 0x880, 0x400, 0x200, 0x100, 0x880, 0x880, 0x700, 0x000}},
    {0x0054, {0x000, 0x000, 0xF80, 0x200, 0x200, 0x200, 0x200, 0x200, 0x200, 0x200, 0x200, 0x000}},
    {0x0055, {0x000, 0x000, 0x880, 0x880, 0x880, 0x880, 0x880, 0x880, 0x880, 0x880, 0x700, 0x000}},
    {0x0056, {0x000, 0x000, 0x880, 0x880, 0x880, 0x500, 0x500, 0x500, 0x200, 0x200, 0x200, 0x000}},
    {0x0057, {0x000, 0x000, 0xA80, 0xA80, 0xA80, 0xA80, 0xA80, 0xA80, 0x500, 0x500, 0x500, 0x000}},
    {0x0058, {0x000, 0x000, 0x880, 0x880, 0x500, 0x500, 0x200, 0x500, 0x500, 0x880, 0x880, 0x000}},
    {0x0059, {0x000, 0x000, 0x880, 0x880, 0x880, 0x500, 0x500, 0x200, 0x200, 0x200, 0x200, 0x000}},
    {0x005A, {0x000, 0x000, 0xF80, 0x080, 0x100, 0x100, 0x200, 0x400, 0x400, 0x800, 0xF80, 0x000}},
    {0x005B, {0x000, 0xC00, 0x800, 0x800, 0x800, 0x800, 0x800, 0x800, 0x800, 0x800, 0x800, 0xC00}},
    {0x005C, {0x000, 0x000, 0x400, 0x400, 0x400, 0x200, 0x200, 0x200, 0x100, 0x100, 0x100, 0x000}},
    {0x005D, {0x000, 0xC00, 0x400, 0x400, 0x400, 0x400, 0x400, 0x400, 0x400, 0x400, 0x400, 0xC00}},
    {0x005E, {0x000, 0x000, 0x600, 0x900, 0x000, 0x000, 0x000, 0x000, 0x000, 0x000, 0x000, 0x000}},
    {0x005F, {0x000, 0x000, 0x000, 0x000, 0x000, 0x000, 0x000, 0x000, 0x000, 0x000, 0x000, 0x000}},
    {0x0060, {0x000, 0x000, 0x800, 0x400, 0x000, 0x000, 0x000, 0x000, 0x000, 0x000, 0x000, 0x000}},
    {0x0061, {0x000, 0x000, 0x000, 0x000, 0xF00, 0x080, 0x080, 0x780, 0x880, 0x880, 0x780, 0x000}},
    {0x0062, {0x000, 0x000, 0x800, 0x800, 0xF00, 0x880, 0x880, 0x880, 0x880, 0x880, 0xF00, 0x000}},
    {0x0063, {0x000, 0x000, 0x000, 0x000, 0x700, 0x880, 0x800, 0x800, 0x800, 0x880, 0x700, 0x000}},
    {0x0064, {0x000, 0x000, 0x080, 0x080, 0x780, 0x880, 0x880, 0x880, 0x880, 0x880, 0x780, 0x000}},
    {0x0065, {0x000, 0x000, 0x000, 0x000, 0x700, 0x880, 0x880, 0xF80, 0x800, 0x880, 0x700, 0x000}},
    {0x0066, {0x000, 0x000, 0x300, 0x400, 0x400, 0xF00, 0x400, 0x400, 0x400, 0x400, 0x400, 0x000}},
    {0x0067, {0x000, 0x000, 0x000, 0x000, 0x780, 0x880, 0x880, 0x880, 0x780, 0x080, 0x880, 0x700}},
    {0x0068, {0x000, 0x000, 0x800, 0x800, 0xF00, 0x880, 0x880, 0x880, 0x880, 0x880, 0x880, 0x000}},
    {0x0069, {0x000, 0x000, 0x400, 0x000, 0xC00, 0x400, 0x400, 0x400, 0x400, 0x400, 0xE00, 0x000}},
    {0x006A, {0x000, 0x000, 0x200, 0x000, 0x600, 0x200, 0x200, 0x200, 0x200, 0x200, 0x200, 0xC00}},
    {0x006B, {0x000, 0x000, 0x800, 0x800, 0x880, 0x900, 0xA00, 0xC00, 0xA00, 0x900, 0x880, 0x000}},
    {0x006C, {0x000, 0x000, 0xC00, 0x400, 0x400, 0x400, 0x400, 0x400, 0x400, 0x400, 0xE00, 0x000}},
    {0x006D, {0x000, 0x000, 0x000, 0x000, 0xD00, 0xA80, 0xA80, 0xA80, 0xA80, 0xA80, 0xA80, 0x000}},
    {0x006E, {0x000, 0x000, 0x000, 0x000, 0xF00, 0x880, 0x880, 0x880, 0x880, 0x880, 0x880, 0x000}},
    {0x006F, {0x000, 0x000, 0x000, 0x000, 0x700, 0x880, 0x880, 0x880, 0x880, 0x880, 0x700, 0x000}},
    {0x0070, {0x000, 0x000, 0x000, 0x000, 0xF00, 0x880, 0x880, 0x880, 0x880, 0xF00, 0x800, 0x800}},
    {0x0071, {0x000, 0x000, 0x000, 0x000, 0x780, 0x880, 0x880, 0x880, 0x880, 0x780, 0x080, 0x080}},
    {0x0072, {0x000, 0x000, 0x000, 0x000, 0xB00, 0xC00, 0x800, 0x800, 0x800, 0x800, 0x800, 0x000}},
    {0x0073, {0x000, 0x000, 0x000, 0x000, 0x700, 0x880, 0x800, 0x700, 0x080, 0x880, 0x700, 0x000}},
    {0x0074, {0x000, 0x000, 0x400, 0x400, 0xF00, 0x400, 0x400, 0x400, 0x400, 0x400, 0x300, 0x000}},
    {0x0075, {0x000, 0x000, 0x000, 0x000, 0x880, 0x880, 0x880, 0x880, 0x880, 0x880, 0x780, 0x000}},
    {0x0076, {0x000, 0x000, 0x000, 0x000, 0x880, 0x880, 0x880, 0x500, 0x500, 0x200, 0x200, 0x000}},
    {0x0077, {0x000, 0x000, 0x000, 0x000, 0xA80, 0xA80, 0xA80, 0xA80, 0x700, 0x500, 0x500, 0x000}},
    {0x0078, {0x000, 0x000, 0x000, 0x000, 0x880, 0x880, 0x500, 0x200, 0x500, 0x880, 0x880, 0x000}},
    {0x0079, {0x000, 0x000, 0x000, 0x000, 0x880, 0x880, 0x880, 0x500, 0x500, 0x200, 0x200, 0xC00}},
    {0x007A, {0x000, 0x000, 0x000, 0x000, 0xF80, 0x080, 0x100, 0x200, 0x400, 0x800, 0xF80, 0x000}},
    {0x007B, {0x000, 0x200, 0x400, 0x400, 0x400, 0x400, 0x800, 0x400, 0x400, 0x400, 0x400, 0x200}},
    {0x007C, {0x000, 0x800, 0x800, 0x800, 0x800, 0x800, 0x800, 0x800, 0x800, 0x800, 0x800, 0x800}},
    {0x007D, {0x000, 0x800, 0x400, 0x400, 0x400, 0x400, 0x200, 0x400, 0x400, 0x400, 0x400, 0x800}},
    {0x007E, {0x000, 0x680, 0x900, 0x000, 0x000, 0x000, 0x000, 0x000, 0x000, 0x000, 0x000, 0x000}},
    {0x00A4, {0x000, 0x000, 0x000, 0x880, 0x700, 0x880, 0x880, 0x880, 0x700, 0x880, 0x000, 0x000}},
    {0x00A7, {0x000, 0x700, 0x880, 0x880, 0x600, 0x900, 0x880, 0x480, 0x300, 0x880, 0x880, 0x700}},
    {0x00A8, {0x000, 0xCC0, 0xCC0, 0x000, 0x000, 0x000, 0x000, 0x000, 0x000, 0x000, 0x000, 0x000}},
    {0x00B0, {0x000, 0x400, 0xA00, 0x400, 0x000, 0x000, 0x000, 0x000, 0x000, 0x000, 0x000, 0x000}},
    {0x00B1, {0x000, 0x000, 0x100, 0x100, 0x100, 0xFE0, 0x100, 0x100, 0x100, 0x000, 0xFE0, 0x000}},
    {0x00D7, {0x000, 0x000, 0x000, 0x820, 0x440, 0x280, 0x100, 0x280, 0x440, 0x820, 0x000, 0x000}},
    {0x00E0, {0x000, 0x000, 0x400, 0x200, 0x000, 0x600, 0x900, 0x700, 0x900, 0x900, 0x680, 0x000}},
    {0x00E1, {0x000, 0x000, 0x200, 0x400, 0x000, 0x600, 0x900, 0x700, 0x900, 0x900, 0x680, 0x000}},
    {0x00E8, {0x000, 0x000, 0x400, 0x200, 0x000, 0x700, 0x880, 0xF80, 0x800, 0x880, 0x700, 0x000}},
    {0x00E9, {0x000, 0x000, 0x100, 0x200, 0x000, 0x700, 0x880, 0xF80, 0x800, 0x880, 0x700, 0x000}},
    {0x00EA, {0x000, 0x000, 0x200, 0x500, 0x000, 0x700, 0x880, 0xF80, 0x800, 0x880, 0x700, 0x000}},
    {0x00EC, {0x000, 0x000, 0x800, 0x400, 0x000, 0x400, 0x400, 0x400, 0x400, 0x400, 0x400, 0x000}},
    {0x00ED, {0x000, 0x000, 0x400, 0x800, 0x000, 0x800, 0x800, 0x800, 0x800, 0x800, 0x800, 0x000}},
    {0x00F2, {0x000, 0x000, 0x400, 0x200, 0x000, 0x700, 0x880, 0x880, 0x880, 0x880, 0x700, 0x000}},
    {0x00F3, {0x000, 0x000, 0x100, 0x200, 0x000, 0x700, 0x880, 0x880, 0x880, 0x880, 0x700, 0x000}},
    {0x00F7, {0x000, 0x000, 0x080, 0x080, 0x000, 0x000, 0xFF8, 0x000, 0x000, 0x080, 0x080, 0x000}},
    {0x00F9, {0x000, 0x000, 0x400, 0x200, 0x000, 0x880, 0x880, 0x880, 0x880, 0x880, 0x780, 0x000}},
    {0x00FA, {0x000, 0x000, 0x100, 0x200, 0x000, 0x880, 0x880, 0x880, 0x880, 0x880, 0x780, 0x000}},
    {0x00FC, {0x000, 0x000, 0x000, 0x500, 0x000, 0x880, 0x880, 0x880, 0x880, 0x880, 0x780, 0x000}},
    {0x0101, {0x000, 0x000, 0x000, 0x700, 0x000, 0x600, 0x900, 0x700, 0x900, 0x900, 0x680, 0x000}},
    {0x0113, {0x000, 0x000, 0x000, 0x700, 0x000, 0x700, 0x880, 0xF80, 0x800, 0x880, 0x700, 0x000}},
    {0x011B, {0x000, 0x000, 0x500, 0x200, 0x000, 0x700, 0x880, 0xF80, 0x800, 0x880, 0x700, 0x000}},
    {0x012B, {0x000, 0x000, 0x000, 0xE00, 0x000, 0x400, 0x400, 0x400, 0x400, 0x400, 0x400, 0x000}},
    {0x014D, {0x000, 0x000, 0x000, 0x700, 0x000, 0x700, 0x880, 0x880, 0x880, 0x880, 0x700, 0x000}},
    {0x016B, {0x000, 0x000, 0x000, 0x700, 0x000, 0x880, 0x880, 0x880, 0x880, 0x880, 0x780, 0x000}},
    {0x0391, {0x000, 0x000, 0x080, 0x140, 0x140, 0x220, 0x220, 0x410, 0x7F0, 0x808, 0x808, 0x000}},
    {0x0392, {0x000, 0x000, 0xF80, 0x840, 0x840, 0x840, 0xF80, 0x840, 0x840, 0x840, 0xF80, 0x000}},
    {0x0393, {0x000, 0x000, 0xFC0, 0x800, 0x800, 0x800, 0x800, 0x800, 0x800, 0x800, 0x800, 0x000}},
    {0x0394, {0x000, 0x000, 0x080, 0x080, 0x140, 0x140, 0x220, 0x220, 0x410, 0x410, 0xFF8, 0x000}},
    {0x0395, {0x000, 0x000, 0xFC0, 0x800, 0x800, 0x800, 0xF80, 0x800, 0x800, 0x800, 0xFC0, 0x000}},
    {0x0396, {0x000, 0x000, 0xFE0, 0x040, 0x080, 0x080, 0x100, 0x200, 0x200, 0x400, 0xFE0, 0x000}},
    {0x0397, {0x000, 0x000, 0x820, 0x820, 0x820, 0x820, 0xFE0, 0x820, 0x820, 0x820, 0x820, 0x000}},
    {0x0398, {0x000, 0x000, 0x3C0, 0x420, 0x810, 0x810, 0xBD0, 0x810, 0x810, 0x420, 0x3C0, 0x000}},
    {0x0399, {0x000, 0x000, 0xE00, 0x400, 0x400, 0x400, 0x400, 0x400, 0x400, 0x400, 0xE00, 0x000}},
    {0x039A, {0x000, 0x000, 0x840, 0x880, 0x900, 0xA00, 0xE00, 0x900, 0x880, 0x840, 0x820, 0x000}},
    {0x039B, {0x000, 0x000, 0x040, 0x0A0, 0x0A0, 0x110, 0x110, 0x208, 0x208, 0x404, 0x404, 0x000}},
    {0x039C, {0x000, 0x000, 0x404, 0x60C, 0x60C, 0x514, 0x514, 0x4A4, 0x4A4, 0x444, 0x444, 0x000}},
    {0x039D, {0x000, 0x000, 0x208, 0x308, 0x288, 0x288, 0x248, 0x228, 0x228, 0x218, 0x208, 0x000}},
    {0x039E, {0x000, 0x000, 0xFE0, 0x000, 0x000, 0x000, 0x7C0, 0x000, 0x000, 0x000, 0xFE0, 0x000}},
    {0x039F, {0x000, 0x000, 0x3C0, 0x420, 0x810, 0x810, 0x810, 0x810, 0x810, 0x420, 0x3C0, 0x000}},
    {0x03A0, {0x000, 0x000, 0xFF0, 0x420, 0x420, 0x420, 0x420, 0x420, 0x420, 0x420, 0x420, 0x000}},
    {0x03A1, {0x000, 0x000, 0xFC0, 0x820, 0x820, 0x820, 0xFC0, 0x800, 0x800, 0x800, 0x800, 0x000}},
    {0x03A3, {0x000, 0x000, 0xFE0, 0x400, 0x200, 0x100, 0x080, 0x100, 0x200, 0x400, 0xFE0, 0x000}},
    {0x03A4, {0x000, 0x000, 0xFE0, 0x100, 0x100, 0x100, 0x100, 0x100, 0x100, 0x100, 0x100, 0x000}},
    {0x03A5, {0x000, 0x000, 0x820, 0x440, 0x440, 0x280, 0x280, 0x100, 0x100, 0x100, 0x100, 0x000}},
    {0x03A6, {0x000, 0x000, 0x100, 0x7C0, 0x920, 0x920, 0x920, 0x920, 0x920, 0x7C0, 0x100, 0x000}},
    {0x03A7, {0x000, 0x000, 0x820, 0x440, 0x440, 0x280, 0x100, 0x280, 0x440, 0x440, 0x820, 0x000}},
    {0x03A8, {0x000, 0x000, 0x080, 0x888, 0x490, 0x490, 0x490, 0x3E0, 0x080, 0x080, 0x080, 0x000}},
    {0x03A9, {0x000, 0x000, 0x3C0, 0x420, 0x810, 0x810, 0x810, 0x420, 0x240, 0x240, 0xE70, 0x000}},
    {0x03B1, {0x000, 0x000, 0x000, 0x000, 0x0C8, 0x128, 0x210, 0x410, 0x420, 0x464, 0x398, 0x000}},
    {0x03B2, {0x000, 0x000, 0x180, 0x240, 0x240, 0x580, 0x440, 0x840, 0xC40, 0xB80, 0x800, 0x800}},
    {0x03B3, {0x000, 0x000, 0x000, 0x000, 0x630, 0x940, 0x080, 0x080, 0x080, 0x100, 0x100, 0x100}},
    {0x03B4, {0x000, 0x000, 0x180, 0x240, 0x120, 0x280, 0x440, 0x840, 0x840, 0x880, 0x700, 0x000}},
    {0x03B5, {0x000, 0x000, 0x000, 0x000, 0x300, 0x480, 0x400, 0x700, 0x800, 0x880, 0x700, 0x000}},
    {0x03B6, {0x000, 0x000, 0x200, 0x4C0, 0x300, 0x200, 0x400, 0x800, 0x800, 0x700, 0x080, 0x700}},
    {0x03B7, {0x000, 0x000, 0x000, 0x000, 0x6C0, 0x920, 0x220, 0x220, 0x420, 0x440, 0x040, 0x040}},
    {0x03B8, {0x000, 0x000, 0x300, 0x480, 0x480, 0x880, 0xF80, 0x880, 0x900, 0x900, 0x600, 0x000}},
    {0x03B9, {0x000, 0x000, 0x000, 0x000, 0x400, 0x400, 0x400, 0x800, 0x800, 0xA00, 0x400, 0x000}},
    {0x03BA, {0x000, 0x000, 0x000, 0x000, 0x460, 0x480, 0x500, 0x700, 0x880, 0x8A0, 0x840, 0x000}},
    {0x03BB, {0x000, 0x000, 0x300, 0x480, 0x080, 0x180, 0x180, 0x280, 0x280, 0x480, 0x860, 0x000}},
    {0x03BC, {0x000, 0x000, 0x000, 0x000, 0x220, 0x220, 0x220, 0x440, 0x440, 0x7B0, 0x800, 0x800}},
    {0x03BD, {0x000, 0x000, 0x000, 0x000, 0x410, 0xA10, 0x210, 0x220, 0x440, 0x580, 0x600, 0x000}},
    {0x03BE, {0x000, 0x000, 0x180, 0x200, 0x380, 0x400, 0x780, 0x800, 0x800, 0x700, 0x080, 0x700}},
    {0x03BF, {0x000, 0x000, 0x000, 0x000, 0x380, 0x440, 0x840, 0x840, 0x840, 0x880, 0x700, 0x000}},
    {0x03C0, {0x000, 0x000, 0x000, 0x008, 0x7F0, 0x920, 0x120, 0x120, 0x240, 0x248, 0x430, 0x000}},
    {0x03C1, {0x000, 0x000, 0x000, 0x000, 0x1C0, 0x220, 0x420, 0x420, 0x440, 0xB80, 0x800, 0x800}},
    {0x03C3, {0x000, 0x000, 0x000, 0x010, 0x3E0, 0x440, 0x840, 0x840, 0x840, 0x880, 0x700, 0x000}},
    {0x03C4, {0x000, 0x000, 0x000, 0x020, 0x7C0, 0x900, 0x100, 0x200, 0x200, 0x240, 0x180, 0x000}},
    {0x03C5, {0x000, 0x000, 0x000, 0x000, 0x900, 0x880, 0x840, 0x840, 0x840, 0x880, 0x700, 0x000}},
    {0x03C6, {0x000, 0x000, 0x080, 0x080, 0x3C0, 0x4A0, 0x920, 0x920, 0x940, 0x780, 0x200, 0x200}},
    {0x03C7, {0x000, 0x000, 0x000, 0x000, 0x610, 0x120, 0x140, 0x080, 0x100, 0x280, 0x480, 0x860}},
    {0x03C8, {0x000, 0x000, 0x040, 0x040, 0x440, 0xA48, 0x248, 0x488, 0x490, 0x3E0, 0x080, 0x080}},
    {0x03C9, {0x000, 0x000, 0x000, 0x000, 0x410, 0x808, 0x888, 0x888, 0x888, 0x888, 0x770, 0x000}},
    {0x0401, {0x000, 0x480, 0x000, 0xFC0, 0x800, 0x800, 0xF80, 0x800, 0x800, 0x800, 0xFC0, 0x000}},
    {0x0410, {0x000, 0x000, 0x080, 0x140, 0x140, 0x220, 0x220, 0x410, 0x7F0, 0x808, 0x808, 0x000}},
    {0x0411, {0x000, 0x000, 0xF80, 0x800, 0x800, 0x800, 0xF80, 0x840, 0x840, 0x840, 0xF80, 0x000}},
    {0x0412, {0x000, 0x000, 0xF80, 0x840, 0x840, 0x840, 0xF80, 0x840, 0x840, 0x840, 0xF80, 0x000}},
    {0x0413, {0x000, 0x000, 0xFC0, 0x800, 0x800, 0x800, 0x800, 0x800, 0x800, 0x800, 0x800, 0x000}},
    {0x0414, {0x000, 0x000, 0x1E0, 0x220, 0x220, 0x220, 0x220, 0x220, 0x220, 0x420, 0xFF0, 0x810}},
    {0x0415, {0x000, 0x000, 0xFC0, 0x800, 0x800, 0x800, 0xF80, 0x800, 0x800, 0x800, 0xFC0, 0x000}},
    {0x0416, {0x000, 0x000, 0xC46, 0x248, 0x248, 0x248, 0x1F0, 0x248, 0x444, 0x444, 0x842, 0x000}},
    {0x0417, {0x000, 0x000, 0x780, 0x840, 0x040, 0x040, 0x380, 0x040, 0x040, 0x840, 0x780, 0x000}},
    {0x0418, {0x000, 0x000, 0x820, 0x820, 0x860, 0x8A0, 0x920, 0xA20, 0xC20, 0x820, 0x820, 0x000}},
    {0x0419, {0x000, 0x440, 0x380, 0x820, 0x860, 0x8A0, 0x920, 0xA20, 0xC20, 0x820, 0x820, 0x000}},
    {0x041A, {0x000, 0x000, 0x860, 0x880, 0x880, 0x880, 0xF00, 0x880, 0x840, 0x840, 0x820, 0x000}},
    {0x041B, {0x000, 0x000, 0x3E0, 0x220, 0x220, 0x220, 0x220, 0x220, 0x220, 0x220, 0xC20, 0x000}},
    {0x041C, {0x000, 0x000, 0x808, 0xC18, 0xC18, 0xA28, 0xA28, 0x948, 0x948, 0x888, 0x888, 0x000}},
    {0x041D, {0x000, 0x000, 0x820, 0x820, 0x820, 0x820, 0xFE0, 0x820, 0x820, 0x820, 0x820, 0x000}},
    {0x041E, {0x000, 0x000, 0x3C0, 0x420, 0x810, 0x810, 0x810, 0x810, 0x810, 0x420, 0x3C0, 0x000}},
    {0x041F, {0x000, 0x000, 0xFE0, 0x820, 0x820, 0x820, 0x820, 0x820, 0x820, 0x820, 0x820, 0x000}},
    {0x0420, {0x000, 0x000, 0xFC0, 0x820, 0x820, 0x820, 0xFC0, 0x800, 0x800, 0x800, 0x800, 0x000}},
    {0x0421, {0x000, 0x000, 0x380, 0x440, 0x820, 0x800, 0x800, 0x800, 0x820, 0x440, 0x380, 0x000}},
    {0x0422, {0x000, 0x000, 0xFE0, 0x100, 0x100, 0x100, 0x100, 0x100, 0x100, 0x100, 0x100, 0x000}},
    {0x0423, {0x000, 0x000, 0x820, 0x440, 0x440, 0x280, 0x280, 0x100, 0x100, 0x200, 0xC00, 0x000}},
    {0x0424, {0x000, 0x000, 0x100, 0x7C0, 0x920, 0x920, 0x920, 0x920, 0x920, 0x7C0, 0x100, 0x000}},
    {0x0425, {0x000, 0x000, 0x820, 0x440, 0x440, 0x280, 0x100, 0x280, 0x440, 0x440, 0x820, 0x000}},
    {0x0426, {0x000, 0x000, 0x840, 0x840, 0x840, 0x840, 0x840, 0x840, 0x840, 0x840, 0xFF0, 0x010}},
    {0x0427, {0x000, 0x000, 0x820, 0x820, 0x820, 0x820, 0x860, 0x7A0, 0x020, 0x020, 0x020, 0x000}},
    {0x0428, {0x000, 0x000, 0x888, 0x888, 0x888, 0x888, 0x888, 0x888, 0x888, 0x888, 0xFF8, 0x000}},
    {0x0429, {0x000, 0x000, 0x888, 0x888, 0x888, 0x888, 0x888, 0x888, 0x888, 0x888, 0xFFC, 0x004}},
    {0x042A, {0x000, 0x000, 0xF00, 0x100, 0x100, 0x100, 0x1F0, 0x108, 0x108, 0x108, 0x1F0, 0x000}},
    {0x042B, {0x000, 0x000, 0x810, 0x810, 0x810, 0x810, 0xF10, 0x890, 0x890, 0x890, 0xF10, 0x000}},
    {0x042C, {0x000, 0x000, 0x800, 0x800, 0x800, 0x800, 0xF80, 0x840, 0x840, 0x840, 0xF80, 0x000}},
    {0x042D, {0x000, 0x000, 0x380, 0x440, 0x820, 0x020, 0x1E0, 0x020, 0x820, 0x440, 0x380, 0x000}},
    {0x042E, {0x000, 0x000, 0x860, 0x890, 0x908, 0x908, 0xF08, 0x908, 0x908, 0x890, 0x860, 0x000}},
    {0x042F, {0x000, 0x000, 0x3E0, 0x420, 0x420, 0x420, 0x3E0, 0x220, 0x420, 0x420, 0x820, 0x000}},
    {0x0430, {0x000, 0x000, 0x000, 0x000, 0x780, 0x840, 0x040, 0x7C0, 0x840, 0x8C0, 0x760, 0x000}},
    {0x0431, {0x000, 0x080, 0x300, 0x400, 0x800, 0xF00, 0x880, 0x880, 0x880, 0x880, 0x700, 0x000}},
    {0x0432, {0x000, 0x000, 0x000, 0x000, 0xF80, 0x840, 0x840, 0xF80, 0x840, 0x840, 0xF80, 0x000}},
    {0x0433, {0x000, 0x000, 0x000, 0x000, 0xF80, 0x800, 0x800, 0x800, 0x800, 0x800, 0x800, 0x000}},
    {0x0434, {0x000, 0x000, 0x000, 0x000, 0x3C0, 0x240, 0x240, 0x240, 0x240, 0x440, 0xFE0, 0x820}},
    {0x0435, {0x000, 0x000, 0x000, 0x000, 0x780, 0x840, 0x840, 0xFC0, 0x800, 0x840, 0x780, 0x000}},
    {0x0436, {0x000, 0x000, 0x000, 0x000, 0xC98, 0x2A0, 0x2A0, 0x3E0, 0x490, 0x490, 0x888, 0x000}},
    {0x0437, {0x000, 0x000, 0x000, 0x000, 0x780, 0x840, 0x040, 0x780, 0x040, 0x840, 0x780, 0x000}},
    {0x0438, {0x000, 0x000, 0x000, 0x000, 0x840, 0x8C0, 0x940, 0xA40, 0xC40, 0x840, 0x840, 0x000}},
    {0x0439, {0x000, 0x000, 0x480, 0x300, 0x840, 0x8C0, 0x940, 0xA40, 0xC40, 0x840, 0x840, 0x000}},
    {0x043A, {0x000, 0x000, 0x000, 0x000, 0x8C0, 0x900, 0x900, 0xE00, 0x900, 0x880, 0x840, 0x000}},
    {0x043B, {0x000, 0x000, 0x000, 0x000, 0x7C0, 0x440, 0x440, 0x440, 0x440, 0x440, 0x840, 0x000}},
    {0x043C, {0x000, 0x000, 0x000, 0x000, 0x820, 0xC60, 0xC60, 0xAA0, 0xAA0, 0x920, 0x920, 0x000}},
    {0x043D, {0x000, 0x000, 0x000, 0x000, 0x840, 0x840, 0x840, 0xFC0, 0x840, 0x840, 0x840, 0x000}},
    {0x043E, {0x000, 0x000, 0x000, 0x000, 0x780, 0x840, 0x840, 0x840, 0x840, 0x840, 0x780, 0x000}},
    {0x043F, {0x000, 0x000, 0x000, 0x000, 0xFC0, 0x840, 0x840, 0x840, 0x840, 0x840, 0x840, 0x000}},
    {0x0440, {0x000, 0x000, 0x000, 0x000, 0xB80, 0xC40, 0x840, 0x840, 0xC40, 0xB80, 0x800, 0x800}},
    {0x0441, {0x000, 0x000, 0x000, 0x000, 0x380, 0x440, 0x800, 0x800, 0x800, 0x440, 0x380, 0x000}},
    {0x0442, {0x000, 0x000, 0x000, 0x000, 0xFE0, 0x100, 0x100, 0x100, 0x100, 0x100, 0x100, 0x000}},
    {0x0443, {0x000, 0x000, 0x000, 0x000, 0x820, 0x440, 0x440, 0x280, 0x280, 0x100, 0x100, 0x600}},
    {0x0444, {0x000, 0x000, 0x080, 0x080, 0x6B0, 0x9C8, 0x888, 0x888, 0x9C8, 0x6B0, 0x080, 0x080}},
    {0x0445, {0x000, 0x000, 0x000, 0x000, 0x820, 0x440, 0x280, 0x100, 0x280, 0x440, 0x820, 0x000}},
    {0x0446, {0x000, 0x000, 0x000, 0x000, 0x840, 0x840, 0x840, 0x840, 0x840, 0x840, 0xFE0, 0x020}},
    {0x0447, {0x000, 0x000, 0x000, 0x000, 0x840, 0x840, 0x840, 0x8C0, 0x740, 0x040, 0x040, 0x000}},
    {0x0448, {0x000, 0x000, 0x000, 0x000, 0x888, 0x888, 0x888, 0x888, 0x888, 0x888, 0xFF8, 0x000}},
    {0x0449, {0x000, 0x000, 0x000, 0x000, 0x888, 0x888, 0x888, 0x888, 0x888, 0x888, 0xFFC, 0x004}},
    {0x044A, {0x000, 0x000, 0x000, 0x000, 0xE00, 0x200, 0x200, 0x3C0, 0x220, 0x220, 0x3C0, 0x000}},
    {0x044B, {0x000, 0x000, 0x000, 0x000, 0x820, 0x820, 0x820, 0xF20, 0x8A0, 0x8A0, 0xF20, 0x000}},
    {0x044C, {0x000, 0x000, 0x000, 0x000, 0x800, 0x800, 0x800, 0xF00, 0x880, 0x880, 0xF00, 0x000}},
    {0x044D, {0x000, 0x000, 0x000, 0x000, 0x700, 0x880, 0x040, 0x3C0, 0x040, 0x880, 0x700, 0x000}},
    {0x044E, {0x000, 0x000, 0x000, 0x000, 0x8E0, 0x910, 0x910, 0xF10, 0x910, 0x910, 0x8E0, 0x000}},
    {0x044F, {0x000, 0x000, 0x000, 0x000, 0x7C0, 0x840, 0x840, 0x7C0, 0x240, 0x440, 0x840, 0x000}},
    {0x0451, {0x000, 0x000, 0x480, 0x000, 0x780, 0x840, 0x840, 0xFC0, 0x800, 0x840, 0x780, 0x000}},
    {0x2015, {0x000, 0x000, 0x000, 0x000, 0x000, 0x000, 0xFFF, 0x000, 0x000, 0x000, 0x000, 0x000}},
    {0x2016, {0x000, 0x090, 0x090, 0x090, 0x090, 0x090, 0x090, 0x090, 0x090, 0x090, 0x090, 0x090}},
    {0x2018, {0x000, 0x004, 0x008, 0x00C, 0x00C, 0x000, 0x000, 0x000, 0x000, 0x000, 0x000, 0x000}},
    {0x2019, {0x000, 0x600, 0x600, 0x200, 0x400, 0x000, 0x000, 0x000, 0x000, 0x000, 0x000, 0x000}},
    {0x201C, {0x000, 0x012, 0x024, 0x036, 0x036, 0x000, 0x000, 0x000, 0x000, 0x000, 0x000, 0x000}},
    {0x201D, {0x000, 0xD80, 0xD80, 0x480, 0x900, 0x000, 0x000, 0x000, 0x000, 0x000, 0x000, 0x000}},
    {0x2026, {0x000, 0x000, 0x000, 0x000, 0x000, 0x000, 0x000, 0x000, 0xCCC, 0xCCC, 0x000, 0x000}},
    {0x2030, {0x000, 0x000, 0x420, 0xA40, 0xA40, 0x480, 0x100, 0x244, 0x2AA, 0x4AA, 0x844, 0x000}},
    {0x2032, {0x000, 0x200, 0x200, 0x400, 0x000, 0x000, 0x000, 0x000, 0x000, 0x000, 0x000, 0x000}},
    {0x2033, {0x000, 0x280, 0x280, 0x500, 0x000, 0x000, 0x000, 0x000, 0x000, 0x000, 0x000, 0x000}},
    {0x203B, {0x000, 0x000, 0x444, 0x248, 0x110, 0x0A0, 0x64C, 0x0A0, 0x110, 0x248, 0x444, 0x000}},
    {0x2103, {0x000, 0x400, 0xA78, 0x484, 0x104, 0x100, 0x100, 0x100, 0x104, 0x084, 0x078, 0x000}},
    {0x2116, {0x000, 0x000, 0x000, 0x880, 0xC80, 0xC98, 0xAA4, 0xAA4, 0x9A4, 0x998, 0x8BC, 0x000}},
    {0x2160, {0x000, 0x000, 0x0E0, 0x040, 0x040, 0x040, 0x040, 0x040, 0x040, 0x040, 0x0E0, 0x000}},
    {0x2161, {0x000, 0x000, 0x3F0, 0x120, 0x120, 0x120, 0x120, 0x120, 0x120, 0x120, 0x3F0, 0x000}},
    {0x2162, {0x000, 0x000, 0x7FC, 0x248, 0x248, 0x248, 0x248, 0x248, 0x248, 0x248, 0x7FC, 0x000}},
    {0x2163, {0x000, 0x000, 0xF8E, 0x504, 0x504, 0x488, 0x488, 0x450, 0x450, 0x420, 0xE20, 0x000}},
    {0x2164, {0x000, 0x000, 0x71C, 0x208, 0x208, 0x110, 0x110, 0x0A0, 0x0A0, 0x040, 0x040, 0x000}},
    {0x2165, {0x000, 0x000, 0xE3E, 0x414, 0x414, 0x224, 0x224, 0x144, 0x144, 0x084, 0x08E, 0x000}},
    {0x2166, {0x000, 0x000, 0xEFE, 0x454, 0x454, 0x454, 0x294, 0x294, 0x294, 0x114, 0x13E, 0x000}},
    {0x2167, {0x000, 0x000, 0xDFE, 0x8AA, 0x8AA, 0x8AA, 0x52A, 0x52A, 0x52A, 0x22A, 0x27E, 0x000}},
    {0x2168, {0x000, 0x000, 0x7DC, 0x288, 0x250, 0x250, 0x220, 0x250, 0x250, 0x288, 0x7DC, 0x000}},
    {0x2169, {0x000, 0x000, 0x738, 0x210, 0x120, 0x120, 0x0C0, 0x120, 0x120, 0x210, 0x738, 0x000}},
    {0x216A, {0x000, 0x000, 0xEEE, 0x444, 0x284, 0x284, 0x104, 0x284, 0x284, 0x444, 0xEEE, 0x000}},
    {0x216B, {0x000, 0x000, 0xEFE, 0x454, 0x294, 0x294, 0x114, 0x294, 0x294, 0x454, 0xEFE, 0x000}},
    {0x2190, {0x000, 0x000, 0x000, 0x000, 0x200, 0x400, 0xFFE, 0x400, 0x200, 0x000, 0x000, 0x000}},
    {0x2191, {0x000, 0x040, 0x0E0, 0x150, 0x040, 0x040, 0x040, 0x040, 0x040, 0x040, 0x040, 0x040}},
    {0x2192, {0x000, 0x000, 0x000, 0x000, 0x008, 0x004, 0xFFE, 0x004, 0x008, 0x000, 0x000, 0x000}},
    {0x2193, {0x000, 0x040, 0x040, 0x040, 0x040, 0x040, 0x040, 0x040, 0x040, 0x150, 0x0E0, 0x040}},
    {0x2208, {0x000, 0x000, 0x1F8, 0x200, 0x400, 0x400, 0x7F8, 0x400, 0x400, 0x200, 0x1F8, 0x000}},
    {0x220F, {0x000, 0x000, 0xF80, 0x880, 0x880, 0x880, 0x880, 0x880, 0x880, 0x880, 0x880, 0x000}},
    {0x2211, {0x000, 0x000, 0x7FC, 0x200, 0x100, 0x080, 0x040, 0x080, 0x100, 0x200, 0x7FC, 0x000}},
    {0x221A, {0x000, 0x0FE, 0x080, 0x080, 0x100, 0x100, 0x100, 0x500, 0xA00, 0x200, 0x200, 0x200}},
    {0x221D, {0x000, 0x000, 0x000, 0x000, 0x71C, 0x8A2, 0x840, 0x8A2, 0x71C, 0x000, 0x000, 0x000}},
    {0x221E, {0x000, 0x000, 0x000, 0x000, 0x71C, 0x8A2, 0x842, 0x8A2, 0x71C, 0x000, 0x000, 0x000}},
    {0x2220, {0x000, 0x000, 0x008, 0x010, 0x020, 0x040, 0x080, 0x100, 0x200, 0x7F8, 0x000, 0x000}},
    {0x2225, {0x000, 0x000, 0x090, 0x090, 0x090, 0x120, 0x120, 0x120, 0x120, 0x240, 0x240, 0x240}},
    {0x2227, {0x000, 0x000, 0x040, 0x040, 0x0A0, 0x0A0, 0x110, 0x110, 0x208, 0x208, 0x404, 0x000}},
    {0x2228, {0x000, 0x000, 0x404, 0x208, 0x208, 0x110, 0x110, 0x0A0, 0x0A0, 0x040, 0x040, 0x000}},
    {0x2229, {0x000, 0x000, 0x1E0, 0x210, 0x408, 0x408, 0x408, 0x408, 0x408, 0x408, 0x408, 0x000}},
    {0x222A, {0x000, 0x000, 0x408, 0x408, 0x408, 0x408, 0x408, 0x408, 0x408, 0x210, 0x1E0, 0x000}},
    {0x222B, {0x000, 0x040, 0x0A0, 0x080, 0x080, 0x040, 0x040, 0x040, 0x020, 0x020, 0x0A0, 0x040}},
    {0x222E, {0x000, 0x040, 0x0A0, 0x080, 0x0E0, 0x150, 0x150, 0x150, 0x0E0, 0x020, 0x0A0, 0x040}},
    {0x2234, {0x000, 0x000, 0x000, 0x040, 0x040, 0x000, 0x000, 0x000, 0x208, 0x208, 0x000, 0x000}},
    {0x2235, {0x000, 0x000, 0x000, 0x208, 0x208, 0x000, 0x000, 0x000, 0x040, 0x040, 0x000, 0x000}},
    {0x223D, {0x000, 0x000, 0x000, 0x000, 0x71C, 0x822, 0x842, 0x882, 0x71C, 0x000, 0x000, 0x000}},
    {0x2248, {0x000, 0x000, 0x000, 0x000, 0x680, 0x900, 0x000, 0x680, 0x900, 0x000, 0x000, 0x000}},
    {0x2260, {0x000, 0x000, 0x010, 0x020, 0x7F8, 0x040, 0x080, 0x7F8, 0x100, 0x200, 0x000, 0x000}},
    {0x2261, {0x000, 0x000, 0x000, 0x7F8, 0x000, 0x000, 0x7F8, 0x000, 0x000, 0x7F8, 0x000, 0x000}},
    {0x2264, {0x000, 0x000, 0x100, 0x200, 0x400, 0x800, 0x400, 0x200, 0x100, 0x000, 0xF00, 0x000}},
    {0x2265, {0x000, 0x000, 0x400, 0x200, 0x100, 0x080, 0x100, 0x200, 0x400, 0x000, 0x780, 0x000}},
    {0x2299, {0x000, 0x1F0, 0x208, 0x404, 0x802, 0x8E2, 0x8E2, 0x8E2, 0x802, 0x404, 0x208, 0x1F0}},
    {0x22A5, {0x000, 0x000, 0x000, 0x040, 0x040, 0x040, 0x040, 0x040, 0x040, 0x3F8, 0x000, 0x000}},
    {0x2312, {0x1F0, 0x60C, 0x802, 0x000, 0x000, 0x000, 0x000, 0x000, 0x000, 0x000, 0x000, 0x000}},
    {0x2460, {0x000, 0x0E0, 0x318, 0x444, 0x4C4, 0x842, 0x842, 0x842, 0x444, 0x444, 0x318, 0x0E0}},
    {0x2461, {0x000, 0x0E0, 0x318, 0x4E4, 0x514, 0x812, 0x822, 0x842, 0x484, 0x5F4, 0x318, 0x0E0}},
    {0x2462, {0x000, 0x0E0, 0x318, 0x4E4, 0x514, 0x812, 0x862, 0x812, 0x514, 0x4E4, 0x318, 0x0E0}},
    {0x2463, {0x000, 0x0E0, 0x318, 0x424, 0x464, 0x8A2, 0x8A2, 0x922, 0x5F4, 0x424, 0x318, 0x0E0}},
    {0x2464, {0x000, 0x0E0, 0x318, 0x5F4, 0x504, 0x902, 0x9E2, 0x812, 0x514, 0x4E4, 0x318, 0x0E0}},
    {0x2465, {0x000, 0x0E0, 0x318, 0x4E4, 0x514, 0x902, 0x9E2, 0x912, 0x514, 0x4E4, 0x318, 0x0E0}},
    {0x2466, {0x000, 0x0E0, 0x318, 0x5F4, 0x414, 0x822, 0x842, 0x842, 0x484, 0x484, 0x318, 0x0E0}},
    {0x2467, {0x000, 0x0E0, 0x318, 0x4E4, 0x514, 0x912, 0x8E2, 0x912, 0x514, 0x4E4, 0x318, 0x0E0}},
    {0x2468, {0x000, 0x0E0, 0x318, 0x4E4, 0x514, 0x912, 0x8F2, 0x812, 0x514, 0x4E4, 0x318, 0x0E0}},
    {0x2469, {0x000, 0x0E0, 0x318, 0x534, 0x74C, 0x94A, 0x94A, 0x94A, 0x54C, 0x534, 0x318, 0x0E0}},
    {0x2474, {0x000, 0x208, 0x444, 0x8C2, 0x842, 0x842, 0x842, 0x842, 0x842, 0x8E2, 0x404, 0x208}},
    {0x2475, {0x000, 0x208, 0x4E4, 0x912, 0x912, 0x812, 0x822, 0x842, 0x892, 0x9F2, 0x404, 0x208}},
    {0x2476, {0x000, 0x208, 0x4E4, 0x912, 0x812, 0x862, 0x812, 0x812, 0x912, 0x8E2, 0x404, 0x208}},
    {0x2477, {0x000, 0x208, 0x424, 0x822, 0x862, 0x862, 0x8A2, 0x9F2, 0x822, 0x872, 0x404, 0x208}},
    {0x2478, {0x000, 0x208, 0x5F4, 0x902, 0x902, 0x9E2, 0x812, 0x812, 0x912, 0x8E2, 0x404, 0x208}},
    {0x2479, {0x000, 0x208, 0x4E4, 0x912, 0x902, 0x9E2, 0x912, 0x912, 0x912, 0x8E2, 0x404, 0x208}},
    {0x247A, {0x000, 0x208, 0x5F4, 0x912, 0x822, 0x822, 0x842, 0x842, 0x842, 0x842, 0x404, 0x208}},
    {0x247B, {0x000, 0x208, 0x4E4, 0x912, 0x912, 0x8E2, 0x912, 0x912, 0x912, 0x8E2, 0x404, 0x208}},
    {0x247C, {0x000, 0x208, 0x4E4, 0x912, 0x912, 0x932, 0x8D2, 0x812, 0x912, 0x8E2, 0x404, 0x208}},
    {0x247D, {0x000, 0x208, 0x574, 0xB52, 0x952, 0x952, 0x952, 0x952, 0x952, 0xBF2, 0x404, 0x208}},
    {0x247E, {0x000, 0x208, 0x514, 0xB32, 0x912, 0x912, 0x912, 0x912, 0x912, 0xBBA, 0x404, 0x208}},
    {0x247F, {0x000, 0x208, 0x534, 0xB4A, 0x94A, 0x90A, 0x912, 0x922, 0x94A, 0xBFA, 0x404, 0x208}},
    {0x2480, {0x000, 0x208, 0x534, 0xB4A, 0x90A, 0x912, 0x90A, 0x90A, 0x94A, 0xBB2, 0x404, 0x208}},
    {0x2481, {0x000, 0x208, 0x514, 0xB12, 0x932, 0x932, 0x952, 0x97A, 0x912, 0xBBA, 0x404, 0x208}},
    {0x2482, {0x000, 0x208, 0x57C, 0xB42, 0x942, 0x972, 0x94A, 0x90A, 0x94A, 0xBB2, 0x404, 0x208}},
    {0x2483, {0x000, 0x208, 0x534, 0xB4A, 0x942, 0x972, 0x94A, 0x94A, 0x94A, 0xBB2, 0x404, 0x208}},
    {0x2484, {0x000, 0x208, 0x574, 0xB52, 0x912, 0x912, 0x922, 0x922, 0x922, 0xBA2, 0x404, 0x208}},
    {0x2485, {0x000, 0x208, 0x534, 0xB4A, 0x94A, 0x932, 0x94A, 0x94A, 0x94A, 0xBB2, 0x404, 0x208}},
    {0x2486, {0x000, 0x208, 0x534, 0xB4A, 0x94A, 0x94A, 0x93A, 0x90A, 0x94A, 0xBB2, 0x404, 0x208}},
    {0x2487, {0x000, 0x208, 0x7BC, 0xAAA, 0x8AA, 0x8AA, 0x92A, 0x92A, 0xA2A, 0xBBA, 0x404, 0x208}},
    {0x2488, {0x000, 0x000, 0x040, 0x0C0, 0x140, 0x040, 0x040, 0x040, 0x040, 0x040, 0x048, 0x000}},
    {0x2489, {0x000, 0x000, 0x1C0, 0x220, 0x020, 0x020, 0x040, 0x080, 0x100, 0x200, 0x3E8, 0x000}},
    {0x248A, {0x000, 0x000, 0x3E0, 0x020, 0x040, 0x080, 0x040, 0x020, 0x020, 0x220, 0x1C8, 0x000}},
    {0x248B, {0x000, 0x000, 0x080, 0x080, 0x100, 0x120, 0x220, 0x220, 0x3F0, 0x020, 0x024, 0x000}},
    {0x248C, {0x000, 0x000, 0x3E0, 0x200, 0x200, 0x3C0, 0x020, 0x020, 0x020, 0x220, 0x1C8, 0x000}},
    {0x248D, {0x000, 0x000, 0x080, 0x100, 0x200, 0x2C0, 0x320, 0x220, 0x220, 0x220, 0x1C8, 0x000}},
    {0x248E, {0x000, 0x000, 0x3E0, 0x020, 0x020, 0x040, 0x040, 0x080, 0x080, 0x080, 0x088, 0x000}},
    {0x248F, {0x000, 0x000, 0x1C0, 0x220, 0x220, 0x220, 0x1C0, 0x220, 0x220, 0x220, 0x1C8, 0x000}},
    {0x2490, {0x000, 0x000, 0x1C0, 0x220, 0x220, 0x220, 0x260, 0x1A0, 0x020, 0x040, 0x088, 0x000}},
    {0x2491, {0x000, 0x000, 0x230, 0x648, 0xA48, 0x248, 0x248, 0x248, 0x248, 0x248, 0x232, 0x000}},
    {0x2492, {0x000, 0x000, 0x220, 0x660, 0xAA0, 0x220, 0x220, 0x220, 0x220, 0x224, 0x220, 0x000}},
    {0x2493, {0x000, 0x000, 0x230, 0x648, 0xA08, 0x208, 0x210, 0x220, 0x220, 0x240, 0x27A, 0x000}},
    {0x2494, {0x000, 0x000, 0x278, 0x608, 0xA10, 0x220, 0x210, 0x208, 0x208, 0x248, 0x232, 0x000}},
    {0x2495, {0x000, 0x000, 0x220, 0x620, 0xA40, 0x250, 0x290, 0x290, 0x2F8, 0x210, 0x212, 0x000}},
    {0x2496, {0x000, 0x000, 0x278, 0x640, 0xA40, 0x270, 0x208, 0x208, 0x208, 0x248, 0x232, 0x000}},
    {0x2497, {0x000, 0x000, 0x220, 0x640, 0xA80, 0x2B0, 0x2C8, 0x288, 0x288, 0x288, 0x272, 0x000}},
    {0x2498, {0x000, 0x000, 0x27C, 0x604, 0xA04, 0x208, 0x208, 0x210, 0x210, 0x210, 0x212, 0x000}},
    {0x2499, {0x000, 0x000, 0x270, 0x688, 0xA88, 0x288, 0x270, 0x288, 0x288, 0x288, 0x272, 0x000}},
    {0x249A, {0x000, 0x000, 0x270, 0x688, 0xA88, 0x288, 0x298, 0x268, 0x208, 0x210, 0x222, 0x000}},
    {0x249B, {0x000, 0x000, 0x630, 0x948, 0x148, 0x148, 0x248, 0x248, 0x448, 0x848, 0xF32, 0x000}},
    {0x2500, {0x000, 0x000, 0x000, 0x000, 0x000, 0x000, 0xFFF, 0x000, 0x000, 0x000, 0x000, 0x000}},
    {0x2501, {0x000, 0x000, 0x000, 0x000, 0x000, 0xFFF, 0xFFF, 0x000, 0x000, 0x000, 0x000, 0x000}},
    {0x2502, {0x000, 0x040, 0x040, 0x040, 0x040, 0x040, 0x040, 0x040, 0x040, 0x040, 0x040, 0x040}},
    {0x2503, {0x000, 0x0C0, 0x0C0, 0x0C0, 0x0C0, 0x0C0, 0x0C0, 0x0C0, 0x0C0, 0x0C0, 0x0C0, 0x0C0}},
    {0x2504, {0x000, 0x000, 0x000, 0x000, 0x000, 0x000, 0xEEF, 0x000, 0x000, 0x000, 0x000, 0x000}},
    {0x2505, {0x000, 0x000, 0x000, 0x000, 0x000, 0x000, 0xEEF, 0xEEF, 0x000, 0x000, 0x000, 0x000}},
    {0x2506, {0x000, 0x040, 0x040, 0x040, 0x000, 0x040, 0x040, 0x040, 0x000, 0x040, 0x040, 0x040}},
    {0x2507, {0x000, 0x060, 0x060, 0x060, 0x000, 0x060, 0x060, 0x060, 0x000, 0x060, 0x060, 0x060}},
    {0x2508, {0x000, 0x000, 0x000, 0x000, 0x000, 0x000, 0xDB7, 0x000, 0x000, 0x000, 0x000, 0x000}},
    {0x2509, {0x000, 0x000, 0x000, 0x000, 0x000, 0x000, 0xDB7, 0xDB7, 0x000, 0x000, 0x000, 0x000}},
    {0x250A, {0x000, 0x040, 0x040, 0x000, 0x040, 0x040, 0x000, 0x040, 0x040, 0x000, 0x040, 0x040}},
    {0x250B, {0x000, 0x060, 0x060, 0x000, 0x060, 0x060, 0x000, 0x060, 0x060, 0x000, 0x060, 0x060}},
    {0x250C, {0x000, 0x000, 0x000, 0x000, 0x000, 0x000, 0x07F, 0x040, 0x040, 0x040, 0x040, 0x040}},
    {0x250D, {0x000, 0x000, 0x000, 0x000, 0x000, 0x000, 0x07F, 0x07F, 0x040, 0x040, 0x040, 0x040}},
    {0x250E, {0x000, 0x000, 0x000, 0x000, 0x000, 0x000, 0x07F, 0x060, 0x060, 0x060, 0x060, 0x060}},
    {0x250F, {0x000, 0x000, 0x000, 0x000, 0x000, 0x0FF, 0x0FF, 0x0C0, 0x0C0, 0x0C0, 0x0C0, 0x0C0}},
    {0x2510, {0x000, 0x000, 0x000, 0x000, 0x000, 0x000, 0xFC0, 0x040, 0x040, 0x040, 0x040, 0x040}},
    {0x2511, {0x000, 0x000, 0x000, 0x000, 0x000, 0x000, 0xFC0, 0xFC0, 0x040, 0x040, 0x040, 0x040}},
    {0x2512, {0x000, 0x000, 0x000, 0x000, 0x000, 0x000, 0xFE0, 0x060, 0x060, 0x060, 0x060, 0x060}},
    {0x2513, {0x000, 0x000, 0x000, 0x000, 0x000, 0xFC0, 0xFC0, 0x0C0, 0x0C0, 0x0C0, 0x0C0, 0x0C0}},
    {0x2514, {0x000, 0x040, 0x040, 0x040, 0x040, 0x040, 0x07F, 0x000, 0x000, 0x000, 0x000, 0x000}},
    {0x2515, {0x000, 0x040, 0x040, 0x040, 0x040, 0x040, 0x07F, 0x07F, 0x000, 0x000, 0x000, 0x000}},
    {0x2516, {0x000, 0x060, 0x060, 0x060, 0x060, 0x060, 0x07F, 0x000, 0x000, 0x000, 0x000, 0x000}},
    {0x2517, {0x000, 0x0C0, 0x0C0, 0x0C0, 0x0C0, 0x0FF, 0x0FF, 0x000, 0x000, 0x000, 0x000, 0x000}},
    {0x2518, {0x000, 0x040, 0x040, 0x040, 0x040, 0x040, 0xFC0, 0x000, 0x000, 0x000, 0x000, 0x000}},
    {0x2519, {0x000, 0x040, 0x040, 0x040, 0x040, 0x040, 0xFC0, 0xFC0, 0x000, 0x000, 0x000, 0x000}},
    {0x251A, {0x000, 0x060, 0x060, 0x060, 0x060, 0x060, 0xFE0, 0x000, 0x000, 0x000, 0x000, 0x000}},
    {0x251B, {0x000, 0x0C0, 0x0C0, 0x0C0, 0x0C0, 0xFC0, 0xFC0, 0x000, 0x000, 0x000, 0x000, 0x000}},
    {0x251C, {0x000, 0x040, 0x040, 0x040, 0x040, 0x040, 0x07F, 0x040, 0x040, 0x040, 0x040, 0x040}},
    {0x251D, {0x000, 0x040, 0x040, 0x040, 0x040, 0x07F, 0x07F, 0x040, 0x040, 0x040, 0x040, 0x040}},
    {0x251E, {0x000, 0x060, 0x060, 0x060, 0x060, 0x060, 0x07F, 0x040, 0x040, 0x040, 0x040, 0x040}},
    {0x251F, {0x000, 0x040, 0x040, 0x040, 0x040, 0x040, 0x07F, 0x060, 0x060, 0x060, 0x060, 0x060}},
    {0x2520, {0x000, 0x0C0, 0x0C0, 0x0C0, 0x0C0, 0x0C0, 0x0FF, 0x0C0, 0x0C0, 0x0C0, 0x0C0, 0x0C0}},
    {0x2521, {0x000, 0x060, 0x060, 0x060, 0x060, 0x060, 0x07F, 0x07F, 0x040, 0x040, 0x040, 0x040}},
    {0x2522, {0x000, 0x040, 0x040, 0x040, 0x040, 0x040, 0x07F, 0x07F, 0x060, 0x060, 0x060, 0x060}},
    {0x2523, {0x000, 0x0C0, 0x0C0, 0x0C0, 0x0C0, 0x0FF, 0x0FF, 0x0C0, 0x0C0, 0x0C0, 0x0C0, 0x0C0}},
    {0x2524, {0x000, 0x040, 0x040, 0x040, 0x040, 0x040, 0xFC0, 0x040, 0x040, 0x040, 0x040, 0x040}},
    {0x2525, {0x000, 0x040, 0x040, 0x040, 0x040, 0xFC0, 0xFC0, 0x040, 0x040, 0x040, 0x040, 0x040}},
    {0x2526, {0x000, 0x060, 0x060, 0x060, 0x060, 0x060, 0xFE0, 0x040, 0x040, 0x040, 0x040, 0x040}},
    {0x2527, {0x000, 0x040, 0x040, 0x040, 0x040, 0x040, 0xFE0, 0x060, 0x060, 0x060, 0x060, 0x060}},
    {0x2528, {0x000, 0x0C0, 0x0C0, 0x0C0, 0x0C0, 0x0C0, 0xFC0, 0x0C0, 0x0C0, 0x0C0, 0x0C0, 0x0C0}},
    {0x2529, {0x000, 0x060, 0x060, 0x060, 0x060, 0x060, 0xFE0, 0xFE0, 0x040, 0x040, 0x040, 0x040}},
    {0x252A, {0x000, 0x040, 0x040, 0x040, 0x040, 0x040, 0xFE0, 0xFE0, 0x060, 0x060, 0x060, 0x060}},
    {0x252B, {0x000, 0x0C0, 0x0C0, 0x0C0, 0x0C0, 0xFC0, 0xFC0, 0x0C0, 0x0C0, 0x0C0, 0x0C0, 0x0C0}},
    {0x252C, {0x000, 0x000, 0x000, 0x000, 0x000, 0x000, 0xFFF, 0x040, 0x040, 0x040, 0x040, 0x040}},
    {0x252D, {0x000, 0x000, 0x000, 0x000, 0x000, 0x000, 0xFFF, 0xFC0, 0x040, 0x040, 0x040, 0x040}},
    {0x252E, {0x000, 0x000, 0x000, 0x000, 0x000, 0x000, 0xFFF, 0x07F, 0x040, 0x040, 0x040, 0x040}},
    {0x252F, {0x000, 0x000, 0x000, 0x000, 0x000, 0xFFF, 0xFFF, 0x040, 0x040, 0x040, 0x040, 0x040}},
    {0x2530, {0x000, 0x000, 0x000, 0x000, 0x000, 0x000, 0xFFF, 0x0C0, 0x0C0, 0x0C0, 0x0C0, 0x0C0}},
    {0x2531, {0x000, 0x000, 0x000, 0x000, 0x000, 0x000, 0xFFF, 0xFE0, 0x060, 0x060, 0x060, 0x060}},
    {0x2532, {0x000, 0x000, 0x000, 0x000, 0x000, 0x000, 0xFFF, 0x07F, 0x060, 0x060, 0x060, 0x060}},
    {0x2533, {0x000, 0x000, 0x000, 0x000, 0x000, 0xFFF, 0xFFF, 0x0C0, 0x0C0, 0x0C0, 0x0C0, 0x0C0}},
    {0x2534, {0x000, 0x040, 0x040, 0x040, 0x040, 0x040, 0xFFF, 0x000, 0x000, 0x000, 0x000, 0x000}},
    {0x2535, {0x000, 0x040, 0x040, 0x040, 0x040, 0x040, 0xFFF, 0xFC0, 0x000, 0x000, 0x000, 0x000}},
    {0x2536, {0x000, 0x040, 0x040, 0x040, 0x040, 0x040, 0xFFF, 0x07F, 0x000, 0x000, 0x000, 0x000}},
    {0x2537, {0x000, 0x040, 0x040, 0x040, 0x040, 0xFFF, 0xFFF, 0x000, 0x000, 0x000, 0x000, 0x000}},
    {0x2538, {0x000, 0x0C0, 0x0C0, 0x0C0, 0x0C0, 0x0C0, 0xFFF, 0x000, 0x000, 0x000, 0x000, 0x000}},
    {0x2539, {0x000, 0x060, 0x060, 0x060, 0x060, 0x060, 0xFFF, 0xFE0, 0x000, 0x000, 0x000, 0x000}},
    {0x253A, {0x000, 0x060, 0x060, 0x060, 0x060, 0x060, 0xFFF, 0x07F, 0x000, 0x000, 0x000, 0x000}},
    {0x253B, {0x000, 0x0C0, 0x0C0, 0x0C0, 0x0C0, 0xFFF, 0xFFF, 0x000, 0x000, 0x000, 0x000, 0x000}},
    {0x253C, {0x000, 0x040, 0x040, 0x040, 0x040, 0x040, 0xFFF, 0x040, 0x040, 0x040, 0x040, 0x040}},
    {0x253D, {0x000, 0x040, 0x040, 0x040, 0x040, 0x040, 0xFFF, 0xFC0, 0x040, 0x040, 0x040, 0x040}},
    {0x253E, {0x000, 0x040, 0x040, 0x040, 0x040, 0x040, 0xFFF, 0x07F, 0x040, 0x040, 0x040, 0x040}},
    {0x253F, {0x000, 0x040, 0x040, 0x040, 0x040, 0xFFF, 0xFFF, 0x040, 0x040, 0x040, 0x040, 0x040}},
    {0x2540, {0x000, 0x060, 0x060, 0x060, 0x060, 0x060, 0xFFF, 0x040, 0x040, 0x040, 0x040, 0x040}},
    {0x2541, {0x000, 0x040, 0x040, 0x040, 0x040, 0x040, 0xFFF, 0x060, 0x060, 0x060, 0x060, 0x060}},
    {0x2542, {0x000, 0x0C0, 0x0C0, 0x0C0, 0x0C0, 0x0C0, 0xFFF, 0x0C0, 0x0C0, 0x0C0, 0x0C0, 0x0C0}},
    {0x2543, {0x000, 0x060, 0x060, 0x060, 0x060, 0x060, 0xFFF, 0xFE0, 0x040, 0x040, 0x040, 0x040}},
    {0x2544, {0x000, 0x060, 0x060, 0x060, 0x060, 0x060, 0xFFF, 0x07F, 0x040, 0x040, 0x040, 0x040}},
    {0x2545, {0x000, 0x040, 0x040, 0x040, 0x040, 0x040, 0xFFF, 0xFE0, 0x060, 0x060, 0x060, 0x060}},
    {0x2546, {0x000, 0x040, 0x040, 0x040, 0x040, 0x040, 0xFFF, 0x07F, 0x060, 0x060, 0x060, 0x060}},
    {0x2547, {0x000, 0x060, 0x060, 0x060, 0x060, 0x060, 0xFFF, 0xFFF, 0x040, 0x040, 0x040, 0x040}},
    {0x2548, {0x000, 0x040, 0x040, 0x040, 0x040, 0x040, 0xFFF, 0xFFF, 0x060, 0x060, 0x060, 0x060}},
    {0x2549, {0x000, 0x060, 0x060, 0x060, 0x060, 0x060, 0xFFF, 0xFE0, 0x060, 0x060, 0x060, 0x060}},
    {0x254A, {0x000, 0x060, 0x060, 0x060, 0x060, 0x060, 0xFFF, 0x07F, 0x060, 0x060, 0x060, 0x060}},
    {0x254B, {0x000, 0x0C0, 0x0C0, 0x0C0, 0x0C0, 0xFFF, 0xFFF, 0x0C0, 0x0C0, 0x0C0, 0x0C0, 0x0C0}},
    {0x25A0, {0x000, 0x000, 0x7FC, 0x7FC, 0x7FC, 0x7FC, 0x7FC, 0x7FC, 0x7FC, 0x7FC, 0x7FC, 0x000}},
    {0x25A1, {0x000, 0x000, 0x7FC, 0x404, 0x404, 0x404, 0x404, 0x404, 0x404, 0x404, 0x7FC, 0x000}},
    {0x25B2, {0x000, 0x000, 0x040, 0x0E0, 0x0E0, 0x1F0, 0x1F0, 0x3F8, 0x3F8, 0x7FC, 0x7FC, 0x000}},
    {0x25B3, {0x000, 0x000, 0x040, 0x0A0, 0x0A0, 0x110, 0x110, 0x208, 0x208, 0x404, 0x7FC, 0x000}},
    {0x25C6, {0x000, 0x040, 0x0E0, 0x1F0, 0x3F8, 0x7FC, 0xFFE, 0x7FC, 0x3F8, 0x1F0, 0x0E0, 0x040}},
    {0x25C7, {0x000, 0x040, 0x0A0, 0x110, 0x208, 0x404, 0x802, 0x404, 0x208, 0x110, 0x0A0, 0x040}},
    {0x25CB, {0x000, 0x060, 0x198, 0x204, 0x204, 0x402, 0x402, 0x204, 0x204, 0x198, 0x060, 0x000}},
    {0x25CE, {0x000, 0x060, 0x198, 0x204, 0x264, 0x492, 0x492, 0x264, 0x204, 0x198, 0x060, 0x000}},
    {0x25CF, {0x000, 0x060, 0x1F8, 0x3FC, 0x3FC, 0x7FE, 0x7FE, 0x3FC, 0x3FC, 0x1F8, 0x060, 0x000}},
    {0x2605, {0x000, 0x040, 0x040, 0x0E0, 0x0E0, 0xFFE, 0x7FC, 0x1F0, 0x1F0, 0x3B8, 0x208, 0x404}},
    {0x2606, {0x000, 0x040, 0x040, 0x040, 0x0A0, 0xFBE, 0x404, 0x318, 0x150, 0x1A8, 0x318, 0x208}},
    {0x2640, {0x000, 0x000, 0x0E0, 0x110, 0x110, 0x110, 0x0E0, 0x040, 0x3F8, 0x040, 0x040, 0x040}},
    {0x2642, {0x000, 0x000, 0x07C, 0x00C, 0x014, 0x024, 0x344, 0x480, 0x440, 0x440, 0x380, 0x000}},
    {0x3000, {0x000, 0x000, 0x000, 0x000, 0x000, 0x000, 0x000, 0x000, 0x000, 0x000, 0x000, 0x000}},
    {0x3001, {0x000, 0x000, 0x000, 0x000, 0x000, 0x000, 0x000, 0x000, 0x000, 0x200, 0x100, 0x080}},
    {0x3002, {0x000, 0x000, 0x000, 0x000, 0x000, 0x000, 0x000, 0x000, 0x300, 0x480, 0x480, 0x300}},
    {0x3003, {0x000, 0x000, 0x000, 0x000, 0x0D8, 0x090, 0x090, 0x120, 0x120, 0x000, 0x000, 0x000}},
    {0x3005, {0x000, 0x000, 0x000, 0x080, 0x080, 0x1F0, 0x110, 0x220, 0x0C0, 0x020, 0x000, 0x000}},
    {0x3008, {0x000, 0x002, 0x004, 0x004, 0x008, 0x008, 0x010, 0x008, 0x008, 0x004, 0x004, 0x002}},
    {0x3009, {0x000, 0x800, 0x400, 0x400, 0x200, 0x200, 0x100, 0x200, 0x200, 0x400, 0x400, 0x800}},
    {0x300A, {0x000, 0x00A, 0x00A, 0x014, 0x014, 0x014, 0x028, 0x014, 0x014, 0x014, 0x00A, 0x00A}},
    {0x300B, {0x000, 0xA00, 0xA00, 0x500, 0x500, 0x500, 0x280, 0x500, 0x500, 0x500, 0xA00, 0xA00}},
    {0x300C, {0x000, 0x01E, 0x010, 0x010, 0x010, 0x010, 0x010, 0x010, 0x010, 0x010, 0x000, 0x000}},
    {0x300D, {0x000, 0x000, 0x000, 0x100, 0x100, 0x100, 0x100, 0x100, 0x100, 0x100, 0x100, 0xF00}},
    {0x300E, {0x000, 0x03E, 0x022, 0x02E, 0x028, 0x028, 0x028, 0x028, 0x028, 0x038, 0x000, 0x000}},
    {0x300F, {0x000, 0x000, 0x000, 0x380, 0x280, 0x280, 0x280, 0x280, 0x280, 0xE80, 0x880, 0xF80}},
    {0x3010, {0x000, 0x01E, 0x01C, 0x018, 0x018, 0x010, 0x010, 0x010, 0x018, 0x018, 0x01C, 0x01E}},
    {0x3011, {0x000, 0xF00, 0x700, 0x300, 0x300, 0x100, 0x100, 0x100, 0x300, 0x300, 0x700, 0xF00}},
    {0x3013, {0x000, 0x000, 0x000, 0x000, 0x7FC, 0x7FC, 0x000, 0x000, 0x7FC, 0x7FC, 0x000, 0x000}},
    {0x3014, {0x000, 0x006, 0x018, 0x010, 0x010, 0x010, 0x010, 0x010, 0x010, 0x010, 0x018, 0x006}},
    {0x3015, {0x000, 0xC00, 0x300, 0x100, 0x100, 0x100, 0x100, 0x100, 0x100, 0x100, 0x300, 0xC00}},
    {0x3016, {0x000, 0x0F8, 0x088, 0x090, 0x090, 0x0A0, 0x0A0, 0x0A0, 0x090, 0x090, 0x088, 0x0F8}},
    {0x3017, {0x000, 0x0F8, 0x088, 0x048, 0x048, 0x028, 0x028, 0x028, 0x048, 0x048, 0x088, 0x0F8}},
    {0x3041, {0x000, 0x000, 0x000, 0x080, 0x1F0, 0x080, 0x0F0, 0x1A8, 0x2A4, 0x2C4, 0x188, 0x030}},
    {0x3042, {0x000, 0x080, 0x7FC, 0x080, 0x1F8, 0x294, 0x492, 0x4A2, 0x4A2, 0x4C2, 0x384, 0x038}},
    {0x3043, {0x000, 0x000, 0x000, 0x000, 0x400, 0x410, 0x410, 0x408, 0x408, 0x488, 0x500, 0x200}},
    {0x3044, {0x000, 0x000, 0x400, 0x404, 0x404, 0x402, 0x402, 0x402, 0x402, 0x282, 0x280, 0x100}},
    {0x3045, {0x000, 0x000, 0x000, 0x000, 0x1E0, 0x000, 0x0E0, 0x310, 0x010, 0x010, 0x020, 0x0C0}},
    {0x3046, {0x000, 0x180, 0x060, 0x000, 0x0F0, 0x308, 0x008, 0x008, 0x008, 0x010, 0x020, 0x1C0}},
    {0x3047, {0x000, 0x000, 0x000, 0x000, 0x0E0, 0x000, 0x1F0, 0x020, 0x040, 0x0E0, 0x120, 0x23C}},
    {0x3048, {0x000, 0x0F0, 0x000, 0x000, 0x3F8, 0x010, 0x020, 0x060, 0x090, 0x110, 0x210, 0x40E}},
    {0x3049, {0x000, 0x000, 0x000, 0x100, 0x100, 0x7C8, 0x104, 0x1F0, 0x308, 0x508, 0x508, 0x370}},
    {0x304A, {0x000, 0x100, 0x100, 0x7E8, 0x104, 0x100, 0x3F0, 0x508, 0x904, 0x904, 0x904, 0x638}},
    {0x304B, {0x000, 0x200, 0x200, 0xFC8, 0x224, 0x224, 0x222, 0x422, 0x422, 0x420, 0x940, 0x8C0}},
    {0x304C, {0x000, 0x214, 0x214, 0xFC0, 0x228, 0x224, 0x222, 0x422, 0x422, 0x420, 0x940, 0x8C0}},
    {0x304D, {0x000, 0x040, 0x7F8, 0x040, 0x7FC, 0x020, 0x020, 0x3F0, 0x410, 0x400, 0x400, 0x3E0}},
    {0x304E, {0x000, 0x054, 0x7F4, 0x040, 0x7FC, 0x020, 0x020, 0x3F0, 0x410, 0x400, 0x400, 0x3E0}},
    {0x304F, {0x000, 0x020, 0x040, 0x080, 0x100, 0x200, 0x200, 0x100, 0x080, 0x040, 0x020, 0x010}},
    {0x3050, {0x000, 0x020, 0x040, 0x094, 0x114, 0x200, 0x200, 0x100, 0x080, 0x040, 0x020, 0x010}},
    {0x3051, {0x000, 0x010, 0x810, 0x810, 0x9FC, 0x810, 0x810, 0x810, 0x810, 0x810, 0x820, 0x1C0}},
    {0x3052, {0x000, 0x00A, 0x81A, 0x810, 0x9FC, 0x810, 0x810, 0x810, 0x810, 0x810, 0x820, 0x0C0}},
    {0x3053, {0x000, 0x000, 0x000, 0x3F8, 0x000, 0x000, 0x000, 0x000, 0x400, 0x400, 0x400, 0x3FC}},
    {0x3054, {0x000, 0x00A, 0x00A, 0x3F0, 0x000, 0x000, 0x000, 0x000, 0x400, 0x400, 0x400, 0x3FC}},
    {0x3055, {0x000, 0x020, 0x020, 0x7F8, 0x020, 0x010, 0x1F0, 0x218, 0x408, 0x400, 0x200, 0x1F0}},
    {0x3056, {0x000, 0x04A, 0x04A, 0x7F0, 0x020, 0x010, 0x1F0, 0x218, 0x408, 0x400, 0x200, 0x1F0}},
    {0x3057, {0x000, 0x000, 0x200, 0x200, 0x200, 0x200, 0x200, 0x200, 0x204, 0x204, 0x108, 0x0F0}},
    {0x3058, {0x000, 0x000, 0x228, 0x228, 0x200, 0x200, 0x200, 0x200, 0x204, 0x204, 0x108, 0x0F0}},
    {0x3059, {0x000, 0x020, 0x020, 0xFFE, 0x020, 0x0E0, 0x120, 0x120, 0x0E0, 0x020, 0x040, 0x180}},
    {0x305A, {0x000, 0x02A, 0x02A, 0x020, 0xFFE, 0x020, 0x0E0, 0x120, 0x0E0, 0x020, 0x040, 0x180}},
    {0x305B, {0x000, 0x000, 0x210, 0x210, 0x210, 0xFFE, 0x210, 0x210, 0x260, 0x200, 0x200, 0x1F8}},
    {0x305C, {0x000, 0x00A, 0x20A, 0x210, 0x210, 0xFFE, 0x210, 0x210, 0x260, 0x200, 0x200, 0x1F8}},
    {0x305D, {0x000, 0x000, 0x3F8, 0x010, 0x060, 0x180, 0xFFC, 0x080, 0x100, 0x100, 0x080, 0x078}},
    {0x305E, {0x000, 0x000, 0x3F0, 0x02A, 0x04A, 0x180, 0xFFE, 0x080, 0x100, 0x100, 0x080, 0x078}},
    {0x305F, {0x000, 0x200, 0x200, 0xFC0, 0x200, 0x278, 0x200, 0x400, 0x400, 0x480, 0x880, 0x87C}},
    {0x3060, {0x000, 0x214, 0x214, 0xFC0, 0x200, 0x278, 0x200, 0x400, 0x400, 0x480, 0x880, 0x87C}},
    {0x3061, {0x000, 0x080, 0x080, 0x7FC, 0x080, 0x100, 0x1F8, 0x304, 0x204, 0x004, 0x008, 0x0F0}},
    {0x3062, {0x000, 0x08A, 0x08A, 0x7F0, 0x080, 0x100, 0x1F8, 0x304, 0x204, 0x004, 0x008, 0x0F0}},
    {0x3063, {0x000, 0x000, 0x000, 0x000, 0x000, 0x000, 0x3F0, 0x008, 0x008, 0x008, 0x010, 0x0E0}},
    {0x3064, {0x000, 0x000, 0x000, 0x0F0, 0xF08, 0x004, 0x004, 0x004, 0x008, 0x030, 0x3C0, 0x000}},
    {0x3065, {0x000, 0x00A, 0x00A, 0x0E0, 0xF18, 0x004, 0x004, 0x004, 0x008, 0x030, 0x1C0, 0x000}},
    {0x3066, {0x000, 0x000, 0x0FC, 0xF20, 0x040, 0x080, 0x080, 0x080, 0x080, 0x080, 0x040, 0x038}},
    {0x3067, {0x000, 0x000, 0x0FC, 0xF20, 0x044, 0x094, 0x090, 0x080, 0x080, 0x080, 0x040, 0x038}},
    {0x3068, {0x000, 0x100, 0x100, 0x100, 0x098, 0x0E0, 0x180, 0x200, 0x400, 0x400, 0x200, 0x1F8}},
    {0x3069, {0x000, 0x10A, 0x10A, 0x100, 0x098, 0x0E0, 0x180, 0x200, 0x400, 0x400, 0x200, 0x1F8}},
    {0x306A, {0x000, 0x100, 0x100, 0x7CC, 0x102, 0x208, 0x208, 0x208, 0x478, 0x48C, 0x08A, 0x070}},
    {0x306B, {0x000, 0x000, 0x800, 0x8FC, 0x800, 0x800, 0x800, 0x800, 0x880, 0x880, 0x87C, 0x000}},
    {0x306C, {0x000, 0x040, 0x440, 0x4F8, 0x544, 0x642, 0x482, 0xA82, 0x902, 0x99A, 0x624, 0x01A}},
    {0x306D, {0x000, 0x200, 0x200, 0xF78, 0x284, 0x304, 0x604, 0x604, 0xA04, 0xA3C, 0x244, 0x23A}},
    {0x306E, {0x000, 0x000, 0x1F0, 0x248, 0x444, 0x442, 0x842, 0x882, 0x882, 0x904, 0x608, 0x030}},
    {0x306F, {0x000, 0x008, 0x808, 0x8FE, 0x808, 0x808, 0x808, 0x808, 0x878, 0x88C, 0x88A, 0x870}},
    {0x3070, {0x000, 0x00A, 0x81A, 0x810, 0x9FC, 0x810, 0x810, 0x810, 0x8F0, 0x918, 0x914, 0x8E0}},
    {0x3071, {0x000, 0x004, 0x81A, 0x814, 0x9F8, 0x810, 0x810, 0x810, 0x8F0, 0x918, 0x914, 0x8E0}},
    {0x3072, {0x000, 0x000, 0xF88, 0x108, 0x20C, 0x40C, 0x80A, 0x80A, 0x810, 0x810, 0x420, 0x3C0}},
    {0x3073, {0x000, 0x00A, 0xF8A, 0x100, 0x208, 0x40C, 0x80C, 0x80A, 0x812, 0x810, 0x420, 0x3C0}},
    {0x3074, {0x000, 0x004, 0xF8A, 0x104, 0x208, 0x40C, 0x80C, 0x80A, 0x812, 0x810, 0x420, 0x3C0}},
    {0x3075, {0x000, 0x180, 0x060, 0x000, 0x080, 0x080, 0x484, 0x444, 0x822, 0x822, 0x220, 0x1C0}},
    {0x3076, {0x000, 0x180, 0x06A, 0x00A, 0x080, 0x080, 0x484, 0x444, 0x822, 0x822, 0x220, 0x1C0}},
    {0x3077, {0x000, 0x180, 0x064, 0x00A, 0x084, 0x080, 0x484, 0x444, 0x822, 0x822, 0x220, 0x1C0}},
    {0x3078, {0x000, 0x000, 0x000, 0x080, 0x140, 0x220, 0x410, 0x808, 0x004, 0x002, 0x000, 0x000}},
    {0x3079, {0x000, 0x000, 0x014, 0x094, 0x140, 0x220, 0x410, 0x808, 0x004, 0x002, 0x000, 0x000}},
    {0x307A, {0x000, 0x000, 0x008, 0x094, 0x148, 0x220, 0x410, 0x808, 0x004, 0x002, 0x000, 0x000}},
    {0x307B, {0x000, 0x000, 0x8FC, 0x808, 0x808, 0x8FE, 0x808, 0x808, 0x808, 0x878, 0x88C, 0x872}},
    {0x307C, {0x000, 0x00A, 0x80A, 0x800, 0x8FC, 0x808, 0x8FE, 0x808, 0x808, 0x878, 0x88C, 0x872}},
    {0x307D, {0x000, 0x004, 0x80A, 0x804, 0x8FC, 0x808, 0x8FE, 0x808, 0x808, 0x878, 0x88C, 0x872}},
    {0x307E, {0x000, 0x040, 0x040, 0x7FC, 0x040, 0x040, 0x3F8, 0x040, 0x040, 0x3E0, 0x458, 0x384}},
    {0x307F, {0x000, 0x000, 0x3C0, 0x040, 0x088, 0x088, 0x3E8, 0x51C, 0x90A, 0xA08, 0xC10, 0x060}},
    {0x3080, {0x000, 0x100, 0x100, 0xFC4, 0x102, 0x700, 0x900, 0x900, 0x600, 0x204, 0x204, 0x1F8}},
    {0x3081, {0x000, 0x020, 0x420, 0x5F8, 0x624, 0x442, 0xA42, 0xA82, 0x902, 0xA84, 0x40C, 0x030}},
    {0x3082, {0x000, 0x080, 0x480, 0x3E0, 0x100, 0x500, 0x3E8, 0x104, 0x104, 0x104, 0x084, 0x078}},
    {0x3083, {0x000, 0x000, 0x000, 0x000, 0x020, 0x120, 0x1F0, 0x708, 0x108, 0x0B0, 0x080, 0x080}},
    {0x3084, {0x000, 0x000, 0x210, 0x210, 0x2FC, 0xF02, 0x102, 0x102, 0x11C, 0x080, 0x080, 0x080}},
    {0x3085, {0x000, 0x000, 0x000, 0x020, 0x220, 0x2F0, 0x328, 0x228, 0x2A8, 0x270, 0x020, 0x0C0}},
    {0x3086, {0x000, 0x020, 0x820, 0x8F0, 0xB28, 0xC24, 0xC24, 0x824, 0x928, 0x8F0, 0x040, 0x180}},
    {0x3087, {0x000, 0x000, 0x000, 0x000, 0x020, 0x020, 0x038, 0x020, 0x020, 0x1E0, 0x238, 0x1C4}},
    {0x3088, {0x000, 0x040, 0x040, 0x040, 0x07C, 0x040, 0x040, 0x040, 0x040, 0x3E0, 0x458, 0x384}},
    {0x3089, {0x000, 0x1C0, 0x030, 0x200, 0x200, 0x2F0, 0x308, 0x604, 0x404, 0x004, 0x008, 0x0F0}},
    {0x308A, {0x000, 0x008, 0x208, 0x208, 0x208, 0x208, 0x288, 0x308, 0x008, 0x008, 0x010, 0x0E0}},
    {0x308B, {0x000, 0x000, 0x3E0, 0x040, 0x080, 0x1F0, 0x208, 0x404, 0x004, 0x0C4, 0x128, 0x0F0}},
    {0x308C, {0x000, 0x200, 0x200, 0xF70, 0x288, 0x308, 0x608, 0x608, 0xA08, 0xA08, 0x20A, 0x204}},
    {0x308D, {0x000, 0x000, 0x3E0, 0x040, 0x080, 0x1F0, 0x208, 0x404, 0x004, 0x004, 0x008, 0x1F0}},
    {0x308E, {0x000, 0x000, 0x000, 0x000, 0x100, 0x100, 0x370, 0x188, 0x108, 0x308, 0x110, 0x120}},
    {0x308F, {0x000, 0x200, 0x200, 0xF78, 0x284, 0x302, 0x602, 0x602, 0xA04, 0xA04, 0x208, 0x230}},
    {0x3090, {0x000, 0x000, 0x3C0, 0x040, 0x040, 0x1F0, 0x288, 0x484, 0x884, 0x934, 0x94C, 0x638}},
    {0x3091, {0x000, 0x1E0, 0x020, 0x040, 0x0F0, 0x108, 0x2C8, 0x0F0, 0x100, 0x21C, 0x522, 0x8C6}},
    {0x3092, {0x000, 0x040, 0x04C, 0x7F0, 0x080, 0x1EC, 0x230, 0x450, 0x090, 0x100, 0x100, 0x0FC}},
    {0x3093, {0x000, 0x000, 0x040, 0x080, 0x080, 0x100, 0x100, 0x3C0, 0x222, 0x422, 0x424, 0x818}},
    {0x30A1, {0x000, 0x000, 0x000, 0x000, 0x000, 0x7F8, 0x008, 0x090, 0x0A0, 0x080, 0x100, 0x200}},
    {0x30A2, {0x000, 0x000, 0x7FE, 0x002, 0x004, 0x048, 0x050, 0x040, 0x040, 0x080, 0x080, 0x100}},
    {0x30A3, {0x000, 0x000, 0x000, 0x000, 0x008, 0x010, 0x020, 0x0E0, 0x320, 0x020, 0x020, 0x020}},
    {0x30A4, {0x000, 0x008, 0x010, 0x020, 0x040, 0x0C0, 0x340, 0xC40, 0x040, 0x040, 0x040, 0x040}},
    {0x30A5, {0x000, 0x000, 0x000, 0x000, 0x040, 0x040, 0x3F8, 0x208, 0x208, 0x008, 0x010, 0x060}},
    {0x30A6, {0x000, 0x040, 0x040, 0x7FC, 0x404, 0x404, 0x404, 0x404, 0x008, 0x008, 0x030, 0x1C0}},
    {0x30A7, {0x000, 0x000, 0x000, 0x000, 0x000, 0x000, 0x1F0, 0x040, 0x040, 0x040, 0x3F8, 0x000}},
    {0x30A8, {0x000, 0x000, 0x000, 0x3FC, 0x040, 0x040, 0x040, 0x040, 0x040, 0x040, 0x7FE, 0x000}},
    {0x30A9, {0x000, 0x000, 0x000, 0x000, 0x020, 0x020, 0x7F8, 0x060, 0x0A0, 0x120, 0x620, 0x060}},
    {0x30AA, {0x000, 0x010, 0x010, 0xFFC, 0x030, 0x050, 0x090, 0x110, 0x210, 0xC10, 0x010, 0x070}},
    {0x30AB, {0x000, 0x080, 0x080, 0x7FC, 0x084, 0x084, 0x084, 0x084, 0x104, 0x104, 0x204, 0x438}},
    {0x30AC, {0x000, 0x08A, 0x08A, 0x080, 0x7FC, 0x084, 0x084, 0x084, 0x104, 0x104, 0x204, 0x438}},
    {0x30AD, {0x000, 0x040, 0x040, 0x040, 0x7FC, 0x040, 0x040, 0xFFE, 0x020, 0x020, 0x020, 0x020}},
    {0x30AE, {0x000, 0x04A, 0x04A, 0x040, 0x7FC, 0x040, 0x040, 0xFFE, 0x020, 0x020, 0x020, 0x020}},
    {0x30AF, {0x000, 0x080, 0x080, 0x0FC, 0x104, 0x204, 0x408, 0x008, 0x010, 0x020, 0x0C0, 0x300}},
    {0x30B0, {0x000, 0x08A, 0x08A, 0x100, 0x1FC, 0x204, 0x404, 0x008, 0x008, 0x010, 0x060, 0x380}},
    {0x30B1, {0x000, 0x200, 0x200, 0x3FC, 0x420, 0x420, 0x820, 0x020, 0x040, 0x040, 0x080, 0x300}},
    {0x30B2, {0x000, 0x10A, 0x10A, 0x200, 0x3FC, 0x410, 0x810, 0x010, 0x020, 0x020, 0x0C0, 0x300}},
    {0x30B3, {0x000, 0x000, 0x000, 0x000, 0x7FC, 0x004, 0x004, 0x004, 0x004, 0x004, 0x7FC, 0x004}},
    {0x30B4, {0x000, 0x00A, 0x00A, 0x000, 0x7FC, 0x004, 0x004, 0x004, 0x004, 0x004, 0x7FC, 0x004}},
    {0x30B5, {0x000, 0x000, 0x210, 0x210, 0xFFE, 0x210, 0x210, 0x210, 0x010, 0x010, 0x020, 0x1C0}},
    {0x30B6, {0x000, 0x00A, 0x20A, 0x210, 0xFFC, 0x210, 0x210, 0x210, 0x010, 0x010, 0x020, 0x1C0}},
    {0x30B7, {0x000, 0x000, 0x300, 0x080, 0x002, 0x602, 0x104, 0x008, 0x010, 0x020, 0x0C0, 0x300}},
    {0x30B8, {0x000, 0x00A, 0x30A, 0x080, 0x002, 0x602, 0x104, 0x008, 0x010, 0x020, 0x0C0, 0x300}},
    {0x30B9, {0x000, 0x000, 0x7F0, 0x010, 0x010, 0x020, 0x020, 0x040, 0x0A0, 0x110, 0x208, 0xC04}},
    {0x30BA, {0x000, 0x00A, 0x00A, 0x7F0, 0x010, 0x020, 0x020, 0x040, 0x0A0, 0x110, 0x208, 0xC04}},
    {0x30BB, {0x000, 0x000, 0x200, 0x200, 0x27C, 0xF84, 0x208, 0x210, 0x220, 0x200, 0x200, 0x1FC}},
    {0x30BC, {0x000, 0x00A, 0x20A, 0x200, 0x27C, 0xF84, 0x208, 0x210, 0x220, 0x200, 0x200, 0x1FC}},
    {0x30BD, {0x000, 0x000, 0x000, 0x404, 0x204, 0x204, 0x004, 0x008, 0x008, 0x010, 0x060, 0x180}},
    {0x30BE, {0x000, 0x00A, 0x00A, 0x400, 0x204, 0x204, 0x004, 0x008, 0x008, 0x010, 0x060, 0x180}},
    {0x30BF, {0x000, 0x080, 0x080, 0x0F8, 0x108, 0x208, 0x4C8, 0x030, 0x010, 0x028, 0x0C0, 0x700}},
    {0x30C0, {0x000, 0x08A, 0x08A, 0x100, 0x1F8, 0x208, 0x4C8, 0x028, 0x010, 0x028, 0x0C0, 0x700}},
    {0x30C1, {0x000, 0x000, 0x01C, 0x3E0, 0x020, 0x020, 0x7FE, 0x020, 0x020, 0x020, 0x040, 0x180}},
    {0x30C2, {0x000, 0x008, 0x030, 0x7CA, 0x04A, 0x040, 0xFFE, 0x040, 0x040, 0x040, 0x080, 0x300}},
    {0x30C3, {0x000, 0x000, 0x000, 0x000, 0x000, 0x088, 0x248, 0x108, 0x010, 0x010, 0x020, 0x0C0}},
    {0x30C4, {0x000, 0x000, 0x080, 0x440, 0x244, 0x204, 0x004, 0x008, 0x008, 0x010, 0x060, 0x180}},
    {0x30C5, {0x000, 0x00A, 0x08A, 0x440, 0x244, 0x204, 0x004, 0x008, 0x008, 0x010, 0x060, 0x180}},
    {0x30C6, {0x000, 0x000, 0x3FC, 0x000, 0x000, 0x7FE, 0x020, 0x020, 0x020, 0x020, 0x040, 0x180}},
    {0x30C7, {0x000, 0x00A, 0x7EA, 0x000, 0x000, 0xFFC, 0x040, 0x040, 0x040, 0x040, 0x080, 0x300}},
    {0x30C8, {0x000, 0x080, 0x080, 0x080, 0x080, 0x0E0, 0x098, 0x080, 0x080, 0x080, 0x080, 0x080}},
    {0x30C9, {0x000, 0x080, 0x094, 0x094, 0x080, 0x0E0, 0x098, 0x080, 0x080, 0x080, 0x080, 0x080}},
    {0x30CA, {0x000, 0x000, 0x040, 0x040, 0x040, 0xFFC, 0x040, 0x040, 0x080, 0x080, 0x100, 0x600}},
    {0x30CB, {0x000, 0x000, 0x000, 0x3FC, 0x000, 0x000, 0x000, 0x000, 0x000, 0x000, 0x7FE, 0x000}},
    {0x30CC, {0x000, 0x000, 0x3FC, 0x004, 0x004, 0x188, 0x068, 0x010, 0x028, 0x044, 0x180, 0x600}},
    {0x30CD, {0x000, 0x040, 0x040, 0x7F8, 0x010, 0x020, 0x040, 0x1D8, 0xE44, 0x040, 0x040, 0x040}},
    {0x30CE, {0x000, 0x000, 0x010, 0x010, 0x010, 0x020, 0x020, 0x040, 0x080, 0x100, 0x600, 0x000}},
    {0x30CF, {0x000, 0x000, 0x000, 0x210, 0x208, 0x208, 0x204, 0x204, 0x404, 0x404, 0x804, 0x000}},
    {0x30D0, {0x000, 0x00A, 0x00A, 0x200, 0x210, 0x208, 0x208, 0x204, 0x404, 0x404, 0x804, 0x000}},
    {0x30D1, {0x000, 0x004, 0x00A, 0x204, 0x210, 0x208, 0x208, 0x204, 0x404, 0x404, 0x804, 0x000}},
    {0x30D2, {0x000, 0x000, 0x200, 0x200, 0x21C, 0x3E0, 0x200, 0x200, 0x200, 0x200, 0x200, 0x1FC}},
    {0x30D3, {0x000, 0x00A, 0x20A, 0x200, 0x21C, 0x3E0, 0x200, 0x200, 0x200, 0x200, 0x200, 0x1FC}},
    {0x30D4, {0x000, 0x004, 0x20A, 0x204, 0x218, 0x3E0, 0x200, 0x200, 0x200, 0x200, 0x200, 0x1FC}},
    {0x30D5, {0x000, 0x000, 0x000, 0x7FC, 0x004, 0x004, 0x004, 0x008, 0x008, 0x010, 0x060, 0x380}},
    {0x30D6, {0x000, 0x00A, 0x00A, 0x000, 0x7FC, 0x004, 0x004, 0x008, 0x008, 0x010, 0x060, 0x380}},
    {0x30D7, {0x000, 0x004, 0x00A, 0x004, 0x7FC, 0x004, 0x004, 0x008, 0x008, 0x010, 0x060, 0x380}},
    {0x30D8, {0x000, 0x000, 0x000, 0x000, 0x180, 0x240, 0x420, 0x810, 0x008, 0x004, 0x000, 0x000}},
    {0x30D9, {0x000, 0x000, 0x000, 0x014, 0x194, 0x240, 0x420, 0x810, 0x008, 0x004, 0x000, 0x000}},
    {0x30DA, {0x000, 0x000, 0x000, 0x008, 0x194, 0x248, 0x420, 0x810, 0x008, 0x004, 0x000, 0x000}},
    {0x30DB, {0x000, 0x040, 0x040, 0x7FC, 0x040, 0x040, 0x150, 0x148, 0x244, 0x444, 0x040, 0x040}},
    {0x30DC, {0x000, 0x04A, 0x04A, 0x040, 0x7FC, 0x040, 0x150, 0x148, 0x244, 0x444, 0x040, 0x040}},
    {0x30DD, {0x000, 0x044, 0x04A, 0x044, 0x7FC, 0x040, 0x150, 0x148, 0x244, 0x444, 0x040, 0x040}},
    {0x30DE, {0x000, 0x000, 0x000, 0xFFC, 0x004, 0x008, 0x010, 0x220, 0x140, 0x080, 0x040, 0x040}},
    {0x30DF, {0x000, 0x000, 0x1E0, 0x018, 0x000, 0x1C0, 0x030, 0x000, 0x000, 0x3C0, 0x038, 0x000}},
    {0x30E0, {0x000, 0x000, 0x080, 0x080, 0x080, 0x100, 0x108, 0x108, 0x204, 0x23C, 0xFC2, 0x002}},
    {0x30E1, {0x000, 0x000, 0x008, 0x008, 0x008, 0x310, 0x0D0, 0x020, 0x050, 0x088, 0x100, 0x600}},
    {0x30E2, {0x000, 0x000, 0x3FC, 0x040, 0x040, 0x040, 0x7FE, 0x040, 0x040, 0x040, 0x040, 0x03C}},
    {0x30E3, {0x000, 0x000, 0x000, 0x000, 0x080, 0x080, 0x0F8, 0x388, 0x090, 0x040, 0x040, 0x040}},
    {0x30E4, {0x000, 0x100, 0x100, 0x1FE, 0xF02, 0x084, 0x088, 0x080, 0x040, 0x040, 0x040, 0x040}},
    {0x30E5, {0x000, 0x000, 0x000, 0x000, 0x000, 0x000, 0x3E0, 0x020, 0x020, 0x020, 0x7F8, 0x000}},
    {0x30E6, {0x000, 0x000, 0x000, 0x3F8, 0x008, 0x008, 0x008, 0x010, 0x010, 0x010, 0xFFE, 0x000}},
    {0x30E7, {0x000, 0x000, 0x000, 0x000, 0x000, 0x1F8, 0x008, 0x1F8, 0x008, 0x008, 0x1F8, 0x008}},
    {0x30E8, {0x000, 0x000, 0x000, 0x3FC, 0x004, 0x004, 0x3FC, 0x004, 0x004, 0x004, 0x3FC, 0x004}},
    {0x30E9, {0x000, 0x000, 0x3F8, 0x000, 0x000, 0x7FC, 0x004, 0x004, 0x008, 0x008, 0x030, 0x1C0}},
    {0x30EA, {0x000, 0x000, 0x208, 0x208, 0x208, 0x208, 0x208, 0x208, 0x210, 0x010, 0x060, 0x180}},
    {0x30EB, {0x000, 0x000, 0x040, 0x240, 0x240, 0x240, 0x242, 0x242, 0x244, 0x448, 0x450, 0x860}},
    {0x30EC, {0x000, 0x000, 0x100, 0x100, 0x100, 0x100, 0x102, 0x102, 0x104, 0x108, 0x130, 0x1C0}},
    {0x30ED, {0x000, 0x000, 0x7FC, 0x404, 0x404, 0x404, 0x404, 0x404, 0x404, 0x7FC, 0x404, 0x000}},
    {0x30EE, {0x000, 0x000, 0x000, 0x000, 0x000, 0x3F8, 0x208, 0x208, 0x208, 0x010, 0x020, 0x0C0}},
    {0x30EF, {0x000, 0x000, 0x7FC, 0x404, 0x404, 0x404, 0x404, 0x008, 0x008, 0x010, 0x060, 0x180}},
    {0x30F0, {0x000, 0x020, 0x020, 0x7FC, 0x220, 0x220, 0x220, 0xFFE, 0x020, 0x020, 0x020, 0x020}},
    {0x30F1, {0x000, 0x000, 0x000, 0x7FC, 0x008, 0x010, 0x060, 0x040, 0x040, 0x040, 0xFFE, 0x000}},
    {0x30F2, {0x000, 0x000, 0x3FC, 0x004, 0x004, 0x3FC, 0x004, 0x008, 0x008, 0x010, 0x060, 0x180}},
    {0x30F3, {0x000, 0x000, 0x600, 0x100, 0x004, 0x004, 0x004, 0x008, 0x010, 0x020, 0x0C0, 0x700}},
    {0x30F4, {0x000, 0x00A, 0x04A, 0x040, 0x7FC, 0x404, 0x404, 0x404, 0x008, 0x008, 0x030, 0x1C0}},
    {0x30F5, {0x000, 0x000, 0x000, 0x000, 0x080, 0x080, 0x3F8, 0x088, 0x088, 0x088, 0x108, 0x230}},
    {0x30F6, {0x000, 0x000, 0x000, 0x000, 0x100, 0x100, 0x1F8, 0x220, 0x220, 0x020, 0x040, 0x080}},
    {0x30FB, {0x000, 0x000, 0x000, 0x000, 0x000, 0x0C0, 0x0C0, 0x000, 0x000, 0x000, 0x000, 0x000}},
    {0x3105, {0x000, 0x100, 0x100, 0x3FC, 0x004, 0x004, 0x004, 0x004, 0x008, 0x028, 0x010, 0x000}},
    {0x3106, {0x000, 0x000, 0x040, 0x040, 0x080, 0x1FE, 0x004, 0x0C8, 0x030, 0x028, 0x0C4, 0x304}},
    {0x3107, {0x000, 0x000, 0x000, 0x3FC, 0x204, 0x204, 0x204, 0x204, 0x204, 0x204, 0x204, 0x000}},
    {0x3108, {0x000, 0x000, 0x000, 0x7FE, 0x200, 0x200, 0x200, 0x200, 0x200, 0x200, 0x3FE, 0x000}},
    {0x3109, {0x000, 0x000, 0x080, 0x080, 0x100, 0x3FE, 0x022, 0x022, 0x042, 0x044, 0x094, 0x308}},
    {0x310A, {0x000, 0x000, 0x040, 0x040, 0x7FE, 0x080, 0x080, 0x120, 0x110, 0x278, 0x788, 0x000}},
    {0x310B, {0x000, 0x000, 0x000, 0x3F0, 0x020, 0x040, 0x0FC, 0x004, 0x008, 0x008, 0x050, 0x020}},
    {0x310C, {0x000, 0x020, 0x120, 0x120, 0x3FE, 0x022, 0x022, 0x042, 0x044, 0x094, 0x308, 0x000}},
    {0x310D, {0x000, 0x000, 0x000, 0x044, 0x044, 0x088, 0x088, 0x110, 0x088, 0x088, 0x044, 0x044}},
    {0x310E, {0x000, 0x000, 0x3FE, 0x020, 0x040, 0x080, 0x1FC, 0x004, 0x004, 0x008, 0x028, 0x010}},
    {0x310F, {0x000, 0x000, 0x000, 0x1FE, 0x100, 0x100, 0x100, 0x100, 0x100, 0x100, 0x200, 0x400}},
    {0x3110, {0x000, 0x000, 0x008, 0x088, 0x088, 0x088, 0x098, 0x0E8, 0x088, 0x008, 0x008, 0x008}},
    {0x3111, {0x000, 0x000, 0x010, 0x010, 0x020, 0x040, 0x080, 0x080, 0x040, 0x020, 0x010, 0x008}},
    {0x3112, {0x000, 0x000, 0x000, 0x3FE, 0x020, 0x020, 0x020, 0x020, 0x020, 0x020, 0x020, 0x020}},
    {0x3113, {0x000, 0x040, 0x040, 0x248, 0x248, 0x248, 0x248, 0x3F8, 0x040, 0x040, 0x7FE, 0x000}},
    {0x3114, {0x000, 0x000, 0x010, 0x020, 0x0C8, 0x010, 0x060, 0x1A0, 0x020, 0x020, 0x020, 0x020}},
    {0x3115, {0x000, 0x000, 0x0FE, 0x002, 0x002, 0x0FE, 0x080, 0x080, 0x080, 0x080, 0x100, 0x200}},
    {0x3116, {0x000, 0x000, 0x000, 0x1F8, 0x108, 0x108, 0x148, 0x128, 0x108, 0x108, 0x1F8, 0x000}},
    {0x3117, {0x000, 0x000, 0x3FC, 0x044, 0x044, 0x044, 0x044, 0x054, 0x048, 0x040, 0x040, 0x040}},
    {0x3118, {0x000, 0x020, 0x020, 0x3FE, 0x040, 0x040, 0x0FC, 0x008, 0x008, 0x010, 0x010, 0x020}},
    {0x3119, {0x000, 0x000, 0x000, 0x020, 0x020, 0x040, 0x040, 0x088, 0x084, 0x13E, 0x3C2, 0x000}},
    {0x311A, {0x000, 0x000, 0x202, 0x104, 0x088, 0x050, 0x020, 0x020, 0x020, 0x020, 0x020, 0x020}},
    {0x311B, {0x000, 0x000, 0x000, 0x7FE, 0x020, 0x020, 0x3E0, 0x200, 0x200, 0x200, 0x200, 0x3FC}},
    {0x311C, {0x000, 0x000, 0x020, 0x020, 0x7FE, 0x020, 0x020, 0x3E0, 0x200, 0x200, 0x200, 0x3FC}},
    {0x311D, {0x000, 0x008, 0x088, 0x088, 0x088, 0x7FF, 0x088, 0x088, 0x090, 0x090, 0x080, 0x0FC}},
    {0x311E, {0x000, 0x000, 0x3FE, 0x110, 0x110, 0x220, 0x7FE, 0x022, 0x044, 0x044, 0x088, 0x310}},
    {0x311F, {0x000, 0x000, 0x0C0, 0x340, 0x040, 0x040, 0x040, 0x040, 0x020, 0x020, 0x010, 0x00C}},
    {0x3120, {0x000, 0x000, 0x040, 0x088, 0x108, 0x390, 0x060, 0x040, 0x088, 0x13C, 0x3C4, 0x000}},
    {0x3121, {0x000, 0x000, 0x000, 0x1FE, 0x002, 0x044, 0x028, 0x010, 0x028, 0x044, 0x084, 0x300}},
    {0x3122, {0x000, 0x000, 0x3FC, 0x004, 0x084, 0x088, 0x088, 0x1FE, 0x002, 0x004, 0x004, 0x008}},
    {0x3123, {0x000, 0x000, 0x200, 0x200, 0x200, 0x200, 0x3FC, 0x004, 0x004, 0x008, 0x008, 0x010}},
    {0x3124, {0x000, 0x000, 0x040, 0x040, 0x3FE, 0x050, 0x050, 0x050, 0x050, 0x090, 0x110, 0x60F}},
    {0x3125, {0x000, 0x000, 0x020, 0x020, 0x020, 0x040, 0x040, 0x080, 0x080, 0x100, 0x3FE, 0x000}},
    {0x3126, {0x000, 0x000, 0x090, 0x090, 0x090, 0x090, 0x090, 0x090, 0x090, 0x111, 0x211, 0x40E}},
    {0x3127, {0x000, 0x000, 0x000, 0x000, 0x000, 0x000, 0x7FE, 0x000, 0x000, 0x000, 0x000, 0x000}},
    {0x3128, {0x000, 0x000, 0x002, 0x004, 0x184, 0x048, 0x030, 0x010, 0x028, 0x044, 0x082, 0x302}},
    {0x3129, {0x000, 0x000, 0x002, 0x202, 0x202, 0x202, 0x202, 0x202, 0x202, 0x202, 0x3FE, 0x002}},
    {0x4E00, {0x000, 0x000, 0x000, 0x000, 0x000, 0xFFE, 0x000, 0x000, 0x000, 0x000, 0x000, 0x000}},
    {0x4E01, {0x000, 0xFFE, 0x040, 0x040, 0x040, 0x040, 0x040, 0x040, 0x040, 0x040, 0x040, 0x1C0}},
    {0x4E03, {0x000, 0x200, 0x200, 0x20E, 0x2F0, 0xF00, 0x200, 0x200, 0x200, 0x202, 0x202, 0x3FE}},
    {0x4E07, {0x000, 0xFFE, 0x200, 0x200, 0x200, 0x200, 0x3FC, 0x204, 0x204, 0x404, 0x404, 0x83C}},
    {0x4E08, {0x000, 0x010, 0x010, 0xFFE, 0x010, 0x010, 0x210, 0x120, 0x0A0, 0x040, 0x1B0, 0xE0E}},
    {0x4E09, {0x000, 0x000, 0xFFE, 0x000, 0x000, 0x000, 0x7FC, 0x000, 0x000, 0x000, 0x000, 0xFFE}},
    {0x4E0A, {0x000, 0x040, 0x040, 0x040, 0x040, 0x07C, 0x040, 0x040, 0x040, 0x040, 0x040, 0xFFE}},
    {0x4E0B, {0x000, 0xFFE, 0x080, 0x080, 0x0A0, 0x090, 0x088, 0x084, 0x080, 0x080, 0x080, 0x080}},
    {0x4E0C, {0x000, 0xFFE, 0x108, 0x108, 0x108, 0x108, 0x108, 0x108, 0x208, 0x208, 0x408, 0x408}},
    {0x4E0D, {0x000, 0xFFE, 0x020, 0x040, 0x0C0, 0x158, 0x244, 0xC42, 0x040, 0x040, 0x040, 0x040}},
    {0x4E0E, {0x000, 0x200, 0x3FC, 0x200, 0x400, 0x7F8, 0x008, 0x008, 0xFFE, 0x008, 0x008, 0x0F0}},
    {0x4E10, {0x000, 0xFFE, 0x040, 0x240, 0x27C, 0x440, 0x7FE, 0x002, 0x002, 0x002, 0x002, 0x03C}},
    {0x4E11, {0x000, 0xFF8, 0x088, 0x088, 0x088, 0x088, 0xFFE, 0x108, 0x108, 0x108, 0x108, 0xFFE}},
    {0x4E13, {0x000, 0x040, 0x7FC, 0x080, 0x080, 0xFFE, 0x100, 0x3F8, 0x008, 0x090, 0x060, 0x020}},
    {0x4E14, {0x000, 0x7FC, 0x404, 0x404, 0x7FC, 0x404, 0x404, 0x7FC, 0x404, 0x404, 0x404, 0xFFE}},
    {0x4E15, {0x000, 0xFFE, 0x020, 0x040, 0x0C0, 0x158, 0x244, 0xC42, 0x040, 0x040, 0x000, 0xFFE}},
    {0x4E16, {0x000, 0x448, 0x448, 0x448, 0xFFE, 0x448, 0x448, 0x448, 0x478, 0x400, 0x400, 0x7FE}},
    {0x4E18, {0x000, 0x00C, 0x7F0, 0x400, 0x400, 0x400, 0x7FC, 0x410, 0x410, 0x410, 0x410, 0xFFE}},
    {0x4E19, {0x000, 0xFFE, 0x040, 0x040, 0xFFE, 0x842, 0x842, 0x8A2, 0x912, 0xA0A, 0x802, 0x80E}},
    {0x4E1A, {0x000, 0x110, 0x110, 0x912, 0x912, 0x512, 0x514, 0x514, 0x514, 0x110, 0x110, 0xFFE}},
    {0x4E1B, {0x000, 0x110, 0x110, 0x110, 0x110, 0x2A8, 0x2A8, 0x444, 0x444, 0x882, 0x000, 0xFFE}},
    {0x4E1C, {0x000, 0x040, 0x080, 0xFFE, 0x100, 0x240, 0x440, 0xFFE, 0x040, 0x248, 0x444, 0x8C2}},
    {0x4E1D, {0x000, 0x208, 0x208, 0x410, 0x8A2, 0x514, 0x208, 0x410, 0x9A6, 0xE38, 0x000, 0xFFE}},
    {0x4E1E, {0x000, 0x7F8, 0x010, 0x020, 0xF52, 0x154, 0x248, 0x248, 0x444, 0x8C2, 0x000, 0xFFE}},
    {0x4E22, {0x000, 0x03C, 0x7C0, 0x040, 0x7FC, 0x040, 0x040, 0xFFE, 0x080, 0x104, 0x204, 0x7FA}},
    {0x4E24, {0x000, 0xFFE, 0x110, 0x110, 0xFFE, 0x912, 0x912, 0x912, 0xAAA, 0xC46, 0x802, 0x806}},
    {0x4E25, {0x000, 0xFFE, 0x110, 0x912, 0x514, 0x110, 0x7FE, 0x400, 0x400, 0x400, 0x800, 0x800}},
    {0x4E27, {0x000, 0x040, 0x7FC, 0x040, 0x248, 0x150, 0xFFE, 0x220, 0x222, 0x214, 0x2C8, 0x716}},
    {0x4E28, {0x000, 0x020, 0x020, 0x020, 0x020, 0x020, 0x020, 0x020, 0x020, 0x020, 0x020, 0x020}},
    {0x4E2A, {0x000, 0x040, 0x0A0, 0x110, 0x208, 0xC06, 0x040, 0x040, 0x040, 0x040, 0x040, 0x040}},
    {0x4E2B, {0x000, 0x404, 0x208, 0x110, 0x0A0, 0x040, 0x040, 0x040, 0x040, 0x040, 0x040, 0x040}},
    {0x4E2C, {0x000, 0x210, 0x210, 0x110, 0x110, 0x090, 0x010, 0x030, 0x050, 0x190, 0x610, 0x010}},
    {0x4E2D, {0x000, 0x040, 0x040, 0xFFE, 0x842, 0x842, 0x842, 0x842, 0xFFE, 0x040, 0x040, 0x040}},
    {0x4E30, {0x000, 0x040, 0xFFE, 0x040, 0x040, 0x7FC, 0x040, 0x040, 0xFFE, 0x040, 0x040, 0x040}},
    {0x4E32, {0x000, 0x040, 0xFFE, 0x842, 0x842, 0xFFE, 0x040, 0xFFE, 0x842, 0x842, 0xFFE, 0x040}},
    {0x4E34, {0x000, 0x240, 0x240, 0xA7E, 0xA90, 0xA88, 0xA00, 0xAFE, 0xA92, 0x292, 0x292, 0x2FE}},
    {0x4E36, {0x000, 0x000, 0x080, 0x040, 0x020, 0x030, 0x010, 0x000, 0x000, 0x000, 0x000, 0x000}},
    {0x4E38, {0x000, 0x100, 0x100, 0xFF0, 0x110, 0x110, 0xD10, 0x312, 0x292, 0x252, 0x412, 0x81E}},
    {0x4E39, {0x000, 0x7FC, 0x404, 0x484, 0x444, 0x424, 0x404, 0xFFE, 0x404, 0x404, 0x804, 0x81C}},
    {0x4E3A, {0x000, 0x480, 0x280, 0xFFE, 0x102, 0x102, 0x122, 0x112, 0x212, 0x202, 0x202, 0x40E}},
    {0x4E3B, {0x000, 0x080, 0x040, 0xFFE, 0x040, 0x040, 0x040, 0x7FC, 0x040, 0x040, 0x040, 0xFFE}},
    {0x4E3D, {0x000, 0xFFE, 0x000, 0x000, 0xFBE, 0x8A2, 0x8A2, 0xCB2, 0xAAA, 0x8A2, 0x8A2, 0x9A6}},
    {0x4E3E, {0x000, 0x484, 0x248, 0xFFE, 0x110, 0x248, 0xC46, 0x3F8, 0x040, 0xFFE, 0x040, 0x040}},
    {0x4E3F, {0x000, 0x020, 0x020, 0x020, 0x020, 0x040, 0x040, 0x040, 0x080, 0x080, 0x100, 0x200}},
    {0x4E43, {0x000, 0xFFC, 0x108, 0x108, 0x110, 0x11E, 0x202, 0x202, 0x202, 0x402, 0x402, 0x81E}},
    {0x4E45, {0x000, 0x100, 0x1F8, 0x208, 0x410, 0x810, 0x020, 0x040, 0x0A0, 0x110, 0x208, 0xC06}},
    {0x4E47, {0x000, 0x03C, 0x7C0, 0x040, 0x040, 0x07E, 0xFC0, 0x040, 0x040, 0x042, 0x042, 0x07E}},
    {0x4E48, {0x000, 0x080, 0x090, 0x110, 0x220, 0x420, 0x040, 0x080, 0x104, 0x204, 0x43E, 0xFC2}},
    {0x4E49, {0x000, 0x484, 0x444, 0x444, 0x404, 0x208, 0x208, 0x110, 0x0A0, 0x040, 0x1B0, 0xE0E}},
    {0x4E4B, {0x000, 0x040, 0x040, 0xFFC, 0x004, 0x008, 0x010, 0x020, 0x0C0, 0x300, 0x4C0, 0x83E}},
    {0x4E4C, {0x000, 0x080, 0x7FC, 0x404, 0x424, 0x41C, 0x400, 0x7FE, 0x002, 0xFFA, 0x002, 0x01E}},
    {0x4E4D, {0x000, 0x200, 0x3FE, 0x480, 0x480, 0x8FE, 0x080, 0x080, 0x0FE, 0x080, 0x080, 0x080}},
    {0x4E4E, {0x000, 0x00C, 0x7F0, 0x040, 0x444, 0x248, 0x040, 0xFFE, 0x040, 0x040, 0x040, 0x1C0}},
    {0x4E4F, {0x000, 0x00C, 0xFF0, 0x080, 0x040, 0xFFC, 0x004, 0x018, 0x060, 0x080, 0x300, 0xCFE}},
    {0x4E50, {0x000, 0x01C, 0x7E0, 0x400, 0x440, 0x440, 0xFFE, 0x040, 0x040, 0x248, 0x444, 0x8C2}},
    {0x4E52, {0x000, 0x01C, 0x7E0, 0x400, 0x7FC, 0x408, 0x408, 0x408, 0xFFE, 0x100, 0x200, 0xC00}},
    {0x4E53, {0x000, 0x01C, 0x7E0, 0x400, 0x7FC, 0x408, 0x408, 0x408, 0xFFE, 0x010, 0x008, 0x006}},
    {0x4E54, {0x000, 0x038, 0x3C0, 0x040, 0xFFE, 0x110, 0x208, 0xD16, 0x110, 0x110, 0x210, 0x210}},
    {0x4E56, {0x000, 0x00C, 0x7F0, 0x040, 0xFFE, 0x040, 0x152, 0xF5C, 0x150, 0x352, 0xD5E, 0x040}},
    {0x4E58, {0x000, 0x00C, 0x7F0, 0x040, 0xFFE, 0x154, 0xF58, 0x152, 0xF5E, 0x0E0, 0x358, 0xC46}},
    {0x4E59, {0x000, 0xFFC, 0x018, 0x020, 0x040, 0x080, 0x100, 0x200, 0x402, 0x802, 0x802, 0x7FC}},
    {0x4E5C, {0x000, 0x200, 0x20C, 0x274, 0x384, 0xE04, 0x208, 0x208, 0x200, 0x202, 0x202, 0x3FE}},
    {0x4E5D, {0x000, 0x100, 0x100, 0xFF0, 0x110, 0x110, 0x110, 0x112, 0x212, 0x212, 0x412, 0x81E}},
    {0x4E5E, {0x000, 0x200, 0x3FE, 0x400, 0x800, 0x3FC, 0x018, 0x060, 0x180, 0x202, 0x402, 0x3FE}},
    {0x4E5F, {0x000, 0x020, 0x220, 0x22C, 0x2F4, 0xF24, 0x224, 0x22C, 0x220, 0x202, 0x202, 0x3FE}},
    {0x4E60, {0x000, 0xFFE, 0x002, 0x202, 0x102, 0x082, 0x002, 0x012, 0x022, 0x0C2, 0x702, 0x01E}},
    {0x4E61, {0x000, 0x040, 0x080, 0x108, 0x3F0, 0x040, 0x080, 0x104, 0x3F8, 0x010, 0x060, 0x380}},
    {0x4E66, {0x000, 0x088, 0x084, 0x7FA, 0x088, 0x088, 0x088, 0xFFE, 0x082, 0x082, 0x082, 0x08E}},
    {0x4E69, {0x000, 0x220, 0x220, 0x3A0, 0x220, 0x220, 0x220, 0xFA0, 0x8A2, 0x8A2, 0x8A2, 0xFBE}},
    {0x4E70, {0x000, 0xFFE, 0x002, 0x122, 0x4A0, 0x220, 0x020, 0xFFE, 0x040, 0x090, 0x308, 0xC06}},
    {0x4E71, {0x000, 0x190, 0xE10, 0x210, 0x210, 0xF90, 0x210, 0x212, 0xF92, 0x892, 0x892, 0xF9E}},
    {0x4E73, {0x000, 0x0D0, 0xF10, 0x550, 0x010, 0xFD0, 0x090, 0x112, 0xFD2, 0x112, 0x112, 0x31E}},
    {0x4E7E, {0x000, 0x210, 0xF9E, 0x210, 0xFA0, 0x8C0, 0xFBC, 0x884, 0xF88, 0x212, 0xFA2, 0x23E}},
    {0x4E86, {0x000, 0xFFC, 0x004, 0x008, 0x010, 0x020, 0x040, 0x040, 0x040, 0x040, 0x040, 0x1C0}},
    {0x4E88, {0x000, 0x7FC, 0x008, 0x190, 0x060, 0xFFE, 0x042, 0x044, 0x048, 0x040, 0x040, 0x1C0}},
    {0x4E89, {0x000, 0x400, 0x7F8, 0x808, 0x7FC, 0x044, 0xFFE, 0x044, 0x7FC, 0x040, 0x040, 0x1C0}},
    {0x4E8B, {0x000, 0x040, 0xFFE, 0x040, 0x7FC, 0x444, 0x7FC, 0x044, 0xFFE, 0x044, 0x7FC, 0x0C0}},
    {0x4E8C, {0x000, 0x000, 0x7FC, 0x000, 0x000, 0x000, 0x000, 0x000, 0x000, 0x000, 0xFFE, 0x000}},
    {0x4E8D, {0x000, 0x7FC, 0x000, 0x000, 0xFFE, 0x040, 0x040, 0x040, 0x040, 0x040, 0x040, 0x1C0}},
    {0x4E8E, {0x000, 0x7FC, 0x040, 0x040, 0x040, 0x040, 0xFFE, 0x040, 0x040, 0x040, 0x040, 0x1C0}},
    {0x4E8F, {0x000, 0x3F8, 0x000, 0x000, 0xFFE, 0x100, 0x200, 0x7FC, 0x004, 0x008, 0x190, 0x060}},
    {0x4E91, {0x000, 0x7FC, 0x000, 0x000, 0x000, 0xFFE, 0x080, 0x080, 0x108, 0x104, 0x21A, 0xFE2}},
    {0x4E92, {0x000, 0xFFE, 0x200, 0x200, 0x7FC, 0x404, 0x404, 0x404, 0x7FC, 0x008, 0x008, 0xFFE}},
    {0x4E93, {0x000, 0x7FC, 0x000, 0x000, 0xFFE, 0x110, 0x110, 0x110, 0x110, 0x210, 0x210, 0x410}},
    {0x4E94, {0x000, 0xFFE, 0x080, 0x080, 0x080, 0x7F8, 0x108, 0x108, 0x108, 0x108, 0x108, 0xFFE}},
    {0x4E95, {0x000, 0x110, 0x110, 0xFFE, 0x110, 0x110, 0x110, 0x110, 0xFFE, 0x110, 0x210, 0x410}},
    {0x4E98, {0x000, 0xFFE, 0x000, 0x7FC, 0x404, 0x404, 0x7FC, 0x404, 0x404, 0x7FC, 0x000, 0xFFE}},
    {0x4E9A, {0x000, 0xFFE, 0x110, 0x110, 0x912, 0x912, 0x512, 0x514, 0x514, 0x110, 0x110, 0xFFE}},
    {0x4E9B, {0x000, 0x110, 0x512, 0x5DC, 0x510, 0x5D2, 0xF1E, 0x000, 0x7FC, 0x000, 0x000, 0xFFE}},
    {0x4E9F, {0x000, 0xFFE, 0x200, 0x7DE, 0x052, 0x752, 0x552, 0x74C, 0x052, 0x7D2, 0x000, 0xFFE}},
    {0x4EA0, {0x000, 0x080, 0x040, 0x000, 0xFFE, 0x000, 0x000, 0x000, 0x000, 0x000, 0x000, 0x000}},
    {0x4EA1, {0x000, 0x040, 0x040, 0xFFE, 0x400, 0x400, 0x400, 0x400, 0x400, 0x400, 0x400, 0x7FC}},
    {0x4EA2, {0x000, 0x040, 0x040, 0xFFE, 0x000, 0x1F0, 0x110, 0x110, 0x110, 0x112, 0x212, 0xC1E}},
    {0x4EA4, {0x000, 0x040, 0xFFE, 0x000, 0x110, 0x208, 0xD16, 0x0A0, 0x040, 0x0A0, 0x318, 0xC06}},
    {0x4EA5, {0x000, 0x040, 0xFFE, 0x080, 0x090, 0x514, 0x224, 0x148, 0x090, 0x128, 0x244, 0xC82}},
    {0x4EA6, {0x000, 0x040, 0xFFE, 0x090, 0x090, 0x494, 0x492, 0x492, 0x892, 0x110, 0x110, 0x230}},
    {0x4EA7, {0x000, 0x040, 0xFFE, 0x208, 0x110, 0x7FE, 0x400, 0x400, 0x400, 0x400, 0x800, 0x800}},
    {0x4EA8, {0x000, 0x040, 0xFFE, 0x404, 0x404, 0x7FC, 0x000, 0x7FC, 0x018, 0x060, 0x040, 0x1C0}},
    {0x4EA9, {0x000, 0x040, 0x040, 0xFFE, 0x000, 0x7FC, 0x444, 0x444, 0x7FC, 0x444, 0x444, 0x7FC}},
    {0x4EAB, {0x000, 0x040, 0xFFE, 0x404, 0x7FC, 0x000, 0x7FC, 0x018, 0x060, 0xFFE, 0x040, 0x1C0}},
    {0x4EAC, {0x000, 0x040, 0xFFE, 0x000, 0x7FC, 0x404, 0x404, 0x7FC, 0x040, 0x248, 0xC46, 0x1C0}},
    {0x4EAD, {0x000, 0x040, 0xFFE, 0x404, 0x7FC, 0x000, 0xFFE, 0x802, 0xBFA, 0x040, 0x040, 0x1C0}},
    {0x4EAE, {0x000, 0x040, 0xFFE, 0x404, 0x7FC, 0x000, 0xFFE, 0x802, 0x9F2, 0x110, 0x212, 0xC1E}},
    {0x4EB2, {0x000, 0x040, 0x7FC, 0x208, 0x110, 0xFFE, 0x040, 0x7FC, 0x040, 0x248, 0x444, 0x8C2}},
    {0x4EB3, {0x000, 0x040, 0xFFE, 0x404, 0x7FC, 0x000, 0xFFE, 0x872, 0xBC2, 0x078, 0x3C2, 0x07E}},
    {0x4EB5, {0x000, 0x040, 0xFFE, 0x210, 0xF7C, 0x224, 0xFA4, 0x256, 0x0A0, 0x314, 0xD08, 0x3B6}},
    {0x4EBA, {0x000, 0x040, 0x040, 0x040, 0x040, 0x0A0, 0x0A0, 0x110, 0x110, 0x208, 0x404, 0x802}},
    {0x4EBB, {0x000, 0x020, 0x020, 0x040, 0x0C0, 0x140, 0x240, 0x040, 0x040, 0x040, 0x040, 0x040}},
    {0x4EBF, {0x000, 0x2FE, 0x204, 0x408, 0x410, 0xC20, 0x440, 0x480, 0x500, 0x502, 0x502, 0x4FE}},
    {0x4EC0, {0x000, 0x210, 0x210, 0x410, 0x410, 0xCFE, 0x410, 0x410, 0x410, 0x410, 0x410, 0x410}},
    {0x4EC1, {0x000, 0x200, 0x2FC, 0x400, 0x400, 0xC00, 0x400, 0x400, 0x400, 0x400, 0x5FE, 0x400}},
    {0x4EC2, {0x000, 0x220, 0x220, 0x4FE, 0x422, 0xC22, 0x422, 0x442, 0x442, 0x442, 0x482, 0x48E}},
    {0x4EC3, {0x000, 0x2FE, 0x208, 0x408, 0x408, 0xC08, 0x408, 0x408, 0x408, 0x408, 0x408, 0x438}},
    {0x4EC4, {0x000, 0x7FE, 0x400, 0x420, 0x420, 0x420, 0x420, 0x450, 0x450, 0x488, 0x904, 0xA02}},
    {0x4EC5, {0x000, 0x2FE, 0x282, 0x482, 0x482, 0xC44, 0x444, 0x428, 0x410, 0x428, 0x444, 0x482}},
    {0x4EC6, {0x000, 0x120, 0x120, 0x220, 0x220, 0x630, 0xA28, 0x224, 0x222, 0x220, 0x220, 0x220}},
    {0x4EC7, {0x000, 0x240, 0x240, 0x5F8, 0x448, 0xC48, 0x448, 0x44A, 0x44A, 0x48A, 0x48A, 0x50E}},
    {0x4EC9, {0x000, 0x2F8, 0x288, 0x488, 0x488, 0xC88, 0x488, 0x488, 0x488, 0x50A, 0x50A, 0x50E}},
    {0x4ECA, {0x000, 0x040, 0x0A0, 0x318, 0xC06, 0x3F8, 0x000, 0x7FC, 0x004, 0x008, 0x010, 0x020}},
    {0x4ECB, {0x000, 0x040, 0x0A0, 0x110, 0x208, 0xD16, 0x110, 0x110, 0x110, 0x210, 0x210, 0x410}},
    {0x4ECD, {0x000, 0x2F8, 0x248, 0x448, 0x448, 0xC4E, 0x442, 0x442, 0x442, 0x482, 0x482, 0x50E}},
    {0x4ECE, {0x000, 0x110, 0x110, 0x110, 0x110, 0x110, 0x2A8, 0x2A8, 0x2A8, 0x444, 0x444, 0x882}},
    {0x4ED1, {0x000, 0x040, 0x0A0, 0x318, 0xC06, 0x200, 0x21C, 0x260, 0x380, 0x204, 0x204, 0x3FC}},
    {0x4ED3, {0x000, 0x040, 0x0A0, 0x318, 0xC06, 0x3F8, 0x208, 0x208, 0x248, 0x23A, 0x202, 0x3FE}},
    {0x4ED4, {0x000, 0x2FE, 0x202, 0x404, 0x408, 0xC10, 0x410, 0x5FE, 0x410, 0x410, 0x410, 0x470}},
    {0x4ED5, {0x000, 0x210, 0x210, 0x410, 0x410, 0xCFE, 0x410, 0x410, 0x410, 0x410, 0x410, 0x4FE}},
    {0x4ED6, {0x000, 0x210, 0x290, 0x496, 0x4BA, 0xDD2, 0x492, 0x496, 0x490, 0x482, 0x482, 0x4FE}},
    {0x4ED7, {0x000, 0x208, 0x208, 0x5FE, 0x408, 0xC88, 0x488, 0x450, 0x450, 0x420, 0x450, 0x58E}},
    {0x4ED8, {0x000, 0x204, 0x204, 0x5FE, 0x404, 0xC04, 0x484, 0x444, 0x444, 0x404, 0x404, 0x41C}},
    {0x4ED9, {0x000, 0x210, 0x210, 0x492, 0x492, 0xC92, 0x492, 0x492, 0x492, 0x492, 0x492, 0x4FE}},
    {0x4EDD, {0x000, 0x040, 0x0A0, 0x318, 0xC06, 0x000, 0x3F8, 0x040, 0x040, 0x040, 0x040, 0x7FC}},
    {0x4EDE, {0x000, 0x2FE, 0x212, 0x412, 0x492, 0xC92, 0x492, 0x512, 0x412, 0x422, 0x422, 0x44E}},
    {0x4EDF, {0x000, 0x20C, 0x2F0, 0x410, 0x410, 0xC10, 0x5FE, 0x410, 0x410, 0x410, 0x410, 0x410}},
    {0x4EE1, {0x000, 0x280, 0x2FE, 0x500, 0x4FC, 0xC08, 0x410, 0x420, 0x440, 0x482, 0x482, 0x47E}},
    {0x4EE3, {0x000, 0x224, 0x222, 0x420, 0x5FE, 0xC20, 0x420, 0x420, 0x410, 0x412, 0x40A, 0x404}},
    {0x4EE4, {0x000, 0x040, 0x0A0, 0x318, 0xDF6, 0x000, 0x000, 0xFFC, 0x084, 0x084, 0x09C, 0x080}},
    {0x4EE5, {0x000, 0x484, 0x484, 0x444, 0x444, 0x444, 0x404, 0x404, 0x448, 0x488, 0x714, 0x862}},
    {0x4EE8, {0x000, 0x2FE, 0x200, 0x400, 0x400, 0xC00, 0x4FE, 0x400, 0x400, 0x400, 0x400, 0x4FE}},
    {0x4EEA, {0x000, 0x2A2, 0x292, 0x492, 0x482, 0xC44, 0x444, 0x428, 0x428, 0x410, 0x428, 0x4C6}},
    {0x4EEB, {0x000, 0x210, 0x210, 0x420, 0x444, 0xC84, 0x508, 0x410, 0x420, 0x444, 0x48E, 0x5F2}},
    {0x4EEC, {0x000, 0x29E, 0x242, 0x402, 0x482, 0xC82, 0x482, 0x482, 0x482, 0x482, 0x482, 0x48E}},
    {0x4EF0, {0x000, 0x25E, 0x292, 0x492, 0x492, 0xC92, 0x492, 0x492, 0x492, 0x4D6, 0x590, 0x410}},
    {0x4EF2, {0x000, 0x210, 0x210, 0x4FE, 0x492, 0xC92, 0x492, 0x492, 0x4FE, 0x410, 0x410, 0x410}},
    {0x4EF3, {0x000, 0x288, 0x288, 0x488, 0x488, 0xCEE, 0x488, 0x488, 0x488, 0x488, 0x488, 0x4EE}},
    {0x4EF5, {0x000, 0x280, 0x280, 0x4FE, 0x510, 0xC10, 0x410, 0x5FE, 0x410, 0x410, 0x410, 0x410}},
    {0x4EF6, {0x000, 0x290, 0x290, 0x4FE, 0x510, 0xC10, 0x410, 0x5FE, 0x410, 0x410, 0x410, 0x410}},
    {0x4EF7, {0x000, 0x210, 0x228, 0x444, 0x482, 0xC44, 0x444, 0x444, 0x444, 0x444, 0x484, 0x484}},
    {0x4EFB, {0x000, 0x20C, 0x2F0, 0x410, 0x410, 0xC10, 0x5FE, 0x410, 0x410, 0x410, 0x410, 0x4FE}},
    {0x4EFD, {0x000, 0x248, 0x248, 0x484, 0x484, 0xD02, 0x4FC, 0x444, 0x444, 0x444, 0x484, 0x49C}},
    {0x4EFF, {0x000, 0x210, 0x2FE, 0x440, 0x440, 0xC7E, 0x442, 0x442, 0x442, 0x442, 0x482, 0x48E}},
    {0x4F01, {0x000, 0x040, 0x0A0, 0x318, 0xC46, 0x040, 0x040, 0x47C, 0x440, 0x440, 0x440, 0xFFE}},
    {0x4F09, {0x000, 0x220, 0x220, 0x5FE, 0x400, 0xC78, 0x448, 0x448, 0x448, 0x44A, 0x48A, 0x50E}},
    {0x4F0A, {0x000, 0x2FC, 0x224, 0x424, 0x5FE, 0xC24, 0x424, 0x4FC, 0x420, 0x420, 0x440, 0x440}},
    {0x4F0D, {0x000, 0x2FE, 0x220, 0x420, 0x420, 0xCFC, 0x424, 0x424, 0x444, 0x444, 0x444, 0x5FE}},
    {0x4F0E, {0x000, 0x210, 0x2FE, 0x410, 0x410, 0xCFE, 0x402, 0x444, 0x428, 0x410, 0x428, 0x4C6}},
    {0x4F0F, {0x000, 0x214, 0x212, 0x410, 0x4FE, 0xC10, 0x428, 0x428, 0x428, 0x444, 0x444, 0x482}},
    {0x4F10, {0x000, 0x228, 0x224, 0x420, 0x5FE, 0xC20, 0x424, 0x424, 0x428, 0x412, 0x42A, 0x4C4}},
    {0x4F11, {0x000, 0x210, 0x210, 0x4FE, 0x410, 0xC38, 0x438, 0x454, 0x454, 0x492, 0x410, 0x410}},
    {0x4F17, {0x000, 0x040, 0x040, 0x0A0, 0x318, 0xC06, 0x110, 0x110, 0x110, 0x2A8, 0x444, 0x882}},
    {0x4F18, {0x000, 0x224, 0x222, 0x420, 0x5FE, 0xC20, 0x420, 0x450, 0x450, 0x492, 0x492, 0x51E}},
    {0x4F19, {0x000, 0x210, 0x210, 0x492, 0x452, 0xC54, 0x410, 0x428, 0x428, 0x444, 0x444, 0x482}},
    {0x4F1A, {0x000, 0x040, 0x0A0, 0x318, 0xDF6, 0x000, 0x000, 0xFFE, 0x088, 0x104, 0x23A, 0x7C2}},
    {0x4F1B, {0x000, 0x2FE, 0x280, 0x4A4, 0x4A4, 0xC94, 0x494, 0x488, 0x494, 0x4A4, 0x480, 0x4FE}},
    {0x4F1E, {0x000, 0x040, 0x0A0, 0x318, 0xC46, 0x248, 0x150, 0x150, 0xFFE, 0x040, 0x040, 0x040}},
    {0x4F1F, {0x000, 0x220, 0x220, 0x5FE, 0x420, 0xDFE, 0x420, 0x5FE, 0x422, 0x422, 0x42E, 0x420}},
    {0x4F20, {0x000, 0x210, 0x2FE, 0x420, 0x420, 0xDFE, 0x440, 0x4FE, 0x402, 0x424, 0x418, 0x408}},
    {0x4F22, {0x000, 0x2FE, 0x288, 0x488, 0x5FE, 0xC28, 0x428, 0x428, 0x448, 0x448, 0x488, 0x538}},
    {0x4F24, {0x000, 0x280, 0x2FE, 0x480, 0x520, 0xC20, 0x5FE, 0x422, 0x422, 0x442, 0x442, 0x48E}},
    {0x4F25, {0x000, 0x242, 0x244, 0x448, 0x450, 0xC40, 0x5FE, 0x450, 0x448, 0x448, 0x444, 0x472}},
    {0x4F26, {0x000, 0x220, 0x230, 0x448, 0x484, 0xD02, 0x480, 0x48C, 0x4F0, 0x482, 0x482, 0x4FE}},
    {0x4F27, {0x000, 0x210, 0x228, 0x444, 0x482, 0xC7C, 0x444, 0x444, 0x45C, 0x442, 0x442, 0x47E}},
    {0x4F2A, {0x000, 0x2A0, 0x220, 0x4FE, 0x422, 0xC22, 0x42A, 0x44A, 0x442, 0x442, 0x482, 0x48E}},
    {0x4F2B, {0x000, 0x210, 0x2FE, 0x482, 0x482, 0xC82, 0x400, 0x400, 0x400, 0x400, 0x400, 0x4FE}},
    {0x4F2F, {0x000, 0x210, 0x220, 0x4FE, 0x482, 0xC82, 0x482, 0x4FE, 0x482, 0x482, 0x482, 0x4FE}},
    {0x4F30, {0x000, 0x210, 0x210, 0x4FE, 0x410, 0xC10, 0x4FE, 0x482, 0x482, 0x482, 0x482, 0x4FE}},
    {0x4F32, {0x000, 0x2FE, 0x282, 0x482, 0x482, 0xCFE, 0x4A0, 0x4A6, 0x4B8, 0x4A0, 0x522, 0x53E}},
    {0x4F34, {0x000, 0x292, 0x252, 0x454, 0x410, 0xCFE, 0x410, 0x410, 0x4FE, 0x410, 0x410, 0x410}},
    {0x4F36, {0x000, 0x230, 0x248, 0x586, 0x478, 0xC00, 0x400, 0x5FE, 0x422, 0x422, 0x42E, 0x420}},
    {0x4F38, {0x000, 0x210, 0x210, 0x4FE, 0x492, 0xC92, 0x4FE, 0x492, 0x492, 0x4FE, 0x410, 0x410}},
    {0x4F3A, {0x000, 0x2FE, 0x202, 0x402, 0x4FA, 0xC02, 0x4FA, 0x48A, 0x48A, 0x4FA, 0x402, 0x40E}},
    {0x4F3C, {0x000, 0x2A4, 0x2A4, 0x494, 0x494, 0xC94, 0x484, 0x484, 0x4A8, 0x4C8, 0x494, 0x522}},
    {0x4F3D, {0x000, 0x280, 0x28E, 0x5EA, 0x4AA, 0xCAA, 0x4AA, 0x4AA, 0x4AA, 0x4AA, 0x52E, 0x560}},
    {0x4F43, {0x000, 0x2FE, 0x292, 0x492, 0x492, 0xC92, 0x4FE, 0x492, 0x492, 0x492, 0x492, 0x4FE}},
    {0x4F46, {0x000, 0x2FC, 0x284, 0x484, 0x4FC, 0xC84, 0x484, 0x484, 0x4FC, 0x400, 0x400, 0x5FE}},
    {0x4F4D, {0x000, 0x210, 0x2FE, 0x400, 0x444, 0xC44, 0x424, 0x424, 0x424, 0x428, 0x408, 0x4FE}},
    {0x4F4E, {0x000, 0x206, 0x2F8, 0x490, 0x490, 0xCFE, 0x490, 0x490, 0x48A, 0x5EA, 0x404, 0x4F8}},
    {0x4F4F, {0x000, 0x220, 0x210, 0x4FE, 0x410, 0xC10, 0x410, 0x4FE, 0x410, 0x410, 0x410, 0x4FE}},
    {0x4F50, {0x000, 0x220, 0x220, 0x5FE, 0x440, 0xC40, 0x440, 0x4FC, 0x490, 0x510, 0x410, 0x4FE}},
    {0x4F51, {0x000, 0x220, 0x220, 0x5FE, 0x420, 0xC40, 0x440, 0x4FE, 0x542, 0x442, 0x442, 0x47E}},
    {0x4F53, {0x000, 0x210, 0x210, 0x4FE, 0x454, 0xC54, 0x454, 0x454, 0x492, 0x4BA, 0x410, 0x410}},
    {0x4F55, {0x000, 0x2FE, 0x204, 0x404, 0x4F4, 0xC94, 0x494, 0x494, 0x4F4, 0x404, 0x404, 0x41C}},
    {0x4F57, {0x000, 0x210, 0x2FE, 0x482, 0x400, 0xC42, 0x44C, 0x470, 0x440, 0x442, 0x442, 0x47E}},
    {0x4F58, {0x000, 0x040, 0x0A0, 0x318, 0xDF6, 0x000, 0x000, 0xFFE, 0x040, 0x248, 0xC46, 0x1C0}},
    {0x4F59, {0x000, 0x040, 0x0A0, 0x318, 0xDF6, 0x040, 0x040, 0xFFE, 0x040, 0x248, 0xC46, 0x1C0}},
    {0x4F5A, {0x000, 0x210, 0x290, 0x4FE, 0x510, 0xC10, 0x4FE, 0x410, 0x428, 0x428, 0x444, 0x482}},
    {0x4F5B, {0x000, 0x248, 0x3FE, 0x44A, 0x44A, 0xDFE, 0x548, 0x5FE, 0x44A, 0x44A, 0x44E, 0x488}},
    {0x4F5C, {0x000, 0x240, 0x27E, 0x4A0, 0x4A0, 0xD3E, 0x420, 0x420, 0x43E, 0x420, 0x420, 0x420}},
    {0x4F5D, {0x000, 0x240, 0x27E, 0x482, 0x482, 0xD7A, 0x44A, 0x44A, 0x44A, 0x47A, 0x402, 0x40E}},
    {0x4F5E, {0x000, 0x2FC, 0x200, 0x400, 0x5FE, 0xC20, 0x420, 0x5FE, 0x444, 0x4C8, 0x430, 0x5CE}},
    {0x4F5F, {0x000, 0x240, 0x27C, 0x484, 0x548, 0xC30, 0x448, 0x586, 0x420, 0x410, 0x4C0, 0x43C}},
    {0x4F60, {0x000, 0x280, 0x2FE, 0x482, 0x512, 0xC10, 0x454, 0x454, 0x492, 0x492, 0x410, 0x430}},
    {0x4F63, {0x000, 0x2FE, 0x292, 0x492, 0x4FE, 0xC92, 0x492, 0x4FE, 0x492, 0x492, 0x512, 0x516}},
    {0x4F64, {0x000, 0x2FE, 0x240, 0x440, 0x478, 0xC48, 0x448, 0x4A8, 0x498, 0x48A, 0x48A, 0x4EE}},
    {0x4F65, {0x000, 0x040, 0x0A0, 0x318, 0xC06, 0x7F8, 0x004, 0x484, 0x244, 0x248, 0x008, 0x7FC}},
    {0x4F67, {0x000, 0x220, 0x23C, 0x420, 0x420, 0xDFE, 0x420, 0x430, 0x428, 0x426, 0x420, 0x420}},
    {0x4F69, {0x000, 0x3FC, 0x304, 0x5F4, 0x544, 0xDF4, 0x554, 0x554, 0x554, 0x554, 0x576, 0x642}},
    {0x4F6C, {0x000, 0x220, 0x2FA, 0x424, 0x428, 0xDFE, 0x440, 0x4C2, 0x54C, 0x670, 0x442, 0x47E}},
    {0x4F6F, {0x000, 0x282, 0x244, 0x4FE, 0x410, 0xC10, 0x4FE, 0x410, 0x410, 0x4FE, 0x410, 0x410}},
    {0x4F70, {0x000, 0x2FE, 0x210, 0x410, 0x4FE, 0xC82, 0x482, 0x4FE, 0x482, 0x482, 0x482, 0x4FE}},
    {0x4F73, {0x000, 0x210, 0x2FE, 0x410, 0x410, 0xDFE, 0x400, 0x410, 0x4FE, 0x410, 0x410, 0x5FE}},
    {0x4F74, {0x000, 0x2FE, 0x244, 0x444, 0x47C, 0xC44, 0x444, 0x47C, 0x444, 0x444, 0x4FE, 0x404}},
    {0x4F76, {0x000, 0x210, 0x2FE, 0x410, 0x410, 0xCFE, 0x400, 0x4FE, 0x482, 0x482, 0x482, 0x4FE}},
    {0x4F7B, {0x000, 0x228, 0x228, 0x4AA, 0x46C, 0xC28, 0x428, 0x46C, 0x4AA, 0x428, 0x44A, 0x58E}},
    {0x4F7C, {0x000, 0x210, 0x2FE, 0x428, 0x444, 0xC82, 0x444, 0x444, 0x428, 0x410, 0x428, 0x4C6}},
    {0x4F7E, {0x000, 0x244, 0x244, 0x482, 0x400, 0xCFE, 0x482, 0x4FE, 0x482, 0x4FE, 0x482, 0x486}},
    {0x4F7F, {0x000, 0x210, 0x2FE, 0x410, 0x4FE, 0xC92, 0x492, 0x4FE, 0x410, 0x450, 0x420, 0x4DE}},
    {0x4F83, {0x000, 0x3FC, 0x304, 0x504, 0x5FC, 0xC00, 0x4A8, 0x4A8, 0x4A8, 0x4AA, 0x4AA, 0x52E}},
    {0x4F84, {0x000, 0x2FE, 0x220, 0x424, 0x444, 0xCFA, 0x410, 0x410, 0x4FE, 0x410, 0x410, 0x4FE}},
    {0x4F88, {0x000, 0x220, 0x27C, 0x584, 0x448, 0xC30, 0x5D0, 0x43E, 0x4C2, 0x424, 0x418, 0x4E0}},
    {0x4F89, {0x000, 0x210, 0x2FE, 0x444, 0x482, 0xC7C, 0x400, 0x4FE, 0x440, 0x47E, 0x402, 0x41E}},
    {0x4F8B, {0x000, 0x3E2, 0x28A, 0x48A, 0x4EA, 0xCAA, 0x52A, 0x6AA, 0x44A, 0x44A, 0x482, 0x50E}},
    {0x4F8D, {0x000, 0x210, 0x2FE, 0x410, 0x410, 0xDFE, 0x404, 0x5FE, 0x484, 0x444, 0x404, 0x41C}},
    {0x4F8F, {0x000, 0x210, 0x290, 0x4FE, 0x510, 0xC10, 0x4FE, 0x410, 0x438, 0x454, 0x492, 0x410}},
    {0x4F91, {0x000, 0x220, 0x220, 0x5FE, 0x440, 0xCFE, 0x582, 0x4FE, 0x482, 0x4FE, 0x482, 0x486}},
    {0x4F94, {0x000, 0x220, 0x244, 0x484, 0x5FA, 0xC90, 0x4FE, 0x510, 0x410, 0x5FE, 0x410, 0x410}},
    {0x4F97, {0x000, 0x2FE, 0x282, 0x4BA, 0x482, 0xCBA, 0x4AA, 0x4AA, 0x4AA, 0x4BA, 0x482, 0x486}},
    {0x4F9B, {0x000, 0x248, 0x248, 0x5FE, 0x448, 0xC48, 0x448, 0x5FE, 0x400, 0x448, 0x484, 0x502}},
    {0x4F9D, {0x000, 0x210, 0x2FE, 0x428, 0x428, 0xC4A, 0x44A, 0x4CC, 0x548, 0x444, 0x474, 0x4C2}},
    {0x4FA0, {0x000, 0x210, 0x2FE, 0x410, 0x492, 0xC54, 0x410, 0x4FE, 0x428, 0x428, 0x444, 0x482}},
    {0x4FA3, {0x000, 0x2FC, 0x284, 0x484, 0x484, 0xCFC, 0x400, 0x5FE, 0x502, 0x502, 0x502, 0x5FE}},
    {0x4FA5, {0x000, 0x220, 0x23E, 0x5E0, 0x414, 0xC0A, 0x4F4, 0x400, 0x5FE, 0x448, 0x44A, 0x586}},
    {0x4FA6, {0x000, 0x210, 0x21E, 0x410, 0x4FE, 0xC82, 0x492, 0x492, 0x492, 0x492, 0x428, 0x4C6}},
    {0x4FA7, {0x000, 0x5E2, 0x52A, 0x52A, 0xD6A, 0x56A, 0x56A, 0x56A, 0x56A, 0x44A, 0x4A2, 0x52E}},
    {0x4FA8, {0x000, 0x20E, 0x2F0, 0x410, 0x4FE, 0xC28, 0x444, 0x4C6, 0x444, 0x444, 0x484, 0x484}},
    {0x4FA9, {0x000, 0x230, 0x248, 0x484, 0x57A, 0xC00, 0x400, 0x5FE, 0x440, 0x444, 0x484, 0x5FA}},
    {0x4FAA, {0x000, 0x210, 0x2FE, 0x444, 0x428, 0xC10, 0x4EE, 0x400, 0x444, 0x444, 0x444, 0x484}},
    {0x4FAC, {0x000, 0x210, 0x3FE, 0x522, 0x562, 0xCA0, 0x592, 0x494, 0x488, 0x488, 0x484, 0x4E2}},
    {0x4FAE, {0x000, 0x240, 0x27E, 0x480, 0x57C, 0xC54, 0x454, 0x4FE, 0x454, 0x454, 0x47E, 0x40C}},
    {0x4FAF, {0x000, 0x2FC, 0x204, 0x5FE, 0x480, 0xCFC, 0x520, 0x420, 0x5FE, 0x420, 0x450, 0x58E}},
    {0x4FB5, {0x000, 0x2FC, 0x204, 0x4FC, 0x404, 0xDFE, 0x502, 0x4FC, 0x448, 0x430, 0x448, 0x586}},
    {0x4FBF, {0x000, 0x2FE, 0x210, 0x4FE, 0x492, 0xCFE, 0x492, 0x4FE, 0x410, 0x450, 0x420, 0x4DE}},
    {0x4FC3, {0x000, 0x2FE, 0x282, 0x482, 0x482, 0xCFE, 0x410, 0x490, 0x49E, 0x490, 0x570, 0x51E}},
    {0x4FC4, {0x000, 0x2E8, 0x24A, 0x448, 0x5FE, 0xC48, 0x44A, 0x46A, 0x5C4, 0x444, 0x44E, 0x4D2}},
    {0x4FC5, {0x000, 0x228, 0x224, 0x5FE, 0x420, 0xD24, 0x4A8, 0x470, 0x4A8, 0x524, 0x422, 0x460}},
    {0x4FCA, {0x000, 0x240, 0x284, 0x5FA, 0x450, 0xC9E, 0x540, 0x47C, 0x484, 0x548, 0x430, 0x5CE}},
    {0x4FCE, {0x000, 0x27C, 0x244, 0x244, 0x57C, 0x544, 0x844, 0x27C, 0x244, 0x544, 0x544, 0x8FE}},
    {0x4FCF, {0x000, 0x292, 0x254, 0x410, 0x4FE, 0xC82, 0x4FE, 0x482, 0x4FE, 0x482, 0x482, 0x486}},
    {0x4FD0, {0x000, 0x222, 0x2CA, 0x44A, 0x5EA, 0xC4A, 0x44A, 0x4EA, 0x4CA, 0x54A, 0x442, 0x446}},
    {0x4FD1, {0x000, 0x2FE, 0x224, 0x418, 0x4FE, 0xC92, 0x4FE, 0x492, 0x4FE, 0x492, 0x492, 0x486}},
    {0x4FD7, {0x000, 0x248, 0x248, 0x484, 0x430, 0xC48, 0x484, 0x502, 0x4FC, 0x484, 0x484, 0x4FC}},
    {0x4FD8, {0x000, 0x20C, 0x2F0, 0x4A4, 0x512, 0xCFC, 0x408, 0x410, 0x5FE, 0x410, 0x410, 0x430}},
    {0x4FDA, {0x000, 0x2FE, 0x292, 0x492, 0x4FE, 0xC92, 0x492, 0x4FE, 0x410, 0x4FE, 0x410, 0x4FE}},
    {0x4FDC, {0x000, 0x210, 0x2FE, 0x492, 0x4FE, 0xC92, 0x4FE, 0x400, 0x4FE, 0x420, 0x47E, 0x406}},
    {0x4FDD, {0x000, 0x27C, 0x244, 0x444, 0x47C, 0xC10, 0x4FE, 0x454, 0x454, 0x454, 0x492, 0x410}},
    {0x4FDE, {0x000, 0x040, 0x0A0, 0x318, 0xDF6, 0x000, 0x7D4, 0x454, 0x7D4, 0x454, 0x7D4, 0x44C}},
    {0x4FDF, {0x000, 0x240, 0x248, 0x484, 0x5FA, 0xC80, 0x4FE, 0x510, 0x4FE, 0x410, 0x428, 0x4C6}},
    {0x4FE1, {0x000, 0x2FC, 0x200, 0x5FE, 0x400, 0xCFC, 0x400, 0x4FC, 0x400, 0x4FC, 0x484, 0x4FC}},
    {0x4FE3, {0x000, 0x2FE, 0x282, 0x482, 0x4FE, 0xC00, 0x4FE, 0x410, 0x4FE, 0x410, 0x428, 0x4C6}},
    {0x4FE6, {0x000, 0x210, 0x2FE, 0x420, 0x5FE, 0xC40, 0x5FE, 0x488, 0x5FE, 0x448, 0x428, 0x438}},
    {0x4FE8, {0x000, 0x2FE, 0x228, 0x4AA, 0x46C, 0xC28, 0x4FE, 0x480, 0x480, 0x480, 0x500, 0x500}},
    {0x4FE9, {0x000, 0x3FE, 0x248, 0x448, 0x5FE, 0xD4A, 0x54A, 0x54A, 0x5B6, 0x502, 0x502, 0x506}},
    {0x4FEA, {0x000, 0x2FE, 0x200, 0x4EE, 0x4AA, 0xCAA, 0x4AA, 0x4EE, 0x4AA, 0x4AA, 0x4AA, 0x4AA}},
    {0x4FED, {0x000, 0x230, 0x248, 0x586, 0x400, 0xCFC, 0x400, 0x4A4, 0x4A4, 0x454, 0x408, 0x5FE}},
    {0x4FEE, {0x000, 0x220, 0x23C, 0x464, 0x518, 0xD66, 0x508, 0x530, 0x504, 0x538, 0x502, 0x43C}},
    {0x4FEF, {0x000, 0x210, 0x3FE, 0x500, 0x524, 0xD24, 0x55E, 0x5C4, 0x554, 0x554, 0x544, 0x64C}},
    {0x4FF1, {0x000, 0x2FC, 0x284, 0x4FC, 0x484, 0xCFC, 0x484, 0x4FC, 0x484, 0x5FE, 0x484, 0x502}},
    {0x4FF3, {0x000, 0x248, 0x248, 0x5CE, 0x448, 0xC48, 0x5CE, 0x448, 0x448, 0x5CE, 0x448, 0x488}},
    {0x4FF8, {0x000, 0x220, 0x3FC, 0x440, 0x5FC, 0xC88, 0x7FE, 0x524, 0x6FA, 0x420, 0x5FC, 0x420}},
    {0x4FFA, {0x000, 0x220, 0x3FC, 0x488, 0x524, 0xFFE, 0x524, 0x5FC, 0x524, 0x5FC, 0x422, 0x43E}},
    {0x4FFE, {0x000, 0x220, 0x240, 0x4FE, 0x492, 0xCFE, 0x492, 0x4FE, 0x440, 0x490, 0x5FE, 0x410}},
    {0x500C, {0x000, 0x210, 0x2FE, 0x482, 0x400, 0xC7C, 0x444, 0x47C, 0x440, 0x47E, 0x442, 0x47E}},
    {0x500D, {0x000, 0x220, 0x3FE, 0x484, 0x448, 0xDFE, 0x400, 0x5FE, 0x502, 0x502, 0x502, 0x5FE}},
    {0x500F, {0x000, 0x240, 0x27E, 0x484, 0x448, 0xC30, 0x5CE, 0x424, 0x5FE, 0x420, 0x458, 0x586}},
    {0x5012, {0x000, 0x3F2, 0x24A, 0x4AA, 0x5DA, 0xC4A, 0x44A, 0x5FA, 0x44A, 0x44A, 0x472, 0x5C6}},
    {0x5014, {0x000, 0x2FE, 0x282, 0x4FE, 0x480, 0xCAA, 0x4AA, 0x4BE, 0x488, 0x4AA, 0x52A, 0x53E}},
    {0x5018, {0x000, 0x292, 0x254, 0x410, 0x4FE, 0xC82, 0x4BA, 0x4AA, 0x4AA, 0x4AA, 0x4BA, 0x486}},
    {0x5019, {0x000, 0x27C, 0x304, 0x5FE, 0x540, 0xD7C, 0x590, 0x510, 0x5FE, 0x528, 0x544, 0x482}},
    {0x501A, {0x000, 0x220, 0x3FE, 0x450, 0x58E, 0xC00, 0x5FE, 0x404, 0x4F4, 0x494, 0x4F4, 0x40C}},
    {0x501C, {0x000, 0x2FE, 0x292, 0x4BA, 0x492, 0xCFE, 0x482, 0x4BA, 0x4AA, 0x4BA, 0x502, 0x50E}},
    {0x501F, {0x000, 0x248, 0x3FE, 0x448, 0x448, 0xDFE, 0x400, 0x5FE, 0x502, 0x5FE, 0x502, 0x5FE}},
    {0x5021, {0x000, 0x2FC, 0x284, 0x4FC, 0x484, 0xCFC, 0x400, 0x5FE, 0x502, 0x5FE, 0x502, 0x5FE}},
    {0x5025, {0x000, 0x210, 0x2FE, 0x4AA, 0x428, 0xC2A, 0x4CE, 0x400, 0x4FE, 0x410, 0x410, 0x4FE}},
    {0x5026, {0x000, 0x2A8, 0x220, 0x5FC, 0x488, 0xFFE, 0x504, 0x6FA, 0x408, 0x4F8, 0x482, 0x4FE}},
    {0x5028, {0x000, 0x2FE, 0x282, 0x4FE, 0x480, 0xC88, 0x4BE, 0x488, 0x4BE, 0x4A2, 0x522, 0x53E}},
    {0x5029, {0x000, 0x220, 0x3FC, 0x420, 0x5FC, 0xC20, 0x7FE, 0x524, 0x524, 0x5FC, 0x504, 0x50C}},
    {0x502A, {0x000, 0x220, 0x2CE, 0x482, 0x4EE, 0xC82, 0x482, 0x4FE, 0x428, 0x428, 0x44A, 0x58E}},
    {0x502C, {0x000, 0x21C, 0x210, 0x4FE, 0x482, 0xCFE, 0x482, 0x4FE, 0x410, 0x4FE, 0x410, 0x410}},
    {0x502D, {0x000, 0x206, 0x2F8, 0x410, 0x4FE, 0xC54, 0x492, 0x420, 0x4FE, 0x444, 0x438, 0x4C6}},
    {0x502E, {0x000, 0x2FE, 0x292, 0x492, 0x4FE, 0xC92, 0x492, 0x4FE, 0x410, 0x4FE, 0x454, 0x492}},
    {0x503A, {0x000, 0x210, 0x2FE, 0x410, 0x4FE, 0xC10, 0x4FE, 0x482, 0x492, 0x492, 0x428, 0x4C6}},
    {0x503C, {0x000, 0x220, 0x3FE, 0x420, 0x4FC, 0xC84, 0x4FC, 0x484, 0x4FC, 0x484, 0x484, 0x5FE}},
    {0x503E, {0x000, 0x23E, 0x208, 0x53E, 0x522, 0xDEA, 0x52A, 0x52A, 0x56A, 0x5AA, 0x414, 0x422}},
    {0x5043, {0x000, 0x2FE, 0x2A4, 0x4BC, 0x4A4, 0xCBC, 0x490, 0x4FE, 0x4A4, 0x498, 0x4A4, 0x4FE}},
    {0x5047, {0x000, 0x2EE, 0x2A2, 0x4A2, 0x4EE, 0xC80, 0x48E, 0x4E2, 0x48A, 0x4E4, 0x484, 0x48A}},
    {0x5048, {0x000, 0x2FC, 0x284, 0x4FC, 0x484, 0xCFC, 0x440, 0x4FE, 0x592, 0x4AA, 0x4FA, 0x406}},
    {0x504C, {0x000, 0x244, 0x2FE, 0x444, 0x410, 0xCFE, 0x420, 0x47E, 0x4C2, 0x442, 0x442, 0x47E}},
    {0x504E, {0x000, 0x2FE, 0x292, 0x4FE, 0x492, 0xCFE, 0x400, 0x5FE, 0x4A2, 0x494, 0x488, 0x4E6}},
    {0x504F, {0x000, 0x3FE, 0x200, 0x5FE, 0x502, 0xDFE, 0x500, 0x5FE, 0x5AA, 0x5FE, 0x6AA, 0x486}},
    {0x5055, {0x000, 0x28A, 0x2EC, 0x488, 0x4EA, 0xD8E, 0x420, 0x4FC, 0x484, 0x4FC, 0x484, 0x4FC}},
    {0x505A, {0x000, 0x290, 0x290, 0x5DE, 0x4A4, 0xC94, 0x494, 0x5D4, 0x548, 0x548, 0x554, 0x5E2}},
    {0x505C, {0x000, 0x210, 0x2FE, 0x444, 0x47C, 0xC00, 0x4FE, 0x482, 0x47C, 0x410, 0x410, 0x470}},
    {0x5065, {0x000, 0x208, 0x3BE, 0x48A, 0x4BE, 0xD0A, 0x5BE, 0x488, 0x4BE, 0x588, 0x4C0, 0x53E}},
    {0x506C, {0x000, 0x280, 0x2FE, 0x4AA, 0x52A, 0xCF2, 0x45A, 0x4A6, 0x410, 0x554, 0x54A, 0x67A}},
    {0x5076, {0x000, 0x2FE, 0x292, 0x4FE, 0x492, 0xCFE, 0x410, 0x4FE, 0x492, 0x496, 0x4BA, 0x486}},
    {0x5077, {0x000, 0x230, 0x248, 0x484, 0x57A, 0xC00, 0x5E2, 0x52A, 0x5EA, 0x52A, 0x5E2, 0x526}},
    {0x507B, {0x000, 0x292, 0x254, 0x4FE, 0x454, 0xC92, 0x420, 0x4FE, 0x424, 0x448, 0x430, 0x4CE}},
    {0x507E, {0x000, 0x210, 0x2FE, 0x410, 0x444, 0xCFE, 0x444, 0x4FE, 0x492, 0x492, 0x428, 0x4C6}},
    {0x507F, {0x000, 0x292, 0x254, 0x4FE, 0x482, 0xC38, 0x400, 0x4FE, 0x420, 0x424, 0x444, 0x4FA}},
    {0x5080, {0x000, 0x240, 0x3FC, 0x524, 0x5FC, 0xD24, 0x5FC, 0x4A8, 0x4AA, 0x4BC, 0x522, 0x63E}},
    {0x5085, {0x000, 0x224, 0x3FE, 0x420, 0x5FC, 0xD24, 0x5FC, 0x524, 0x408, 0x5FE, 0x448, 0x418}},
    {0x5088, {0x000, 0x2FE, 0x228, 0x4FE, 0x4AA, 0xCAA, 0x4FE, 0x410, 0x4FE, 0x438, 0x454, 0x492}},
    {0x508D, {0x000, 0x210, 0x2FE, 0x444, 0x4FE, 0xC82, 0x410, 0x4FE, 0x440, 0x47E, 0x442, 0x48E}},
    {0x50A3, {0x000, 0x210, 0x2FE, 0x410, 0x4FE, 0xC20, 0x4FE, 0x454, 0x492, 0x454, 0x438, 0x4D6}},
    {0x50A5, {0x000, 0x292, 0x254, 0x4FE, 0x482, 0xC7C, 0x444, 0x444, 0x47C, 0x428, 0x44A, 0x48E}},
    {0x50A7, {0x000, 0x210, 0x2FE, 0x482, 0x47C, 0xC40, 0x47C, 0x444, 0x444, 0x4FE, 0x444, 0x482}},
    {0x50A8, {0x000, 0x292, 0x2BE, 0x414, 0x5BE, 0xC88, 0x490, 0x4BE, 0x492, 0x49E, 0x4D2, 0x59E}},
    {0x50A9, {0x000, 0x214, 0x3DE, 0x474, 0x554, 0xD5E, 0x554, 0x554, 0x49E, 0x494, 0x554, 0x55E}},
    {0x50AC, {0x000, 0x292, 0x292, 0x4FE, 0x448, 0xCFE, 0x588, 0x4FE, 0x488, 0x4FE, 0x488, 0x4FE}},
    {0x50B2, {0x000, 0x288, 0x3E8, 0x48E, 0x7F2, 0xC12, 0x48A, 0x7EA, 0x504, 0x5E4, 0x52A, 0x66A}},
    {0x50BA, {0x000, 0x2EE, 0x32A, 0x444, 0x582, 0xC7C, 0x400, 0x4FE, 0x410, 0x454, 0x492, 0x430}},
    {0x50BB, {0x000, 0x220, 0x3FC, 0x554, 0x524, 0xD54, 0x5FC, 0x544, 0x6FA, 0x588, 0x470, 0x78E}},
    {0x50CF, {0x000, 0x27C, 0x284, 0x4FE, 0x492, 0xCFE, 0x430, 0x4DA, 0x42C, 0x4DC, 0x42A, 0x4D8}},
    {0x50D6, {0x000, 0x210, 0x2FE, 0x410, 0x4FE, 0xC82, 0x4FE, 0x444, 0x4FE, 0x482, 0x482, 0x4FE}},
    {0x50DA, {0x000, 0x220, 0x3FE, 0x54A, 0x4FC, 0xD86, 0x4FC, 0x484, 0x4FC, 0x410, 0x494, 0x532}},
    {0x50E6, {0x000, 0x24A, 0x3EA, 0x408, 0x5FE, 0xD28, 0x528, 0x5E8, 0x448, 0x4EA, 0x55A, 0x4E6}},
    {0x50E7, {0x000, 0x244, 0x2FE, 0x492, 0x4FE, 0xC92, 0x4FE, 0x444, 0x47C, 0x444, 0x444, 0x47C}},
    {0x50EC, {0x000, 0x248, 0x2BE, 0x588, 0x4BE, 0xC88, 0x4BE, 0x488, 0x4BE, 0x400, 0x4AA, 0x52A}},
    {0x50ED, {0x000, 0x244, 0x2EE, 0x554, 0x5FE, 0xCCC, 0x556, 0x4FC, 0x484, 0x4FC, 0x484, 0x4FC}},
    {0x50EE, {0x000, 0x220, 0x3FC, 0x488, 0x5FC, 0xD24, 0x5FC, 0x524, 0x524, 0x5FC, 0x420, 0x5FC}},
    {0x50F3, {0x000, 0x3FE, 0x248, 0x5FE, 0x54A, 0xD4A, 0x5FE, 0x524, 0x4A8, 0x5FE, 0x4A8, 0x526}},
    {0x50F5, {0x000, 0x5FE, 0x400, 0x7FE, 0x524, 0xDFC, 0x524, 0x7FE, 0x524, 0x5FC, 0x524, 0x7FE}},
    {0x50FB, {0x000, 0x3C8, 0x37E, 0x554, 0x554, 0xDD4, 0x53E, 0x5C8, 0x548, 0x77E, 0x548, 0x5C8}},
    {0x5106, {0x000, 0x2A8, 0x3FE, 0x48A, 0x5EA, 0xE2A, 0x5EA, 0x52A, 0x524, 0x5E4, 0x42A, 0x4EA}},
    {0x5107, {0x000, 0x2FE, 0x2AA, 0x4FE, 0x400, 0xDFE, 0x482, 0x4FE, 0x428, 0x46A, 0x5A4, 0x432}},
    {0x510B, {0x000, 0x27C, 0x284, 0x4FE, 0x4AA, 0xCFE, 0x480, 0x4FE, 0x480, 0x4FE, 0x542, 0x57E}},
    {0x5112, {0x000, 0x2FE, 0x210, 0x4FE, 0x492, 0xCD6, 0x400, 0x4FE, 0x410, 0x4FE, 0x4AA, 0x4AA}},
    {0x5121, {0x000, 0x2FE, 0x292, 0x4FE, 0x492, 0xCFE, 0x400, 0x4FE, 0x4AA, 0x4FE, 0x4AA, 0x4FE}},
    {0x513F, {0x000, 0x110, 0x110, 0x110, 0x110, 0x110, 0x110, 0x110, 0x112, 0x212, 0x212, 0xC1E}},
    {0x5140, {0x000, 0xFFE, 0x110, 0x110, 0x110, 0x110, 0x110, 0x110, 0x212, 0x212, 0x412, 0x81E}},
    {0x5141, {0x000, 0x080, 0x088, 0x104, 0x23A, 0xFC0, 0x000, 0x110, 0x110, 0x112, 0x212, 0xC1E}},
    {0x5143, {0x000, 0x7FC, 0x000, 0x000, 0x000, 0xFFE, 0x110, 0x110, 0x110, 0x112, 0x212, 0xC1E}},
    {0x5144, {0x000, 0x7FC, 0x404, 0x404, 0x404, 0x404, 0x7FC, 0x110, 0x110, 0x112, 0x212, 0xC1E}},
    {0x5145, {0x000, 0x040, 0xFFE, 0x108, 0x104, 0x20A, 0xFF0, 0x000, 0x110, 0x112, 0x212, 0xC1E}},
    {0x5146, {0x000, 0x120, 0x922, 0x52C, 0x120, 0x120, 0x52C, 0x922, 0x120, 0x122, 0x222, 0xC3E}},
    {0x5148, {0x000, 0x440, 0x440, 0x7FC, 0x840, 0x040, 0xFFE, 0x110, 0x110, 0x112, 0x212, 0xC1E}},
    {0x5149, {0x000, 0x040, 0x444, 0x244, 0x248, 0x040, 0xFFE, 0x110, 0x110, 0x112, 0x212, 0xC1E}},
    {0x514B, {0x000, 0x040, 0xFFE, 0x040, 0x7FC, 0x404, 0x404, 0x7FC, 0x110, 0x112, 0x212, 0xC1E}},
    {0x514D, {0x000, 0x200, 0x3F8, 0x408, 0xFFC, 0x444, 0x444, 0x7FC, 0x110, 0x112, 0x212, 0xC1E}},
    {0x5151, {0x000, 0x208, 0x110, 0x7FC, 0x404, 0x404, 0x404, 0x7FC, 0x110, 0x112, 0x212, 0xC1E}},
    {0x5154, {0x000, 0x7F8, 0x408, 0x810, 0x7FC, 0x444, 0x444, 0x7FC, 0x0A0, 0x12A, 0x222, 0xC3E}},
    {0x5155, {0x000, 0xF1E, 0x912, 0x912, 0x9F2, 0x802, 0x802, 0xFFE, 0x110, 0x112, 0x212, 0xC1E}},
    {0x5156, {0x000, 0x040, 0xFFE, 0x208, 0x484, 0x902, 0x208, 0x7F4, 0x110, 0x112, 0x212, 0xC1E}},
    {0x515A, {0x000, 0x444, 0x248, 0xFFE, 0x802, 0xBFA, 0x208, 0x208, 0x3F8, 0x122, 0x122, 0xE3E}},
    {0x515C, {0x000, 0x240, 0xDF6, 0x912, 0x9F2, 0x912, 0xDF6, 0x000, 0x110, 0x112, 0x212, 0xC1E}},
    {0x5162, {0x000, 0x208, 0xFBE, 0x208, 0xFBE, 0x8A2, 0x8A2, 0xFBE, 0x514, 0x514, 0x596, 0x926}},
    {0x5165, {0x000, 0x3C0, 0x040, 0x040, 0x040, 0x0A0, 0x0A0, 0x110, 0x110, 0x208, 0x404, 0x802}},
    {0x5168, {0x000, 0x040, 0x0A0, 0x318, 0xC06, 0x3F8, 0x040, 0x040, 0x3F8, 0x040, 0x040, 0xFFE}},
    {0x516B, {0x000, 0x110, 0x110, 0x110, 0x110, 0x110, 0x208, 0x208, 0x208, 0x404, 0x404, 0x802}},
    {0x516C, {0x000, 0x110, 0x110, 0x208, 0x208, 0x484, 0x882, 0x080, 0x108, 0x108, 0x234, 0x7C4}},
    {0x516D, {0x000, 0x040, 0x040, 0xFFE, 0x000, 0x000, 0x110, 0x110, 0x208, 0x208, 0x404, 0x802}},
    {0x516E, {0x000, 0x0A0, 0x110, 0x208, 0xDF6, 0x080, 0x100, 0x3F8, 0x008, 0x008, 0x008, 0x078}},
    {0x5170, {0x000, 0x208, 0x110, 0xFFE, 0x000, 0x000, 0x000, 0x7FC, 0x000, 0x000, 0x000, 0xFFE}},
    {0x5171, {0x000, 0x208, 0x208, 0xFFE, 0x208, 0x208, 0x208, 0xFFE, 0x000, 0x110, 0x208, 0xC06}},
    {0x5173, {0x000, 0x208, 0x110, 0x7FC, 0x040, 0x040, 0x040, 0xFFE, 0x0A0, 0x110, 0x208, 0xC06}},
    {0x5174, {0x000, 0x484, 0x484, 0x248, 0x248, 0x000, 0xFFE, 0x000, 0x208, 0x208, 0x404, 0x802}},
    {0x5175, {0x000, 0x01C, 0x7E0, 0x400, 0x7FC, 0x408, 0x408, 0x408, 0xFFE, 0x110, 0x208, 0xC06}},
    {0x5176, {0x000, 0x208, 0xFFE, 0x208, 0x3F8, 0x208, 0x3F8, 0x208, 0xFFE, 0x000, 0x208, 0xC06}},
    {0x5177, {0x000, 0x7FC, 0x404, 0x7FC, 0x404, 0x7FC, 0x404, 0x7FC, 0x404, 0xFFE, 0x208, 0xC06}},
    {0x5178, {0x000, 0x0A0, 0x7FC, 0x4A4, 0x4A4, 0x7FC, 0x4A4, 0x4A4, 0xFFE, 0x000, 0x208, 0xC06}},
    {0x5179, {0x000, 0x208, 0x110, 0xFFE, 0x208, 0x208, 0x492, 0xFBE, 0x208, 0x492, 0x9A6, 0xEBA}},
    {0x517B, {0x000, 0x318, 0xFFE, 0x040, 0x7FC, 0x080, 0xFFE, 0x208, 0xD16, 0x110, 0x210, 0x210}},
    {0x517C, {0x000, 0x110, 0xFFE, 0x0A0, 0x7FC, 0x0A4, 0xFFE, 0x0A4, 0x7FC, 0x1B0, 0x2A8, 0xCA6}},
    {0x517D, {0x000, 0x110, 0x7FC, 0x444, 0x7FC, 0x444, 0x444, 0xFFE, 0x000, 0x7FC, 0x404, 0x7FC}},
    {0x5180, {0x000, 0x112, 0xF1C, 0x112, 0xFFE, 0x444, 0x7FC, 0x444, 0x7FC, 0x110, 0xFFE, 0x60C}},
    {0x5181, {0x000, 0x53E, 0xFA2, 0xAA2, 0xFBE, 0xAAA, 0xABE, 0xFAA, 0x23E, 0xFAA, 0x254, 0x25A}},
    {0x5182, {0x000, 0xFFC, 0x804, 0x804, 0x804, 0x804, 0x804, 0x804, 0x804, 0x804, 0x804, 0x81C}},
    {0x5185, {0x000, 0x040, 0xFFE, 0x842, 0x842, 0x8A2, 0x892, 0x90A, 0xA0A, 0x802, 0x802, 0x80E}},
    {0x5188, {0x000, 0xFFC, 0x804, 0x824, 0xA24, 0x924, 0x8C4, 0x844, 0x8A4, 0x914, 0xA04, 0x81C}},
    {0x5189, {0x000, 0x040, 0x7FC, 0x444, 0x444, 0x7FC, 0x444, 0x444, 0xFFE, 0x404, 0x404, 0x41C}},
    {0x518C, {0x000, 0x7BC, 0x4A4, 0x4A4, 0x4A4, 0x4A4, 0xFFE, 0x4A4, 0x4A4, 0x4A4, 0x4A4, 0x9AC}},
    {0x518D, {0x000, 0xFFE, 0x040, 0x7FC, 0x444, 0x444, 0x7FC, 0x444, 0x444, 0xFFE, 0x404, 0x41C}},
    {0x5192, {0x000, 0xFFE, 0x802, 0xFFE, 0x802, 0xFFE, 0x404, 0x7FC, 0x404, 0x7FC, 0x404, 0x7FC}},
    {0x5195, {0x000, 0xFFE, 0x802, 0xFFE, 0x802, 0xBFE, 0x404, 0xFFE, 0x842, 0xFFE, 0x112, 0xE1E}},
    {0x5196, {0x000, 0x000, 0x000, 0x000, 0xFFE, 0x802, 0x802, 0x802, 0x000, 0x000, 0x000, 0x000}},
    {0x5197, {0x000, 0xFFE, 0x802, 0x802, 0x9F2, 0x110, 0x110, 0x110, 0x112, 0x112, 0x212, 0xC1E}},
    {0x5199, {0x000, 0xFFE, 0x802, 0xA02, 0xBFA, 0x200, 0x3F8, 0x008, 0xFFE, 0x008, 0x008, 0x070}},
    {0x519B, {0x000, 0xFFE, 0x882, 0x882, 0x7FC, 0x100, 0x240, 0x3FC, 0x040, 0xFFE, 0x040, 0x040}},
    {0x519C, {0x000, 0x040, 0xFFE, 0x882, 0x942, 0x240, 0x644, 0xA28, 0x230, 0x210, 0x208, 0x386}},
    {0x51A0, {0x000, 0xFFE, 0x802, 0x806, 0x784, 0x03E, 0xFC4, 0x514, 0x504, 0x50C, 0x502, 0x9FE}},
    {0x51A2, {0x000, 0xFFE, 0x802, 0x802, 0x7FC, 0x140, 0x2A4, 0xD28, 0x370, 0xCA8, 0x126, 0xEE0}},
    {0x51A4, {0x000, 0xFFE, 0xA02, 0xBFA, 0x408, 0xFFC, 0x444, 0x444, 0x7FC, 0x0A8, 0x122, 0xE3E}},
    {0x51A5, {0x000, 0xFFE, 0x802, 0xBFA, 0x208, 0x3F8, 0x208, 0x3F8, 0x040, 0xFFE, 0x208, 0xC06}},
    {0x51AB, {0x000, 0x020, 0x010, 0x010, 0x000, 0x000, 0x000, 0x010, 0x010, 0x010, 0x020, 0x020}},
    {0x51AC, {0x000, 0x200, 0x3F8, 0x208, 0x5B0, 0x040, 0x1B0, 0xE0E, 0x1C0, 0x030, 0x3C0, 0x030}},
    {0x51AF, {0x000, 0x9F8, 0x408, 0x488, 0x090, 0x110, 0x1FC, 0x404, 0x404, 0x5F4, 0x804, 0x81C}},
    {0x51B0, {0x000, 0x810, 0x410, 0x5D2, 0x054, 0x058, 0x058, 0x494, 0x494, 0x512, 0x912, 0x830}},
    {0x51B1, {0x000, 0x9FE, 0x440, 0x440, 0x07C, 0x084, 0x084, 0x484, 0x4FC, 0x404, 0x804, 0xBFE}},
    {0x51B2, {0x000, 0x820, 0x420, 0x5FE, 0x122, 0x122, 0x122, 0x522, 0x5FE, 0x420, 0x820, 0x820}},
    {0x51B3, {0x000, 0x820, 0x420, 0x5FC, 0x024, 0x024, 0x024, 0x5FE, 0x450, 0x450, 0x888, 0xB06}},
    {0x51B5, {0x000, 0x9FE, 0x502, 0x502, 0x102, 0x102, 0x1FE, 0x448, 0x448, 0x44A, 0x88A, 0x90E}},
    {0x51B6, {0x000, 0x840, 0x444, 0x484, 0x11A, 0x3E2, 0x000, 0x5FC, 0x504, 0x504, 0x904, 0x9FC}},
    {0x51B7, {0x000, 0x830, 0x448, 0x586, 0x078, 0x000, 0x000, 0x5FE, 0x422, 0x422, 0x82E, 0x820}},
    {0x51BB, {0x000, 0x810, 0x5FE, 0x420, 0x040, 0x050, 0x090, 0x4FE, 0x410, 0x492, 0x892, 0x892}},
    {0x51BC, {0x000, 0x890, 0x490, 0x4FE, 0x110, 0x010, 0x0FE, 0x428, 0x428, 0x44A, 0x84A, 0x88E}},
    {0x51BD, {0x000, 0x9E2, 0x48A, 0x48A, 0x0EA, 0x0AA, 0x12A, 0x56A, 0x42A, 0x44A, 0x842, 0x886}},
    {0x51C0, {0x000, 0x878, 0x488, 0x5FC, 0x024, 0x024, 0x1FE, 0x424, 0x424, 0x5FC, 0x820, 0x8E0}},
    {0x51C4, {0x000, 0x820, 0x7FE, 0x420, 0x1FC, 0x024, 0x3FE, 0x024, 0x5FE, 0x448, 0x430, 0x9CE}},
    {0x51C6, {0x000, 0x888, 0x490, 0x5FE, 0x110, 0x310, 0x1FE, 0x510, 0x5FE, 0x510, 0x910, 0x9FE}},
    {0x51C7, {0x000, 0x894, 0x494, 0x7D4, 0x0A2, 0x0AA, 0x088, 0x5C8, 0x690, 0x494, 0x8A4, 0x8BA}},
    {0x51C9, {0x000, 0x820, 0xBFE, 0x400, 0x1FC, 0x104, 0x104, 0x5FC, 0x420, 0x524, 0xA22, 0x860}},
    {0x51CB, {0x000, 0x9FE, 0x522, 0x57A, 0x122, 0x17A, 0x102, 0x57A, 0x54A, 0x57A, 0x902, 0xA0E}},
    {0x51CC, {0x000, 0x820, 0x5FC, 0x420, 0x3FE, 0x052, 0x39E, 0x440, 0x478, 0x588, 0x870, 0xB8E}},
    {0x51CF, {0x000, 0x814, 0x410, 0x5FE, 0x110, 0x1F4, 0x114, 0x5F4, 0x528, 0x52A, 0x9EA, 0xA14}},
    {0x51D1, {0x000, 0x820, 0x5FE, 0x420, 0x1FE, 0x048, 0x1FE, 0x494, 0x512, 0x5FE, 0x820, 0x9DE}},
    {0x51DB, {0x000, 0x020, 0xBFE, 0x554, 0x574, 0x104, 0x1FC, 0x400, 0x7FE, 0x420, 0x924, 0xA62}},
    {0x51DD, {0x000, 0x93E, 0x5C2, 0x514, 0x148, 0x1FE, 0x108, 0x5C8, 0x4AE, 0x5E8, 0x8B8, 0x94E}},
    {0x51E0, {0x000, 0x1F0, 0x110, 0x110, 0x110, 0x110, 0x110, 0x110, 0x212, 0x212, 0x412, 0x81E}},
    {0x51E1, {0x000, 0x7F8, 0x408, 0x408, 0x408, 0x488, 0x448, 0x448, 0x40A, 0x40A, 0x80A, 0x80E}},
    {0x51E4, {0x000, 0x7F8, 0x408, 0x5E8, 0x528, 0x528, 0x4A8, 0x448, 0x44A, 0x4AA, 0x92A, 0x804}},
    {0x51EB, {0x000, 0x100, 0x7F8, 0x488, 0x408, 0x7FC, 0x004, 0x3E4, 0x22C, 0x220, 0x224, 0xC3C}},
    {0x51ED, {0x000, 0x20C, 0x2F0, 0x420, 0xDFE, 0x420, 0x4FC, 0x400, 0x1F0, 0x112, 0x212, 0xC1E}},
    {0x51EF, {0x000, 0xAB8, 0xAA8, 0xAA8, 0xFA8, 0x028, 0xFA8, 0x0A8, 0xFA8, 0x82A, 0x8AA, 0xF2E}},
    {0x51F0, {0x000, 0x7F8, 0x488, 0x5E8, 0x528, 0x5E8, 0x528, 0x5E8, 0x488, 0x5EA, 0x88A, 0xBF4}},
    {0x51F3, {0x000, 0x7BE, 0x0A0, 0x5F4, 0x318, 0xDF6, 0x0A0, 0xFFE, 0x000, 0x1F0, 0x112, 0xE1E}},
    {0x51F5, {0x000, 0x802, 0x802, 0x802, 0x802, 0x802, 0x802, 0x802, 0x802, 0x802, 0x802, 0xFFE}},
    {0x51F6, {0x000, 0x802, 0x812, 0xA12, 0x922, 0x8A2, 0x842, 0x8A2, 0x912, 0xA0A, 0x802, 0xFFE}},
    {0x51F8, {0x000, 0x1F0, 0x110, 0x110, 0x110, 0xF1E, 0x802, 0x802, 0x802, 0x802, 0x802, 0xFFE}},
    {0x51F9, {0x000, 0xF1E, 0x912, 0x912, 0x912, 0x912, 0x912, 0x912, 0x9F2, 0x802, 0x802, 0xFFE}},
    {0x51FA, {0x000, 0x040, 0x842, 0x842, 0x842, 0xFFE, 0x040, 0x842, 0x842, 0x842, 0x842, 0xFFE}},
    {0x51FB, {0x000, 0x040, 0x040, 0x7FC, 0x040, 0x040, 0xFFE, 0x040, 0x444, 0x444, 0x444, 0x7FC}},
    {0x51FC, {0x000, 0x842, 0x842, 0xB4A, 0x952, 0x962, 0x952, 0xA4A, 0xC46, 0x8C2, 0x802, 0xFFE}},
    {0x51FD, {0x000, 0xFFE, 0x040, 0x080, 0xA4A, 0x952, 0x842, 0x952, 0xA4A, 0x8C2, 0x802, 0xFFE}},
    {0x51FF, {0x000, 0x912, 0x514, 0x110, 0xFFE, 0x0A0, 0xBFA, 0x842, 0xFFE, 0x842, 0x842, 0xFFE}},
    {0x5200, {0x000, 0xFFE, 0x082, 0x082, 0x082, 0x082, 0x102, 0x102, 0x202, 0x202, 0x402, 0x81E}},
    {0x5201, {0x000, 0xFFE, 0x002, 0x002, 0x002, 0x01A, 0x062, 0x182, 0xE02, 0x002, 0x002, 0x01E}},
    {0x5202, {0x000, 0x010, 0x090, 0x090, 0x090, 0x090, 0x090, 0x090, 0x090, 0x090, 0x010, 0x070}},
    {0x5203, {0x000, 0xFFE, 0x082, 0x082, 0x082, 0xC82, 0x302, 0x182, 0x142, 0x222, 0x402, 0x81E}},
    {0x5206, {0x000, 0x110, 0x110, 0x208, 0x208, 0x404, 0xBFA, 0x088, 0x088, 0x088, 0x108, 0x638}},
    {0x5207, {0x000, 0x4FE, 0x422, 0x522, 0x622, 0xC22, 0x422, 0x422, 0x522, 0x542, 0x742, 0x08E}},
    {0x5208, {0x000, 0x042, 0x852, 0x452, 0x292, 0x292, 0x112, 0x112, 0x292, 0x292, 0x442, 0x84E}},
    {0x520A, {0x000, 0xF82, 0x212, 0x212, 0x212, 0x212, 0xF92, 0x212, 0x212, 0x212, 0x202, 0x20E}},
    {0x520D, {0x000, 0x3FC, 0x404, 0xFFE, 0x002, 0x002, 0x002, 0x7FE, 0x002, 0x002, 0x002, 0xFFE}},
    {0x520E, {0x000, 0x402, 0x7EA, 0x6AA, 0xAAA, 0xAAA, 0x2AA, 0x2AA, 0x52A, 0x52A, 0xA22, 0x0EE}},
    {0x5211, {0x000, 0xFC2, 0x492, 0x492, 0x492, 0x492, 0xFD2, 0x492, 0x492, 0x482, 0x882, 0x88E}},
    {0x5212, {0x000, 0x242, 0x24A, 0x20A, 0xFEA, 0x20A, 0x28A, 0x28A, 0x10A, 0x12A, 0x2A2, 0xC46}},
    {0x5216, {0x000, 0x784, 0x4A4, 0x4A4, 0x7A4, 0x4A4, 0x4A4, 0x7A4, 0x4A4, 0x4A4, 0x484, 0x99C}},
    {0x5217, {0x000, 0xFE2, 0x212, 0x212, 0x3D2, 0x452, 0x452, 0xA92, 0x192, 0x112, 0x102, 0x20E}},
    {0x5218, {0x000, 0x102, 0xFEA, 0x44A, 0x44A, 0x44A, 0x44A, 0x28A, 0x28A, 0x10A, 0x282, 0xC66}},
    {0x5219, {0x000, 0xFE2, 0x82A, 0x92A, 0x92A, 0x92A, 0x92A, 0x92A, 0x92A, 0x92A, 0x282, 0xC6E}},
    {0x521A, {0x000, 0xFE2, 0x82A, 0x8AA, 0xCAA, 0xB2A, 0x92A, 0xAAA, 0xAAA, 0xCAA, 0x822, 0x86E}},
    {0x521B, {0x000, 0x102, 0x28A, 0x44A, 0x82A, 0x7CA, 0x44A, 0x44A, 0x5CA, 0x42A, 0x422, 0x7E6}},
    {0x521D, {0x000, 0x27E, 0xF92, 0x092, 0x092, 0x112, 0x292, 0x712, 0xA92, 0x222, 0x222, 0x24E}},
    {0x5220, {0x000, 0xEE2, 0xAAA, 0xAAA, 0xAAA, 0xAAA, 0xFFA, 0xAAA, 0xAAA, 0xAAA, 0xAA2, 0xAA6}},
    {0x5224, {0x000, 0x922, 0x52A, 0x54A, 0x10A, 0xFEA, 0x10A, 0x10A, 0xFEA, 0x10A, 0x102, 0x10E}},
    {0x5228, {0x000, 0x402, 0x7EA, 0x82A, 0x7AA, 0x4AA, 0x4AA, 0x7AA, 0x46A, 0x40A, 0x42A, 0x7E6}},
    {0x5229, {0x000, 0x182, 0xE12, 0x212, 0xF92, 0x212, 0x212, 0x712, 0x692, 0xA12, 0x202, 0x20E}},
    {0x522B, {0x000, 0xFC2, 0x852, 0x852, 0xFD2, 0x212, 0xFD2, 0x252, 0x252, 0x452, 0x442, 0x9CE}},
    {0x522D, {0x000, 0xFE2, 0x04A, 0x08A, 0x10A, 0xEEA, 0x00A, 0xFEA, 0x10A, 0x10A, 0x1E2, 0xF0E}},
    {0x522E, {0x000, 0x0C2, 0xF0A, 0x10A, 0x10A, 0xFEA, 0x10A, 0x10A, 0x7CA, 0x44A, 0x442, 0x7CE}},
    {0x5230, {0x000, 0xFE2, 0x20A, 0x44A, 0xFAA, 0x10A, 0x10A, 0xFEA, 0x10A, 0x10A, 0x1E2, 0xF0E}},
    {0x5233, {0x000, 0x102, 0xFEA, 0x28A, 0x44A, 0xBAA, 0x00A, 0xFEA, 0x20A, 0x3EA, 0x022, 0x1EE}},
    {0x5236, {0x000, 0x502, 0x7CA, 0x90A, 0x10A, 0xFEA, 0x10A, 0x7CA, 0x54A, 0x54A, 0x5C2, 0x10E}},
    {0x5237, {0x000, 0xFE2, 0x82A, 0x82A, 0xFEA, 0x88A, 0xBEA, 0xAAA, 0xAAA, 0xAAA, 0xAE2, 0x88E}},
    {0x5238, {0x000, 0x444, 0x248, 0x7FC, 0x0A0, 0xFFE, 0x110, 0x208, 0xDF6, 0x090, 0x110, 0x230}},
    {0x5239, {0x000, 0x022, 0x64A, 0x18A, 0x24A, 0xC2A, 0x10A, 0xFEA, 0x30A, 0x58A, 0x942, 0x106}},
    {0x523A, {0x000, 0x102, 0xFEA, 0x10A, 0xFEA, 0x92A, 0x92A, 0x96A, 0x38A, 0x54A, 0x922, 0x106}},
    {0x523B, {0x000, 0x102, 0xFEA, 0x20A, 0x44A, 0x88A, 0x52A, 0x24A, 0x48A, 0x90A, 0x282, 0x446}},
    {0x523D, {0x000, 0x102, 0x28A, 0x44A, 0x82A, 0x38A, 0x00A, 0xFEA, 0x20A, 0x24A, 0x442, 0xFA6}},
    {0x523F, {0x000, 0x102, 0x92A, 0x92A, 0xFEA, 0x20A, 0x3EA, 0xC2A, 0x24A, 0x18A, 0x102, 0xE0E}},
    {0x5240, {0x000, 0x102, 0x92A, 0x92A, 0xFEA, 0x00A, 0xFEA, 0x02A, 0xFEA, 0x80A, 0x862, 0xF8E}},
    {0x5241, {0x000, 0x782, 0x48A, 0x48A, 0x48A, 0x4EA, 0x90A, 0x10A, 0xFEA, 0x10A, 0x542, 0x926}},
    {0x5242, {0x000, 0x102, 0xFEA, 0x44A, 0x28A, 0x10A, 0xEEA, 0x44A, 0x44A, 0x44A, 0x842, 0x846}},
    {0x5243, {0x000, 0x442, 0x28A, 0xFEA, 0x12A, 0xFEA, 0x90A, 0xFEA, 0x12A, 0x32A, 0xD62, 0x10E}},
    {0x524A, {0x000, 0x922, 0x54A, 0x10A, 0x7CA, 0x44A, 0x7CA, 0x44A, 0x7CA, 0x44A, 0x442, 0x4CE}},
    {0x524C, {0x000, 0x102, 0xFEA, 0x10A, 0xFEA, 0x92A, 0x92A, 0xFEA, 0x54A, 0x54A, 0x922, 0x106}},
    {0x524D, {0x000, 0x208, 0x110, 0xFFE, 0x000, 0x784, 0x4A4, 0x7A4, 0x4A4, 0x7A4, 0x484, 0x59C}},
    {0x5250, {0x000, 0x7C2, 0x44A, 0x44A, 0x7CA, 0x10A, 0xFEA, 0x92A, 0xAAA, 0xC6A, 0x822, 0x866}},
    {0x5251, {0x000, 0x182, 0x24A, 0xC3A, 0x00A, 0x7EA, 0x00A, 0x52A, 0x52A, 0x2AA, 0x042, 0xFF6}},
    {0x5254, {0x000, 0xFE2, 0x82A, 0xFEA, 0x82A, 0xFEA, 0x40A, 0x7EA, 0xAAA, 0x4AA, 0x922, 0x266}},
    {0x5256, {0x000, 0x102, 0xFEA, 0x44A, 0x44A, 0x28A, 0xFEA, 0x00A, 0x7CA, 0x44A, 0x442, 0x7CE}},
    {0x525C, {0x000, 0x102, 0xFEA, 0x82A, 0x40A, 0x6EA, 0xAAA, 0xAAA, 0x6EA, 0x28A, 0x4A2, 0x8CE}},
    {0x525E, {0x000, 0x102, 0xFEA, 0x28A, 0xC6A, 0x00A, 0xFEA, 0x04A, 0xF4A, 0x94A, 0xF42, 0x0CE}},
    {0x5261, {0x000, 0x922, 0x54A, 0x10A, 0x28A, 0xC6A, 0x10A, 0x92A, 0x54A, 0x10A, 0x282, 0xC6E}},
    {0x5265, {0x000, 0xFC2, 0x04A, 0xFCA, 0x04A, 0xFEA, 0x10A, 0x92A, 0x54A, 0x10A, 0x542, 0xB2E}},
    {0x5267, {0x000, 0x7E2, 0x42A, 0x42A, 0x7EA, 0x48A, 0x7EA, 0x48A, 0x7EA, 0x62A, 0xA22, 0xBE6}},
    {0x5269, {0x000, 0x062, 0xF8A, 0x10A, 0xFEA, 0x54A, 0xD6A, 0x54A, 0xD6A, 0x38A, 0x542, 0x926}},
    {0x526A, {0x000, 0x110, 0xFFE, 0x000, 0xFD2, 0xA52, 0x952, 0x8C6, 0x000, 0xFFE, 0x082, 0xF1E}},
    {0x526F, {0x000, 0xFE2, 0x00A, 0xFEA, 0x82A, 0xFEA, 0x00A, 0xFEA, 0x92A, 0xFEA, 0x922, 0xFEE}},
    {0x5272, {0x000, 0x102, 0xFEA, 0x92A, 0x7CA, 0x10A, 0x7CA, 0x10A, 0xFEA, 0x44A, 0x442, 0x7CE}},
    {0x527D, {0x000, 0xFE2, 0x28A, 0xFEA, 0xAAA, 0xFEA, 0x00A, 0x7CA, 0x00A, 0xFEA, 0x542, 0xB26}},
    {0x527F, {0x000, 0x542, 0xA8A, 0x54A, 0xFEA, 0x92A, 0xFEA, 0x92A, 0xFEA, 0x54A, 0x542, 0x926}},
    {0x5281, {0x000, 0x242, 0x5FA, 0xC4A, 0x5FA, 0x44A, 0x5FA, 0x44A, 0x5FA, 0x00A, 0x552, 0x956}},
    {0x5282, {0x000, 0x7E2, 0x40A, 0x56A, 0x7AA, 0x54A, 0x54A, 0x7CA, 0x54A, 0x54A, 0x942, 0xAAE}},
    {0x5288, {0x000, 0x788, 0x4BE, 0x794, 0x43E, 0x788, 0xABE, 0xB88, 0x000, 0xFFE, 0x082, 0xF0E}},
    {0x5290, {0x000, 0x282, 0xFEA, 0x48A, 0xFEA, 0x48A, 0x7EA, 0x48A, 0x7EA, 0x24A, 0x182, 0xE6E}},
    {0x5293, {0x000, 0x102, 0x7CA, 0x44A, 0xFEA, 0x92A, 0xFEA, 0x92A, 0xFEA, 0x00A, 0xFE2, 0x44E}},
    {0x529B, {0x000, 0x080, 0x080, 0xFFE, 0x082, 0x082, 0x082, 0x102, 0x102, 0x202, 0x402, 0x81E}},
    {0x529D, {0x000, 0xF90, 0x8BE, 0x892, 0x892, 0x892, 0x512, 0x512, 0x512, 0x222, 0x222, 0xD4E}},
    {0x529E, {0x000, 0x080, 0x080, 0xFF8, 0x088, 0x488, 0x48C, 0x48A, 0x90A, 0x108, 0x208, 0xC38}},
    {0x529F, {0x000, 0x010, 0xF90, 0x27E, 0x212, 0x212, 0x212, 0x212, 0x212, 0x3A2, 0xE22, 0x046}},
    {0x52A0, {0x000, 0x200, 0x21E, 0xFD2, 0x252, 0x252, 0x252, 0x252, 0x452, 0x452, 0x85E, 0x9C0}},
    {0x52A1, {0x000, 0x100, 0x3FE, 0xC04, 0x318, 0x0E0, 0xF1E, 0x080, 0xFFE, 0x082, 0x102, 0x61E}},
    {0x52A2, {0x000, 0xF90, 0x410, 0x47E, 0x412, 0x792, 0x492, 0x492, 0x492, 0x492, 0x8A2, 0x9A6}},
    {0x52A3, {0x000, 0x444, 0x444, 0x8CA, 0x030, 0xFC0, 0x000, 0x080, 0xFFE, 0x082, 0x102, 0xE1E}},
    {0x52A8, {0x000, 0x010, 0x790, 0x03E, 0x012, 0xFD2, 0x212, 0x212, 0x292, 0x492, 0x4A2, 0xF66}},
    {0x52A9, {0x000, 0x790, 0x490, 0x4FE, 0x792, 0x492, 0x492, 0x792, 0x492, 0x4A2, 0x5A2, 0xE46}},
    {0x52AA, {0x000, 0x200, 0xFBE, 0x482, 0x694, 0x108, 0xEB6, 0x040, 0xFFE, 0x082, 0x102, 0xE1E}},
    {0x52AB, {0x000, 0x210, 0xF90, 0x27E, 0x212, 0xF92, 0x212, 0x212, 0x512, 0x4A2, 0xFA2, 0x04E}},
    {0x52AC, {0x000, 0x410, 0x7D0, 0x87E, 0x752, 0x552, 0x552, 0x552, 0x552, 0x752, 0x052, 0x1EE}},
    {0x52AD, {0x000, 0xFC8, 0x248, 0x25E, 0x44A, 0x9CA, 0x00A, 0xFCA, 0x84A, 0x84A, 0x852, 0xFD6}},
    {0x52B1, {0x000, 0x7E8, 0x408, 0x41E, 0x7EA, 0x50A, 0x50A, 0x5CA, 0x54A, 0x54A, 0xA52, 0xAD6}},
    {0x52B2, {0x000, 0xF90, 0x090, 0x13E, 0x212, 0xD92, 0x012, 0xF92, 0x212, 0x222, 0x3A2, 0xE46}},
    {0x52B3, {0x000, 0x110, 0xFFE, 0x110, 0x000, 0xFFE, 0x882, 0x7FC, 0x084, 0x104, 0x124, 0x61C}},
    {0x52BE, {0x000, 0x108, 0xFE8, 0x21E, 0x48A, 0x28A, 0x14A, 0x24A, 0x48A, 0x90A, 0x292, 0x456}},
    {0x52BF, {0x000, 0x410, 0xEFC, 0x424, 0xEE4, 0x424, 0xCD6, 0x100, 0xFFC, 0x104, 0x204, 0xC3C}},
    {0x52C3, {0x000, 0x108, 0xFE8, 0x11E, 0xFEA, 0x82A, 0x7CA, 0x08A, 0x10A, 0xFEA, 0x112, 0x316}},
    {0x52C7, {0x000, 0x7F8, 0x090, 0x7FC, 0x444, 0x7FC, 0x444, 0x7FC, 0x040, 0xFFE, 0x082, 0xF1E}},
    {0x52C9, {0x000, 0x790, 0x890, 0x13C, 0xF94, 0xA94, 0xA94, 0xF94, 0x524, 0x52C, 0x502, 0x9FE}},
    {0x52CB, {0x000, 0xF90, 0x890, 0xFBE, 0x012, 0xF92, 0x892, 0xA92, 0xA92, 0xAA2, 0x522, 0x8AE}},
    {0x52D0, {0x000, 0xFD0, 0x090, 0x13E, 0xFD2, 0x112, 0x312, 0x012, 0xFE2, 0xAA2, 0xAA2, 0xFF6}},
    {0x52D2, {0x000, 0x510, 0xF90, 0x57E, 0x712, 0x212, 0xF92, 0xA92, 0xF92, 0x222, 0xFA2, 0x24E}},
    {0x52D6, {0x000, 0xFD0, 0x850, 0xFFE, 0x852, 0xFD2, 0x492, 0x792, 0x492, 0x792, 0x4A2, 0x7AE}},
    {0x52D8, {0x000, 0x448, 0xFE8, 0x45E, 0x7CA, 0x44A, 0x44A, 0xFEA, 0x54A, 0x66A, 0x412, 0x7D6}},
    {0x52DF, {0x000, 0x110, 0xFFE, 0x110, 0x7FC, 0x404, 0x404, 0xFFE, 0x288, 0x5F4, 0x892, 0x730}},
    {0x52E4, {0x000, 0x448, 0xFE8, 0x45E, 0xFEA, 0x92A, 0xFEA, 0x10A, 0xFEA, 0x10A, 0x1D2, 0xF16}},
    {0x52F0, {0x000, 0x43E, 0xFAA, 0x4AA, 0x4BE, 0x9AA, 0x02A, 0x53E, 0xF80, 0x4A8, 0x4E2, 0xDBE}},
    {0x52F9, {0x000, 0x100, 0x100, 0x3FE, 0x402, 0x802, 0x002, 0x002, 0x002, 0x002, 0x002, 0x00E}},
    {0x52FA, {0x000, 0x200, 0x3FE, 0x402, 0x402, 0x882, 0x042, 0x022, 0x022, 0x002, 0x002, 0x01E}},
    {0x52FE, {0x000, 0x200, 0x3FE, 0x402, 0x882, 0x082, 0x102, 0x112, 0x23A, 0x7CA, 0x002, 0x01E}},
    {0x52FF, {0x000, 0x200, 0x3FE, 0x292, 0x492, 0x492, 0x892, 0x122, 0x122, 0x242, 0x482, 0x00E}},
    {0x5300, {0x000, 0x200, 0x3FE, 0x202, 0x482, 0x842, 0x042, 0x00A, 0x032, 0x3C2, 0x002, 0x01E}},
    {0x5305, {0x000, 0x400, 0x7FC, 0x404, 0xBE4, 0x024, 0x024, 0x3E4, 0x21C, 0x202, 0x202, 0x3FE}},
    {0x5306, {0x000, 0x200, 0x3FE, 0x492, 0x492, 0xB92, 0x162, 0x132, 0x24A, 0x442, 0x082, 0x01E}},
    {0x5308, {0x000, 0x200, 0x3FE, 0x402, 0x402, 0xAAA, 0x24A, 0x2AA, 0x20A, 0x3FA, 0x002, 0x01E}},
    {0x530D, {0x000, 0x200, 0x3FE, 0x452, 0x7FA, 0x842, 0x3FA, 0x24A, 0x3FA, 0x24A, 0x25A, 0x006}},
    {0x530F, {0x000, 0x220, 0xFBE, 0x542, 0x8BA, 0x72A, 0x02A, 0xFBA, 0x426, 0x7A0, 0x0A2, 0x3BE}},
    {0x5310, {0x000, 0x200, 0x3FE, 0x402, 0x7FA, 0x912, 0x3FA, 0x24A, 0x3FA, 0x24A, 0x3FA, 0x006}},
    {0x5315, {0x000, 0x800, 0x800, 0x804, 0x818, 0x8E0, 0xF00, 0x800, 0x804, 0x804, 0x804, 0xFFC}},
    {0x5316, {0x000, 0x120, 0x120, 0x222, 0x224, 0x638, 0xA20, 0x220, 0x222, 0x222, 0x222, 0x23E}},
    {0x5317, {0x000, 0x110, 0x110, 0x112, 0xF14, 0x118, 0x110, 0x110, 0x312, 0xD12, 0x112, 0x11E}},
    {0x5319, {0x000, 0xFD0, 0x850, 0xFD2, 0x854, 0xFD8, 0x010, 0xFD2, 0x212, 0xB9E, 0xE00, 0xBFE}},
    {0x531A, {0x000, 0xFFE, 0x800, 0x800, 0x800, 0x800, 0x800, 0x800, 0x800, 0x800, 0x800, 0xFFE}},
    {0x531D, {0x000, 0xFFE, 0x820, 0x820, 0xBFE, 0xA22, 0xA22, 0xA22, 0xA2E, 0x820, 0x820, 0xFFE}},
    {0x5320, {0x000, 0xFFE, 0x800, 0x9FC, 0x900, 0x900, 0x9FE, 0x910, 0x910, 0xA10, 0x800, 0xFFE}},
    {0x5321, {0x000, 0xFFE, 0x800, 0xBFC, 0x820, 0x820, 0xBFC, 0x820, 0x820, 0xBFC, 0x800, 0xFFE}},
    {0x5323, {0x000, 0xFFE, 0x800, 0x9FC, 0x924, 0x9FC, 0x924, 0x9FC, 0x820, 0x820, 0x800, 0xFFE}},
    {0x5326, {0x000, 0xFFE, 0xA10, 0xA10, 0xFFC, 0xA14, 0xFD4, 0x914, 0xFD4, 0x924, 0x922, 0xFFE}},
    {0x532A, {0x000, 0xFFE, 0x800, 0x850, 0xBDE, 0x850, 0xBDE, 0x850, 0xBDE, 0x890, 0x910, 0xFFE}},
    {0x532E, {0x000, 0xFFE, 0x840, 0xBF8, 0xA48, 0xFFC, 0x800, 0xBF8, 0xA48, 0xAA8, 0x910, 0xFFE}},
    {0x5339, {0x000, 0xFFE, 0x890, 0x890, 0x890, 0x890, 0x912, 0x912, 0xA1E, 0x800, 0x800, 0xFFE}},
    {0x533A, {0x000, 0xFFE, 0x800, 0x808, 0xB08, 0x8D0, 0x820, 0x850, 0x888, 0xB04, 0x800, 0xFFE}},
    {0x533B, {0x000, 0xFFE, 0x800, 0x900, 0x9FC, 0xA20, 0x820, 0xBFE, 0x850, 0x888, 0x904, 0xFFE}},
    {0x533E, {0x000, 0xFFE, 0x840, 0xBFE, 0xA02, 0xBFE, 0xA00, 0xAFE, 0xAAA, 0xAFE, 0xCAA, 0xFFE}},
    {0x533F, {0x000, 0xFFE, 0x888, 0xBFE, 0x8A8, 0xBFE, 0x880, 0x9FC, 0xA84, 0x8FC, 0x800, 0xFFE}},
    {0x5341, {0x000, 0x040, 0x040, 0x040, 0x040, 0x040, 0xFFE, 0x040, 0x040, 0x040, 0x040, 0x040}},
    {0x5343, {0x000, 0x00C, 0x7F0, 0x040, 0x040, 0x040, 0xFFE, 0x040, 0x040, 0x040, 0x040, 0x040}},
    {0x5345, {0x000, 0x444, 0x444, 0x444, 0x444, 0xFFE, 0x444, 0x444, 0x444, 0x444, 0x844, 0x844}},
    {0x5347, {0x000, 0x190, 0xE10, 0x210, 0x210, 0x210, 0xFFC, 0x210, 0x210, 0x410, 0x410, 0x810}},
    {0x5348, {0x000, 0x200, 0x200, 0x7FC, 0x440, 0x840, 0x040, 0xFFE, 0x040, 0x040, 0x040, 0x040}},
    {0x5349, {0x000, 0x040, 0x040, 0xFFE, 0x040, 0x040, 0x208, 0x208, 0xFFE, 0x208, 0x208, 0x408}},
    {0x534A, {0x000, 0x444, 0x244, 0x248, 0x040, 0x7FC, 0x040, 0x040, 0xFFE, 0x040, 0x040, 0x040}},
    {0x534E, {0x000, 0x0A0, 0x126, 0x338, 0xD60, 0x122, 0x13E, 0x000, 0x040, 0xFFE, 0x040, 0x040}},
    {0x534F, {0x000, 0x440, 0x440, 0xEF8, 0xC48, 0xC48, 0x54C, 0x68A, 0x488, 0x488, 0x508, 0x538}},
    {0x5351, {0x000, 0x080, 0x7FC, 0x444, 0x7FC, 0x444, 0x7FC, 0x110, 0x210, 0xFFE, 0x010, 0x010}},
    {0x5352, {0x000, 0x040, 0xFFE, 0x208, 0x208, 0x514, 0x8A2, 0x040, 0xFFE, 0x040, 0x040, 0x040}},
    {0x5353, {0x000, 0x080, 0x0FE, 0x080, 0x7FC, 0x404, 0x7FC, 0x404, 0x7FC, 0x040, 0xFFE, 0x040}},
    {0x5355, {0x000, 0x208, 0x110, 0x7FC, 0x444, 0x7FC, 0x444, 0x7FC, 0x040, 0xFFE, 0x040, 0x040}},
    {0x5356, {0x000, 0x040, 0x7FC, 0x040, 0xFFE, 0x242, 0x944, 0x440, 0xFFE, 0x0A0, 0x318, 0xC06}},
    {0x5357, {0x000, 0x040, 0xFFE, 0x040, 0x7FC, 0x514, 0x4A4, 0x5F4, 0x444, 0x5F4, 0x444, 0x44C}},
    {0x535A, {0x000, 0x414, 0x5FE, 0x410, 0x4FE, 0xE92, 0x4FE, 0x492, 0x4FE, 0x404, 0x5FE, 0x44C}},
    {0x535C, {0x000, 0x080, 0x080, 0x080, 0x0E0, 0x098, 0x084, 0x082, 0x080, 0x080, 0x080, 0x080}},
    {0x535E, {0x000, 0x080, 0x040, 0xFFF, 0x040, 0x040, 0x050, 0x048, 0x048, 0x040, 0x040, 0x040}},
    {0x535F, {0x000, 0x020, 0xF20, 0x920, 0x920, 0x938, 0x926, 0x920, 0x920, 0xF20, 0x020, 0x020}},
    {0x5360, {0x000, 0x100, 0x100, 0x1FC, 0x100, 0x100, 0x100, 0xFF8, 0x808, 0x808, 0x808, 0xFF8}},
    {0x5361, {0x000, 0x040, 0x07C, 0x040, 0x040, 0xFFE, 0x040, 0x060, 0x058, 0x046, 0x040, 0x040}},
    {0x5362, {0x000, 0x040, 0x07E, 0x040, 0x7FE, 0x402, 0x402, 0x7FE, 0x400, 0x400, 0x800, 0x800}},
    {0x5363, {0x000, 0x080, 0x0FC, 0x080, 0xFFE, 0x802, 0xFF2, 0x812, 0x812, 0xFF2, 0x802, 0xFFE}},
    {0x5364, {0x000, 0x100, 0x1F8, 0x100, 0xFFC, 0x804, 0xA14, 0x924, 0x8C4, 0xB34, 0x804, 0xFFC}},
    {0x5366, {0x000, 0x108, 0x7C8, 0x108, 0x108, 0xFE8, 0x00C, 0x10A, 0x7C8, 0x108, 0x1E8, 0xF08}},
    {0x5367, {0x000, 0xFD0, 0x910, 0x910, 0xFD0, 0x858, 0x854, 0x852, 0xFD0, 0x910, 0x910, 0xFD0}},
    {0x5369, {0x000, 0x1F0, 0x110, 0x110, 0x110, 0x110, 0x110, 0x110, 0x110, 0x160, 0x100, 0x100}},
    {0x536B, {0x000, 0x7FC, 0x084, 0x084, 0x084, 0x084, 0x084, 0x0BC, 0x080, 0x080, 0x080, 0xFFE}},
    {0x536E, {0x000, 0x00E, 0x7F0, 0x400, 0x7FE, 0x400, 0x5FC, 0x504, 0x504, 0x51C, 0x902, 0x9FE}},
    {0x536F, {0x000, 0x19E, 0x612, 0x492, 0x492, 0x492, 0x492, 0x592, 0xE92, 0x096, 0x110, 0x610}},
    {0x5370, {0x000, 0x1BE, 0xE22, 0x822, 0x822, 0xFA2, 0x822, 0x822, 0x822, 0xFAE, 0x020, 0x020}},
    {0x5371, {0x000, 0x200, 0x3FC, 0x404, 0x808, 0x7FE, 0x400, 0x4F8, 0x488, 0x49A, 0x882, 0x8FE}},
    {0x5373, {0x000, 0x79E, 0x492, 0x492, 0x792, 0x492, 0x492, 0x792, 0x412, 0x496, 0x4D0, 0xF50}},
    {0x5374, {0x000, 0x23E, 0x222, 0xFA2, 0x222, 0x222, 0xFA2, 0x222, 0x2A2, 0x4AE, 0x560, 0xE60}},
    {0x5375, {0x000, 0x09E, 0x712, 0x412, 0x692, 0x59A, 0x496, 0x592, 0xE92, 0x096, 0x110, 0x610}},
    {0x5377, {0x000, 0x150, 0x248, 0x7FC, 0x090, 0xFFE, 0x208, 0x5F4, 0x912, 0x130, 0x104, 0x1FC}},
    {0x5378, {0x000, 0x41E, 0x7D2, 0x912, 0x112, 0xFD2, 0x112, 0x5D2, 0x512, 0x516, 0x5D0, 0xF10}},
    {0x537A, {0x000, 0x3F8, 0x020, 0xF42, 0x254, 0x448, 0x9C6, 0x7FC, 0x000, 0x7F8, 0x40A, 0x7FE}},
    {0x537F, {0x000, 0x2EE, 0xCAA, 0x8AA, 0xAEA, 0xAAA, 0xAAA, 0xAEA, 0xA8A, 0xEAE, 0x2E8, 0x5A8}},
    {0x5382, {0x000, 0x7FE, 0x400, 0x400, 0x400, 0x400, 0x400, 0x400, 0x400, 0x400, 0x800, 0x800}},
    {0x5384, {0x000, 0x7FE, 0x400, 0x400, 0x4FC, 0x484, 0x484, 0x484, 0x49C, 0x480, 0x882, 0x8FE}},
    {0x5385, {0x000, 0x7FE, 0x400, 0x400, 0x7FE, 0x420, 0x420, 0x420, 0x420, 0x420, 0x820, 0x8E0}},
    {0x5386, {0x000, 0x7FE, 0x400, 0x440, 0x5FE, 0x442, 0x442, 0x442, 0x442, 0x482, 0x882, 0x91E}},
    {0x5389, {0x000, 0x7FE, 0x400, 0x5FE, 0x440, 0x440, 0x47E, 0x442, 0x442, 0x482, 0x882, 0x91E}},
    {0x538B, {0x000, 0x7FE, 0x400, 0x420, 0x420, 0x420, 0x5FC, 0x420, 0x428, 0x424, 0x820, 0xBFE}},
    {0x538C, {0x000, 0x7FE, 0x420, 0x428, 0x424, 0x7FE, 0x450, 0x450, 0x488, 0x488, 0x904, 0xA02}},
    {0x538D, {0x000, 0x7FE, 0x440, 0x440, 0x7FE, 0x4A0, 0x520, 0x5FC, 0x420, 0x7FE, 0x820, 0x820}},
    {0x5395, {0x000, 0xFFE, 0x800, 0xBE2, 0xA2A, 0xAAA, 0xAAA, 0xAAA, 0xAAA, 0x88A, 0x942, 0xA2E}},
    {0x5398, {0x000, 0x7FE, 0x400, 0x5FC, 0x524, 0x5FC, 0x524, 0x5FC, 0x420, 0x5FC, 0x820, 0xBFE}},
    {0x539A, {0x000, 0x7FE, 0x504, 0x5FC, 0x504, 0x5FC, 0x400, 0x5FC, 0x408, 0x7FE, 0x810, 0x870}},
    {0x539D, {0x000, 0x7FE, 0x488, 0x7FE, 0x488, 0x7FE, 0x400, 0x5FC, 0x504, 0x5FC, 0x904, 0x9FC}},
    {0x539F, {0x000, 0x7FE, 0x420, 0x5FC, 0x504, 0x5FC, 0x504, 0x5FC, 0x420, 0x524, 0x924, 0xA62}},
    {0x53A2, {0x000, 0x7FE, 0x400, 0x49E, 0x492, 0x7F2, 0x49E, 0x492, 0x5DE, 0x6B2, 0x892, 0x89E}},
    {0x53A3, {0x000, 0x7FE, 0x424, 0x7FE, 0x488, 0x7FE, 0x524, 0x5FC, 0x524, 0x5FC, 0x924, 0x92C}},
    {0x53A5, {0x000, 0x7FE, 0x400, 0x690, 0x7DE, 0x522, 0x54A, 0x548, 0x7C8, 0x514, 0x914, 0xA22}},
    {0x53A6, {0x000, 0x7FE, 0x420, 0x5FC, 0x504, 0x5FC, 0x504, 0x5FC, 0x488, 0x550, 0x870, 0xB8E}},
    {0x53A8, {0x000, 0x7FE, 0x400, 0x5C4, 0x41E, 0x5C4, 0x554, 0x5D4, 0x404, 0x544, 0x964, 0xB8C}},
    {0x53A9, {0x000, 0x7FE, 0x400, 0x5DE, 0x554, 0x5D4, 0x554, 0x5FE, 0x508, 0x558, 0x9DA, 0xB2E}},
    {0x53AE, {0x000, 0x7FE, 0x542, 0x7FC, 0x550, 0x5DE, 0x554, 0x5D4, 0x554, 0x7F4, 0x954, 0xA24}},
    {0x53B6, {0x000, 0x020, 0x020, 0x040, 0x040, 0x080, 0x080, 0x104, 0x204, 0x404, 0xFFA, 0x002}},
    {0x53BB, {0x000, 0x040, 0x040, 0x7FC, 0x040, 0x040, 0x040, 0xFFE, 0x100, 0x108, 0x208, 0x7F4}},
    {0x53BF, {0x000, 0x7FC, 0x404, 0x7FC, 0x404, 0x7FC, 0x404, 0x404, 0xFFE, 0x110, 0x208, 0xFF6}},
    {0x53C1, {0x000, 0x080, 0x108, 0x7F4, 0x040, 0xFFE, 0x110, 0x3F8, 0xC06, 0x3F8, 0x000, 0xFFE}},
    {0x53C2, {0x000, 0x100, 0x208, 0x7F4, 0x080, 0xFFE, 0x150, 0x288, 0xC26, 0x1C8, 0x010, 0x1E0}},
    {0x53C8, {0x000, 0xFFC, 0x004, 0x404, 0x408, 0x208, 0x110, 0x0A0, 0x040, 0x0A0, 0x318, 0xC06}},
    {0x53C9, {0x000, 0xFFC, 0x004, 0x484, 0x448, 0x248, 0x110, 0x0A0, 0x040, 0x0A0, 0x318, 0xC06}},
    {0x53CA, {0x000, 0x7F8, 0x208, 0x210, 0x220, 0x23C, 0x304, 0x288, 0x450, 0x420, 0x4D0, 0xB0E}},
    {0x53CB, {0x000, 0x100, 0xFFE, 0x100, 0x100, 0x1FC, 0x304, 0x288, 0x250, 0x420, 0x4D8, 0xB06}},
    {0x53CC, {0x000, 0xFBE, 0x082, 0x0A2, 0x8A2, 0x514, 0x514, 0x208, 0x208, 0x514, 0x514, 0x8A2}},
    {0x53CD, {0x000, 0x7FE, 0x400, 0x400, 0x7FC, 0x504, 0x504, 0x488, 0x450, 0x420, 0x8D8, 0xB06}},
    {0x53D1, {0x000, 0x090, 0x488, 0x480, 0xFFE, 0x100, 0x1FC, 0x104, 0x284, 0x248, 0x430, 0xBCE}},
    {0x53D4, {0x000, 0x23E, 0x202, 0x3A2, 0x222, 0x214, 0xF94, 0x208, 0xA88, 0xA94, 0x214, 0x622}},
    {0x53D6, {0x000, 0xFC0, 0x4BE, 0x482, 0x7A2, 0x4A2, 0x794, 0x494, 0x488, 0x788, 0xC94, 0x022}},
    {0x53D7, {0x000, 0x00C, 0x7F0, 0x248, 0xFFE, 0x802, 0xBFA, 0x008, 0x190, 0x060, 0x198, 0xE06}},
    {0x53D8, {0x000, 0x040, 0xFFE, 0x110, 0x514, 0x912, 0x110, 0x7FC, 0x208, 0x110, 0x0E0, 0xF1E}},
    {0x53D9, {0x000, 0x23E, 0x502, 0x8A2, 0x722, 0x222, 0xF94, 0x214, 0xA88, 0xA88, 0x214, 0x622}},
    {0x53DB, {0x000, 0x27E, 0xB40, 0xA40, 0x27E, 0xFC2, 0x262, 0x254, 0xFD4, 0x248, 0x294, 0x2A2}},
    {0x53DF, {0x000, 0xF5E, 0x842, 0xF5E, 0x842, 0xFFE, 0x000, 0xFFE, 0x404, 0x218, 0x1E0, 0xE1E}},
    {0x53E0, {0x000, 0x7FC, 0x110, 0x0E0, 0xFBE, 0x4A4, 0x318, 0xFFE, 0xA0A, 0x3F8, 0x208, 0xFFE}},
    {0x53E3, {0x000, 0x000, 0xFFC, 0x804, 0x804, 0x804, 0x804, 0x804, 0x804, 0x804, 0xFFC, 0x000}},
    {0x53E4, {0x000, 0x040, 0x040, 0xFFE, 0x040, 0x040, 0x040, 0x7FC, 0x404, 0x404, 0x404, 0x7FC}},
    {0x53E5, {0x000, 0x200, 0x3FE, 0x202, 0x402, 0x7F2, 0xA12, 0x212, 0x212, 0x3F2, 0x002, 0x01E}},
    {0x53E6, {0x000, 0x7FC, 0x404, 0x404, 0x404, 0x7FC, 0x100, 0xFFE, 0x102, 0x102, 0x202, 0xC0E}},
    {0x53E8, {0x000, 0x0FE, 0xF22, 0x922, 0x922, 0x922, 0x922, 0x942, 0x942, 0xF42, 0x082, 0x08E}},
    {0x53E9, {0x000, 0xF3E, 0x922, 0x922, 0x922, 0x922, 0x922, 0x922, 0x922, 0xF2E, 0x020, 0x020}},
    {0x53EA, {0x000, 0x7FC, 0x404, 0x404, 0x404, 0x404, 0x7FC, 0x000, 0x208, 0x208, 0x404, 0x802}},
    {0x53EB, {0x000, 0x004, 0xF24, 0x924, 0x924, 0x924, 0x924, 0x924, 0x926, 0xF3C, 0x064, 0x004}},
    {0x53EC, {0x000, 0xFFE, 0x082, 0x082, 0x102, 0xE1E, 0x000, 0xFFE, 0x802, 0x802, 0x802, 0xFFE}},
    {0x53ED, {0x000, 0x028, 0xF28, 0x928, 0x928, 0x928, 0x928, 0x928, 0x944, 0x944, 0xF44, 0x082}},
    {0x53EE, {0x000, 0xF7E, 0x908, 0x908, 0x908, 0x908, 0x908, 0x908, 0x908, 0x908, 0xF08, 0x038}},
    {0x53EF, {0x000, 0xFFE, 0x004, 0x004, 0x7E4, 0x424, 0x424, 0x424, 0x7E4, 0x004, 0x004, 0x03C}},
    {0x53F0, {0x000, 0x080, 0x088, 0x104, 0x23A, 0xFC2, 0x000, 0x7FC, 0x404, 0x404, 0x404, 0x7FC}},
    {0x53F1, {0x000, 0x020, 0xF20, 0x922, 0x924, 0x938, 0x960, 0x920, 0x922, 0xF22, 0x022, 0x03E}},
    {0x53F2, {0x000, 0x040, 0xFFE, 0x842, 0x842, 0x842, 0xFFE, 0x040, 0x340, 0x080, 0x160, 0xE1E}},
    {0x53F3, {0x000, 0x080, 0x080, 0xFFE, 0x100, 0x100, 0x200, 0x3FC, 0x604, 0xA04, 0x204, 0x3FC}},
    {0x53F5, {0x000, 0xFFE, 0x800, 0x800, 0x9F8, 0x908, 0x908, 0x908, 0x9F8, 0x800, 0x800, 0xFFE}},
    {0x53F6, {0x000, 0x010, 0xF10, 0x910, 0x910, 0x9FE, 0x910, 0x910, 0x910, 0xF10, 0x010, 0x010}},
    {0x53F7, {0x000, 0x7FC, 0x404, 0x404, 0x7FC, 0x000, 0xFFE, 0x200, 0x3FC, 0x004, 0x004, 0x07C}},
    {0x53F8, {0x000, 0xFFE, 0x002, 0x002, 0xFF2, 0x002, 0xFF2, 0x812, 0x812, 0xFF2, 0x002, 0x00E}},
    {0x53F9, {0x000, 0x07E, 0xF42, 0x942, 0x942, 0x942, 0x944, 0x924, 0x928, 0xF10, 0x028, 0x0C6}},
    {0x53FB, {0x000, 0x020, 0xF20, 0x9FE, 0x922, 0x922, 0x922, 0x942, 0x942, 0xF42, 0x082, 0x08E}},
    {0x53FC, {0x000, 0x000, 0xF7E, 0x902, 0x902, 0x90A, 0x912, 0x922, 0x942, 0x902, 0xF02, 0x01E}},
    {0x53FD, {0x000, 0x078, 0xF48, 0x948, 0x948, 0x948, 0x948, 0x948, 0x948, 0xF4A, 0x08A, 0x08E}},
    {0x5401, {0x000, 0x0FE, 0xE10, 0xA10, 0xA10, 0xA10, 0xBFE, 0xA10, 0xA10, 0xE10, 0x010, 0x070}},
    {0x5403, {0x000, 0x040, 0xF7E, 0x980, 0x900, 0x93C, 0x904, 0x908, 0x910, 0xF22, 0x042, 0x03E}},
    {0x5404, {0x000, 0x100, 0x1F8, 0x208, 0x510, 0x0E0, 0x318, 0xC06, 0x3F8, 0x208, 0x208, 0x3F8}},
    {0x5406, {0x000, 0x010, 0xF10, 0x924, 0x944, 0x978, 0x908, 0x910, 0x920, 0xF44, 0x07A, 0x002}},
    {0x5408, {0x000, 0x040, 0x0A0, 0x318, 0xC06, 0x3F8, 0x000, 0x000, 0x7FC, 0x404, 0x404, 0x7FC}},
    {0x5409, {0x000, 0x040, 0xFFE, 0x040, 0x040, 0x7FC, 0x000, 0x7FC, 0x404, 0x404, 0x404, 0x7FC}},
    {0x540A, {0x000, 0x7FC, 0x404, 0x404, 0x7FC, 0x040, 0x040, 0xFFE, 0x842, 0x842, 0x846, 0x040}},
    {0x540C, {0x000, 0xFFE, 0x802, 0x802, 0xBFA, 0x802, 0x9F2, 0x912, 0x912, 0x9F2, 0x802, 0x80E}},
    {0x540D, {0x000, 0x100, 0x1F8, 0x208, 0xC10, 0x320, 0x0C0, 0x3FC, 0xE04, 0x204, 0x204, 0x3FC}},
    {0x540E, {0x000, 0x00C, 0x7F0, 0x400, 0x400, 0x7FE, 0x400, 0x400, 0x5FC, 0x504, 0x904, 0x9FC}},
    {0x540F, {0x000, 0x040, 0xFFE, 0x040, 0x7FC, 0x444, 0x444, 0x7FC, 0x440, 0x280, 0x1C0, 0xE3E}},
    {0x5410, {0x000, 0x010, 0xF10, 0x910, 0x97C, 0x910, 0x910, 0x910, 0x910, 0x910, 0xF10, 0x0FE}},
    {0x5411, {0x000, 0x180, 0xFFE, 0x802, 0x802, 0x9F2, 0x912, 0x912, 0x912, 0x9F2, 0x802, 0x80E}},
    {0x5412, {0x000, 0x006, 0xF78, 0x910, 0x910, 0x910, 0x9FE, 0x910, 0x910, 0xF12, 0x012, 0x01E}},
    {0x5413, {0x000, 0x0FE, 0xF10, 0x910, 0x910, 0x918, 0x914, 0x912, 0x910, 0xF10, 0x010, 0x010}},
    {0x5415, {0x000, 0x7F8, 0x408, 0x408, 0x408, 0x7F8, 0x000, 0xFFC, 0x804, 0x804, 0x804, 0xFFC}},
    {0x5416, {0x000, 0x082, 0xF44, 0x928, 0x910, 0x910, 0x910, 0x910, 0x910, 0xF10, 0x010, 0x010}},
    {0x5417, {0x000, 0x0FC, 0xE04, 0xA44, 0xA44, 0xA44, 0xAFE, 0xA02, 0xA02, 0xEFA, 0x002, 0x01E}},
    {0x541B, {0x000, 0x7FC, 0x084, 0xFFE, 0x084, 0x7FC, 0x100, 0x200, 0x7FC, 0xA04, 0x204, 0x3FC}},
    {0x541D, {0x000, 0x040, 0xFFE, 0x208, 0x110, 0x0E0, 0x318, 0xC06, 0x7FC, 0x404, 0x404, 0x7FC}},
    {0x541E, {0x000, 0x7FC, 0x040, 0x040, 0xFFE, 0x110, 0x208, 0x7FC, 0xA0A, 0x208, 0x208, 0x3F8}},
    {0x541F, {0x000, 0x010, 0xF28, 0x944, 0x9BA, 0x900, 0x900, 0x97C, 0x904, 0xF08, 0x008, 0x010}},
    {0x5420, {0x000, 0x014, 0xF12, 0x910, 0x9FE, 0x910, 0x910, 0x928, 0x928, 0xF44, 0x044, 0x082}},
    {0x5421, {0x000, 0x088, 0xE88, 0xA88, 0xA88, 0xAEE, 0xA88, 0xA88, 0xA8A, 0xE8A, 0x0AA, 0x0CE}},
    {0x5423, {0x000, 0x000, 0xE10, 0xA10, 0xA48, 0xA48, 0xA40, 0xA44, 0xAC4, 0xEC2, 0x14A, 0x17A}},
    {0x5426, {0x000, 0xFFE, 0x020, 0x0C0, 0x358, 0xC46, 0x040, 0x000, 0x7FC, 0x404, 0x404, 0x7FC}},
    {0x5427, {0x000, 0x0FE, 0xE92, 0xA92, 0xA92, 0xA92, 0xAFE, 0xA80, 0xA80, 0xE82, 0x082, 0x0FE}},
    {0x5428, {0x000, 0x010, 0xF7E, 0x910, 0x952, 0x952, 0x952, 0x952, 0x97E, 0xF10, 0x012, 0x01E}},
    {0x5429, {0x000, 0x048, 0xE48, 0xA84, 0xA84, 0xB02, 0xAFC, 0xA44, 0xA44, 0xE44, 0x084, 0x09C}},
    {0x542B, {0x000, 0x040, 0x1B0, 0xEEE, 0x000, 0x7F8, 0x008, 0x010, 0x7FC, 0x404, 0x404, 0x7FC}},
    {0x542C, {0x000, 0x00C, 0xF70, 0x940, 0x940, 0x97E, 0x948, 0x948, 0x948, 0x948, 0xF48, 0x088}},
    {0x542D, {0x000, 0x010, 0xEFE, 0xA00, 0xA78, 0xA48, 0xA48, 0xA48, 0xA4A, 0xE8A, 0x08A, 0x10E}},
    {0x542E, {0x000, 0x020, 0xE20, 0xA48, 0xA48, 0xA84, 0xAFA, 0xA48, 0xA48, 0xE4A, 0x08A, 0x10E}},
    {0x542F, {0x000, 0x040, 0x7FE, 0x402, 0x402, 0x7FE, 0x400, 0x5FE, 0x502, 0x502, 0x902, 0x9FE}},
    {0x5431, {0x000, 0x010, 0xEFE, 0xA10, 0xAFE, 0xA82, 0xA82, 0xA44, 0xA28, 0xE10, 0x028, 0x0C6}},
    {0x5432, {0x000, 0x0F2, 0xE12, 0xA12, 0xAF2, 0xA82, 0xA82, 0xAF2, 0xA12, 0xE12, 0x012, 0x0F2}},
    {0x5434, {0x000, 0x7FC, 0x404, 0x404, 0x7FC, 0x000, 0x7FC, 0x040, 0xFFE, 0x0A0, 0x110, 0xE0E}},
    {0x5435, {0x000, 0x010, 0xE10, 0xA54, 0xA54, 0xA92, 0xA92, 0xA10, 0xA12, 0xA04, 0xE18, 0x0E0}},
    {0x5438, {0x000, 0x1FC, 0xE44, 0xA44, 0xA48, 0xA4E, 0xA42, 0xA62, 0xA54, 0xE88, 0x094, 0x122}},
    {0x5439, {0x000, 0x040, 0xE7E, 0xA42, 0xA92, 0xA94, 0xA10, 0xA10, 0xA28, 0xE28, 0x044, 0x082}},
    {0x543B, {0x000, 0x080, 0xEFE, 0xAAA, 0xAAA, 0xB2A, 0xA2A, 0xA4A, 0xA52, 0xE92, 0x022, 0x00E}},
    {0x543C, {0x000, 0x1E8, 0xE28, 0xA28, 0xA48, 0xA48, 0xA68, 0xBC8, 0xA4A, 0xA4A, 0xE4A, 0x0CE}},
    {0x543E, {0x000, 0xFFE, 0x080, 0x7FC, 0x084, 0x084, 0xFFE, 0x000, 0x7FC, 0x404, 0x404, 0x7FC}},
    {0x5440, {0x000, 0x0FE, 0xE48, 0xA48, 0xA88, 0xAFE, 0xA08, 0xA18, 0xA28, 0xE48, 0x088, 0x018}},
    {0x5443, {0x000, 0x0FE, 0xE80, 0xABE, 0xAA2, 0xAA2, 0xAA2, 0xAAE, 0xAA0, 0xEA2, 0x122, 0x13E}},
    {0x5446, {0x000, 0x7FC, 0x404, 0x404, 0x404, 0x7FC, 0x040, 0xFFE, 0x150, 0x248, 0xC46, 0x040}},
    {0x5448, {0x000, 0x7FC, 0x404, 0x404, 0x7FC, 0x000, 0xFFE, 0x040, 0x7FC, 0x040, 0x040, 0xFFE}},
    {0x544A, {0x000, 0x440, 0x7FC, 0x840, 0x040, 0xFFE, 0x000, 0x7FC, 0x404, 0x404, 0x404, 0x7FC}},
    {0x544B, {0x000, 0x010, 0xF10, 0x97C, 0x910, 0x910, 0x9FE, 0x928, 0x928, 0xF44, 0x044, 0x082}},
    {0x5450, {0x000, 0x010, 0xEFE, 0xA92, 0xA92, 0xA92, 0xAAA, 0xAAA, 0xAC6, 0xE82, 0x082, 0x086}},
    {0x5452, {0x000, 0x000, 0xF7C, 0x910, 0x910, 0x910, 0x9FE, 0x928, 0x928, 0xF4A, 0x04A, 0x08E}},
    {0x5453, {0x000, 0x044, 0xEFE, 0xA44, 0xA00, 0xAFE, 0xA04, 0xA18, 0xA60, 0xE82, 0x082, 0x07E}},
    {0x5454, {0x000, 0x010, 0xE10, 0xAFE, 0xA10, 0xA10, 0xA28, 0xA28, 0xA28, 0xE44, 0x064, 0x092}},
    {0x5455, {0x000, 0x0FE, 0xE80, 0xAC8, 0xAA8, 0xA90, 0xA90, 0xAA8, 0xAA4, 0xEC4, 0x080, 0x0FE}},
    {0x5456, {0x000, 0x0FE, 0xE90, 0xA90, 0xAFE, 0xA92, 0xA92, 0xA92, 0xAA2, 0xEA2, 0x142, 0x14E}},
    {0x5457, {0x000, 0x0FE, 0xE82, 0xA92, 0xA92, 0xA92, 0xA92, 0xA92, 0xA92, 0xE92, 0x028, 0x0C6}},
    {0x5458, {0x000, 0x7FC, 0x404, 0x7FC, 0x000, 0xFFE, 0x802, 0x842, 0x842, 0x8A2, 0x318, 0xC06}},
    {0x5459, {0x000, 0x7FC, 0x404, 0x404, 0x7FC, 0x040, 0xFFE, 0x8A2, 0x912, 0xA0A, 0x802, 0x80E}},
    {0x545B, {0x000, 0x020, 0xE30, 0xA48, 0xA84, 0xB02, 0xAFC, 0xA84, 0xA84, 0xE9C, 0x082, 0x0FE}},
    {0x545C, {0x000, 0x010, 0xF7C, 0x944, 0x944, 0x94C, 0x940, 0x97E, 0x902, 0xF7A, 0x002, 0x01E}},
    {0x5462, {0x000, 0x0FE, 0xE82, 0xA82, 0xAFE, 0xAA0, 0xAA0, 0xAA6, 0xAB8, 0xEA2, 0x122, 0x13E}},
    {0x5464, {0x000, 0x010, 0xE28, 0xA44, 0xAA2, 0xA10, 0xAFE, 0xA04, 0xA08, 0xE50, 0x020, 0x010}},
    {0x5466, {0x000, 0x048, 0xE48, 0xA9E, 0xAAA, 0xACA, 0xA4A, 0xA4A, 0xA8A, 0xEAA, 0x0B2, 0x0D6}},
    {0x5468, {0x000, 0x7FE, 0x402, 0x442, 0x5FA, 0x442, 0x5FA, 0x402, 0x5FA, 0x50A, 0x9FA, 0x806}},
    {0x5471, {0x000, 0x00C, 0xEF8, 0xAA8, 0xAA8, 0xAA8, 0xAA8, 0xAA8, 0xAA8, 0xF24, 0x134, 0x2EA}},
    {0x5472, {0x000, 0x028, 0xE28, 0xA28, 0xA28, 0xAAA, 0xABC, 0xAA8, 0xAA8, 0xEAA, 0x0BA, 0x1CE}},
    {0x5473, {0x000, 0x010, 0xEFE, 0xA10, 0xA10, 0xAFE, 0xA10, 0xA38, 0xA38, 0xE54, 0x092, 0x010}},
    {0x5475, {0x000, 0x0FE, 0xF04, 0x904, 0x974, 0x954, 0x954, 0x954, 0x974, 0x904, 0xF04, 0x01C}},
    {0x5476, {0x000, 0x08E, 0xE82, 0xBEA, 0xAAA, 0xAAA, 0xAAA, 0xAAA, 0xA44, 0xA44, 0xEAA, 0x0AA}},
    {0x5477, {0x000, 0x0FE, 0xE92, 0xA92, 0xAFE, 0xA92, 0xA92, 0xA92, 0xAFE, 0xA10, 0xE10, 0x010}},
    {0x5478, {0x000, 0x1FE, 0xE20, 0xA20, 0xA60, 0xAB8, 0xB26, 0xA20, 0xA20, 0xE20, 0x020, 0x3FE}},
    {0x547B, {0x000, 0x010, 0xE10, 0xAFE, 0xA92, 0xA92, 0xAFE, 0xA92, 0xA92, 0xAFE, 0xE10, 0x010}},
    {0x547C, {0x000, 0x00C, 0xEF0, 0xA10, 0xA92, 0xA54, 0xA10, 0xAFE, 0xA10, 0xE10, 0x010, 0x070}},
    {0x547D, {0x000, 0x040, 0x0A0, 0x318, 0xDF6, 0x000, 0x7BC, 0x4A4, 0x4A4, 0x4A4, 0x7AC, 0x020}},
    {0x5480, {0x000, 0x07C, 0xF44, 0x944, 0x97C, 0x944, 0x944, 0x97C, 0x944, 0x944, 0xF44, 0x0FE}},
    {0x5482, {0x000, 0x0FE, 0xE88, 0xABE, 0xAAA, 0xAAA, 0xAAA, 0xAAA, 0xAAA, 0xEAE, 0x088, 0x0FE}},
    {0x5484, {0x000, 0x010, 0xE92, 0xA92, 0xA92, 0xAFE, 0xA10, 0xA92, 0xA92, 0xA92, 0xE92, 0x0FE}},
    {0x5486, {0x000, 0x040, 0xE7E, 0xA82, 0xB7A, 0xA4A, 0xA4A, 0xA7A, 0xA46, 0xA40, 0xE42, 0x07E}},
    {0x548B, {0x000, 0x040, 0xE7E, 0xAA0, 0xAA0, 0xA3E, 0xA20, 0xA20, 0xA3E, 0xA20, 0xE20, 0x020}},
    {0x548C, {0x000, 0x380, 0xE3E, 0x222, 0xFA2, 0x222, 0x722, 0x6A2, 0xA22, 0x222, 0x23E, 0x200}},
    {0x548E, {0x000, 0x208, 0x3C8, 0x454, 0xAA2, 0x100, 0x6FE, 0x000, 0x7FC, 0x404, 0x404, 0x7FC}},
    {0x548F, {0x000, 0x070, 0xE00, 0xAF0, 0xA12, 0xAD4, 0xA58, 0xA54, 0xA92, 0xE92, 0x110, 0x030}},
    {0x5490, {0x000, 0x044, 0xE44, 0xA84, 0xABE, 0xB84, 0xA84, 0xAA4, 0xA94, 0xE84, 0x084, 0x09C}},
    {0x5492, {0x000, 0xFBE, 0x8A2, 0x8A2, 0xFBE, 0x000, 0x3F0, 0x210, 0x210, 0x212, 0x412, 0x81E}},
    {0x5494, {0x000, 0x020, 0xE3C, 0xA20, 0xA20, 0xBFE, 0xA20, 0xA20, 0xA30, 0xE28, 0x024, 0x020}},
    {0x5495, {0x000, 0x010, 0xE10, 0xAFE, 0xA10, 0xA10, 0xA10, 0xAFE, 0xA82, 0xE82, 0x082, 0x0FE}},
    {0x5496, {0x000, 0x080, 0xFEE, 0xAAA, 0xAAA, 0xAAA, 0xAAA, 0xAAA, 0xAAA, 0xAAA, 0xEAE, 0x160}},
    {0x5499, {0x000, 0x048, 0xE44, 0xBFE, 0xA50, 0xA50, 0xA52, 0xA54, 0xA98, 0xEB2, 0x092, 0x11E}},
    {0x549A, {0x000, 0x040, 0xE7E, 0xA84, 0xA48, 0xA30, 0xA48, 0xBA4, 0xA12, 0xE40, 0x020, 0x018}},
    {0x549B, {0x000, 0x010, 0xEFE, 0xA82, 0xA82, 0xA00, 0xAFE, 0xA10, 0xA10, 0xE10, 0x010, 0x070}},
    {0x549D, {0x000, 0x044, 0xE44, 0xA88, 0xAAA, 0xACC, 0xA44, 0xA88, 0xA88, 0xEEE, 0x000, 0x0FE}},
    {0x54A3, {0x000, 0x010, 0xE92, 0xA54, 0xA10, 0xAFE, 0xA28, 0xA28, 0xA28, 0xE4A, 0x04A, 0x08E}},
    {0x54A4, {0x000, 0x010, 0xEFE, 0xA82, 0xA8A, 0xA70, 0xA10, 0xA1E, 0xAF0, 0xA10, 0xE12, 0x01E}},
    {0x54A6, {0x000, 0x010, 0xEFE, 0xA10, 0xAFE, 0xA12, 0xAFE, 0xA90, 0xAFE, 0xE2A, 0x044, 0x082}},
    {0x54A7, {0x000, 0x1E2, 0xE8A, 0xA8A, 0xAEA, 0xAAA, 0xB2A, 0xAAA, 0xA6A, 0xE2A, 0x042, 0x18E}},
    {0x54A8, {0x000, 0x900, 0x5FE, 0x222, 0x020, 0x450, 0x98E, 0x000, 0x7FC, 0x404, 0x404, 0x7FC}},
    {0x54A9, {0x000, 0x044, 0xE28, 0xAFE, 0xA10, 0xA10, 0xAFE, 0xA10, 0xA10, 0xEFE, 0x010, 0x010}},
    {0x54AA, {0x000, 0x010, 0xE92, 0xA54, 0xA38, 0xA10, 0xAFE, 0xA10, 0xA38, 0xE54, 0x092, 0x010}},
    {0x54AB, {0x000, 0x7DE, 0x452, 0x452, 0x452, 0x7DE, 0x480, 0x492, 0x452, 0x440, 0x820, 0x81E}},
    {0x54AC, {0x000, 0x010, 0xFFE, 0x900, 0x944, 0x944, 0x982, 0x944, 0x928, 0x910, 0xF28, 0x0C6}},
    {0x54AD, {0x000, 0x010, 0xE10, 0xAFE, 0xA10, 0xA10, 0xA7C, 0xA00, 0xAFE, 0xE82, 0x082, 0x0FE}},
    {0x54AF, {0x000, 0x020, 0xE3E, 0xA42, 0xAA4, 0xA18, 0xAE6, 0xA00, 0xAFE, 0xA82, 0xE82, 0x0FE}},
    {0x54B1, {0x000, 0x030, 0xEFE, 0xA82, 0xA82, 0xAFE, 0xA82, 0xA82, 0xAFE, 0xE82, 0x082, 0x0FE}},
    {0x54B3, {0x000, 0x010, 0xEFE, 0xA10, 0xAA4, 0xA44, 0xA2A, 0xA12, 0xA24, 0xA48, 0xE94, 0x022}},
    {0x54B4, {0x000, 0x020, 0xE20, 0xBFE, 0xA40, 0xA48, 0xA6A, 0xA9C, 0xA88, 0xE94, 0x114, 0x122}},
    {0x54B8, {0x000, 0x014, 0x012, 0x7FE, 0x410, 0x5D2, 0x414, 0x5D4, 0x548, 0x5DA, 0x82A, 0x844}},
    {0x54BB, {0x000, 0x048, 0xE88, 0xB88, 0xAFE, 0xA88, 0xA98, 0xAAC, 0xACA, 0xE88, 0x088, 0x088}},
    {0x54BD, {0x000, 0x0FE, 0xE82, 0xA92, 0xAFE, 0xA92, 0xA92, 0xAAA, 0xEAA, 0x0C6, 0x082, 0x0FE}},
    {0x54BF, {0x000, 0x07C, 0xE94, 0xB94, 0xAFE, 0xA94, 0xA94, 0xABC, 0xA90, 0xE90, 0x090, 0x0A0}},
    {0x54C0, {0x000, 0x040, 0xFFE, 0x000, 0x7FC, 0x404, 0x404, 0x7FC, 0x0A2, 0x314, 0xD08, 0x3C6}},
    {0x54C1, {0x000, 0x7FC, 0x404, 0x404, 0x404, 0x7FC, 0x000, 0xFBE, 0x8A2, 0x8A2, 0x8A2, 0xFBE}},
    {0x54C2, {0x000, 0x0FE, 0xE28, 0xAFE, 0xAAA, 0xAAA, 0xAAA, 0xAC6, 0xA82, 0xEFE, 0x082, 0x0FE}},
    {0x54C4, {0x000, 0x048, 0xE48, 0xAFC, 0xA48, 0xA48, 0xA48, 0xBFE, 0xA00, 0xA48, 0xE48, 0x084}},
    {0x54C6, {0x000, 0x03C, 0xE44, 0xAA8, 0xA10, 0xA20, 0xADE, 0xA22, 0xAD4, 0xE08, 0x030, 0x0C0}},
    {0x54C7, {0x000, 0x010, 0xEFE, 0xA10, 0xA10, 0xAFE, 0xA10, 0xA10, 0xAFE, 0xA10, 0xE10, 0x0FE}},
    {0x54C8, {0x000, 0x030, 0xE48, 0xA84, 0xB7A, 0xA00, 0xA00, 0xAFC, 0xA84, 0xA84, 0xE84, 0x0FC}},
    {0x54C9, {0x000, 0x214, 0x712, 0x210, 0xFFE, 0x010, 0x7D4, 0x454, 0x448, 0x7CA, 0x01A, 0x024}},
    {0x54CC, {0x000, 0x0FE, 0xE80, 0xABE, 0xAA8, 0xAA8, 0xAAA, 0xAAC, 0xAA8, 0xEA4, 0x124, 0x132}},
    {0x54CD, {0x000, 0x030, 0xEFE, 0xA82, 0xABA, 0xAAA, 0xAAA, 0xAAA, 0xAAA, 0xEBA, 0x082, 0x086}},
    {0x54CE, {0x000, 0x044, 0xEFE, 0xA44, 0xA00, 0xA44, 0xA44, 0xA28, 0xA28, 0xA10, 0xE28, 0x0C6}},
    {0x54CF, {0x000, 0x0FE, 0xE82, 0xAFE, 0xA82, 0xAFE, 0xA90, 0xA92, 0xA8C, 0xE88, 0x0A4, 0x1C2}},
    {0x54D0, {0x000, 0x0FE, 0xE80, 0xABE, 0xA88, 0xA88, 0xABE, 0xA88, 0xA88, 0xEBE, 0x080, 0x0FE}},
    {0x54D1, {0x000, 0x1FE, 0xE48, 0xA48, 0xA48, 0xB4A, 0xACC, 0xA48, 0xA48, 0xE48, 0x048, 0x1FE}},
    {0x54D2, {0x000, 0x088, 0xE48, 0xA3E, 0xAC8, 0xA48, 0xA48, 0xA54, 0xA54, 0xE62, 0x040, 0x0BE}},
    {0x54D3, {0x000, 0x020, 0xE2E, 0xAF0, 0xA2A, 0xADE, 0xA00, 0xAFE, 0xA28, 0xE28, 0x04A, 0x08E}},
    {0x54D4, {0x000, 0x088, 0xE88, 0xAEE, 0xA88, 0xAAA, 0xAEE, 0xA10, 0xA10, 0xEFE, 0x010, 0x010}},
    {0x54D5, {0x000, 0x010, 0xE92, 0xA92, 0xAFE, 0xA40, 0xA7E, 0xAC2, 0xA22, 0xE14, 0x008, 0x0F0}},
    {0x54D7, {0x000, 0x028, 0xE4A, 0xACC, 0xA58, 0xA4A, 0xA4E, 0xA10, 0xAFE, 0xA10, 0xE10, 0x010}},
    {0x54D9, {0x000, 0x010, 0xE28, 0xA44, 0xA82, 0xA7C, 0xA00, 0xA00, 0xAFE, 0xE20, 0x044, 0x0FA}},
    {0x54DA, {0x000, 0x07C, 0xE44, 0xA44, 0xAC6, 0xA10, 0xA10, 0xAFE, 0xA54, 0xE54, 0x092, 0x092}},
    {0x54DC, {0x000, 0x010, 0xEFE, 0xA44, 0xA28, 0xA10, 0xAEE, 0xA00, 0xA44, 0xE44, 0x084, 0x084}},
    {0x54DD, {0x000, 0x010, 0xEFE, 0xA92, 0xA92, 0xA20, 0xA48, 0xACA, 0xA4A, 0xE44, 0x054, 0x0E2}},
    {0x54DE, {0x000, 0x020, 0xE44, 0xA84, 0xAFA, 0xA90, 0xAFE, 0xB10, 0xA10, 0xEFE, 0x010, 0x010}},
    {0x54DF, {0x000, 0x048, 0xE4E, 0xA92, 0xAC2, 0xA52, 0xA4A, 0xA8A, 0xAE2, 0xE02, 0x022, 0x0CE}},
    {0x54E5, {0x000, 0xFFE, 0x414, 0x414, 0x7F4, 0x004, 0xFFE, 0x414, 0x414, 0x7F4, 0x004, 0x01C}},
    {0x54E6, {0x000, 0x028, 0xECA, 0xA48, 0xBFE, 0xA48, 0xA48, 0xA6A, 0xACA, 0xE44, 0x044, 0x0CA}},
    {0x54E7, {0x000, 0x010, 0xE7C, 0xA10, 0xA10, 0xAFE, 0xA28, 0xA6C, 0xAAA, 0xE28, 0x048, 0x098}},
    {0x54E8, {0x000, 0x092, 0xE54, 0xA10, 0xAFE, 0xA82, 0xAFE, 0xA82, 0xAFE, 0xA82, 0xE82, 0x08E}},
    {0x54E9, {0x000, 0x0FE, 0xE92, 0xA92, 0xAFE, 0xA92, 0xA92, 0xAFE, 0xA10, 0xAFE, 0xE10, 0x1FE}},
    {0x54EA, {0x000, 0x1EE, 0xEAA, 0xAAA, 0xBEA, 0xAAC, 0xAAA, 0xBEA, 0xAAA, 0xEAA, 0x12C, 0x168}},
    {0x54ED, {0x000, 0xFBE, 0x8A2, 0x8A2, 0xFBE, 0x008, 0x044, 0xFFE, 0x040, 0x0A0, 0x318, 0xC06}},
    {0x54EE, {0x000, 0x020, 0xEFA, 0xA24, 0xBFE, 0xA20, 0xA7C, 0xB88, 0xA10, 0xAFE, 0xE10, 0x030}},
    {0x54F2, {0x000, 0x23E, 0xFA0, 0x23E, 0xFA4, 0x224, 0x644, 0x000, 0x7FC, 0x404, 0x404, 0x7FC}},
    {0x54F3, {0x000, 0x046, 0xE58, 0xAF0, 0xA50, 0xA5E, 0xA54, 0xA74, 0xAD4, 0xE54, 0x054, 0x0D4}},
    {0x54FA, {0x000, 0x014, 0xEFE, 0xA10, 0xAFE, 0xA92, 0xAFE, 0xA92, 0xAFE, 0xA92, 0xE92, 0x096}},
    {0x54FC, {0x000, 0x010, 0x0FE, 0xE44, 0xA44, 0xA7C, 0xA00, 0xAFE, 0xA04, 0xA18, 0xE10, 0x070}},
    {0x54FD, {0x000, 0x0FE, 0xE10, 0xAFE, 0xA92, 0xAFE, 0xA92, 0xAFE, 0xA10, 0xE50, 0x020, 0x0DE}},
    {0x54FF, {0x000, 0x21E, 0xFD2, 0x252, 0xCDE, 0x000, 0xFFE, 0x004, 0x7E4, 0x424, 0x7E4, 0x01C}},
    {0x5501, {0x000, 0x010, 0xEFE, 0xA00, 0xAFE, 0xA00, 0xAFE, 0xA00, 0xAFE, 0xE82, 0x082, 0x0FE}},
    {0x5506, {0x000, 0x040, 0xE84, 0xBFA, 0xA50, 0xA9E, 0xB40, 0xA7C, 0xA84, 0xF48, 0x030, 0x1CE}},
    {0x5507, {0x000, 0x7FE, 0x400, 0x7FC, 0x400, 0x7FE, 0x514, 0x5C8, 0xB06, 0x7FC, 0x404, 0x7FC}},
    {0x5509, {0x000, 0x020, 0xE44, 0xAFA, 0xA00, 0xA40, 0xA7C, 0xA90, 0xA10, 0xAFE, 0xE28, 0x0C6}},
    {0x550F, {0x000, 0x0C6, 0xE38, 0xAC6, 0xA10, 0xAFE, 0xA20, 0xA50, 0xAFE, 0xE52, 0x056, 0x010}},
    {0x5510, {0x000, 0x020, 0x7FE, 0x420, 0x5FC, 0x424, 0x7FE, 0x424, 0x5FC, 0x504, 0x904, 0x9FC}},
    {0x5511, {0x000, 0x010, 0xE10, 0xA54, 0xA54, 0xABA, 0xA92, 0xA10, 0xA7C, 0xE10, 0x010, 0x0FE}},
    {0x5514, {0x000, 0x0FE, 0xE20, 0xAFC, 0xA24, 0xA24, 0xAFE, 0xA00, 0xAFE, 0xE82, 0x082, 0x0FE}},
    {0x551B, {0x000, 0x010, 0xEFE, 0xA10, 0xAFE, 0xA10, 0xAFE, 0xA20, 0xAFE, 0xF44, 0x038, 0x0C6}},
    {0x5520, {0x000, 0x044, 0xEFE, 0xA44, 0xA00, 0xAFE, 0xA82, 0xA20, 0xAFE, 0xE22, 0x042, 0x08E}},
    {0x5522, {0x000, 0x010, 0xE92, 0xA54, 0xA10, 0xAFE, 0xA82, 0xA92, 0xA92, 0xE92, 0x028, 0x0C6}},
    {0x5523, {0x000, 0x030, 0xEFE, 0xA82, 0xAFE, 0xA82, 0xAFE, 0xA20, 0xAFE, 0xE20, 0x022, 0x03E}},
    {0x5524, {0x000, 0x078, 0xE88, 0xAFC, 0xAA4, 0xAA4, 0xAA4, 0xAA4, 0xBFE, 0xE50, 0x088, 0x306}},
    {0x5527, {0x000, 0x0EE, 0xEAA, 0xAEA, 0xAAA, 0xAAA, 0xAEA, 0xA8A, 0xACE, 0xEA8, 0x0D8, 0x088}},
    {0x552A, {0x000, 0x010, 0xEFE, 0xA10, 0xAFE, 0xA28, 0xA44, 0xA92, 0xAFE, 0xE10, 0x0FE, 0x010}},
    {0x552C, {0x000, 0x01E, 0xE10, 0xAFE, 0xA92, 0xAFC, 0xA92, 0xA9E, 0xA80, 0xEB8, 0x12A, 0x14E}},
    {0x552E, {0x000, 0x110, 0x2FE, 0x610, 0xAFE, 0x210, 0x2FE, 0x000, 0x7FE, 0x402, 0x402, 0x7FE}},
    {0x552F, {0x000, 0x044, 0xE48, 0xAFE, 0xA88, 0xB88, 0xAFE, 0xA88, 0xAFE, 0xE88, 0x088, 0x0FE}},
    {0x5530, {0x000, 0x0FA, 0xE8A, 0xA8A, 0xAFA, 0xA8A, 0xAAA, 0xAFA, 0xAAA, 0xEAA, 0x13A, 0x126}},
    {0x5531, {0x000, 0x07C, 0xE44, 0xA7C, 0xA44, 0xA7C, 0xA00, 0xAFE, 0xA82, 0xAFE, 0xE82, 0x0FE}},
    {0x5533, {0x000, 0x010, 0xEFE, 0xA82, 0xA82, 0xAFE, 0xA94, 0xA92, 0xAFE, 0xEA8, 0x144, 0x182}},
    {0x5537, {0x000, 0x010, 0xEFE, 0xA44, 0xAFA, 0xA00, 0xAFE, 0xA82, 0xAFE, 0xE82, 0x0FE, 0x082}},
    {0x553C, {0x000, 0x010, 0xEFE, 0xA44, 0xA28, 0xAFE, 0xA10, 0xAFE, 0xA44, 0xE88, 0x070, 0x18E}},
    {0x553E, {0x000, 0x006, 0xEF8, 0xA10, 0xAFE, 0xA54, 0xAFE, 0xA54, 0xA54, 0xAFE, 0xE10, 0x0FE}},
    {0x553F, {0x000, 0x080, 0xEFE, 0xB2A, 0xA4A, 0xB92, 0xA66, 0xA00, 0xA50, 0xEC8, 0x142, 0x17E}},
    {0x5541, {0x000, 0x0FE, 0xE92, 0xABA, 0xA92, 0xAFE, 0xA82, 0xABA, 0xAAA, 0xEBA, 0x102, 0x10E}},
    {0x5543, {0x000, 0x05E, 0xE50, 0xAFE, 0xA00, 0xAFE, 0xA82, 0xAFE, 0xA82, 0xEFE, 0x082, 0x086}},
    {0x5544, {0x000, 0x1FE, 0xE10, 0xA60, 0xB92, 0xA1C, 0xA68, 0xB8C, 0xA1C, 0xE6A, 0x188, 0x030}},
    {0x5546, {0x000, 0x040, 0xFFE, 0x208, 0x110, 0xFFE, 0x912, 0xA1E, 0xDF2, 0x912, 0x9F2, 0x806}},
    {0x5549, {0x000, 0x048, 0xE48, 0xBFE, 0xA48, 0xA48, 0xAEC, 0xB5A, 0xA68, 0xE48, 0x048, 0x048}},
    {0x554A, {0x000, 0x0EE, 0xEA2, 0xAAE, 0xAAA, 0xACA, 0xAAA, 0xAAA, 0xAAA, 0xAAE, 0xEE2, 0x086}},
    {0x5550, {0x000, 0x020, 0xE10, 0xAFE, 0xA44, 0xAAA, 0xA00, 0xAFE, 0xA10, 0xEFE, 0x010, 0x010}},
    {0x5555, {0x000, 0x080, 0xEFE, 0xB02, 0xAA2, 0xAFA, 0xB22, 0xAFA, 0xA22, 0xEAA, 0x0FA, 0x00E}},
    {0x5556, {0x000, 0x092, 0xE54, 0xA10, 0xA28, 0xAC6, 0xA00, 0xA92, 0xA54, 0xA10, 0xE28, 0x0C6}},
    {0x555C, {0x000, 0x0EE, 0xE22, 0xAAA, 0xA44, 0xAAA, 0xA00, 0xAEE, 0xA22, 0xAAA, 0xE44, 0x0AA}},
    {0x5561, {0x000, 0x028, 0xE28, 0xAEE, 0xA28, 0xA28, 0xAEE, 0xA28, 0xA28, 0xAEE, 0xE28, 0x028}},
    {0x5564, {0x000, 0x020, 0xEFE, 0xA92, 0xAFE, 0xA92, 0xAFE, 0xA20, 0xA48, 0xAFE, 0xE08, 0x008}},
    {0x5565, {0x000, 0x010, 0xE28, 0xA44, 0xAFE, 0xA10, 0xAFE, 0xA10, 0xAFE, 0xE82, 0x082, 0x0FE}},
    {0x5566, {0x000, 0x088, 0xEBE, 0xBC0, 0xAA2, 0xAA2, 0xA92, 0xAD2, 0xB94, 0xE94, 0x080, 0x1BE}},
    {0x5567, {0x000, 0x010, 0xEFE, 0xA10, 0xAFE, 0xA10, 0xAFE, 0xA00, 0xAFE, 0xE92, 0x028, 0x0C6}},
    {0x556A, {0x000, 0x088, 0xEBE, 0xBE2, 0xAA2, 0xAA2, 0xABE, 0xAE2, 0xBA2, 0xEA2, 0x0A2, 0x1BE}},
    {0x556C, {0x000, 0x040, 0xFFE, 0x248, 0x150, 0xFFE, 0x404, 0x5F4, 0x514, 0x5F4, 0x404, 0x7FC}},
    {0x556D, {0x000, 0x088, 0xE88, 0xBDE, 0xA88, 0xB3E, 0xBC8, 0xA88, 0xBDE, 0xE94, 0x088, 0x084}},
    {0x556E, {0x000, 0x010, 0xE5E, 0xA50, 0xAFE, 0xA00, 0xA92, 0xA92, 0xAAA, 0xEC6, 0x082, 0x0FE}},
    {0x5575, {0x000, 0x108, 0xEBE, 0xA28, 0xB28, 0xABE, 0xA22, 0xA2A, 0xAAA, 0xEA4, 0x14C, 0x152}},
    {0x5576, {0x000, 0x010, 0xEFE, 0xA82, 0xA00, 0xAFE, 0xA10, 0xA10, 0xA9E, 0xE90, 0x090, 0x17E}},
    {0x5577, {0x000, 0x04E, 0xEEA, 0xAAA, 0xAEA, 0xAAC, 0xAEA, 0xA8A, 0xACA, 0xEAA, 0x0DC, 0x088}},
    {0x5578, {0x000, 0x010, 0xEFC, 0xA14, 0xBFE, 0xA14, 0xAFC, 0xA10, 0xA92, 0xEBA, 0x0D6, 0x112}},
    {0x557B, {0x000, 0x040, 0xFFE, 0x110, 0xFFE, 0x842, 0x7FC, 0x444, 0x040, 0x7FC, 0x404, 0x7FC}},
    {0x557C, {0x000, 0x010, 0xEFE, 0xA44, 0xA44, 0xAFE, 0xA92, 0xA7C, 0xA54, 0xA54, 0xE5C, 0x010}},
    {0x557E, {0x000, 0x028, 0xEC8, 0xA4A, 0xAEA, 0xA4A, 0xA48, 0xAE8, 0xAC8, 0xA54, 0xE54, 0x062}},
    {0x5580, {0x000, 0x010, 0xEFE, 0xAA2, 0xA7C, 0xAC4, 0xA38, 0xAC6, 0xA7C, 0xA44, 0xE44, 0x07C}},
    {0x5581, {0x000, 0x07C, 0xE54, 0xA7C, 0xA54, 0xA7C, 0xA10, 0xAFE, 0xAAA, 0xEFA, 0x08A, 0x086}},
    {0x5582, {0x000, 0x0FE, 0xE92, 0xAFE, 0xA92, 0xAFE, 0xA00, 0xAFE, 0xA50, 0xE4A, 0x044, 0x0F2}},
    {0x5583, {0x000, 0x010, 0xEFE, 0xA10, 0xAFE, 0xA82, 0xAAA, 0xAFE, 0xA92, 0xAFE, 0xE92, 0x096}},
    {0x5584, {0x000, 0x110, 0xFFE, 0x040, 0x7FC, 0x040, 0xFFE, 0x248, 0xFFE, 0x404, 0x404, 0x7FC}},
    {0x5587, {0x000, 0x082, 0xFEA, 0xA8A, 0xBEA, 0xAAA, 0xAAA, 0xBEA, 0xA8A, 0xBCA, 0xEA2, 0x086}},
    {0x5588, {0x000, 0x088, 0xEEE, 0xA88, 0xAAA, 0xAEE, 0xA10, 0xAFE, 0xA82, 0xEFE, 0x082, 0x0FE}},
    {0x5589, {0x000, 0xE5C, 0xA44, 0xABE, 0xAA0, 0xBBE, 0xAC8, 0xA88, 0xABE, 0xE94, 0x094, 0x0A2}},
    {0x558A, {0x000, 0x00A, 0xE08, 0xAFE, 0xA88, 0xAE8, 0xA8A, 0xAEA, 0xAAC, 0xAE8, 0xE8A, 0x116}},
    {0x558B, {0x000, 0x054, 0xEFE, 0xA54, 0xA5C, 0xA40, 0xA7E, 0xA10, 0xAFE, 0xE38, 0x054, 0x092}},
    {0x558F, {0x000, 0x044, 0xEFE, 0xA44, 0xA10, 0xAFE, 0xA20, 0xA7E, 0xAC2, 0xE42, 0x042, 0x07E}},
    {0x5591, {0x000, 0x010, 0xEFE, 0xA44, 0xA28, 0xAFE, 0xA44, 0xA7C, 0xA44, 0xE7C, 0x044, 0x04C}},
    {0x5594, {0x000, 0x0FE, 0xE82, 0xAFE, 0xA80, 0xAFE, 0xAA4, 0xAFA, 0xA90, 0xEFC, 0x110, 0x17E}},
    {0x5598, {0x000, 0x092, 0xE92, 0xAFE, 0xA00, 0xAFE, 0xA10, 0xAFE, 0xAAA, 0xAAA, 0xEAA, 0x086}},
    {0x5599, {0x000, 0x040, 0xE7C, 0xA44, 0xAFE, 0xA30, 0xADA, 0xA2C, 0xAD8, 0xA2C, 0xECA, 0x030}},
    {0x559C, {0x000, 0x040, 0xFFE, 0x040, 0xFFE, 0x404, 0x7FC, 0x110, 0xFFE, 0x404, 0x404, 0x7FC}},
    {0x559D, {0x000, 0x0FC, 0xE84, 0xAFC, 0xA84, 0xAFC, 0xA40, 0xAFE, 0xB82, 0xAF2, 0xE8A, 0x0FE}},
    {0x559F, {0x000, 0x0FE, 0xE92, 0xAFE, 0xA92, 0xAFE, 0xA44, 0xA7C, 0xA44, 0xE7C, 0x044, 0x04C}},
    {0x55A7, {0x000, 0x010, 0xEFE, 0xA82, 0xA7C, 0xA00, 0xA7C, 0xA44, 0xA7C, 0xA44, 0xE44, 0x0FE}},
    {0x55B1, {0x000, 0x0FE, 0xE80, 0xABE, 0xAAA, 0xABE, 0xAAA, 0xABE, 0xA88, 0xEBE, 0x108, 0x17E}},
    {0x55B3, {0x000, 0x010, 0xEFE, 0xA54, 0xA92, 0xAFE, 0xA82, 0xAFE, 0xA82, 0xEFE, 0x000, 0x0FE}},
    {0x55B5, {0x000, 0x044, 0xEFE, 0xA44, 0xA00, 0xAFE, 0xA92, 0xA92, 0xAFE, 0xA92, 0xE92, 0x0FE}},
    {0x55B7, {0x000, 0x010, 0xEFE, 0xA54, 0xAFE, 0xA44, 0xAFE, 0xA82, 0xA92, 0xE92, 0x028, 0x0C6}},
    {0x55B9, {0x000, 0x010, 0xEFE, 0xA28, 0xA44, 0xA92, 0xA10, 0xAFE, 0xA10, 0xEFE, 0x010, 0x0FE}},
    {0x55BB, {0x000, 0x010, 0xE28, 0xAC6, 0xA38, 0xA00, 0xAEA, 0xAAA, 0xAEA, 0xAAA, 0xEE2, 0x0A6}},
    {0x55BD, {0x000, 0x092, 0xE54, 0xAFE, 0xA54, 0xA92, 0xA20, 0xAFE, 0xA44, 0xE88, 0x070, 0x18E}},
    {0x55BE, {0x000, 0x484, 0x248, 0xFFE, 0xA42, 0x3F8, 0x440, 0x7FC, 0x000, 0x7FC, 0x404, 0x7FC}},
    {0x55C4, {0x000, 0x1FE, 0xE20, 0xAFC, 0xA84, 0xAFC, 0xA84, 0xAFC, 0xA44, 0xAA8, 0xE30, 0x1CE}},
    {0x55C5, {0x000, 0x020, 0xEFE, 0xA82, 0xAFE, 0xA82, 0xAFE, 0xA14, 0xAFE, 0xA10, 0xE28, 0x0C6}},
    {0x55C9, {0x000, 0x010, 0xEFE, 0xA10, 0xA7C, 0xA10, 0xAFE, 0xA24, 0xAFA, 0xE10, 0x054, 0x0B2}},
    {0x55CC, {0x000, 0x084, 0xE48, 0xBFE, 0xA48, 0xA84, 0xB02, 0xAFE, 0xAAA, 0xEAA, 0x0AA, 0x1FE}},
    {0x55CD, {0x000, 0x11E, 0xEAA, 0xBFA, 0xA0E, 0xB5A, 0xB5A, 0xBFE, 0xA4A, 0xE4A, 0x08A, 0x096}},
    {0x55D1, {0x000, 0x010, 0xEFE, 0xA10, 0xAFE, 0xA20, 0xA44, 0xAFA, 0xA00, 0xEFE, 0x0AA, 0x1FE}},
    {0x55D2, {0x000, 0x044, 0xEFE, 0xA44, 0xA38, 0xA44, 0xA82, 0xA7C, 0xA00, 0xEFE, 0x082, 0x0FE}},
    {0x55D3, {0x000, 0x0FE, 0xE44, 0xA38, 0xAEE, 0xA92, 0xA6C, 0xA92, 0xAFE, 0xE54, 0x054, 0x092}},
    {0x55D4, {0x000, 0x010, 0xEFC, 0xA20, 0xAFC, 0xA84, 0xAFC, 0xA84, 0xA84, 0xFFE, 0x048, 0x084}},
    {0x55D6, {0x000, 0x056, 0xE92, 0xAD6, 0xA92, 0xAFE, 0xA00, 0xAFE, 0xA44, 0xE28, 0x010, 0x0EE}},
    {0x55DC, {0x000, 0x020, 0xEFA, 0xA24, 0xBFE, 0xA70, 0xBA2, 0xAFE, 0xA84, 0xAFC, 0xE84, 0x0FC}},
    {0x55DD, {0x000, 0x0FE, 0xE00, 0xAFE, 0xA82, 0xAFE, 0xA00, 0xAFE, 0xAAA, 0xEFE, 0x092, 0x096}},
    {0x55DF, {0x000, 0x044, 0xEFE, 0xA10, 0xA7C, 0xA10, 0xAFE, 0xA40, 0xA7E, 0xA88, 0xF08, 0x07E}},
    {0x55E1, {0x000, 0x048, 0xE48, 0xA84, 0xB22, 0xA48, 0xAF4, 0xA00, 0xAEE, 0xEAA, 0x066, 0x0AA}},
    {0x55E3, {0x000, 0xFBE, 0x882, 0xF82, 0x03A, 0xF82, 0xABA, 0xAAA, 0xFAA, 0xABA, 0xA82, 0x98E}},
    {0x55E4, {0x000, 0x092, 0xE92, 0xAFE, 0xA20, 0xAFE, 0xA10, 0xAFE, 0xA92, 0xAFE, 0xE14, 0x0FA}},
    {0x55E5, {0x000, 0x010, 0xEFE, 0xA82, 0xAFE, 0xA82, 0xAFE, 0xA20, 0xAFE, 0xE54, 0x0BA, 0x010}},
    {0x55E6, {0x000, 0x010, 0xEFE, 0xA10, 0xAFE, 0xA82, 0xA92, 0xA24, 0xAFA, 0xE10, 0x054, 0x0B2}},
    {0x55E8, {0x000, 0x120, 0xEBE, 0xA40, 0xB3E, 0xAAA, 0xA22, 0xA7E, 0xAAA, 0xEA2, 0x13E, 0x106}},
    {0x55EA, {0x000, 0x010, 0xEFE, 0xA10, 0xA7C, 0xA20, 0xAFE, 0xA44, 0xABA, 0xE10, 0x0FE, 0x054}},
    {0x55EB, {0x000, 0x0FE, 0xE44, 0xA7C, 0xA44, 0xA7C, 0xA44, 0xAFE, 0xA00, 0xEEE, 0x044, 0x0AA}},
    {0x55EC, {0x000, 0x044, 0xEFE, 0xA44, 0xA40, 0xABE, 0xB84, 0xABC, 0xAA4, 0xEBC, 0x084, 0x09C}},
    {0x55EF, {0x000, 0x0FE, 0xE92, 0xAFE, 0xAAA, 0xAC6, 0xA82, 0xAFE, 0xA00, 0xED0, 0x14A, 0x17E}},
    {0x55F2, {0x000, 0x048, 0xE84, 0xB4A, 0xA30, 0xBCE, 0xA20, 0xA7C, 0xBC8, 0xE3E, 0x0E4, 0x018}},
    {0x55F3, {0x000, 0x006, 0xEF8, 0xA54, 0xAFE, 0xAA2, 0xAFE, 0xA40, 0xAFE, 0xF44, 0x038, 0x0C6}},
    {0x55F5, {0x000, 0x13E, 0xE84, 0xA3E, 0xBAA, 0xABE, 0xAAA, 0xABE, 0xAAA, 0xEAA, 0x080, 0x17E}},
    {0x55F7, {0x000, 0x048, 0xEE8, 0xA4E, 0xBFA, 0xA4A, 0xBEA, 0xA8A, 0xAE4, 0xAA4, 0xEAA, 0x16A}},
    {0x55FD, {0x000, 0x090, 0xFF0, 0xA9E, 0xBF2, 0xAAA, 0xAA8, 0xBE8, 0xA88, 0xBD4, 0xE94, 0x0A2}},
    {0x55FE, {0x000, 0x048, 0xE48, 0xBEE, 0xA90, 0xA88, 0xAEE, 0xAB4, 0xAAE, 0xAA4, 0xEAA, 0x16A}},
    {0x5600, {0x000, 0x010, 0xEFE, 0xA44, 0xA28, 0xAFE, 0xA92, 0xABA, 0xA92, 0xEBA, 0x0AA, 0x0BA}},
    {0x5601, {0x000, 0x00C, 0xE0A, 0xAFE, 0xA88, 0xAAA, 0xABA, 0xAAC, 0xAF8, 0xEAA, 0x1B6, 0x164}},
    {0x5608, {0x000, 0x028, 0xEFE, 0xA28, 0xAFE, 0xAAA, 0xAFE, 0xAAA, 0xAFE, 0xE44, 0x044, 0x07C}},
    {0x5609, {0x000, 0xFFE, 0x040, 0xFFE, 0x404, 0x7FC, 0x110, 0xFFE, 0x200, 0xFBE, 0x4A2, 0x9BE}},
    {0x560C, {0x000, 0x0FE, 0xE28, 0xAFE, 0xAAA, 0xAFE, 0xA00, 0xA7C, 0xA00, 0xEFE, 0x054, 0x0B2}},
    {0x560E, {0x000, 0x1FE, 0xE20, 0xAFC, 0xA84, 0xAFC, 0xA84, 0xAFC, 0xA58, 0xEE4, 0x01A, 0x0EE}},
    {0x560F, {0x000, 0x4EE, 0x4A2, 0xEA2, 0x4AE, 0x4E0, 0x48E, 0xEEA, 0xA8A, 0xAEA, 0xA84, 0xE8A}},
    {0x5618, {0x000, 0x03E, 0xE20, 0xAFE, 0xAA2, 0xAFC, 0xAA2, 0xABE, 0xA94, 0xEB6, 0x094, 0x17E}},
    {0x561B, {0x000, 0x020, 0x3FE, 0xE00, 0xA48, 0xAFE, 0xA48, 0xA48, 0xEEC, 0x35A, 0x448, 0x448}},
    {0x561E, {0x000, 0x0A8, 0xFE8, 0xABE, 0xAEA, 0xA4A, 0xBFA, 0xB5A, 0xBFA, 0xE4A, 0x1FA, 0x056}},
    {0x561F, {0x000, 0x05E, 0xEEA, 0xA4A, 0xBEA, 0xA8C, 0xBEA, 0xAAA, 0xAEA, 0xEAA, 0x0AC, 0x0E8}},
    {0x5623, {0x000, 0x010, 0xE92, 0xAFE, 0xA00, 0xAEE, 0xAAA, 0xAEE, 0xAAA, 0xEEE, 0x0AA, 0x156}},
    {0x5624, {0x000, 0x0EE, 0xEAA, 0xAAA, 0xA44, 0xAAA, 0xA10, 0xAFE, 0xA24, 0xE48, 0x030, 0x0CE}},
    {0x5627, {0x000, 0x010, 0xEFE, 0xA82, 0xA54, 0xB6A, 0xAC4, 0xB7C, 0xA10, 0xE92, 0x092, 0x0FE}},
    {0x562C, {0x000, 0x0FC, 0xE84, 0xAFC, 0xA84, 0xBFE, 0xAAA, 0xAEA, 0xAAA, 0xEAA, 0x1F4, 0x02A}},
    {0x562D, {0x000, 0x042, 0xEE4, 0xA48, 0xAE0, 0xA02, 0xAE4, 0xAA8, 0xAE2, 0xEA2, 0x044, 0x0E8}},
    {0x5631, {0x000, 0x0FE, 0x082, 0xEFE, 0xA88, 0xABE, 0xAAA, 0xABE, 0xA88, 0xEBE, 0x12A, 0x126}},
    {0x5632, {0x000, 0x04E, 0xEEA, 0xA4A, 0xAEE, 0xAAA, 0xAEA, 0xAAE, 0xAEA, 0xA4A, 0xEEA, 0x04A}},
    {0x5634, {0x000, 0x024, 0xEB6, 0xAA4, 0xBF6, 0xA7C, 0xA84, 0xBFE, 0xA92, 0xEFE, 0x082, 0x106}},
    {0x5636, {0x000, 0x0A2, 0xEAC, 0xBF8, 0xAAE, 0xAEA, 0xAAA, 0xAEA, 0xAAA, 0xBFA, 0xEAA, 0x112}},
    {0x5639, {0x000, 0x010, 0xEFE, 0xAAA, 0xA7C, 0xAC6, 0xA7C, 0xA44, 0xA7C, 0xE10, 0x054, 0x0B2}},
    {0x563B, {0x000, 0x010, 0xEFE, 0xA10, 0xAFE, 0xA82, 0xA82, 0xAFE, 0xA44, 0xEFE, 0x082, 0x0FE}},
    {0x563F, {0x000, 0x0FE, 0xE92, 0xAD6, 0xA92, 0xAFE, 0xA10, 0xAFE, 0xA10, 0xEFE, 0x0AA, 0x0AA}},
    {0x564C, {0x000, 0x044, 0xEFE, 0xA92, 0xAD6, 0xA92, 0xAFE, 0xA44, 0xA7C, 0xA44, 0xE44, 0x07C}},
    {0x564D, {0x000, 0x048, 0xEBE, 0xB88, 0xABE, 0xA88, 0xABE, 0xA88, 0xABE, 0xE00, 0x154, 0x22A}},
    {0x564E, {0x000, 0x010, 0xEFE, 0xA10, 0xAFE, 0xA82, 0xA7C, 0xA44, 0xA7C, 0xA28, 0xE28, 0x0FE}},
    {0x5654, {0x000, 0x0EA, 0xE2C, 0xAAA, 0xA7C, 0xA82, 0xA7C, 0xA44, 0xA7C, 0xE44, 0x028, 0x0FE}},
    {0x5657, {0x000, 0x028, 0xEAA, 0xA28, 0xAFE, 0xA44, 0xA28, 0xAFE, 0xA10, 0xEFE, 0x028, 0x0C6}},
    {0x5658, {0x000, 0x0FE, 0xE80, 0xAD4, 0xAFE, 0xA82, 0xAAC, 0xAFC, 0xAA4, 0xEA4, 0x14A, 0x14A}},
    {0x5659, {0x000, 0x010, 0xE28, 0xAD6, 0xA7C, 0xAAA, 0xA92, 0xAFE, 0xA10, 0xEFE, 0x0AA, 0x0B6}},
    {0x565C, {0x000, 0x020, 0xE3C, 0xA44, 0xAFE, 0xA92, 0xAFE, 0xA92, 0xAFE, 0xE44, 0x044, 0x07C}},
    {0x5662, {0x000, 0x030, 0xEFE, 0xA92, 0xAD6, 0xAFE, 0xA92, 0xAD6, 0xA10, 0xEFE, 0x028, 0x0C6}},
    {0x5664, {0x000, 0x044, 0xEEE, 0xA44, 0xAEE, 0xB54, 0xA44, 0xAFE, 0xA00, 0xAFE, 0xE10, 0x0B2}},
    {0x5668, {0x000, 0x7BC, 0x4A4, 0x4A4, 0x7BC, 0x040, 0xFFE, 0x208, 0xFBE, 0x4A4, 0x4A4, 0x7BC}},
    {0x5669, {0x000, 0xFFE, 0x554, 0x554, 0x75C, 0x040, 0xFFE, 0x040, 0x75C, 0x554, 0x554, 0xFFE}},
    {0x566A, {0x000, 0x07C, 0xE44, 0xA7C, 0xAEE, 0xAAA, 0xAEE, 0xA10, 0xAFE, 0xA54, 0xE92, 0x010}},
    {0x566B, {0x000, 0x010, 0xEFE, 0xA28, 0xAFE, 0xA44, 0xA7C, 0xA44, 0xA7C, 0xA12, 0xEA4, 0x13C}},
    {0x566C, {0x000, 0x088, 0xEEE, 0xB54, 0xA00, 0xAFE, 0xA10, 0xA54, 0xA54, 0xABA, 0xE10, 0x1FE}},
    {0x5671, {0x000, 0x01E, 0xE10, 0xAFE, 0xA90, 0xAFE, 0xA90, 0xA9E, 0xAD4, 0xEB8, 0x154, 0x1B2}},
    {0x5676, {0x000, 0x028, 0xEFE, 0xA28, 0xA7C, 0xA44, 0xA7C, 0xA44, 0xA7E, 0xE92, 0x1AA, 0x0F6}},
    {0x567B, {0x000, 0x010, 0xEFE, 0xAAA, 0xA7C, 0xA28, 0xAFE, 0xA44, 0xA92, 0xE7C, 0x010, 0x0FE}},
    {0x567C, {0x000, 0x0E4, 0xEAE, 0xAA0, 0xAEA, 0xA80, 0xA8E, 0xAE4, 0xAA4, 0xEAE, 0x0A4, 0x0E4}},
    {0x5685, {0x000, 0x0FE, 0xE10, 0xAFE, 0xA92, 0xA54, 0xAFE, 0xA10, 0xAFE, 0xEAA, 0x0AA, 0x0AA}},
    {0x5686, {0x000, 0x044, 0xEFE, 0xA10, 0xAFE, 0xA44, 0xA7C, 0xA00, 0xAFE, 0xAAA, 0xEBA, 0x086}},
    {0x568E, {0x000, 0x010, 0xEFE, 0xA44, 0xAFE, 0xA82, 0xA7C, 0xA30, 0xADA, 0xE2C, 0x0CA, 0x030}},
    {0x568F, {0x000, 0x0FE, 0xE10, 0xAFE, 0xAAA, 0xA38, 0xA00, 0xAFE, 0xA12, 0xA9C, 0xED0, 0x13E}},
    {0x5693, {0x000, 0x010, 0xEFE, 0xA82, 0xA6C, 0xAAA, 0xA6C, 0xAC6, 0xA00, 0xEFE, 0x054, 0x0B2}},
    {0x56A3, {0x000, 0x7BC, 0x4A4, 0xFFE, 0x040, 0x7FC, 0x444, 0x1B0, 0xE0E, 0x7BC, 0x4A4, 0x7BC}},
    {0x56AF, {0x000, 0x0FE, 0xE10, 0xAFE, 0xA92, 0xAB6, 0xA48, 0xABE, 0xB88, 0xEBE, 0x088, 0x0BE}},
    {0x56B7, {0x000, 0x010, 0xFFE, 0xAAA, 0xAEE, 0xA44, 0xAFE, 0xA44, 0xAFE, 0xE2A, 0x0C4, 0x072}},
    {0x56BC, {0x000, 0x0FE, 0xE54, 0xAFE, 0xAAA, 0xAFE, 0xA04, 0xAEE, 0xAA4, 0xAEC, 0xE84, 0x0EC}},
    {0x56CA, {0x000, 0x040, 0xFFE, 0x248, 0xFFE, 0xA4A, 0x248, 0xFFE, 0x110, 0xFFE, 0x314, 0xDAE}},
    {0x56D4, {0x000, 0x010, 0xFFE, 0xA92, 0xAFE, 0xA10, 0xAFE, 0xAAA, 0xAEE, 0xE54, 0x0C8, 0x176}},
    {0x56D7, {0x000, 0xFFE, 0x802, 0x802, 0x802, 0x802, 0x802, 0x802, 0x802, 0x802, 0x802, 0xFFE}},
    {0x56DA, {0x000, 0xFFE, 0x802, 0x842, 0x842, 0x842, 0x8A2, 0x8A2, 0x912, 0xA0A, 0x802, 0xFFE}},
    {0x56DB, {0x000, 0xFFE, 0x912, 0x912, 0x912, 0x912, 0x912, 0xA1E, 0xC02, 0x802, 0x802, 0xFFE}},
    {0x56DD, {0x000, 0xFFE, 0x802, 0xBFA, 0x822, 0x842, 0xBFA, 0x842, 0x842, 0x8C2, 0x802, 0xFFE}},
    {0x56DE, {0x000, 0xFFE, 0x802, 0x802, 0x9F2, 0x912, 0x912, 0x912, 0x9F2, 0x802, 0x802, 0xFFE}},
    {0x56DF, {0x000, 0x080, 0x100, 0xFFE, 0x802, 0x912, 0x8A2, 0x842, 0x8A2, 0x912, 0x802, 0xFFE}},
    {0x56E0, {0x000, 0xFFE, 0x802, 0x842, 0xBFA, 0x842, 0x8A2, 0x8A2, 0x912, 0xA0A, 0x802, 0xFFE}},
    {0x56E1, {0x000, 0xFFE, 0x882, 0x882, 0xBFE, 0x90A, 0x90A, 0x892, 0x862, 0xB9A, 0x802, 0xFFE}},
    {0x56E2, {0x000, 0xFFE, 0x802, 0x822, 0xBFA, 0x862, 0x8A2, 0x922, 0xA22, 0x862, 0x802, 0xFFE}},
    {0x56E4, {0x000, 0xFFE, 0x882, 0xBF2, 0x882, 0xA92, 0xA92, 0xBF2, 0x88A, 0x8FA, 0x802, 0xFFE}},
    {0x56EB, {0x000, 0xFFE, 0x902, 0x902, 0xBFA, 0xCAA, 0x92A, 0xA4A, 0x88A, 0x91A, 0x802, 0xFFE}},
    {0x56ED, {0x000, 0xFFE, 0x802, 0xBFA, 0x802, 0xFFE, 0x922, 0x92A, 0x92A, 0xA3A, 0x802, 0xFFE}},
    {0x56F0, {0x000, 0xFFE, 0x802, 0x842, 0xBFA, 0x842, 0x8E2, 0x952, 0xA4A, 0x842, 0x802, 0xFFE}},
    {0x56F1, {0x000, 0x0C0, 0xFFE, 0x802, 0x8FA, 0xB0A, 0x892, 0x862, 0xB9A, 0x802, 0x802, 0xFFE}},
    {0x56F4, {0x000, 0xFFE, 0x842, 0xBFA, 0x842, 0xBFA, 0x842, 0xBFA, 0x84A, 0x85A, 0x842, 0xFFE}},
    {0x56F5, {0x000, 0xFFE, 0x842, 0x8A2, 0x912, 0xF0E, 0x922, 0x9CA, 0x90A, 0x9FA, 0x802, 0xFFE}},
    {0x56F9, {0x000, 0xFFE, 0x842, 0x8A2, 0x952, 0xE2E, 0xBFA, 0x812, 0x8A2, 0x842, 0x822, 0xFFE}},
    {0x56FA, {0x000, 0xFFE, 0x802, 0x842, 0xBFA, 0x842, 0x842, 0xBFA, 0xA0A, 0xBFA, 0x802, 0xFFE}},
    {0x56FD, {0x000, 0xFFE, 0x802, 0xBFA, 0x842, 0x842, 0xBFA, 0x842, 0x852, 0xBFA, 0x802, 0xFFE}},
    {0x56FE, {0x000, 0xFFE, 0x882, 0x9FE, 0xE12, 0x922, 0x8C2, 0xFBE, 0x842, 0x922, 0x882, 0xFFE}},
    {0x56FF, {0x000, 0xFFE, 0x882, 0xFFE, 0x902, 0xBFA, 0xD0A, 0x9FA, 0x90A, 0x9FA, 0x90A, 0xFFE}},
    {0x5703, {0x000, 0xFFE, 0x852, 0xBFA, 0x842, 0xBFA, 0xA4A, 0xBFA, 0xA4A, 0xBFA, 0xA4A, 0xFFE}},
    {0x5704, {0x000, 0xFFE, 0x802, 0xBFA, 0x882, 0xBFA, 0x88A, 0xFFE, 0x802, 0xBFA, 0xA0A, 0xFFE}},
    {0x5706, {0x000, 0xFFE, 0xA0A, 0xBFA, 0x802, 0xBFA, 0xA4A, 0xA4A, 0x8A2, 0xB1A, 0x802, 0xFFE}},
    {0x5708, {0x000, 0xFFE, 0x952, 0xBFA, 0x8A2, 0xBFA, 0x912, 0xB6A, 0x912, 0x9F2, 0x802, 0xFFE}},
    {0x5709, {0x000, 0xFFE, 0x842, 0x9F2, 0x842, 0xBFA, 0x912, 0xFFE, 0x842, 0xBFA, 0x842, 0xFFE}},
    {0x570A, {0x000, 0xFFE, 0x842, 0xBFA, 0x842, 0xFFE, 0xA0A, 0xBFA, 0xA0A, 0xBFA, 0xA0A, 0xFFE}},
    {0x571C, {0x000, 0xFFE, 0x952, 0x952, 0xBFA, 0x912, 0x9F2, 0x8AA, 0x992, 0xAEA, 0x98A, 0xFFE}},
    {0x571F, {0x000, 0x040, 0x040, 0x040, 0x040, 0x7FC, 0x040, 0x040, 0x040, 0x040, 0x040, 0xFFE}},
    {0x5723, {0x000, 0x7FC, 0x404, 0x208, 0x110, 0x0E0, 0xF1E, 0x040, 0x7FC, 0x040, 0x040, 0xFFE}},
    {0x5728, {0x000, 0x080, 0xFFE, 0x080, 0x100, 0x110, 0x210, 0x6FE, 0xA10, 0x210, 0x210, 0x2FE}},
    {0x5729, {0x000, 0x4FC, 0x410, 0x410, 0xE10, 0x410, 0x5FE, 0x410, 0x410, 0x610, 0xC10, 0x070}},
    {0x572A, {0x000, 0x480, 0x4FE, 0x500, 0xE00, 0x4FC, 0x410, 0x420, 0x440, 0x682, 0xC82, 0x07E}},
    {0x572C, {0x000, 0x4FC, 0x400, 0x400, 0xFFE, 0x440, 0x440, 0x4FE, 0x402, 0x602, 0xC02, 0x03E}},
    {0x572D, {0x000, 0x040, 0x7FC, 0x040, 0x040, 0xFFE, 0x000, 0x040, 0x7FC, 0x040, 0x040, 0xFFE}},
    {0x572E, {0x000, 0x4FE, 0x402, 0x402, 0xE02, 0x4FE, 0x480, 0x480, 0x480, 0x682, 0xC82, 0x0FE}},
    {0x572F, {0x000, 0x4FE, 0x482, 0x482, 0xE82, 0x4FE, 0x480, 0x480, 0x480, 0x682, 0xC82, 0x0FE}},
    {0x5730, {0x000, 0x410, 0x490, 0x496, 0xEBA, 0x5D2, 0x492, 0x496, 0x490, 0x682, 0xC82, 0x0FE}},
    {0x5733, {0x000, 0x492, 0x492, 0x492, 0xE92, 0x492, 0x492, 0x492, 0x492, 0x692, 0xD12, 0x112}},
    {0x5739, {0x000, 0x410, 0x4FE, 0x480, 0xE80, 0x480, 0x480, 0x480, 0x480, 0x680, 0xD00, 0x100}},
    {0x573A, {0x000, 0x47C, 0x404, 0x408, 0xF10, 0x47E, 0x42A, 0x42A, 0x54A, 0x612, 0xC22, 0x04E}},
    {0x573B, {0x000, 0x40E, 0x4F0, 0x480, 0xE80, 0x4FE, 0x488, 0x488, 0x488, 0x688, 0xD08, 0x108}},
    {0x573E, {0x000, 0x5F8, 0x488, 0x488, 0xE90, 0x4BC, 0x484, 0x484, 0x4C8, 0x6A8, 0xD10, 0x16E}},
    {0x5740, {0x000, 0x208, 0x248, 0x248, 0xF48, 0x24E, 0x248, 0x248, 0x248, 0x348, 0xE48, 0x0FE}},
    {0x5742, {0x000, 0x4FE, 0x480, 0x480, 0xEFC, 0x4A4, 0x4A4, 0x4A4, 0x4A4, 0x698, 0xD24, 0x142}},
    {0x5747, {0x000, 0x440, 0x440, 0x47E, 0xE82, 0x4A2, 0x512, 0x402, 0x412, 0x622, 0xC42, 0x00E}},
    {0x574A, {0x000, 0x420, 0x5FE, 0x440, 0xE40, 0x440, 0x47E, 0x442, 0x442, 0x682, 0xC82, 0x10E}},
    {0x574C, {0x000, 0x0A0, 0x318, 0xC06, 0x3F8, 0x108, 0x238, 0x000, 0x7FC, 0x040, 0x040, 0xFFE}},
    {0x574D, {0x000, 0x4FC, 0x484, 0x4A4, 0xE94, 0x484, 0x5FE, 0x484, 0x4A4, 0x694, 0xD04, 0x10C}},
    {0x574E, {0x000, 0x240, 0x240, 0x27E, 0xF42, 0x292, 0x294, 0x210, 0x228, 0x328, 0xE44, 0x082}},
    {0x574F, {0x000, 0x2FE, 0x208, 0x210, 0xF10, 0x234, 0x252, 0x292, 0x210, 0x310, 0xE10, 0x010}},
    {0x5750, {0x000, 0x248, 0x248, 0x248, 0x248, 0x554, 0x8E2, 0x040, 0x7FC, 0x040, 0x040, 0xFFE}},
    {0x5751, {0x000, 0x420, 0x5FE, 0x400, 0xEF8, 0x488, 0x488, 0x488, 0x48A, 0x68A, 0xD0A, 0x20E}},
    {0x5757, {0x000, 0x420, 0x4FC, 0x424, 0xE24, 0x424, 0x424, 0x5FE, 0x420, 0x650, 0xC88, 0x306}},
    {0x575A, {0x000, 0x17C, 0x544, 0x528, 0x510, 0x16C, 0x000, 0x040, 0x7FC, 0x040, 0x040, 0xFFE}},
    {0x575B, {0x000, 0x4FC, 0x400, 0x400, 0xE00, 0x5FE, 0x420, 0x420, 0x444, 0x644, 0xC84, 0x1FA}},
    {0x575C, {0x000, 0x4FE, 0x490, 0x490, 0xEFE, 0x492, 0x492, 0x492, 0x492, 0x692, 0xD22, 0x12E}},
    {0x575D, {0x000, 0x4FE, 0x482, 0x482, 0xE92, 0x492, 0x492, 0x492, 0x492, 0x610, 0xC28, 0x0C6}},
    {0x575E, {0x000, 0x420, 0x4FC, 0x484, 0xE84, 0x49C, 0x480, 0x4FE, 0x402, 0x6FA, 0xC02, 0x01E}},
    {0x575F, {0x000, 0x410, 0x4FE, 0x444, 0xE44, 0x444, 0x428, 0x428, 0x410, 0x610, 0xC28, 0x0C6}},
    {0x5760, {0x000, 0xF10, 0x910, 0xA10, 0x928, 0x928, 0xF44, 0x882, 0x040, 0x7FC, 0x040, 0xFFE}},
    {0x5761, {0x000, 0x410, 0x4FE, 0x492, 0xE92, 0x490, 0x4FC, 0x4C4, 0x4A8, 0x690, 0xD28, 0x146}},
    {0x5764, {0x000, 0x410, 0x4FE, 0x492, 0xE92, 0x4FE, 0x492, 0x492, 0x492, 0x6FE, 0xC10, 0x010}},
    {0x5766, {0x000, 0x4FC, 0x484, 0x484, 0xEFC, 0x484, 0x484, 0x484, 0x4FC, 0x600, 0xC00, 0x1FE}},
    {0x5768, {0x000, 0x410, 0x4FE, 0x482, 0xE82, 0x440, 0x446, 0x458, 0x4E0, 0x642, 0xC42, 0x07E}},
    {0x5769, {0x000, 0x444, 0x444, 0x4FE, 0xE44, 0x444, 0x444, 0x47C, 0x444, 0x644, 0xC44, 0x07C}},
    {0x576A, {0x000, 0x4FE, 0x410, 0x492, 0xE52, 0x454, 0x410, 0x4FE, 0x410, 0x610, 0xC10, 0x010}},
    {0x576B, {0x000, 0x410, 0x410, 0x41E, 0xE10, 0x410, 0x410, 0x4FE, 0x482, 0x682, 0xC82, 0x0FE}},
    {0x576D, {0x000, 0x4FE, 0x482, 0x482, 0xEFE, 0x480, 0x4A0, 0x4A6, 0x4B8, 0x6E0, 0xD22, 0x13E}},
    {0x576F, {0x000, 0x4FE, 0x410, 0x410, 0xE38, 0x456, 0x490, 0x410, 0x410, 0x610, 0xC00, 0x0FE}},
    {0x5773, {0x000, 0x448, 0x448, 0x49E, 0xE8A, 0x4EA, 0x44A, 0x44A, 0x48A, 0x6AA, 0xCAA, 0x0D6}},
    {0x5776, {0x000, 0x47C, 0x444, 0x464, 0xE54, 0x4FE, 0x484, 0x4A4, 0x494, 0x6FC, 0xC04, 0x01C}},
    {0x5777, {0x000, 0x4FE, 0x404, 0x404, 0xEF4, 0x494, 0x494, 0x494, 0x4F4, 0x604, 0xC04, 0x01C}},
    {0x577B, {0x000, 0x406, 0x4F8, 0x488, 0xE88, 0x488, 0x4FE, 0x488, 0x488, 0x68A, 0xCAA, 0x0D4}},
    {0x577C, {0x000, 0x40E, 0x4F0, 0x480, 0xE80, 0x4FE, 0x4A8, 0x498, 0x48C, 0x68A, 0xD08, 0x108}},
    {0x5782, {0x000, 0x00C, 0x7F0, 0x040, 0xFFE, 0x248, 0xFFE, 0x248, 0x248, 0xFFE, 0x040, 0xFFE}},
    {0x5783, {0x000, 0x410, 0x4FE, 0x400, 0xE44, 0x444, 0x424, 0x424, 0x428, 0x628, 0xC08, 0x0FE}},
    {0x5784, {0x000, 0x088, 0xFFF, 0x140, 0x14C, 0x270, 0xCC1, 0x03F, 0x040, 0x7FE, 0x040, 0xFFF}},
    {0x5785, {0x000, 0x428, 0x424, 0x5FE, 0xE40, 0x440, 0x444, 0x4A8, 0x4B2, 0x6E2, 0xD22, 0x13E}},
    {0x5786, {0x000, 0x410, 0x41E, 0x410, 0xEFE, 0x482, 0x482, 0x4FE, 0x480, 0x680, 0xD00, 0x100}},
    {0x578B, {0x000, 0xFC2, 0x492, 0x492, 0xFD2, 0x492, 0x886, 0x040, 0x7FC, 0x040, 0x040, 0xFFE}},
    {0x578C, {0x000, 0x4FE, 0x482, 0x4BA, 0xE82, 0x4BA, 0x4AA, 0x4AA, 0x4AA, 0x6BA, 0xC82, 0x08E}},
    {0x5792, {0x000, 0x080, 0x110, 0x208, 0x7F4, 0x208, 0x514, 0xEBA, 0x040, 0x7FC, 0x040, 0xFFE}},
    {0x5793, {0x000, 0x410, 0x4FE, 0x420, 0xE28, 0x4CA, 0x452, 0x424, 0x424, 0x648, 0xC94, 0x122}},
    {0x579B, {0x000, 0x47C, 0x444, 0x444, 0xE44, 0x446, 0x490, 0x410, 0x4FE, 0x610, 0xC54, 0x092}},
    {0x57A0, {0x000, 0x4FE, 0x482, 0x482, 0xEFE, 0x482, 0x482, 0x4FE, 0x490, 0x68A, 0xC84, 0x0DA}},
    {0x57A1, {0x000, 0x128, 0x224, 0xEFE, 0x210, 0x214, 0x2EA, 0x204, 0x040, 0x7FC, 0x040, 0xFFE}},
    {0x57A2, {0x000, 0x406, 0x4F8, 0x480, 0xE80, 0x4FE, 0x480, 0x480, 0x4BE, 0x6A2, 0xCA2, 0x13E}},
    {0x57A3, {0x000, 0x5FE, 0x400, 0x4FC, 0xE84, 0x484, 0x4FC, 0x484, 0x484, 0x6FC, 0xC00, 0x1FE}},
    {0x57A4, {0x000, 0x4FE, 0x420, 0x420, 0xE44, 0x4FA, 0x410, 0x410, 0x47C, 0x610, 0xC10, 0x0FE}},
    {0x57A6, {0x000, 0x7FC, 0x404, 0x7FC, 0x404, 0x7FC, 0x448, 0xF38, 0x046, 0x7FC, 0x040, 0xFFE}},
    {0x57A7, {0x000, 0x430, 0x4FE, 0x482, 0xE82, 0x4BA, 0x4AA, 0x4AA, 0x4AA, 0x6BA, 0xC82, 0x08E}},
    {0x57A9, {0x000, 0xFFE, 0x110, 0x514, 0x318, 0x110, 0xFFE, 0x040, 0x7FC, 0x040, 0x040, 0xFFE}},
    {0x57AB, {0x000, 0x440, 0xEF8, 0x448, 0x6C8, 0xC4A, 0x4AA, 0xD0E, 0x040, 0x7FC, 0x040, 0xFFE}},
    {0x57AD, {0x000, 0x5FE, 0x448, 0x448, 0xE48, 0x54A, 0x4CC, 0x448, 0x448, 0x648, 0xC48, 0x1FE}},
    {0x57AE, {0x000, 0x410, 0x4FE, 0x444, 0xE82, 0x47C, 0x400, 0x5FE, 0x440, 0x67C, 0xC04, 0x03C}},
    {0x57B2, {0x000, 0x492, 0x492, 0x492, 0xEFE, 0x400, 0x4FE, 0x402, 0x4FE, 0x680, 0xC82, 0x0FE}},
    {0x57B4, {0x000, 0x430, 0x4FE, 0x400, 0xE82, 0x4C6, 0x4AA, 0x492, 0x4AA, 0x6C6, 0xC82, 0x0FE}},
    {0x57B8, {0x000, 0x410, 0x4FE, 0x482, 0xE82, 0x47C, 0x400, 0x4FE, 0x428, 0x62A, 0xC4A, 0x08E}},
    {0x57C2, {0x000, 0x4FE, 0x410, 0x4FE, 0xE92, 0x4FE, 0x492, 0x4FE, 0x490, 0x650, 0xC20, 0x0DE}},
    {0x57C3, {0x000, 0x420, 0x420, 0x444, 0xEFA, 0x440, 0x47C, 0x490, 0x4FE, 0x610, 0xC28, 0x0C6}},
    {0x57CB, {0x000, 0x4FE, 0x492, 0x492, 0xEFE, 0x492, 0x492, 0x4FE, 0x410, 0x6FE, 0xC10, 0x0FE}},
    {0x57CE, {0x000, 0x40A, 0x408, 0x4FE, 0xE88, 0x488, 0x4EA, 0x4AA, 0x4AA, 0x6A4, 0xD26, 0x162}},
    {0x57CF, {0x000, 0x586, 0x4B8, 0x488, 0xE88, 0x52E, 0x528, 0x5A8, 0x4A8, 0x6BE, 0xC80, 0x17E}},
    {0x57D2, {0x000, 0x406, 0x5F8, 0x4A4, 0xE92, 0x512, 0x404, 0x5FE, 0x404, 0x684, 0xC44, 0x01C}},
    {0x57D4, {0x000, 0x424, 0x5FE, 0xE20, 0x5FC, 0x524, 0x5FC, 0x524, 0x5FC, 0x724, 0xD24, 0x12C}},
    {0x57D5, {0x000, 0x4FE, 0x482, 0x482, 0xE82, 0x4FE, 0x400, 0x4FE, 0x410, 0x6FE, 0xC10, 0x0FE}},
    {0x57D8, {0x000, 0x404, 0x4E4, 0x4A4, 0xEBE, 0x4A4, 0x4F4, 0x4AC, 0x4A4, 0x6A4, 0xCE4, 0x01C}},
    {0x57D9, {0x000, 0x4FE, 0x482, 0x4FE, 0xE00, 0x4FE, 0x482, 0x492, 0x492, 0x692, 0xC28, 0x0C6}},
    {0x57DA, {0x000, 0x4FC, 0x484, 0x484, 0xEFC, 0x420, 0x5FE, 0x522, 0x552, 0x78E, 0xD02, 0x106}},
    {0x57DD, {0x000, 0x410, 0x428, 0x4C6, 0xE10, 0x4FE, 0x404, 0x478, 0x400, 0x6A4, 0xC92, 0x17E}},
    {0x57DF, {0x000, 0x40A, 0x5FE, 0x408, 0xEE8, 0x4AA, 0x4EA, 0x40C, 0x428, 0x6CA, 0xC16, 0x024}},
    {0x57E0, {0x000, 0x420, 0x4FE, 0x482, 0xEFE, 0x480, 0x4FE, 0x482, 0x4FE, 0x610, 0xDFE, 0x010}},
    {0x57E4, {0x000, 0x430, 0x4FE, 0x492, 0xEFE, 0x492, 0x4FE, 0x450, 0x450, 0x6FE, 0xC10, 0x010}},
    {0x57ED, {0x000, 0x420, 0x5FC, 0x424, 0xEFE, 0x424, 0x5FC, 0x420, 0x4A8, 0x670, 0xCA8, 0x326}},
    {0x57EF, {0x000, 0x410, 0x4FE, 0x428, 0xE54, 0x4FE, 0x454, 0x47C, 0x454, 0x67C, 0xC12, 0x01E}},
    {0x57F4, {0x000, 0x408, 0x4FE, 0x408, 0xEBE, 0x4A2, 0x4BE, 0x4A2, 0x4BE, 0x6A2, 0xCA2, 0x0FE}},
    {0x57F8, {0x000, 0x4FE, 0x482, 0x4FE, 0xE82, 0x4FE, 0x440, 0x4FE, 0x52A, 0x652, 0xCA2, 0x04E}},
    {0x57F9, {0x000, 0x420, 0x5FE, 0x484, 0xE48, 0x5FE, 0x400, 0x4FC, 0x484, 0x684, 0xC84, 0x0FC}},
    {0x57FA, {0x000, 0x404, 0xFFE, 0x404, 0x7FC, 0x404, 0xFFE, 0x208, 0x444, 0xBFA, 0x040, 0xFFE}},
    {0x57FD, {0x000, 0x4FC, 0x404, 0x4FC, 0xE04, 0x4FC, 0x400, 0x5FE, 0x522, 0x7FC, 0xCA4, 0x0AC}},
    {0x5800, {0x000, 0x4FE, 0x482, 0x4FE, 0xE80, 0x4AA, 0x4AA, 0x4BE, 0x488, 0x6AA, 0xD2A, 0x13E}},
    {0x5802, {0x000, 0x444, 0x248, 0xFFE, 0x802, 0xBFA, 0x208, 0x3F8, 0x040, 0x7FC, 0x040, 0xFFE}},
    {0x5806, {0x000, 0x450, 0x450, 0x4FE, 0xE90, 0x590, 0x4FE, 0x490, 0x4FE, 0x690, 0xC90, 0x0FE}},
    {0x5807, {0x000, 0x208, 0xFFE, 0x208, 0x3F8, 0x444, 0x444, 0x7FC, 0x040, 0x7FC, 0x040, 0xFFE}},
    {0x580B, {0x000, 0x4EE, 0x4AA, 0x4AA, 0xEEE, 0x4AA, 0x4AA, 0x4EE, 0x4AA, 0x6AA, 0xCAA, 0x156}},
    {0x580D, {0x000, 0x43C, 0x444, 0x4FE, 0xE92, 0x492, 0x492, 0x4FE, 0x428, 0x62A, 0xC4A, 0x08E}},
    {0x5811, {0x000, 0x406, 0xFB8, 0xA20, 0xFBE, 0x224, 0xFA4, 0x224, 0x040, 0x7FC, 0x040, 0xFFE}},
    {0x5815, {0x000, 0xF10, 0x97E, 0xA20, 0x97E, 0x9A2, 0xB3E, 0x822, 0x040, 0x7FC, 0x040, 0xFFE}},
    {0x5819, {0x000, 0x4FE, 0x428, 0x4FE, 0xEAA, 0x4C6, 0x482, 0x4FE, 0x410, 0x6FE, 0xC10, 0x0FE}},
    {0x581E, {0x000, 0x4A4, 0x5FE, 0x4A4, 0xEA4, 0x4BC, 0x480, 0x4FE, 0x410, 0x6FE, 0xC54, 0x092}},
    {0x5820, {0x000, 0x45C, 0x484, 0x5BE, 0xE80, 0x4A8, 0x4BE, 0x4A8, 0x488, 0x6BE, 0xC94, 0x0A2}},
    {0x5821, {0x000, 0x2FE, 0x282, 0x4FE, 0xC10, 0x5FE, 0x454, 0x492, 0x040, 0x7FC, 0x040, 0xFFE}},
    {0x5824, {0x000, 0x4FE, 0x482, 0x4FE, 0xE82, 0x4FE, 0x400, 0x5FE, 0x410, 0x69E, 0xCD0, 0x13E}},
    {0x582A, {0x000, 0x484, 0x5FE, 0x484, 0xEFC, 0x484, 0x484, 0x5FE, 0x4A8, 0x6CE, 0xC80, 0x0FE}},
    {0x5830, {0x000, 0x4FE, 0x480, 0x4BC, 0xEA4, 0x4BC, 0x4A4, 0x4FE, 0x4A4, 0x698, 0xCA4, 0x0FE}},
    {0x5835, {0x000, 0x420, 0x4FA, 0x424, 0xE28, 0x5FE, 0x420, 0x5FC, 0x484, 0x6FC, 0xC84, 0x0FC}},
    {0x5844, {0x000, 0x4FE, 0x4AA, 0x4AA, 0xEFE, 0x410, 0x4FE, 0x420, 0x43E, 0x642, 0xC42, 0x08E}},
    {0x584C, {0x000, 0x4FE, 0x482, 0x4FE, 0xE82, 0x4FE, 0x400, 0x4EE, 0x4AA, 0x666, 0xCAA, 0x066}},
    {0x584D, {0x000, 0x754, 0x592, 0x5FE, 0x728, 0x5FE, 0x544, 0x792, 0x510, 0x57C, 0x910, 0xB7E}},
    {0x5851, {0x000, 0x53E, 0xFA2, 0x23E, 0xAA2, 0xFBE, 0x222, 0x446, 0x040, 0x7FC, 0x040, 0xFFE}},
    {0x5854, {0x000, 0x448, 0x5FE, 0x448, 0xE30, 0x448, 0x5B6, 0x400, 0x4FC, 0x684, 0xC84, 0x0FC}},
    {0x5858, {0x000, 0x410, 0x4FE, 0x490, 0xEFE, 0x492, 0x4FE, 0x492, 0x4FE, 0x6C2, 0xD42, 0x17E}},
    {0x585E, {0x000, 0x040, 0xFFE, 0x912, 0x7FC, 0x110, 0xFFE, 0x208, 0x444, 0xBFA, 0x040, 0xFFE}},
    {0x5865, {0x000, 0x4FE, 0x400, 0x4FE, 0xE82, 0x4FE, 0x400, 0x4FE, 0x4AA, 0x6FE, 0xC92, 0x096}},
    {0x586B, {0x000, 0x420, 0x5FE, 0x420, 0xEFC, 0x484, 0x4FC, 0x484, 0x4FC, 0x600, 0xDFE, 0x084}},
    {0x586C, {0x000, 0x4FE, 0x488, 0x4BE, 0xEA2, 0x4BE, 0x4A2, 0x4BE, 0x488, 0x6AA, 0xD2A, 0x118}},
    {0x587E, {0x000, 0x210, 0xFFC, 0x454, 0x7D4, 0x094, 0xFD6, 0x12A, 0x140, 0x7FC, 0x040, 0xFFE}},
    {0x5880, {0x000, 0x4FE, 0x482, 0x4FE, 0xEAA, 0x4FE, 0x4AA, 0x4C8, 0x4BE, 0x6A8, 0xD7E, 0x108}},
    {0x5881, {0x000, 0x47C, 0x444, 0x47C, 0xE44, 0x4FE, 0x4AA, 0x4AA, 0x4FE, 0x644, 0xC38, 0x0C6}},
    {0x5883, {0x000, 0x420, 0x5FE, 0x448, 0xFFE, 0x484, 0x4FC, 0x484, 0x4FC, 0x648, 0xC4A, 0x18E}},
    {0x5885, {0x000, 0xFBE, 0xA84, 0xF88, 0xAFE, 0xF8A, 0x208, 0xF98, 0x040, 0x7FC, 0x040, 0xFFE}},
    {0x5889, {0x000, 0x410, 0x4FE, 0x490, 0xEFE, 0x492, 0x4FE, 0x492, 0x4FE, 0x6D2, 0xD7E, 0x152}},
    {0x5892, {0x000, 0x410, 0x4FE, 0x444, 0xE28, 0x4FE, 0x4AA, 0x4C6, 0x4BA, 0x6AA, 0xCBA, 0x086}},
    {0x5893, {0x000, 0x110, 0xFFE, 0x110, 0x7FC, 0x404, 0x404, 0xFFE, 0x248, 0x5F4, 0x842, 0x7FC}},
    {0x5899, {0x000, 0x410, 0x5FE, 0x492, 0xE54, 0x5FE, 0x400, 0x5FE, 0x54A, 0x77A, 0xD02, 0x1FE}},
    {0x589A, {0x000, 0x4BC, 0x554, 0x4B6, 0xE14, 0x4A4, 0x54C, 0x410, 0x4FE, 0x654, 0xC54, 0x092}},
    {0x589E, {0x000, 0x444, 0x4FE, 0x492, 0xED6, 0x492, 0x4FE, 0x444, 0x444, 0x67C, 0xC44, 0x07C}},
    {0x589F, {0x000, 0x43E, 0x420, 0xEFE, 0x4A2, 0x4F8, 0x4A4, 0x4BC, 0x4AA, 0x6EE, 0xD28, 0x17E}},
    {0x58A8, {0x000, 0x7FC, 0x444, 0x7FC, 0x444, 0x7FC, 0x040, 0xFFE, 0x952, 0x7FC, 0x040, 0xFFE}},
    {0x58A9, {0x000, 0x448, 0x5FE, 0x4AA, 0xEEA, 0x40A, 0x4EA, 0x42A, 0x444, 0x6E4, 0xC4A, 0x0D2}},
    {0x58BC, {0x000, 0xFBE, 0xAA2, 0xF80, 0xABE, 0xFA2, 0x21C, 0xFA2, 0x040, 0x7FC, 0x040, 0xFFE}},
    {0x58C1, {0x000, 0x788, 0x4BE, 0x794, 0x43E, 0x788, 0xABE, 0xB88, 0x040, 0x7FC, 0x040, 0xFFE}},
    {0x58C5, {0x000, 0x040, 0xFFE, 0x448, 0xAFE, 0x588, 0xE88, 0x2FE, 0x440, 0x7FC, 0x040, 0xFFE}},
    {0x58D1, {0x000, 0x3BE, 0x222, 0xFA2, 0x894, 0x708, 0x894, 0xFA2, 0x040, 0x7FC, 0x040, 0xFFE}},
    {0x58D5, {0x000, 0x410, 0x4FE, 0x444, 0xEFE, 0x482, 0x47C, 0x430, 0x4DA, 0x62C, 0xCCA, 0x030}},
    {0x58E4, {0x000, 0x410, 0x5FE, 0x4AA, 0xEEE, 0x444, 0x4FE, 0x444, 0x4FE, 0x62A, 0xCC4, 0x072}},
    {0x58EB, {0x000, 0x040, 0x040, 0x040, 0xFFE, 0x040, 0x040, 0x040, 0x040, 0x040, 0x040, 0x7FC}},
    {0x58EC, {0x000, 0x00C, 0x7F0, 0x040, 0x040, 0x040, 0xFFE, 0x040, 0x040, 0x040, 0x040, 0x7FC}},
    {0x58EE, {0x000, 0x210, 0xA10, 0x610, 0x6FE, 0x210, 0x210, 0x610, 0x610, 0xA10, 0xA10, 0x27C}},
    {0x58F0, {0x000, 0x040, 0xFFE, 0x040, 0x7FC, 0x000, 0x7FC, 0x444, 0x7FC, 0x400, 0x400, 0x800}},
    {0x58F3, {0x000, 0x040, 0xFFE, 0x040, 0x7FC, 0x000, 0xFFE, 0x802, 0x3F8, 0x208, 0x20A, 0xC0E}},
    {0x58F6, {0x000, 0x040, 0xFFE, 0x040, 0x7FC, 0x000, 0xFFE, 0x912, 0x514, 0x318, 0x110, 0xFFE}},
    {0x58F9, {0x000, 0x040, 0xFFE, 0x040, 0xFFE, 0x802, 0x7FC, 0x404, 0x7FC, 0x208, 0x110, 0xFFE}},
    {0x5902, {0x000, 0x100, 0x100, 0x1FC, 0x204, 0x404, 0x908, 0x110, 0x0A0, 0x040, 0x1B0, 0xE0E}},
    {0x5904, {0x000, 0x208, 0x3E8, 0x228, 0x428, 0x44C, 0xA4A, 0x288, 0x108, 0x288, 0x460, 0x81E}},
    {0x5907, {0x000, 0x400, 0x7FE, 0x908, 0x0F0, 0xF0E, 0x000, 0xFFE, 0x842, 0xFFE, 0x842, 0xFFE}},
    {0x590D, {0x000, 0x400, 0x7FE, 0xA04, 0x3FC, 0x204, 0x3FC, 0x100, 0x3FE, 0x504, 0x8F8, 0x306}},
    {0x590F, {0x000, 0xFFE, 0x040, 0x7FC, 0x404, 0x7FC, 0x404, 0x7FC, 0x108, 0x710, 0x0E0, 0xF1E}},
    {0x5914, {0x000, 0x318, 0xFFE, 0x440, 0x6EE, 0x4A8, 0xEEE, 0x514, 0xBFA, 0x514, 0x0E0, 0xF1E}},
    {0x5915, {0x000, 0x100, 0x1FC, 0x204, 0x204, 0x504, 0x8C8, 0x028, 0x010, 0x020, 0x040, 0x180}},
    {0x5916, {0x000, 0x210, 0x3D0, 0x250, 0x450, 0x458, 0xA94, 0x192, 0x090, 0x110, 0x110, 0x210}},
    {0x5919, {0x000, 0x7F8, 0x408, 0x5E8, 0x488, 0x4E8, 0x528, 0x4A8, 0x448, 0x44A, 0x88A, 0x904}},
    {0x591A, {0x000, 0x040, 0x0F8, 0x708, 0x090, 0x060, 0x19E, 0xE22, 0x0C2, 0x024, 0x018, 0x3E0}},
    {0x591C, {0x000, 0x040, 0xFFE, 0x240, 0x27C, 0x444, 0x494, 0xD48, 0x428, 0x410, 0x428, 0x4C6}},
    {0x591F, {0x000, 0x410, 0x41C, 0x7A4, 0x8D8, 0x090, 0x4A8, 0x4CE, 0xA92, 0xEAC, 0x088, 0x3B0}},
    {0x5924, {0x000, 0x080, 0x0FC, 0x788, 0x070, 0x040, 0xFFE, 0xA4A, 0x3F8, 0x248, 0x3F8, 0xC06}},
    {0x5925, {0x000, 0xF90, 0xA9E, 0xFE2, 0xA94, 0xF88, 0x230, 0xF9E, 0x262, 0x714, 0xA88, 0x270}},
    {0x5927, {0x000, 0x040, 0x040, 0xFFE, 0x040, 0x0A0, 0x0A0, 0x110, 0x110, 0x208, 0x404, 0x802}},
    {0x5929, {0x000, 0xFFE, 0x040, 0x040, 0x040, 0xFFE, 0x040, 0x0A0, 0x0A0, 0x110, 0x208, 0xC06}},
    {0x592A, {0x000, 0x040, 0x040, 0xFFE, 0x040, 0x0A0, 0x0A0, 0x110, 0x110, 0x248, 0x424, 0x802}},
    {0x592B, {0x000, 0x040, 0x040, 0x7FC, 0x040, 0x040, 0xFFE, 0x040, 0x0A0, 0x110, 0x208, 0xC06}},
    {0x592D, {0x000, 0x00C, 0x7F0, 0x040, 0x040, 0x040, 0xFFE, 0x040, 0x0A0, 0x110, 0x208, 0xC06}},
    {0x592E, {0x000, 0x040, 0x7FC, 0x444, 0x444, 0x444, 0x444, 0xFFE, 0x0A0, 0x110, 0x208, 0xC06}},
    {0x592F, {0x000, 0x040, 0xFFE, 0x040, 0x0A0, 0x318, 0xC06, 0x040, 0x7FC, 0x084, 0x104, 0x61C}},
    {0x5931, {0x000, 0x240, 0x240, 0x7FE, 0x440, 0x840, 0x040, 0xFFE, 0x0A0, 0x110, 0x208, 0xC06}},
    {0x5934, {0x000, 0x120, 0x4A0, 0x220, 0x020, 0xFFE, 0x040, 0x0A0, 0x0A0, 0x110, 0x208, 0xC06}},
    {0x5937, {0x000, 0x040, 0xFFE, 0x040, 0x7FC, 0x044, 0x7FC, 0x440, 0x7FE, 0x0A6, 0x318, 0xC06}},
    {0x5938, {0x000, 0x040, 0xFFE, 0x110, 0x208, 0xDF6, 0x000, 0x7FC, 0x100, 0x1F8, 0x008, 0x0F8}},
    {0x5939, {0x000, 0x040, 0x7FC, 0x040, 0x248, 0x150, 0x040, 0xFFE, 0x0A0, 0x110, 0x208, 0xC06}},
    {0x593A, {0x000, 0x080, 0x080, 0xFFE, 0x110, 0x208, 0xC16, 0x010, 0xFFE, 0x210, 0x110, 0x070}},
    {0x593C, {0x000, 0x040, 0xFFE, 0x0A0, 0x318, 0xC06, 0x248, 0x248, 0x248, 0x248, 0x448, 0x448}},
    {0x5941, {0x000, 0x040, 0xFFE, 0x318, 0xC06, 0x7FC, 0x400, 0x598, 0x460, 0x598, 0x400, 0x7FC}},
    {0x5942, {0x000, 0x3F8, 0x408, 0x808, 0x7FC, 0x444, 0x444, 0x444, 0xFFE, 0x0A0, 0x110, 0xE0E}},
    {0x5944, {0x000, 0x080, 0xFFE, 0x110, 0x208, 0xFFE, 0x444, 0x7FC, 0x444, 0x7FC, 0x042, 0x07E}},
    {0x5947, {0x000, 0x040, 0xFFE, 0x0A0, 0x318, 0xC06, 0xFFE, 0x004, 0x7E4, 0x424, 0x7E4, 0x01C}},
    {0x5948, {0x000, 0x040, 0xFFE, 0x110, 0x208, 0xDF6, 0x000, 0x000, 0xFFE, 0x248, 0x444, 0x8C2}},
    {0x5949, {0x000, 0x040, 0xFFE, 0x080, 0x7FC, 0x110, 0xFFE, 0x248, 0x5F4, 0x842, 0x3F8, 0x040}},
    {0x594B, {0x000, 0x040, 0x040, 0xFFE, 0x0A0, 0x318, 0xC06, 0x7FC, 0x444, 0x7FC, 0x444, 0x7FC}},
    {0x594E, {0x000, 0x040, 0xFFE, 0x208, 0xC46, 0x7FC, 0x040, 0xFFE, 0x040, 0x7FC, 0x040, 0xFFE}},
    {0x594F, {0x000, 0x080, 0xFFE, 0x080, 0x7FC, 0x110, 0xFFE, 0x2E8, 0x444, 0xBFA, 0x0A0, 0x71C}},
    {0x5951, {0x000, 0x23E, 0xF92, 0x212, 0xF92, 0x222, 0xFA6, 0x040, 0xFFE, 0x0A0, 0x318, 0xC06}},
    {0x5954, {0x000, 0x040, 0xFFE, 0x0A0, 0x318, 0xC46, 0x3F8, 0x040, 0x208, 0xFFE, 0x208, 0x408}},
    {0x5955, {0x000, 0x040, 0xFFE, 0x090, 0x494, 0x912, 0x230, 0x040, 0xFFE, 0x0A0, 0x318, 0xC06}},
    {0x5956, {0x000, 0x490, 0x29E, 0x0AA, 0x184, 0x6B8, 0x000, 0x040, 0xFFE, 0x0A0, 0x318, 0xC06}},
    {0x5957, {0x000, 0x080, 0xFFE, 0x208, 0xC06, 0x7FC, 0x400, 0x7FC, 0x400, 0xFFE, 0x204, 0x7FA}},
    {0x5958, {0x000, 0x510, 0x7FE, 0x110, 0xF10, 0x57C, 0x900, 0x040, 0xFFE, 0x0A0, 0x318, 0xC06}},
    {0x595A, {0x000, 0x00E, 0xFF0, 0x484, 0x248, 0x480, 0x110, 0x7EC, 0x040, 0xFFE, 0x110, 0xE0E}},
    {0x5960, {0x000, 0xFFE, 0x110, 0x7FC, 0x4A4, 0x73C, 0x404, 0x7FC, 0x040, 0xFFE, 0x0A0, 0xF1E}},
    {0x5962, {0x000, 0x040, 0xFFE, 0x110, 0xE4E, 0x3F0, 0x048, 0xFFE, 0x304, 0xDFC, 0x104, 0x1FC}},
    {0x5965, {0x000, 0x080, 0x7FC, 0x554, 0x7FC, 0x4E4, 0x554, 0x040, 0xFFE, 0x0A0, 0x318, 0xC06}},
    {0x5973, {0x000, 0x080, 0x080, 0xFFE, 0x108, 0x108, 0x208, 0x310, 0x090, 0x060, 0x198, 0xE06}},
    {0x5974, {0x000, 0x43E, 0x402, 0xFA2, 0x4A2, 0x494, 0x894, 0x908, 0x508, 0x214, 0x514, 0x8A2}},
    {0x5976, {0x000, 0x4FC, 0x424, 0xF24, 0x528, 0x52E, 0x522, 0x522, 0x222, 0x242, 0x542, 0x54E}},
    {0x5978, {0x000, 0x4FE, 0x410, 0xF10, 0x510, 0x510, 0x5FE, 0x510, 0x210, 0x210, 0x510, 0x510}},
    {0x5979, {0x000, 0x410, 0x450, 0xF5E, 0x572, 0x5D2, 0x552, 0x552, 0x25E, 0x250, 0x542, 0x57E}},
    {0x597D, {0x000, 0x43E, 0x402, 0xF84, 0x488, 0x488, 0x4BE, 0x508, 0x508, 0x208, 0x508, 0x898}},
    {0x5981, {0x000, 0x410, 0x410, 0xFBE, 0x522, 0x542, 0x912, 0x90A, 0x90A, 0x602, 0x202, 0xD8E}},
    {0x5982, {0x000, 0x400, 0x43E, 0xFA2, 0x4A2, 0x4A2, 0x8A2, 0x922, 0x522, 0x222, 0x522, 0x8BE}},
    {0x5983, {0x000, 0x47E, 0x402, 0xF82, 0x502, 0x57E, 0x940, 0x940, 0x940, 0x642, 0x242, 0xD7E}},
    {0x5984, {0x000, 0x040, 0xFFE, 0x400, 0x400, 0x7FE, 0x080, 0xFFE, 0x108, 0x310, 0x0E0, 0xF1E}},
    {0x5986, {0x000, 0x210, 0xA10, 0x6FE, 0x622, 0x242, 0x284, 0x644, 0x628, 0xA10, 0xA28, 0x2C6}},
    {0x5987, {0x000, 0x47C, 0x404, 0xF04, 0x504, 0x504, 0x57C, 0x504, 0x204, 0x204, 0x504, 0x57C}},
    {0x5988, {0x000, 0x47C, 0x404, 0xF44, 0x544, 0x544, 0x57E, 0x502, 0x2FA, 0x202, 0x502, 0x51E}},
    {0x598A, {0x000, 0x40C, 0x470, 0xF10, 0x510, 0x510, 0x5FE, 0x510, 0x210, 0x210, 0x510, 0x57C}},
    {0x598D, {0x000, 0x47E, 0x424, 0xFA4, 0x524, 0x524, 0x97E, 0x924, 0x924, 0x624, 0x224, 0xD44}},
    {0x5992, {0x000, 0x47E, 0x440, 0xF7E, 0x542, 0x542, 0x57E, 0x540, 0x240, 0x240, 0x540, 0x880}},
    {0x5993, {0x000, 0x410, 0x4FE, 0xF10, 0x510, 0x57C, 0x504, 0x544, 0x228, 0x210, 0x528, 0x5C6}},
    {0x5996, {0x000, 0x40C, 0x470, 0xF10, 0x510, 0x5FE, 0x510, 0x510, 0x228, 0x228, 0x544, 0x582}},
    {0x5997, {0x000, 0x410, 0x428, 0xF44, 0x592, 0x508, 0x900, 0x97E, 0x902, 0x604, 0x208, 0xD30}},
    {0x5999, {0x000, 0x410, 0x454, 0xF54, 0x554, 0x554, 0x592, 0x514, 0x234, 0x208, 0x510, 0x560}},
    {0x599E, {0x000, 0x47C, 0x424, 0xF24, 0x524, 0x524, 0x97E, 0xA24, 0xE24, 0x224, 0x524, 0x97E}},
    {0x59A3, {0x000, 0x448, 0x448, 0xFC8, 0x54A, 0x57A, 0x94C, 0x948, 0x948, 0x64A, 0x25A, 0xDEE}},
    {0x59A4, {0x000, 0x400, 0x47C, 0xF04, 0x528, 0x510, 0x9FE, 0xA12, 0xE10, 0x310, 0x510, 0x930}},
    {0x59A5, {0x000, 0x00C, 0xFF0, 0x484, 0x248, 0x080, 0xFFE, 0x108, 0x390, 0x060, 0x198, 0xE06}},
    {0x59A8, {0x000, 0x410, 0x4FE, 0xF20, 0x520, 0x520, 0x53E, 0x522, 0x222, 0x222, 0x542, 0x54E}},
    {0x59A9, {0x000, 0x47E, 0x410, 0xF90, 0x510, 0x5FE, 0x928, 0x928, 0x928, 0x62A, 0x24A, 0xD4E}},
    {0x59AA, {0x000, 0x47E, 0x440, 0xFC2, 0x552, 0x54A, 0x944, 0x944, 0x94A, 0x652, 0x240, 0xD7E}},
    {0x59AB, {0x000, 0x490, 0x450, 0xF10, 0x510, 0x57E, 0x912, 0xA12, 0xE2A, 0x326, 0x542, 0x98C}},
    {0x59AE, {0x000, 0x47E, 0x442, 0xF42, 0x57E, 0x550, 0x550, 0x552, 0x25C, 0x252, 0x552, 0x49E}},
    {0x59AF, {0x000, 0x410, 0x410, 0xF10, 0x57E, 0x552, 0x552, 0x97E, 0x552, 0x252, 0x57E, 0x900}},
    {0x59B2, {0x000, 0x400, 0x47C, 0xF44, 0x544, 0x57C, 0x544, 0x944, 0x544, 0x27C, 0x500, 0x97E}},
    {0x59B9, {0x000, 0x410, 0x47C, 0xF10, 0x510, 0x5FE, 0x510, 0x538, 0x238, 0x254, 0x592, 0x510}},
    {0x59BB, {0x000, 0x040, 0xFFE, 0x044, 0xFFE, 0x044, 0x7FC, 0x080, 0xFFE, 0x208, 0x1F0, 0xE0E}},
    {0x59BE, {0x000, 0x040, 0xFFE, 0x208, 0x110, 0xFFE, 0x080, 0xFFE, 0x108, 0x310, 0x0E0, 0xF1E}},
    {0x59C6, {0x000, 0x47C, 0x444, 0xF54, 0x544, 0x5FE, 0x544, 0x554, 0x244, 0x27E, 0x504, 0x51C}},
    {0x59CA, {0x000, 0x410, 0x41C, 0xF70, 0x550, 0x550, 0x97E, 0xA12, 0xE32, 0x252, 0x596, 0x910}},
    {0x59CB, {0x000, 0x410, 0x410, 0xF24, 0x524, 0x57A, 0x500, 0x57E, 0x242, 0x242, 0x542, 0x97E}},
    {0x59D0, {0x000, 0x47C, 0x444, 0xF44, 0x57C, 0x544, 0x544, 0x57C, 0x244, 0x244, 0x544, 0x5FE}},
    {0x59D1, {0x000, 0x410, 0x410, 0xFFE, 0x510, 0x510, 0x510, 0x57C, 0x244, 0x244, 0x544, 0x57C}},
    {0x59D2, {0x000, 0x444, 0x444, 0xF44, 0x564, 0x554, 0x544, 0x944, 0x574, 0x2CA, 0x512, 0x8E2}},
    {0x59D3, {0x000, 0x428, 0x428, 0xF3E, 0x548, 0x508, 0x508, 0x53E, 0x208, 0x208, 0x508, 0x57E}},
    {0x59D4, {0x000, 0x7FC, 0x040, 0xFFE, 0x150, 0xE4E, 0x080, 0xFFE, 0x108, 0x310, 0x0E0, 0xF1E}},
    {0x59D7, {0x000, 0x4EE, 0x5AA, 0xFAA, 0x5AA, 0x5AA, 0x9FE, 0xAAA, 0xEAA, 0x2AA, 0x5AA, 0x92A}},
    {0x59D8, {0x000, 0x444, 0x428, 0xF00, 0x57C, 0x528, 0x928, 0xAFE, 0xE28, 0x328, 0x548, 0x988}},
    {0x59DA, {0x000, 0x428, 0x428, 0xFAA, 0x56C, 0x528, 0x56C, 0x5AA, 0x228, 0x22A, 0x54A, 0x54E}},
    {0x59DC, {0x000, 0x110, 0xFFE, 0x040, 0x7FC, 0x040, 0xFFE, 0x100, 0xFFE, 0x208, 0x1F0, 0xE0E}},
    {0x59DD, {0x000, 0x428, 0x428, 0xF3E, 0x548, 0x508, 0x57E, 0x908, 0x51C, 0x22A, 0x54A, 0x908}},
    {0x59E3, {0x000, 0x410, 0x410, 0x4FE, 0xF28, 0x544, 0x582, 0x944, 0x528, 0x210, 0x528, 0x946}},
    {0x59E5, {0x000, 0x410, 0x47A, 0xF12, 0x514, 0x5FE, 0x510, 0x526, 0x278, 0x2A0, 0x522, 0x53E}},
    {0x59E8, {0x000, 0x410, 0x4FE, 0xE10, 0xAFE, 0xA12, 0xAFE, 0xA90, 0x4FE, 0x412, 0xA28, 0xAC6}},
    {0x59EC, {0x000, 0x47E, 0x448, 0xF48, 0x55E, 0x552, 0x552, 0x552, 0x25E, 0x248, 0x548, 0x57E}},
    {0x59F9, {0x000, 0x410, 0x410, 0xF7E, 0x542, 0x50C, 0x970, 0xA16, 0xE78, 0x310, 0x512, 0x91E}},
    {0x59FB, {0x000, 0x4FE, 0x482, 0xE92, 0xAFE, 0xA92, 0xA92, 0xAAA, 0x4AA, 0x4C6, 0xA82, 0xAFE}},
    {0x59FF, {0x000, 0x880, 0x4FE, 0x122, 0x450, 0xB8E, 0x080, 0xFFE, 0x208, 0x710, 0x0F8, 0xF06}},
    {0x5A01, {0x000, 0x014, 0x7FE, 0x410, 0x5D2, 0x492, 0x7F4, 0x554, 0x548, 0x54A, 0x896, 0xB64}},
    {0x5A03, {0x000, 0x410, 0x4FE, 0xE10, 0xA10, 0xAFE, 0xA10, 0xA10, 0x4FE, 0x410, 0xA10, 0xAFE}},
    {0x5A04, {0x000, 0x444, 0x248, 0xFFE, 0x248, 0x444, 0x080, 0xFFE, 0x108, 0x210, 0x1E0, 0xE1E}},
    {0x5A05, {0x000, 0x400, 0x4FE, 0xF28, 0x528, 0x528, 0x9AA, 0xA6C, 0xE28, 0x328, 0x528, 0x9FE}},
    {0x5A06, {0x000, 0x420, 0x43C, 0xFE0, 0x528, 0x512, 0x96E, 0xA00, 0xEFE, 0x328, 0x54A, 0x98E}},
    {0x5A07, {0x000, 0x40E, 0x470, 0xF10, 0x57E, 0x524, 0x566, 0x5A4, 0x224, 0x224, 0x524, 0x524}},
    {0x5A08, {0x000, 0x040, 0xFFE, 0x0A0, 0x2A8, 0xCA6, 0x100, 0xFFE, 0x210, 0x720, 0x0D8, 0xF04}},
    {0x5A09, {0x000, 0x410, 0x47C, 0xF54, 0x57C, 0x554, 0x5FE, 0x920, 0x57C, 0x284, 0x504, 0x918}},
    {0x5A0C, {0x000, 0x47C, 0x454, 0xF54, 0x57C, 0x554, 0x954, 0xA7C, 0xE10, 0x37C, 0x510, 0x9FE}},
    {0x5A11, {0x000, 0x924, 0x124, 0xA22, 0x068, 0x410, 0x9E0, 0x080, 0xFFE, 0x208, 0x1F0, 0xE0E}},
    {0x5A13, {0x000, 0x47E, 0x442, 0xF7E, 0x550, 0x55C, 0x570, 0x95C, 0x570, 0x25C, 0x572, 0x98E}},
    {0x5A18, {0x000, 0x410, 0x47C, 0xF44, 0x57C, 0x544, 0x57C, 0x548, 0x24A, 0x244, 0x554, 0x5E2}},
    {0x5A1C, {0x000, 0x9EE, 0xEAA, 0xAAA, 0xBEA, 0xAAC, 0xAAA, 0xBEA, 0x4AA, 0x4AA, 0xAAC, 0xB68}},
    {0x5A1F, {0x000, 0x47E, 0x442, 0xF7E, 0x500, 0x57E, 0x542, 0x57E, 0x242, 0x27E, 0x542, 0x546}},
    {0x5A20, {0x000, 0x4FE, 0x480, 0xEFC, 0xA80, 0xAFE, 0xAA8, 0xAA8, 0x4AA, 0x4A4, 0xAA4, 0xB72}},
    {0x5A23, {0x000, 0x444, 0x428, 0xF7C, 0x514, 0x57C, 0x550, 0x97E, 0x512, 0x232, 0x55C, 0x910}},
    {0x5A25, {0x000, 0x4EA, 0x44A, 0xF48, 0x57E, 0x5C8, 0x54A, 0x94A, 0xE64, 0x3C4, 0x45A, 0x4E2}},
    {0x5A29, {0x000, 0x47C, 0x484, 0xE08, 0xAFE, 0xA92, 0xA92, 0xAFE, 0x428, 0x42A, 0xA4A, 0xA8E}},
    {0x5A31, {0x000, 0x47E, 0x442, 0xFC2, 0x57E, 0x500, 0x97E, 0x910, 0x97E, 0x610, 0x228, 0xDC6}},
    {0x5A32, {0x000, 0x47C, 0x444, 0xF44, 0x57C, 0x510, 0x97E, 0xA52, 0xE6A, 0x346, 0x542, 0x946}},
    {0x5A34, {0x000, 0x44E, 0x422, 0xF52, 0x552, 0x57E, 0x952, 0xA5A, 0xE76, 0x352, 0x552, 0x946}},
    {0x5A36, {0x000, 0xFEE, 0x442, 0x7CA, 0x444, 0x4C4, 0xF4A, 0x080, 0xFFE, 0x208, 0x1F0, 0xE0E}},
    {0x5A3C, {0x000, 0x47E, 0x442, 0xF7E, 0x542, 0x57E, 0x500, 0x57E, 0x242, 0x27E, 0x542, 0x57E}},
    {0x5A40, {0x000, 0x4EE, 0x4A2, 0xEA2, 0xAAE, 0xACA, 0xAAA, 0xAAA, 0x4AE, 0x4E2, 0xA82, 0xA86}},
    {0x5A46, {0x000, 0x410, 0x2FE, 0x892, 0x4FC, 0x0A4, 0x518, 0x866, 0xFFE, 0x108, 0x0F0, 0xF0E}},
    {0x5A49, {0x000, 0x420, 0x5FE, 0xF02, 0xA80, 0xAEE, 0xAAA, 0xAAA, 0x56E, 0x448, 0xA4A, 0xA8E}},
    {0x5A4A, {0x000, 0x410, 0x47C, 0xF10, 0x57C, 0x510, 0x9FE, 0xA10, 0xE68, 0x3AA, 0x524, 0x972}},
    {0x5A55, {0x000, 0x410, 0x4FE, 0xF14, 0x5FE, 0x514, 0x97C, 0xA10, 0xE5C, 0x350, 0x5B0, 0x91E}},
    {0x5A5A, {0x000, 0x47C, 0x448, 0xF7E, 0x548, 0x56A, 0x5C4, 0x57C, 0x244, 0x27C, 0x544, 0x57C}},
    {0x5A62, {0x000, 0x420, 0x4FE, 0xE92, 0xAFE, 0xA92, 0xAFE, 0xA20, 0x448, 0x4FE, 0xA08, 0xA08}},
    {0x5A67, {0x000, 0x410, 0x47C, 0xF10, 0x57C, 0x510, 0x5FE, 0x954, 0x57C, 0x244, 0x544, 0x94C}},
    {0x5A6A, {0x000, 0x208, 0xFBE, 0x208, 0x71C, 0xAAA, 0x208, 0x080, 0xFFE, 0x208, 0x1F0, 0xE0E}},
    {0x5A74, {0x000, 0xFBE, 0x8A2, 0xAAA, 0x514, 0x8A2, 0x040, 0xFFE, 0x108, 0x210, 0x1E0, 0xE1E}},
    {0x5A75, {0x000, 0x444, 0x528, 0xFFC, 0x554, 0x57C, 0x954, 0xA7C, 0xE10, 0x2FE, 0x510, 0x910}},
    {0x5A76, {0x000, 0x410, 0x4FE, 0xF92, 0x57C, 0x554, 0x97C, 0x954, 0x954, 0x67C, 0x210, 0xD90}},
    {0x5A77, {0x000, 0x410, 0x4FE, 0xF00, 0x57C, 0x544, 0x5FE, 0x982, 0x57C, 0x210, 0x510, 0x930}},
    {0x5A7A, {0x000, 0xF90, 0x09E, 0x524, 0xFD4, 0x348, 0xD36, 0x080, 0xFFE, 0x110, 0x0E0, 0xF1E}},
    {0x5A7F, {0x000, 0x4FE, 0x412, 0xF5C, 0x570, 0x59E, 0x57C, 0x544, 0x27C, 0x244, 0x57C, 0x544}},
    {0x5A92, {0x000, 0x444, 0x4FE, 0xF44, 0x57C, 0x544, 0x57C, 0x510, 0x2FE, 0x238, 0x554, 0x592}},
    {0x5A9A, {0x000, 0x4FE, 0x492, 0xEFE, 0xA80, 0xABE, 0xAA2, 0xABE, 0x4A2, 0x4BE, 0xAA2, 0xB3E}},
    {0x5A9B, {0x000, 0x406, 0x4F8, 0xE54, 0xAFE, 0xA20, 0xAFE, 0xA20, 0x47C, 0x4A4, 0xA18, 0xAE6}},
    {0x5AAA, {0x000, 0x400, 0x47C, 0xF44, 0x57C, 0x544, 0x57C, 0x900, 0x57C, 0x254, 0x554, 0x9FE}},
    {0x5AB2, {0x000, 0x410, 0x47E, 0xF6A, 0x552, 0x56A, 0x97E, 0xA48, 0xE6A, 0x24C, 0x56A, 0x98E}},
    {0x5AB3, {0x000, 0x410, 0x47E, 0xFC2, 0x57E, 0x542, 0x97E, 0x942, 0x97E, 0x610, 0x2CA, 0xD7E}},
    {0x5AB5, {0x000, 0x754, 0x592, 0x5FE, 0x728, 0x5FE, 0x544, 0x7A2, 0x5FE, 0x544, 0x538, 0xB66}},
    {0x5AB8, {0x000, 0x454, 0x47C, 0xF10, 0x520, 0x5FE, 0x910, 0xA7C, 0xE54, 0x27C, 0x512, 0x9FE}},
    {0x5ABE, {0x000, 0x428, 0x4FE, 0xF28, 0x57C, 0x528, 0x5FE, 0x954, 0x5FE, 0x254, 0x5FE, 0x944}},
    {0x5AC1, {0x000, 0x410, 0x4FE, 0xF82, 0x57C, 0x510, 0x56A, 0x51C, 0x26C, 0x21A, 0x568, 0x530}},
    {0x5AC2, {0x000, 0x436, 0x452, 0xF76, 0x552, 0x576, 0x510, 0x57E, 0x224, 0x224, 0x518, 0x566}},
    {0x5AC9, {0x000, 0x408, 0x47E, 0xF40, 0x550, 0x5DE, 0x554, 0x544, 0x2DE, 0x244, 0x54A, 0x54A}},
    {0x5ACC, {0x000, 0x444, 0x4FE, 0xF28, 0x5FE, 0x52A, 0x5FE, 0x52A, 0x2FE, 0x228, 0x56C, 0x5AA}},
    {0x5AD2, {0x000, 0x40C, 0x4F2, 0xF54, 0x5FE, 0x592, 0x97C, 0xA20, 0xE7C, 0x2A4, 0x518, 0x966}},
    {0x5AD4, {0x000, 0x410, 0x4FE, 0xF82, 0x53C, 0x540, 0x97C, 0xA48, 0xEFE, 0x200, 0x524, 0x942}},
    {0x5AD6, {0x000, 0x4FE, 0x428, 0xEFE, 0xAAA, 0xAFE, 0xA00, 0xAFE, 0x400, 0x4FE, 0xA10, 0xAB2}},
    {0x5AD8, {0x000, 0x47C, 0x454, 0xF7C, 0x554, 0x57C, 0x920, 0xA44, 0xE2E, 0x2F2, 0x554, 0x992}},
    {0x5ADC, {0x000, 0x410, 0x47C, 0xF28, 0x5FE, 0x544, 0x97C, 0xA44, 0xE7C, 0x310, 0x5FE, 0x910}},
    {0x5AE0, {0x000, 0x220, 0xFBE, 0x254, 0xF88, 0x736, 0xA80, 0x7FE, 0x488, 0x510, 0x8E0, 0xB9C}},
    {0x5AE1, {0x000, 0x410, 0x4FE, 0xE44, 0xAFE, 0xA92, 0xAFE, 0xA92, 0x4BA, 0x4AA, 0xABA, 0xA86}},
    {0x5AE3, {0x000, 0x5FE, 0x410, 0xE9E, 0xA90, 0xBFE, 0xA80, 0xAFE, 0x480, 0x4FE, 0xA0A, 0xAA6}},
    {0x5AE6, {0x000, 0x454, 0x4FE, 0xF82, 0x57C, 0x544, 0x97C, 0x910, 0xD7E, 0x252, 0x552, 0x810}},
    {0x5AE9, {0x000, 0x488, 0x5E8, 0xE8E, 0xBEA, 0xABA, 0xAAA, 0xBEA, 0x484, 0x5C4, 0xAAA, 0xA8A}},
    {0x5AEB, {0x000, 0x428, 0x4FE, 0xF28, 0x57C, 0x544, 0x57C, 0x944, 0x5FE, 0x210, 0x528, 0x946}},
    {0x5AF1, {0x000, 0x410, 0x4FE, 0xF92, 0x554, 0x5FE, 0x900, 0xAFE, 0xE82, 0x2BA, 0x5AA, 0x8FE}},
    {0x5B09, {0x000, 0x410, 0x4FE, 0xF10, 0x5FE, 0x544, 0x57C, 0x528, 0x2FE, 0x244, 0x544, 0x57C}},
    {0x5B16, {0x000, 0x7C8, 0x47E, 0x7D4, 0xC3E, 0x7C8, 0x47E, 0x7C8, 0xFFE, 0x110, 0x0F0, 0x70C}},
    {0x5B17, {0x000, 0x410, 0x4FE, 0xFAA, 0x5BA, 0x5FE, 0x900, 0xA7C, 0x444, 0x47C, 0xA44, 0xAFE}},
    {0x5B32, {0x000, 0xF5E, 0xA4A, 0xFFE, 0xAAA, 0xFBE, 0x4A8, 0xFBE, 0x5AA, 0x54A, 0x552, 0xBA6}},
    {0x5B34, {0x000, 0xFFE, 0x400, 0x7FE, 0x204, 0x3FC, 0xE4E, 0xAEA, 0xEAA, 0xAAE, 0xE4A, 0xAA2}},
    {0x5B37, {0x000, 0x410, 0x5FE, 0xF44, 0x5EE, 0x554, 0x954, 0x900, 0xE48, 0x290, 0x424, 0x8FA}},
    {0x5B40, {0x000, 0x4FE, 0x410, 0xEFE, 0xA92, 0xA54, 0xA00, 0xA4E, 0x4EA, 0x44E, 0xAEA, 0xB5E}},
    {0x5B50, {0x000, 0x7F8, 0x008, 0x010, 0x020, 0x040, 0xFFE, 0x040, 0x040, 0x040, 0x040, 0x1C0}},
    {0x5B51, {0x000, 0x7FC, 0x008, 0x010, 0x020, 0x046, 0x078, 0xFC0, 0x040, 0x040, 0x040, 0x1C0}},
    {0x5B53, {0x000, 0x7F8, 0x010, 0x020, 0x240, 0x140, 0x0C0, 0x060, 0x058, 0x046, 0x040, 0x1C0}},
    {0x5B54, {0x000, 0xFA0, 0x0A0, 0x120, 0x220, 0x220, 0x3A0, 0x222, 0xE22, 0x222, 0x222, 0x63E}},
    {0x5B55, {0x000, 0xFF8, 0x208, 0x20E, 0x202, 0x5F2, 0x826, 0x040, 0xFFE, 0x040, 0x040, 0x1C0}},
    {0x5B57, {0x000, 0x040, 0xFFE, 0x802, 0xBFA, 0x008, 0x030, 0x040, 0xFFE, 0x040, 0x040, 0x1C0}},
    {0x5B58, {0x000, 0x080, 0xFFE, 0x100, 0x200, 0x2FC, 0x408, 0xC10, 0x5FE, 0x410, 0x410, 0x430}},
    {0x5B59, {0x000, 0xF10, 0x110, 0x110, 0x254, 0x354, 0xE92, 0x292, 0x210, 0x210, 0x210, 0x670}},
    {0x5B5A, {0x000, 0x038, 0x7C4, 0x482, 0x840, 0x3F0, 0x020, 0x040, 0xFFE, 0x040, 0x040, 0x0C0}},
    {0x5B5B, {0x000, 0x040, 0x7FC, 0x040, 0xFFE, 0x802, 0x3F8, 0x020, 0x040, 0xFFE, 0x040, 0x0C0}},
    {0x5B5C, {0x000, 0xFA0, 0x0BE, 0x124, 0x224, 0x254, 0x394, 0xE14, 0x208, 0x208, 0x214, 0x622}},
    {0x5B5D, {0x000, 0x082, 0xFF4, 0x088, 0xFFC, 0x060, 0x1FC, 0xE18, 0x020, 0x7FE, 0x020, 0x0E0}},
    {0x5B5F, {0x000, 0x7F8, 0x030, 0x040, 0xFFE, 0x040, 0x1C0, 0x000, 0x7FC, 0x4A4, 0x4A4, 0xFFE}},
    {0x5B62, {0x000, 0xFA0, 0x120, 0x27E, 0x282, 0x37A, 0x24A, 0x67A, 0xA46, 0x240, 0x242, 0x63E}},
    {0x5B63, {0x000, 0x7FC, 0x040, 0xFFE, 0x150, 0x248, 0xDF6, 0x020, 0x040, 0xFFE, 0x040, 0x1C0}},
    {0x5B64, {0x000, 0xE06, 0x2F8, 0x2A4, 0x4A4, 0x4A4, 0x6A4, 0xCA4, 0x4A4, 0x4A4, 0x532, 0xD62}},
    {0x5B65, {0x000, 0x200, 0xFFE, 0x4A2, 0xD14, 0x308, 0xCB6, 0x3F8, 0x010, 0xFFE, 0x020, 0x060}},
    {0x5B66, {0x000, 0x484, 0x248, 0xFFE, 0x802, 0x3F8, 0x030, 0x040, 0xFFE, 0x040, 0x040, 0x1C0}},
    {0x5B69, {0x000, 0xE10, 0x2FE, 0x220, 0x442, 0x4F4, 0x608, 0xC32, 0x4C4, 0x408, 0x434, 0xCC2}},
    {0x5B6A, {0x000, 0x040, 0xFFE, 0x110, 0x514, 0x912, 0x7FC, 0x010, 0x020, 0xFFE, 0x040, 0x1C0}},
    {0x5B6C, {0x000, 0xFFE, 0x0C0, 0x170, 0x24E, 0xC40, 0x23E, 0xFC4, 0x488, 0x4BE, 0x308, 0xCD8}},
    {0x5B70, {0x000, 0x210, 0xFD0, 0x4BC, 0x794, 0x014, 0xF94, 0x134, 0x294, 0xF2C, 0x224, 0x646}},
    {0x5B71, {0x000, 0x7FE, 0x402, 0x7FE, 0x408, 0x5FE, 0x420, 0x5DC, 0x488, 0x7FE, 0x888, 0x998}},
    {0x5B73, {0x000, 0x110, 0xFFE, 0x210, 0x4A4, 0x318, 0x4A4, 0xFFA, 0x020, 0xFFE, 0x040, 0x1C0}},
    {0x5B75, {0x000, 0x2E2, 0xCBC, 0xAAA, 0xAA0, 0xEFE, 0xAA2, 0xAA4, 0xEBE, 0xAE4, 0x484, 0x88C}},
    {0x5B7A, {0x000, 0xEFE, 0x210, 0x2FE, 0x492, 0x454, 0x600, 0xCFE, 0x410, 0x4FE, 0x4AA, 0xCAA}},
    {0x5B7D, {0x000, 0x110, 0xFFE, 0x110, 0xFBE, 0x894, 0xF3E, 0x888, 0x7FC, 0x020, 0xFFE, 0x0C0}},
    {0x5B80, {0x000, 0x000, 0x040, 0x040, 0xFFE, 0x802, 0x802, 0x000, 0x000, 0x000, 0x000, 0x000}},
    {0x5B81, {0x000, 0x040, 0xFFE, 0x802, 0x000, 0xFFE, 0x040, 0x040, 0x040, 0x040, 0x040, 0x1C0}},
    {0x5B83, {0x000, 0x040, 0xFFE, 0x802, 0xA02, 0x200, 0x204, 0x238, 0x3C0, 0x202, 0x202, 0x3FE}},
    {0x5B84, {0x000, 0x040, 0xFFE, 0x882, 0x080, 0x7F8, 0x088, 0x088, 0x108, 0x10A, 0x20A, 0xC0E}},
    {0x5B85, {0x000, 0x040, 0xFFE, 0x802, 0x81A, 0x7E0, 0x086, 0x0F8, 0xF80, 0x082, 0x082, 0x0FE}},
    {0x5B87, {0x000, 0x040, 0xFFE, 0x802, 0x802, 0x7FC, 0x040, 0x040, 0xFFE, 0x040, 0x040, 0x1C0}},
    {0x5B88, {0x000, 0x040, 0xFFE, 0x802, 0x80A, 0x008, 0xFFE, 0x008, 0x208, 0x108, 0x008, 0x038}},
    {0x5B89, {0x000, 0x040, 0xFFE, 0x802, 0x080, 0xFFE, 0x108, 0x208, 0x790, 0x060, 0x198, 0xE06}},
    {0x5B8B, {0x000, 0x040, 0xFFE, 0x802, 0x842, 0x040, 0xFFE, 0x150, 0x150, 0x248, 0xC46, 0x040}},
    {0x5B8C, {0x000, 0x040, 0xFFE, 0x802, 0xBFA, 0x000, 0x000, 0xFFE, 0x110, 0x112, 0x212, 0xC1E}},
    {0x5B8F, {0x000, 0x040, 0xFFE, 0x802, 0x080, 0xFFE, 0x080, 0x120, 0x120, 0x244, 0x44A, 0x8F2}},
    {0x5B93, {0x000, 0x040, 0xFFE, 0x802, 0x080, 0x048, 0x150, 0x524, 0x542, 0x98A, 0x308, 0x5F8}},
    {0x5B95, {0x000, 0x040, 0xFFE, 0x802, 0x802, 0x7FC, 0x080, 0x100, 0x3FC, 0x504, 0x904, 0x1FC}},
    {0x5B97, {0x000, 0x040, 0xFFE, 0x802, 0xBFA, 0x000, 0x000, 0xFFE, 0x040, 0x444, 0x444, 0x8C2}},
    {0x5B98, {0x000, 0x040, 0xFFE, 0x802, 0xBFA, 0x208, 0x3F8, 0x200, 0x3FC, 0x204, 0x204, 0x3FC}},
    {0x5B99, {0x000, 0x040, 0xFFE, 0x802, 0x842, 0x7FC, 0x444, 0x444, 0x7FC, 0x444, 0x444, 0x7FC}},
    {0x5B9A, {0x000, 0x040, 0xFFE, 0x802, 0x802, 0x7FC, 0x040, 0x240, 0x27C, 0x240, 0x540, 0x8FE}},
    {0x5B9B, {0x000, 0x040, 0xFFE, 0x802, 0xA02, 0x3BC, 0x4A4, 0x4A4, 0xB2C, 0x120, 0x222, 0xC3E}},
    {0x5B9C, {0x000, 0x040, 0xFFE, 0x802, 0x802, 0xBFA, 0x208, 0x3F8, 0x208, 0x3F8, 0x208, 0xFFE}},
    {0x5B9D, {0x000, 0x040, 0xFFE, 0x802, 0x802, 0x7FC, 0x040, 0x040, 0x7FC, 0x048, 0x044, 0xFFE}},
    {0x5B9E, {0x000, 0x040, 0xFFE, 0xA42, 0x942, 0x440, 0x240, 0xFFE, 0x040, 0x0A0, 0x318, 0xC06}},
    {0x5BA0, {0x000, 0x040, 0xFFE, 0x802, 0x892, 0x088, 0xFFE, 0x0A0, 0x0A8, 0x130, 0x262, 0xCBE}},
    {0x5BA1, {0x000, 0x040, 0xFFE, 0x842, 0x842, 0x7FC, 0x444, 0x7FC, 0x444, 0x7FC, 0x040, 0x040}},
    {0x5BA2, {0x000, 0x040, 0xFFE, 0x902, 0x9F2, 0x310, 0x4E0, 0x318, 0xFFE, 0x404, 0x404, 0x7FC}},
    {0x5BA3, {0x000, 0x040, 0xFFE, 0x802, 0xBFA, 0x000, 0x7FC, 0x404, 0x7FC, 0x404, 0x404, 0xFFE}},
    {0x5BA4, {0x000, 0x040, 0xFFE, 0x802, 0xBFA, 0x080, 0x108, 0x7F4, 0x040, 0x7FC, 0x040, 0xFFE}},
    {0x5BA5, {0x000, 0x040, 0xFFE, 0x882, 0x7FC, 0x100, 0x3FC, 0x604, 0xBFC, 0x204, 0x3FC, 0x204}},
    {0x5BA6, {0x000, 0x040, 0xFFE, 0x802, 0x7FC, 0x440, 0x7FC, 0x404, 0x7FC, 0x440, 0x440, 0x7FC}},
    {0x5BAA, {0x000, 0x040, 0xFFE, 0x802, 0x240, 0x3FC, 0x440, 0x040, 0xFFE, 0x0A0, 0x122, 0xE3E}},
    {0x5BAB, {0x000, 0x040, 0xFFE, 0x802, 0xBFA, 0x208, 0x3F8, 0x000, 0x7FC, 0x404, 0x404, 0x7FC}},
    {0x5BB0, {0x000, 0x040, 0xFFE, 0x842, 0x7FC, 0x208, 0x110, 0xFFE, 0x040, 0x7FC, 0x040, 0x040}},
    {0x5BB3, {0x000, 0x040, 0xFFE, 0x842, 0xBFA, 0x040, 0x7FC, 0x040, 0xFFE, 0x404, 0x404, 0x7FC}},
    {0x5BB4, {0x000, 0x040, 0xFFE, 0xA0A, 0xBFA, 0x208, 0x3F8, 0x080, 0xFFE, 0x108, 0x1F0, 0xE0E}},
    {0x5BB5, {0x000, 0x040, 0xFFE, 0xA4A, 0x952, 0x7FC, 0x404, 0x7FC, 0x404, 0x7FC, 0x404, 0x40C}},
    {0x5BB6, {0x000, 0x040, 0xFFE, 0x802, 0xBFA, 0x0C0, 0x734, 0x0D8, 0x738, 0x0D4, 0x712, 0x060}},
    {0x5BB8, {0x000, 0x040, 0xFFE, 0x802, 0x7FC, 0x400, 0x7FC, 0x400, 0x7FE, 0x514, 0x948, 0xB86}},
    {0x5BB9, {0x000, 0x040, 0xFFE, 0x912, 0x60C, 0x0E0, 0x318, 0xC06, 0x7FC, 0x404, 0x404, 0x7FC}},
    {0x5BBD, {0x000, 0x040, 0xFFE, 0x912, 0xFFE, 0x110, 0x7FC, 0x404, 0x444, 0x444, 0x1B0, 0xE0E}},
    {0x5BBE, {0x000, 0x040, 0xFFE, 0x802, 0xBFA, 0x200, 0x3F8, 0x208, 0x208, 0xFFE, 0x208, 0xC06}},
    {0x5BBF, {0x000, 0x040, 0xFFE, 0x802, 0x200, 0x2FC, 0x420, 0x4FC, 0xC84, 0x4FC, 0x484, 0x4FC}},
    {0x5BC2, {0x000, 0x040, 0xFFE, 0x802, 0x200, 0x3BE, 0x202, 0xFA2, 0x214, 0xA88, 0xA94, 0x622}},
    {0x5BC4, {0x000, 0x040, 0xFFE, 0x842, 0xBFA, 0x0A0, 0x718, 0x000, 0xFFE, 0x424, 0x7E4, 0x01C}},
    {0x5BC5, {0x000, 0x040, 0xFFE, 0x802, 0x7FC, 0x040, 0x7FC, 0x444, 0x7FC, 0x444, 0x7FC, 0xC06}},
    {0x5BC6, {0x000, 0x040, 0xFFE, 0x892, 0x524, 0x9C2, 0x308, 0xDF8, 0x000, 0x444, 0x444, 0x7FC}},
    {0x5BC7, {0x000, 0x040, 0xFFE, 0x812, 0x71C, 0x010, 0xFBC, 0x504, 0x528, 0x512, 0x52A, 0x9FE}},
    {0x5BCC, {0x000, 0x040, 0xFFE, 0x802, 0xBFA, 0x208, 0xFFE, 0x842, 0xFFE, 0x842, 0x842, 0xFFE}},
    {0x5BD0, {0x000, 0x040, 0xFFE, 0x802, 0x510, 0x57C, 0x710, 0x1FE, 0xF54, 0x554, 0x592, 0x930}},
    {0x5BD2, {0x000, 0x040, 0xFFE, 0x912, 0x7FC, 0x110, 0xFFE, 0x110, 0x2C8, 0xC26, 0x1C0, 0x030}},
    {0x5BD3, {0x000, 0x040, 0xFFE, 0x802, 0xFFE, 0x444, 0x7FC, 0x444, 0xFFE, 0x852, 0xBEA, 0x806}},
    {0x5BDD, {0x000, 0x040, 0xFFE, 0x80A, 0x278, 0xA08, 0x6FE, 0x282, 0x27C, 0x624, 0xA18, 0x266}},
    {0x5BDE, {0x000, 0x040, 0xFFE, 0x912, 0x7FC, 0x208, 0x3F8, 0x208, 0xFFE, 0x0A0, 0x318, 0xC06}},
    {0x5BDF, {0x000, 0x040, 0xFFE, 0x802, 0x3AC, 0xE94, 0x50E, 0xEE0, 0x000, 0x7FC, 0x248, 0xCC4}},
    {0x5BE1, {0x000, 0x040, 0xFFE, 0xA0A, 0xA0A, 0x3F8, 0x208, 0xFFE, 0x404, 0xBFA, 0x088, 0x338}},
    {0x5BE4, {0x000, 0x040, 0xFFE, 0x802, 0x57C, 0x510, 0x77C, 0x124, 0xF7E, 0x544, 0x544, 0x97C}},
    {0x5BE5, {0x000, 0x040, 0xFFE, 0xA96, 0x5AC, 0x2D4, 0x1B0, 0xE4E, 0x0A0, 0x3C8, 0x030, 0x3C0}},
    {0x5BE8, {0x000, 0x040, 0xFFE, 0x912, 0x7FC, 0x110, 0xFFE, 0x444, 0xBFA, 0x0E0, 0x150, 0x64C}},
    {0x5BEE, {0x000, 0x040, 0xFFE, 0x842, 0x7FC, 0x0A0, 0xB1A, 0x7FC, 0xA0A, 0x3F8, 0x248, 0xCC6}},
    {0x5BF0, {0x000, 0x040, 0xFFE, 0x802, 0x7FC, 0x514, 0xFFE, 0x404, 0x7FC, 0x128, 0x310, 0xDCE}},
    {0x5BF8, {0x000, 0x010, 0x010, 0xFFE, 0x010, 0x010, 0x210, 0x110, 0x110, 0x010, 0x010, 0x070}},
    {0x5BF9, {0x000, 0x004, 0xF84, 0x084, 0x0FE, 0x904, 0x524, 0x214, 0x314, 0x484, 0x884, 0x01C}},
    {0x5BFA, {0x000, 0x040, 0x7FC, 0x040, 0x040, 0xFFE, 0x008, 0xFFE, 0x208, 0x108, 0x008, 0x038}},
    {0x5BFB, {0x000, 0x7FC, 0x004, 0x7FC, 0x004, 0xFFE, 0x008, 0xFFE, 0x008, 0x108, 0x0C8, 0x018}},
    {0x5BFC, {0x000, 0x7FC, 0x404, 0x7FC, 0x400, 0x402, 0x7FE, 0x010, 0xFFE, 0x210, 0x110, 0x030}},
    {0x5BFF, {0x000, 0x080, 0xFFE, 0x080, 0x7FC, 0x080, 0xFFE, 0x108, 0xFFE, 0x208, 0xC88, 0x018}},
    {0x5C01, {0x000, 0x204, 0xF84, 0x27E, 0x204, 0xF84, 0x024, 0x214, 0xF94, 0x204, 0x384, 0xE1C}},
    {0x5C04, {0x000, 0x204, 0x784, 0x4BE, 0x784, 0x4A4, 0x794, 0x4D4, 0xF84, 0x284, 0xC84, 0x19C}},
    {0x5C06, {0x000, 0x206, 0xAF8, 0x6A2, 0x652, 0x254, 0x204, 0x6FE, 0x604, 0xA44, 0xA24, 0x20C}},
    {0x5C09, {0x000, 0xFC4, 0x844, 0xFFE, 0x804, 0xFC4, 0x814, 0xFD4, 0x914, 0xD44, 0xD44, 0x91C}},
    {0x5C0A, {0x000, 0x110, 0xFFE, 0x0A0, 0x7FC, 0x4A4, 0x524, 0x7FC, 0x404, 0xFFE, 0x108, 0x038}},
    {0x5C0F, {0x000, 0x040, 0x040, 0x040, 0x444, 0x444, 0x444, 0x842, 0x842, 0x040, 0x040, 0x1C0}},
    {0x5C11, {0x000, 0x040, 0x248, 0x248, 0x444, 0x444, 0x842, 0x048, 0x008, 0x010, 0x060, 0x780}},
    {0x5C14, {0x000, 0x200, 0x3FE, 0x402, 0x842, 0x040, 0x040, 0x444, 0x444, 0x842, 0x842, 0x0C0}},
    {0x5C15, {0x000, 0xFF0, 0x110, 0x13C, 0x204, 0x404, 0x858, 0x040, 0x248, 0x444, 0x842, 0x1C0}},
    {0x5C16, {0x000, 0x040, 0x444, 0x444, 0x8C2, 0x000, 0x040, 0xFFE, 0x040, 0x0A0, 0x318, 0xC06}},
    {0x5C18, {0x000, 0x040, 0x248, 0x444, 0x842, 0x000, 0x040, 0x040, 0x7FC, 0x040, 0x040, 0xFFE}},
    {0x5C1A, {0x000, 0x444, 0x248, 0x040, 0xFFE, 0x802, 0x9F2, 0x912, 0x912, 0x9F2, 0x802, 0x80E}},
    {0x5C1C, {0x000, 0x040, 0x248, 0x444, 0x842, 0x100, 0xFFE, 0x208, 0x444, 0x952, 0x248, 0x0C0}},
    {0x5C1D, {0x000, 0x444, 0x248, 0xFFE, 0x802, 0xBFA, 0x000, 0x7FC, 0x080, 0x108, 0x208, 0x7F4}},
    {0x5C22, {0x000, 0x040, 0x040, 0xFFE, 0x080, 0x080, 0x140, 0x140, 0x240, 0x242, 0x442, 0x87E}},
    {0x5C24, {0x000, 0x090, 0x088, 0xFFE, 0x080, 0x080, 0x0A0, 0x0A0, 0x120, 0x122, 0x222, 0xC3E}},
    {0x5C25, {0x000, 0x420, 0x43C, 0xFC4, 0x484, 0x4A4, 0x494, 0x494, 0x484, 0x49C, 0x882, 0x8FE}},
    {0x5C27, {0x000, 0x09C, 0x7E0, 0x088, 0x054, 0x064, 0x798, 0x000, 0xFFE, 0x120, 0x222, 0xC3E}},
    {0x5C2C, {0x000, 0x410, 0x428, 0xF44, 0x5AA, 0x528, 0x528, 0x528, 0x548, 0x548, 0x902, 0x9FE}},
    {0x5C31, {0x000, 0x210, 0xF94, 0x07E, 0xF90, 0x890, 0x898, 0xF98, 0x228, 0xAAA, 0xAAA, 0x64E}},
    {0x5C34, {0x000, 0x4A8, 0x4AE, 0xFA8, 0x5AA, 0x500, 0x5FC, 0x554, 0x554, 0x5FE, 0x902, 0x9FE}},
    {0x5C38, {0x000, 0x7FE, 0x402, 0x402, 0x7FE, 0x400, 0x400, 0x400, 0x400, 0x400, 0x800, 0x800}},
    {0x5C39, {0x000, 0xFFC, 0x084, 0x084, 0xFFE, 0x084, 0x084, 0xFFC, 0x100, 0x100, 0x200, 0xC00}},
    {0x5C3A, {0x000, 0x7FC, 0x404, 0x404, 0x404, 0x7FC, 0x420, 0x420, 0x410, 0x410, 0x808, 0x806}},
    {0x5C3B, {0x000, 0x7FE, 0x402, 0x402, 0x7FE, 0x400, 0x440, 0x5F8, 0x448, 0x44A, 0x88A, 0x90E}},
    {0x5C3C, {0x000, 0x7FE, 0x402, 0x402, 0x7FE, 0x400, 0x480, 0x48E, 0x4F8, 0x482, 0x882, 0x8FE}},
    {0x5C3D, {0x000, 0x7FC, 0x404, 0x404, 0x7FC, 0x408, 0x588, 0x468, 0x408, 0x584, 0x864, 0x812}},
    {0x5C3E, {0x000, 0x7FE, 0x402, 0x7FE, 0x408, 0x5F0, 0x440, 0x5FC, 0x440, 0x5FC, 0x842, 0x87E}},
    {0x5C3F, {0x000, 0x7FE, 0x402, 0x402, 0x7FE, 0x400, 0x420, 0x5AA, 0x4AC, 0x4A8, 0x924, 0xA62}},
    {0x5C40, {0x000, 0x7FE, 0x402, 0x7FE, 0x400, 0x7FE, 0x402, 0x5FA, 0x50A, 0x5FA, 0x802, 0x80E}},
    {0x5C41, {0x000, 0x7FE, 0x402, 0x7FE, 0x400, 0x510, 0x512, 0x5DC, 0x510, 0x512, 0x952, 0xB9E}},
    {0x5C42, {0x000, 0x7FE, 0x402, 0x402, 0x7FE, 0x400, 0x5FC, 0x400, 0x7FE, 0x480, 0x904, 0xBFA}},
    {0x5C45, {0x000, 0x7FC, 0x404, 0x404, 0x7FC, 0x420, 0x7FE, 0x420, 0x5FC, 0x504, 0x904, 0x9FC}},
    {0x5C48, {0x000, 0x7FE, 0x402, 0x7FE, 0x400, 0x492, 0x492, 0x4FE, 0x410, 0x492, 0x892, 0x8FE}},
    {0x5C49, {0x000, 0x7FE, 0x402, 0x7FE, 0x400, 0x544, 0x7FE, 0x544, 0x544, 0x57C, 0x900, 0x9FE}},
    {0x5C4A, {0x000, 0x7FE, 0x402, 0x7FE, 0x420, 0x5FC, 0x524, 0x524, 0x5FC, 0x524, 0x924, 0x9FC}},
    {0x5C4B, {0x000, 0x7FE, 0x402, 0x7FE, 0x400, 0x7FE, 0x484, 0x5FA, 0x420, 0x5FC, 0x820, 0xBFE}},
    {0x5C4E, {0x000, 0x7FE, 0x402, 0x7FE, 0x400, 0x524, 0x4A8, 0x7FE, 0x4A8, 0x524, 0xA22, 0x820}},
    {0x5C4F, {0x000, 0x7FE, 0x402, 0x7FE, 0x484, 0x448, 0x5FE, 0x448, 0x448, 0x5FE, 0x848, 0x888}},
    {0x5C50, {0x000, 0x7FE, 0x402, 0x7FE, 0x548, 0x6BE, 0x588, 0x6BE, 0x4A2, 0x494, 0x888, 0x8B6}},
    {0x5C51, {0x000, 0x7FE, 0x402, 0x7FE, 0x492, 0x454, 0x4FE, 0x482, 0x4FE, 0x482, 0x8FE, 0x882}},
    {0x5C55, {0x000, 0x7FE, 0x402, 0x7FE, 0x488, 0x7FE, 0x488, 0x7FE, 0x520, 0x514, 0x908, 0xBC6}},
    {0x5C59, {0x000, 0x7FE, 0x402, 0x7FE, 0x400, 0x5FE, 0x544, 0x5BC, 0x564, 0x57C, 0x984, 0x91C}},
    {0x5C5E, {0x000, 0x7FE, 0x402, 0x7FE, 0x420, 0x5FC, 0x524, 0x5FC, 0x420, 0x7FE, 0xA2A, 0xAF6}},
    {0x5C60, {0x000, 0x7FE, 0x402, 0x7FE, 0x420, 0x4FA, 0x424, 0x5FE, 0x444, 0x5FC, 0x844, 0x87C}},
    {0x5C61, {0x000, 0x7FE, 0x402, 0x7FE, 0x524, 0x4A8, 0x7FE, 0x4A8, 0x524, 0x7FE, 0x888, 0xB7E}},
    {0x5C63, {0x000, 0x7FE, 0x402, 0x7FE, 0x548, 0x6AE, 0x528, 0x73E, 0x508, 0x52E, 0x928, 0x95E}},
    {0x5C65, {0x000, 0x7FE, 0x402, 0x7FE, 0x540, 0x67E, 0x4C4, 0x57C, 0x724, 0x564, 0x918, 0x966}},
    {0x5C66, {0x000, 0x7FE, 0x402, 0x7FE, 0x548, 0x6AA, 0x57E, 0x72A, 0x57E, 0x524, 0x918, 0x966}},
    {0x5C6E, {0x000, 0x040, 0x040, 0x842, 0x842, 0x842, 0x842, 0xFFE, 0x040, 0x040, 0x040, 0x040}},
    {0x5C6F, {0x000, 0x040, 0xFFE, 0x040, 0x444, 0x444, 0x444, 0x7FC, 0x040, 0x042, 0x042, 0x07E}},
    {0x5C71, {0x000, 0x040, 0x842, 0x842, 0x842, 0x842, 0x842, 0x842, 0x842, 0x842, 0x842, 0xFFE}},
    {0x5C79, {0x000, 0x220, 0xABE, 0xAA0, 0xAC0, 0xABC, 0xA84, 0xA88, 0xA90, 0xA90, 0xFA2, 0x01E}},
    {0x5C7A, {0x000, 0x23E, 0xA82, 0xA82, 0xA82, 0xABE, 0xAA0, 0xAA0, 0xAA0, 0xAA2, 0xFA2, 0x03E}},
    {0x5C7F, {0x000, 0x210, 0x210, 0xA9E, 0xAA0, 0xAFE, 0xA82, 0xA82, 0xAFA, 0xB82, 0xE02, 0x01E}},
    {0x5C81, {0x000, 0x040, 0x842, 0x842, 0xFFE, 0x200, 0x3FE, 0xD02, 0x084, 0x048, 0x070, 0xF80}},
    {0x5C82, {0x000, 0x040, 0x842, 0xFFE, 0x000, 0xFFE, 0x002, 0x002, 0xFFE, 0x800, 0x802, 0x7FE}},
    {0x5C88, {0x000, 0x23E, 0xA84, 0xAA4, 0xAA4, 0xABE, 0xA94, 0xA94, 0xAA4, 0xAC4, 0xF84, 0x01C}},
    {0x5C8C, {0x000, 0x040, 0x842, 0xFFE, 0x000, 0x7FC, 0x208, 0x210, 0x33C, 0x288, 0x470, 0xB8E}},
    {0x5C8D, {0x000, 0x23E, 0xA94, 0xA94, 0xA94, 0xA94, 0xABE, 0xA94, 0xA94, 0xA94, 0xF94, 0x024}},
    {0x5C90, {0x000, 0x208, 0xABE, 0xA88, 0xA88, 0xABE, 0xA82, 0xAA2, 0xA94, 0xA88, 0xF94, 0x022}},
    {0x5C91, {0x000, 0x040, 0x842, 0xFFE, 0x040, 0x0A0, 0x358, 0xC26, 0x3F8, 0x008, 0x010, 0x0E0}},
    {0x5C94, {0x000, 0x0A0, 0x318, 0xC06, 0x7FC, 0x404, 0x404, 0x81C, 0x040, 0x842, 0x842, 0xFFE}},
    {0x5C96, {0x000, 0x23E, 0xAA0, 0xAA0, 0xAB2, 0xAAA, 0xAA4, 0xAA4, 0xAAA, 0xAB2, 0xFA0, 0x03E}},
    {0x5C97, {0x000, 0x844, 0x844, 0xFFC, 0x000, 0xFFC, 0x914, 0x8A4, 0x844, 0x8A4, 0xB14, 0x80C}},
    {0x5C98, {0x000, 0x23E, 0xAA2, 0xAAA, 0xAAA, 0xAAA, 0xAAA, 0xAAA, 0xA88, 0xA9A, 0xFAE, 0x000}},
    {0x5C99, {0x000, 0x01C, 0x7E0, 0x040, 0xFFE, 0x110, 0x208, 0xC06, 0x040, 0x444, 0x444, 0x7FC}},
    {0x5C9A, {0x000, 0x040, 0x444, 0x7FC, 0x000, 0x7F8, 0x528, 0x4A8, 0x448, 0x44A, 0x8AA, 0x914}},
    {0x5C9B, {0x000, 0x080, 0x7FC, 0x404, 0x484, 0x44C, 0x400, 0x7FE, 0x002, 0x912, 0x912, 0xFF6}},
    {0x5C9C, {0x000, 0x842, 0x842, 0xFFE, 0x000, 0xFFE, 0x842, 0x842, 0xFFE, 0x800, 0x802, 0xFFE}},
    {0x5CA2, {0x000, 0x040, 0x842, 0xFFE, 0x000, 0xFFE, 0x004, 0x7E4, 0x424, 0x424, 0x7E4, 0x01C}},
    {0x5CA3, {0x000, 0x220, 0xABE, 0xAC2, 0xA82, 0xABA, 0xAAA, 0xAAA, 0xAAA, 0xABA, 0xF82, 0x00E}},
    {0x5CA9, {0x000, 0x444, 0x444, 0x7FC, 0x000, 0xFFE, 0x100, 0x200, 0x7FC, 0xA04, 0x204, 0x3FC}},
    {0x5CAB, {0x000, 0x208, 0xABE, 0xAAA, 0xAAA, 0xAAA, 0xABE, 0xAAA, 0xAAA, 0xAAA, 0xFAA, 0x03E}},
    {0x5CAC, {0x000, 0x23E, 0xAAA, 0xAAA, 0xAAA, 0xABE, 0xAAA, 0xAAA, 0xAAA, 0xABE, 0xF88, 0x008}},
    {0x5CAD, {0x000, 0x018, 0x224, 0x242, 0xA90, 0xA88, 0xAFE, 0xA82, 0xA84, 0xFA8, 0x010, 0x008}},
    {0x5CB1, {0x000, 0x128, 0x224, 0xEFE, 0x210, 0x214, 0x26A, 0x204, 0x040, 0x842, 0x842, 0xFFE}},
    {0x5CB3, {0x000, 0x00C, 0x7F0, 0x400, 0x7FC, 0x410, 0x410, 0xFFE, 0x040, 0x444, 0x444, 0x7FC}},
    {0x5CB5, {0x000, 0x208, 0xA88, 0xABE, 0xA88, 0xA88, 0xABE, 0xAA2, 0xAA2, 0xAA2, 0xFA2, 0x03E}},
    {0x5CB7, {0x000, 0x23E, 0xAA2, 0xAA2, 0xABE, 0xAA8, 0xAA8, 0xABE, 0xAA8, 0xAA8, 0xFAA, 0x034}},
    {0x5CB8, {0x000, 0x842, 0x842, 0xFFE, 0x000, 0xFFE, 0x800, 0x9FC, 0x820, 0xBFE, 0x820, 0x820}},
    {0x5CBD, {0x000, 0x040, 0x842, 0xFFE, 0x100, 0xFFE, 0x240, 0x440, 0xFFE, 0x040, 0x248, 0xCC6}},
    {0x5CBF, {0x000, 0x040, 0x842, 0xFFE, 0x000, 0x17E, 0x902, 0x902, 0x97E, 0xA02, 0x202, 0x47E}},
    {0x5CC1, {0x000, 0x040, 0x842, 0xFFE, 0x000, 0xFBE, 0x822, 0x8A2, 0x9A2, 0xEAE, 0x0A0, 0x320}},
    {0x5CC4, {0x000, 0x23E, 0xAA2, 0xA94, 0xA88, 0xA94, 0xAA2, 0xA88, 0xABE, 0xA88, 0xFBE, 0x008}},
    {0x5CCB, {0x000, 0x220, 0xABE, 0xAC2, 0xABA, 0xAAA, 0xABA, 0xAAA, 0xABA, 0xAAA, 0xFBA, 0x006}},
    {0x5CD2, {0x000, 0x2FE, 0xA82, 0xABA, 0xA82, 0xABA, 0xAAA, 0xAAA, 0xAAA, 0xABA, 0xF82, 0x086}},
    {0x5CD9, {0x000, 0x208, 0xABE, 0xA88, 0xA88, 0xABE, 0xA84, 0xABE, 0xA84, 0xAA4, 0xF84, 0x00C}},
    {0x5CE1, {0x000, 0x210, 0xAFE, 0xA10, 0xA92, 0xA54, 0xA10, 0xAFE, 0xA28, 0xA28, 0xF44, 0x082}},
    {0x5CE4, {0x000, 0x206, 0xAB8, 0xA88, 0xAFE, 0xA94, 0xAA2, 0xAE4, 0xAA4, 0xAA4, 0xFA4, 0x044}},
    {0x5CE5, {0x000, 0x210, 0xABE, 0xAC4, 0xAFE, 0xA8A, 0xAFE, 0xA8A, 0xA8A, 0xAFE, 0xF88, 0x038}},
    {0x5CE6, {0x000, 0x040, 0xFFE, 0x110, 0x514, 0x514, 0xA12, 0x210, 0x040, 0x444, 0x444, 0x7FC}},
    {0x5CE8, {0x000, 0x2E8, 0xA4A, 0xA48, 0xAFE, 0xA48, 0xA4A, 0xA6A, 0xAC4, 0xA44, 0xF4E, 0x0D2}},
    {0x5CEA, {0x000, 0x214, 0x222, 0xAC8, 0xA94, 0xAA2, 0xA80, 0xABE, 0xAA2, 0xBA2, 0xE22, 0x03E}},
    {0x5CED, {0x000, 0x02A, 0x22A, 0x208, 0xABE, 0xAA2, 0xABE, 0xAA2, 0xABE, 0xAA2, 0xFA2, 0x026}},
    {0x5CF0, {0x000, 0x21E, 0xAA2, 0xA9C, 0xAA2, 0xA88, 0xABE, 0xA88, 0xABE, 0xA88, 0xFBE, 0x008}},
    {0x5CFB, {0x000, 0x210, 0xAA4, 0xAFA, 0xAAA, 0xAAE, 0xAD0, 0xA9E, 0xAA2, 0xAD4, 0xF88, 0x076}},
    {0x5D02, {0x000, 0x214, 0xABE, 0xA94, 0xA80, 0xABE, 0xAA2, 0xA88, 0xABE, 0xA8A, 0xF92, 0x026}},
    {0x5D03, {0x000, 0x208, 0xABE, 0xA88, 0xAAA, 0xA9C, 0xA88, 0xABE, 0xA88, 0xA9C, 0xFAA, 0x048}},
    {0x5D06, {0x000, 0x208, 0xABE, 0xAA2, 0xA94, 0xA94, 0xAA2, 0xA80, 0xABE, 0xA88, 0xF88, 0x03E}},
    {0x5D07, {0x000, 0x842, 0xFFE, 0x040, 0xFFE, 0x802, 0xBFA, 0x000, 0xFFE, 0x040, 0x248, 0xCC6}},
    {0x5D0E, {0x000, 0x208, 0xABE, 0xA88, 0xA94, 0xAA2, 0xAFE, 0xA82, 0xABA, 0xAAA, 0xFBA, 0x006}},
    {0x5D14, {0x000, 0x040, 0x842, 0xFFE, 0x220, 0x5FE, 0xC20, 0x5FE, 0x420, 0x5FE, 0x420, 0x5FE}},
    {0x5D16, {0x000, 0x422, 0x422, 0x7FE, 0x420, 0x5FC, 0x420, 0x7FE, 0x420, 0x5FC, 0x820, 0xBFE}},
    {0x5D1B, {0x000, 0x2FE, 0xA82, 0xAFE, 0xA80, 0xAAA, 0xAAA, 0xABE, 0xA88, 0xAAA, 0xFAA, 0x13E}},
    {0x5D1E, {0x000, 0x208, 0xABE, 0xA80, 0xABE, 0xAA2, 0xABE, 0xA80, 0xABE, 0xA84, 0xFBE, 0x008}},
    {0x5D24, {0x000, 0x236, 0xA88, 0xAB6, 0xA88, 0xABE, 0xA90, 0xABE, 0xA92, 0xA9E, 0xF92, 0x016}},
    {0x5D26, {0x000, 0x208, 0xAFE, 0xA94, 0xAAA, 0xAFE, 0xAAA, 0xABE, 0xAAA, 0xABE, 0xF88, 0x00E}},
    {0x5D27, {0x000, 0x040, 0x444, 0x7FC, 0x400, 0x428, 0xF44, 0x492, 0x410, 0xE24, 0xD44, 0x4FA}},
    {0x5D29, {0x000, 0x842, 0xFFE, 0x000, 0xFBE, 0x8A2, 0xFBE, 0x8A2, 0xFBE, 0x8A2, 0x8A2, 0x9A6}},
    {0x5D2D, {0x000, 0x040, 0x842, 0xFFE, 0x200, 0xFBE, 0x420, 0xA20, 0xFBE, 0x224, 0xFA4, 0x244}},
    {0x5D2E, {0x000, 0x040, 0x842, 0xFFE, 0x000, 0xFFE, 0x842, 0xFFE, 0x842, 0xBFA, 0xA0A, 0xFFE}},
    {0x5D34, {0x000, 0x040, 0x444, 0x7FC, 0x014, 0x7FE, 0x410, 0x7F4, 0x494, 0x7EA, 0x94A, 0xAB4}},
    {0x5D3D, {0x000, 0x040, 0x842, 0xFFE, 0x444, 0x7FC, 0x444, 0x7FC, 0x000, 0x544, 0x92A, 0x9FA}},
    {0x5D3E, {0x000, 0x2FE, 0xA28, 0xAFE, 0xAAA, 0xAFE, 0xA90, 0xAFE, 0xA94, 0xAA4, 0xF98, 0x066}},
    {0x5D47, {0x000, 0x194, 0xE12, 0x27E, 0xF90, 0x218, 0x62A, 0x74E, 0xA80, 0xAAA, 0x22A, 0x23E}},
    {0x5D4A, {0x000, 0x20C, 0xA70, 0xA10, 0xAFE, 0xA54, 0xAD6, 0xA54, 0xAD6, 0xA38, 0xF54, 0x092}},
    {0x5D4B, {0x000, 0x2FE, 0xA92, 0xAFE, 0xA80, 0xABE, 0xAA2, 0xABE, 0xAA2, 0xABE, 0xFA2, 0x13E}},
    {0x5D4C, {0x000, 0x842, 0xFFE, 0x000, 0x490, 0xFDE, 0x4A2, 0x48A, 0x788, 0x494, 0x494, 0x7A2}},
    {0x5D58, {0x000, 0x214, 0xABE, 0xA94, 0xA80, 0xABE, 0xAA2, 0xA88, 0xABE, 0xA88, 0xF9C, 0x02A}},
    {0x5D5B, {0x000, 0x040, 0x444, 0x7FC, 0x0A0, 0x318, 0xFC6, 0x454, 0x7D4, 0x454, 0x7D4, 0x44C}},
    {0x5D5D, {0x000, 0x22A, 0xA88, 0xABE, 0xA88, 0xAAA, 0xA90, 0xABE, 0xA94, 0xAA4, 0xF98, 0x066}},
    {0x5D69, {0x000, 0x842, 0xFFE, 0x040, 0xFFE, 0x404, 0x7FC, 0x000, 0xFFE, 0xA0A, 0xBFA, 0x806}},
    {0x5D6B, {0x000, 0x222, 0xA94, 0xABE, 0xA94, 0xAA8, 0xAAA, 0xA94, 0xA94, 0xAA8, 0xFAA, 0x036}},
    {0x5D6C, {0x000, 0x842, 0xFFE, 0x040, 0x7FC, 0x444, 0x7FC, 0x444, 0x7FC, 0x0B4, 0x12A, 0xE3E}},
    {0x5D6F, {0x000, 0x214, 0xABE, 0xA88, 0xABE, 0xA88, 0xABE, 0xA90, 0xA9C, 0xAA8, 0xF88, 0x03E}},
    {0x5D74, {0x000, 0x22A, 0xA9C, 0xAAA, 0xA94, 0xAA2, 0xABE, 0xAA2, 0xABE, 0xAA2, 0xFBE, 0x022}},
    {0x5D82, {0x000, 0x208, 0xABE, 0xA94, 0xABE, 0xAA2, 0xABE, 0xAA2, 0xABE, 0xA88, 0xFBE, 0x008}},
    {0x5D99, {0x000, 0x22A, 0xA88, 0xAFE, 0xA88, 0xAAA, 0xA80, 0xAA4, 0xAFE, 0xAD4, 0xFAE, 0x044}},
    {0x5D9D, {0x000, 0x2EA, 0xA2C, 0xA2A, 0xA44, 0xAFE, 0xA00, 0xAFE, 0xA82, 0xAFE, 0xF44, 0x0FE}},
    {0x5DB7, {0x000, 0x040, 0x444, 0x7FC, 0x000, 0x77E, 0x404, 0xFBE, 0xA12, 0xF5C, 0x250, 0xDBE}},
    {0x5DC5, {0x000, 0x040, 0x444, 0x7FC, 0x200, 0xFBE, 0x208, 0xFBE, 0x8AA, 0xAAA, 0xFD4, 0x522}},
    {0x5DCD, {0x000, 0x842, 0xFFE, 0x720, 0x27C, 0xFD4, 0x77C, 0xAD4, 0xFFA, 0x52C, 0x22A, 0xD4E}},
    {0x5DDB, {0x000, 0x000, 0x222, 0x222, 0x444, 0x444, 0x888, 0x888, 0x444, 0x444, 0x222, 0x222}},
    {0x5DDD, {0x000, 0x404, 0x444, 0x444, 0x444, 0x444, 0x444, 0x444, 0x444, 0x444, 0x844, 0x804}},
    {0x5DDE, {0x000, 0x202, 0x222, 0x222, 0x6AA, 0x666, 0xA66, 0x222, 0x222, 0x222, 0x422, 0x402}},
    {0x5DE1, {0x000, 0x892, 0x492, 0x092, 0x124, 0xD24, 0x524, 0x492, 0x492, 0x492, 0x400, 0xBFE}},
    {0x5DE2, {0x000, 0x248, 0x490, 0x248, 0x7FC, 0x444, 0x7FC, 0x444, 0xFFE, 0x150, 0x248, 0xC46}},
    {0x5DE5, {0x000, 0xFFE, 0x040, 0x040, 0x040, 0x040, 0x040, 0x040, 0x040, 0x040, 0x040, 0xFFE}},
    {0x5DE6, {0x000, 0x080, 0x080, 0xFFE, 0x100, 0x100, 0x200, 0x3FC, 0x440, 0x840, 0x040, 0x7FE}},
    {0x5DE7, {0x000, 0x0FE, 0xE20, 0x420, 0x420, 0x420, 0x43C, 0x404, 0x404, 0x604, 0xC04, 0x01C}},
    {0x5DE8, {0x000, 0xFFE, 0x800, 0x800, 0xFFC, 0x804, 0x804, 0x804, 0xFFC, 0x800, 0x800, 0xFFE}},
    {0x5DE9, {0x000, 0x078, 0xF48, 0x248, 0x248, 0x268, 0x258, 0x248, 0x248, 0x34A, 0xC8A, 0x08E}},
    {0x5DEB, {0x000, 0xFFE, 0x040, 0x040, 0x248, 0x248, 0x248, 0x554, 0x8E2, 0x040, 0x040, 0xFFE}},
    {0x5DEE, {0x000, 0x110, 0xFFE, 0x040, 0x7FC, 0x040, 0xFFE, 0x100, 0x3FC, 0x420, 0x820, 0x3FE}},
    {0x5DEF, {0x000, 0xF88, 0x13E, 0x210, 0x524, 0x8BA, 0x000, 0xFAA, 0x22A, 0x22A, 0x3AA, 0xE6A}},
    {0x5DF1, {0x000, 0xFFC, 0x004, 0x004, 0x004, 0x004, 0xFFC, 0x800, 0x800, 0x800, 0x802, 0xFFE}},
    {0x5DF2, {0x000, 0xFFC, 0x004, 0x004, 0x804, 0x804, 0xFFC, 0x800, 0x800, 0x800, 0x802, 0xFFE}},
    {0x5DF3, {0x000, 0xFFC, 0x804, 0x804, 0x804, 0x804, 0xFFC, 0x800, 0x800, 0x800, 0x802, 0xFFE}},
    {0x5DF4, {0x000, 0xFFE, 0x842, 0x842, 0x842, 0x842, 0xFFE, 0x800, 0x800, 0x802, 0x802, 0xFFE}},
    {0x5DF7, {0x000, 0x110, 0x7FC, 0x110, 0xFFE, 0x110, 0x3F8, 0x414, 0xBF2, 0x204, 0x204, 0x3FC}},
    {0x5DFD, {0x000, 0xF3C, 0x104, 0xF3C, 0x8A2, 0xFBE, 0x110, 0x7FC, 0x110, 0xFFE, 0x208, 0xC06}},
    {0x5DFE, {0x000, 0x040, 0x040, 0xFFE, 0x842, 0x842, 0x842, 0x842, 0x842, 0x84E, 0x040, 0x040}},
    {0x5E01, {0x000, 0x03E, 0xFC0, 0x040, 0x040, 0xFFE, 0x842, 0x842, 0x842, 0x842, 0x85E, 0x040}},
    {0x5E02, {0x000, 0x040, 0xFFE, 0x000, 0x040, 0x7FC, 0x444, 0x444, 0x444, 0x444, 0x45C, 0x040}},
    {0x5E03, {0x000, 0x080, 0xFFE, 0x100, 0x240, 0x7FC, 0xA44, 0x244, 0x244, 0x244, 0x24C, 0x040}},
    {0x5E05, {0x000, 0x210, 0xAFE, 0xA92, 0xA92, 0xA92, 0xA92, 0xA92, 0xA92, 0x292, 0x496, 0x410}},
    {0x5E06, {0x000, 0x238, 0x228, 0xFA8, 0xAA8, 0xAA8, 0xAB8, 0xAA8, 0xAAA, 0xBAA, 0x24A, 0x24E}},
    {0x5E08, {0x000, 0x2FE, 0xA10, 0xAFE, 0xA92, 0xA92, 0xA92, 0xA92, 0x292, 0x292, 0x496, 0x410}},
    {0x5E0C, {0x000, 0x71E, 0x0E0, 0xF1E, 0x080, 0xFFE, 0x140, 0x3FC, 0x644, 0xA44, 0x25C, 0x040}},
    {0x5E0F, {0x000, 0x210, 0x27E, 0xF90, 0xAFE, 0xA90, 0xAFE, 0xA92, 0xA92, 0xB96, 0x210, 0x210}},
    {0x5E10, {0x000, 0x224, 0x228, 0xFB0, 0xAA0, 0xAFE, 0xAA0, 0xAB0, 0xAA8, 0xBA4, 0x222, 0x230}},
    {0x5E11, {0x000, 0x23E, 0xF82, 0x494, 0x308, 0xCB6, 0x040, 0x7FC, 0x444, 0x444, 0x44C, 0x040}},
    {0x5E14, {0x000, 0x20E, 0x208, 0xFBE, 0xAA8, 0xAA8, 0xABE, 0xAA2, 0xAB4, 0xBA8, 0x248, 0x256}},
    {0x5E15, {0x000, 0x208, 0xFBE, 0xAA2, 0xAA2, 0xAA2, 0xABE, 0xAA2, 0xAA2, 0xAA2, 0xBA2, 0x23E}},
    {0x5E16, {0x000, 0x208, 0x208, 0xF8E, 0xA88, 0xA88, 0xABE, 0xAA2, 0xAA2, 0xBA2, 0x222, 0x23E}},
    {0x5E18, {0x000, 0x040, 0xFFE, 0xA0A, 0x444, 0x842, 0x7FC, 0x444, 0x444, 0x444, 0x45C, 0x040}},
    {0x5E19, {0x000, 0x228, 0x228, 0xFBE, 0xAC8, 0xA88, 0xABE, 0xA88, 0xA88, 0xB94, 0x214, 0x222}},
    {0x5E1A, {0x000, 0x7FC, 0x004, 0xFFE, 0x004, 0x7FC, 0x000, 0xFFE, 0x842, 0x7FC, 0x444, 0x44C}},
    {0x5E1B, {0x000, 0x080, 0x7FC, 0x404, 0x7FC, 0x404, 0x7FC, 0x040, 0xFFE, 0x842, 0x842, 0x84E}},
    {0x5E1C, {0x000, 0x23E, 0x222, 0xFA2, 0xAA2, 0xAA2, 0xABE, 0xA80, 0xA94, 0xB94, 0x222, 0x222}},
    {0x5E1D, {0x000, 0x040, 0xFFE, 0x208, 0x110, 0xFFE, 0x842, 0x7FC, 0x444, 0x444, 0x44C, 0x040}},
    {0x5E26, {0x000, 0x248, 0xFFE, 0x248, 0x000, 0xFFE, 0x842, 0x7FC, 0x444, 0x444, 0x44C, 0x040}},
    {0x5E27, {0x000, 0x208, 0x20E, 0xF88, 0xABE, 0xAA2, 0xAAA, 0xAAA, 0xAAA, 0xBAA, 0x214, 0x222}},
    {0x5E2D, {0x000, 0x020, 0x7FE, 0x488, 0x7FE, 0x488, 0x4F8, 0x420, 0x5FC, 0x524, 0x924, 0x92C}},
    {0x5E2E, {0x000, 0xFDE, 0x112, 0xFD4, 0x112, 0xFDE, 0x210, 0x040, 0xFFE, 0x842, 0x846, 0x040}},
    {0x5E31, {0x000, 0x208, 0x27E, 0xF88, 0xAFE, 0xA90, 0xAFE, 0xAA4, 0xADE, 0xBA4, 0x214, 0x20C}},
    {0x5E37, {0x000, 0x222, 0x224, 0xFBE, 0xAE4, 0xAA4, 0xABE, 0xAA4, 0xABE, 0xBA4, 0x224, 0x23E}},
    {0x5E38, {0x000, 0x248, 0xFFE, 0x802, 0xBFA, 0x208, 0x3F8, 0x040, 0x7FC, 0x444, 0x44C, 0x040}},
    {0x5E3B, {0x000, 0x208, 0x23E, 0xF88, 0xABE, 0xA88, 0xABE, 0xAA2, 0xAAA, 0xBAA, 0x214, 0x222}},
    {0x5E3C, {0x000, 0x23E, 0x222, 0xFBE, 0xAAA, 0xAAA, 0xABE, 0xAAA, 0xAAE, 0xBBA, 0x222, 0x23E}},
    {0x5E3D, {0x000, 0x23E, 0x222, 0xFBE, 0xAA2, 0xABE, 0xAA2, 0xABE, 0xAA2, 0xBBE, 0x222, 0x23E}},
    {0x5E42, {0x000, 0xFFE, 0x802, 0xBFA, 0x208, 0x3F8, 0x208, 0xFFE, 0x248, 0x7FC, 0xA4A, 0x258}},
    {0x5E44, {0x000, 0x2FE, 0x282, 0xFFE, 0xA80, 0xAFE, 0xAA4, 0xAFA, 0xA88, 0xABE, 0x288, 0x33E}},
    {0x5E45, {0x000, 0x23E, 0x200, 0xFBE, 0xAA2, 0xABE, 0xA80, 0xABE, 0xAAA, 0xBBE, 0x22A, 0x23E}},
    {0x5E4C, {0x000, 0x23E, 0x222, 0xFBE, 0xAA2, 0xABE, 0xA88, 0xAAA, 0xABE, 0xB94, 0x214, 0x226}},
    {0x5E54, {0x000, 0x23C, 0x224, 0xFBC, 0xAA4, 0xAFE, 0xAAA, 0xAFE, 0xA82, 0xBA4, 0x218, 0x266}},
    {0x5E55, {0x000, 0x110, 0xFFE, 0x110, 0x7FC, 0x404, 0x7FC, 0x404, 0xFFE, 0x444, 0xBFA, 0x248}},
    {0x5E5B, {0x000, 0x208, 0x23E, 0xF94, 0xABE, 0xAA2, 0xABE, 0xAA2, 0xABE, 0xB88, 0x23E, 0x208}},
    {0x5E5E, {0x000, 0x214, 0x236, 0xF94, 0xABE, 0xA94, 0xABE, 0xA88, 0xABE, 0xB88, 0x214, 0x222}},
    {0x5E61, {0x000, 0x206, 0x278, 0xFAA, 0xAFE, 0xA9C, 0xAAA, 0xAFE, 0xAAA, 0xBBE, 0x22A, 0x23E}},
    {0x5E62, {0x000, 0x210, 0x27C, 0xFA8, 0xAFE, 0xAD4, 0xAFC, 0xAD4, 0xAFC, 0xB90, 0x210, 0x2FE}},
    {0x5E72, {0x000, 0x7FC, 0x040, 0x040, 0x040, 0x040, 0xFFE, 0x040, 0x040, 0x040, 0x040, 0x040}},
    {0x5E73, {0x000, 0xFFE, 0x040, 0x444, 0x244, 0x248, 0x040, 0xFFE, 0x040, 0x040, 0x040, 0x040}},
    {0x5E74, {0x000, 0x400, 0x7FE, 0x420, 0x820, 0x3FC, 0x220, 0x220, 0xFFE, 0x020, 0x020, 0x020}},
    {0x5E76, {0x000, 0x208, 0x110, 0x7FC, 0x110, 0x110, 0x110, 0xFFE, 0x110, 0x110, 0x210, 0x410}},
    {0x5E78, {0x000, 0x040, 0x7FC, 0x040, 0xFFE, 0x208, 0x110, 0xFFE, 0x040, 0x7FC, 0x040, 0x040}},
    {0x5E7A, {0x000, 0x040, 0x080, 0x500, 0x208, 0x110, 0x0A0, 0x040, 0x088, 0x104, 0x21E, 0xFE2}},
    {0x5E7B, {0x000, 0x27E, 0x202, 0x482, 0x482, 0x902, 0x502, 0x202, 0x282, 0x482, 0x982, 0xE4E}},
    {0x5E7C, {0x000, 0x410, 0x510, 0x57E, 0x912, 0xA12, 0xA12, 0x612, 0x512, 0x512, 0x9A2, 0xEAE}},
    {0x5E7D, {0x000, 0x040, 0xA4A, 0xA4A, 0xC52, 0xD56, 0xA4A, 0xA4A, 0xD56, 0xF5E, 0x842, 0xFFE}},
    {0x5E7F, {0x000, 0x020, 0x7FE, 0x400, 0x400, 0x400, 0x400, 0x400, 0x400, 0x400, 0x800, 0x800}},
    {0x5E80, {0x000, 0x040, 0x7FE, 0x400, 0x480, 0x486, 0x498, 0x4E0, 0x480, 0x482, 0x882, 0x8FE}},
    {0x5E84, {0x000, 0x020, 0x7FE, 0x400, 0x420, 0x420, 0x5FC, 0x420, 0x420, 0x420, 0x820, 0xBFE}},
    {0x5E86, {0x000, 0x040, 0x7FE, 0x400, 0x420, 0x420, 0x7FE, 0x420, 0x450, 0x488, 0x904, 0xA02}},
    {0x5E87, {0x000, 0x040, 0x7FE, 0x400, 0x488, 0x488, 0x48A, 0x4EC, 0x488, 0x48A, 0x8EA, 0x98E}},
    {0x5E8A, {0x000, 0x020, 0x7FE, 0x400, 0x420, 0x420, 0x5FC, 0x4A8, 0x4A8, 0x524, 0x924, 0xA22}},
    {0x5E8B, {0x000, 0x040, 0x7FE, 0x420, 0x5FC, 0x420, 0x5FC, 0x504, 0x488, 0x470, 0x888, 0xB06}},
    {0x5E8F, {0x000, 0x020, 0x7FE, 0x400, 0x5FC, 0x448, 0x430, 0x7FE, 0x422, 0x424, 0x820, 0x860}},
    {0x5E90, {0x000, 0x040, 0x7FE, 0x420, 0x5FC, 0x504, 0x504, 0x5FC, 0x500, 0x500, 0xA00, 0xA00}},
    {0x5E91, {0x000, 0x040, 0x7FE, 0x400, 0x5FC, 0x420, 0x420, 0x7FE, 0x420, 0x460, 0x8A2, 0xB3E}},
    {0x5E93, {0x000, 0x040, 0x7FE, 0x420, 0x440, 0x5FC, 0x4A0, 0x520, 0x5FC, 0x420, 0xBFE, 0x820}},
    {0x5E94, {0x000, 0x040, 0x7FE, 0x400, 0x400, 0x444, 0x544, 0x524, 0x4A8, 0x488, 0x810, 0xBFE}},
    {0x5E95, {0x000, 0x020, 0x7FE, 0x400, 0x4FC, 0x490, 0x4FE, 0x490, 0x48A, 0x5E4, 0x800, 0x9FC}},
    {0x5E96, {0x000, 0x020, 0x7FE, 0x480, 0x4FC, 0x504, 0x6F4, 0x414, 0x4F4, 0x48C, 0x882, 0x8FE}},
    {0x5E97, {0x000, 0x020, 0x7FE, 0x400, 0x420, 0x43E, 0x420, 0x420, 0x5FE, 0x502, 0x902, 0x9FE}},
    {0x5E99, {0x000, 0x040, 0x7FE, 0x400, 0x420, 0x5FC, 0x524, 0x524, 0x5FC, 0x524, 0x924, 0x9FC}},
    {0x5E9A, {0x000, 0x020, 0x7FE, 0x420, 0x5FC, 0x424, 0x7FE, 0x424, 0x5FC, 0x450, 0x888, 0xB06}},
    {0x5E9C, {0x000, 0x020, 0x7FE, 0x400, 0x444, 0x444, 0x4BE, 0x484, 0x5A4, 0x494, 0x884, 0x88C}},
    {0x5E9E, {0x000, 0x040, 0x7FE, 0x448, 0x444, 0x7FE, 0x480, 0x4C8, 0x550, 0x562, 0x942, 0xA7E}},
    {0x5E9F, {0x000, 0x040, 0x7FE, 0x528, 0x524, 0x7FE, 0x480, 0x4FE, 0x482, 0x524, 0x918, 0xA66}},
    {0x5EA0, {0x000, 0x040, 0x7FE, 0x488, 0x450, 0x5FC, 0x420, 0x5FC, 0x420, 0x5FC, 0x820, 0x820}},
    {0x5EA5, {0x000, 0x040, 0x7FE, 0x400, 0x490, 0x510, 0x77E, 0x510, 0x538, 0x554, 0x992, 0x910}},
    {0x5EA6, {0x000, 0x020, 0x7FE, 0x488, 0x7FE, 0x488, 0x4F8, 0x400, 0x5FC, 0x484, 0x878, 0x986}},
    {0x5EA7, {0x000, 0x020, 0x7FE, 0x400, 0x524, 0x524, 0x6AA, 0x420, 0x5FC, 0x420, 0x820, 0xBFE}},
    {0x5EAD, {0x000, 0x020, 0x7FE, 0x400, 0x5DC, 0x448, 0x4BE, 0x5C8, 0x448, 0x55C, 0x880, 0x97E}},
    {0x5EB3, {0x000, 0x040, 0x7FE, 0x440, 0x5FC, 0x524, 0x5FC, 0x524, 0x5FC, 0x4A0, 0x9FC, 0x820}},
    {0x5EB5, {0x000, 0x020, 0x7FE, 0x440, 0x7FE, 0x4A8, 0x5FC, 0x6AA, 0x4F8, 0x420, 0x822, 0x83E}},
    {0x5EB6, {0x000, 0x040, 0x7FE, 0x400, 0x484, 0x5FE, 0x484, 0x484, 0x4FC, 0x400, 0x954, 0xA4A}},
    {0x5EB7, {0x000, 0x020, 0x7FE, 0x420, 0x5FC, 0x424, 0x7FE, 0x424, 0x5FC, 0x524, 0x8A8, 0xB66}},
    {0x5EB8, {0x000, 0x040, 0x7FE, 0x424, 0x7FE, 0x424, 0x7FC, 0x524, 0x5FC, 0x524, 0x9FC, 0x924}},
    {0x5EB9, {0x000, 0x040, 0x7FE, 0x488, 0x5FC, 0x488, 0x5FC, 0x504, 0x5FC, 0x520, 0x918, 0xA06}},
    {0x5EBE, {0x000, 0x040, 0x7FE, 0x400, 0x4AC, 0x524, 0x5AC, 0x524, 0x5FC, 0x450, 0x888, 0xB06}},
    {0x5EC9, {0x000, 0x020, 0x7FE, 0x450, 0x5FC, 0x454, 0x7FE, 0x454, 0x5FC, 0x4D8, 0x954, 0xA52}},
    {0x5ECA, {0x000, 0x020, 0x7FE, 0x480, 0x5EE, 0x52A, 0x5EA, 0x52C, 0x5EA, 0x50A, 0x94E, 0xBA8}},
    {0x5ED1, {0x000, 0x040, 0x7FE, 0x488, 0x5FC, 0x488, 0x4F8, 0x504, 0x524, 0x5FC, 0x820, 0x9FC}},
    {0x5ED2, {0x000, 0x040, 0x7FE, 0x488, 0x7E8, 0x49E, 0x7EA, 0x48A, 0x7EA, 0x504, 0x9EA, 0xA6A}},
    {0x5ED3, {0x000, 0x020, 0x7FE, 0x480, 0x7EE, 0x54A, 0x5CA, 0x44C, 0x48A, 0x7EA, 0x88E, 0x988}},
    {0x5ED6, {0x000, 0x040, 0x7FE, 0x654, 0x54C, 0x6D4, 0x46C, 0x598, 0x666, 0x5B0, 0x84C, 0xBF0}},
    {0x5EDB, {0x000, 0x040, 0x7FE, 0x524, 0x5FC, 0x524, 0x7FE, 0x488, 0x524, 0x6FA, 0x820, 0xBFE}},
    {0x5EE8, {0x000, 0x040, 0x7FE, 0x400, 0x4EE, 0x522, 0x5F4, 0x55E, 0x5F4, 0x55E, 0x9F4, 0xA54}},
    {0x5EEA, {0x000, 0x040, 0x7FE, 0x420, 0x7FE, 0x504, 0x574, 0x554, 0x7FE, 0x420, 0x924, 0xA62}},
    {0x5EF4, {0x000, 0xF00, 0x100, 0x200, 0x700, 0x100, 0x100, 0x100, 0x100, 0xA00, 0x400, 0xBFE}},
    {0x5EF6, {0x000, 0xF06, 0x178, 0x208, 0x408, 0x72E, 0x128, 0x928, 0x528, 0x27E, 0x500, 0x8FE}},
    {0x5EF7, {0x000, 0xE0C, 0x270, 0x410, 0x810, 0xEFE, 0x210, 0xA10, 0xA10, 0x47C, 0x400, 0xBFE}},
    {0x5EFA, {0x000, 0xF7C, 0x114, 0x2FE, 0x414, 0x77C, 0x110, 0x97C, 0x510, 0x2FE, 0x510, 0x8FE}},
    {0x5EFE, {0x000, 0x210, 0x210, 0x210, 0x210, 0xFFE, 0x210, 0x210, 0x210, 0x210, 0x410, 0x410}},
    {0x5EFF, {0x000, 0x208, 0x208, 0x208, 0xFFE, 0x208, 0x208, 0x208, 0x208, 0x208, 0x208, 0x3F8}},
    {0x5F00, {0x000, 0xFFC, 0x210, 0x210, 0x210, 0x210, 0xFFC, 0x210, 0x210, 0x410, 0x410, 0x810}},
    {0x5F01, {0x000, 0x080, 0x108, 0x204, 0xFFA, 0x110, 0x110, 0xFFE, 0x110, 0x110, 0x210, 0x410}},
    {0x5F02, {0x000, 0x7FC, 0x404, 0x7FC, 0x402, 0x7FE, 0x208, 0x208, 0xFFE, 0x208, 0x208, 0x408}},
    {0x5F03, {0x000, 0x040, 0xFFE, 0x100, 0x204, 0xFFA, 0x000, 0x208, 0xFFE, 0x208, 0x208, 0x408}},
    {0x5F04, {0x000, 0xFFE, 0x040, 0x7FC, 0x040, 0xFFE, 0x000, 0x208, 0xFFE, 0x208, 0x208, 0x408}},
    {0x5F08, {0x000, 0x040, 0xFFE, 0x110, 0x514, 0xA32, 0x000, 0x208, 0xFFE, 0x208, 0x408, 0x408}},
    {0x5F0A, {0x000, 0xA90, 0x21E, 0xFB4, 0xA94, 0xF88, 0xAB6, 0x000, 0x208, 0xFFE, 0x208, 0x408}},
    {0x5F0B, {0x000, 0x028, 0x024, 0x020, 0xFFE, 0x020, 0x020, 0x020, 0x010, 0x012, 0x00A, 0x006}},
    {0x5F0F, {0x000, 0x014, 0x012, 0xFFE, 0x010, 0x010, 0x7D0, 0x110, 0x108, 0x1CA, 0x70A, 0x004}},
    {0x5F11, {0x000, 0xD08, 0x20A, 0xD7E, 0x008, 0x208, 0xF78, 0x228, 0x728, 0x63A, 0xA6A, 0x204}},
    {0x5F13, {0x000, 0xFFC, 0x004, 0x004, 0x7FC, 0x400, 0x400, 0x7FE, 0x002, 0x002, 0x002, 0x07E}},
    {0x5F15, {0x000, 0xFC4, 0x044, 0x044, 0xFC4, 0x804, 0x804, 0xFC4, 0x044, 0x044, 0x044, 0xF84}},
    {0x5F17, {0x000, 0x110, 0xFFE, 0x112, 0x112, 0xFFE, 0x910, 0x910, 0xFFE, 0x112, 0x212, 0x416}},
    {0x5F18, {0x000, 0xF10, 0x110, 0x110, 0xF10, 0x820, 0x820, 0xF20, 0x124, 0x144, 0x14A, 0xEF2}},
    {0x5F1B, {0x000, 0xE10, 0x256, 0x25A, 0xE72, 0x8D2, 0x852, 0xE56, 0x250, 0x240, 0x242, 0xE7E}},
    {0x5F1F, {0x000, 0x208, 0x110, 0xFFE, 0x042, 0xFFE, 0x840, 0xFFE, 0x142, 0x242, 0xC4E, 0x040}},
    {0x5F20, {0x000, 0xF22, 0x124, 0x128, 0xF20, 0x8FE, 0x830, 0xF28, 0x128, 0x124, 0x124, 0x732}},
    {0x5F25, {0x000, 0xE40, 0x27E, 0x250, 0xE90, 0x810, 0x854, 0xE54, 0x254, 0x292, 0x210, 0xE30}},
    {0x5F26, {0x000, 0xE10, 0x2FE, 0x220, 0xE24, 0x844, 0x828, 0xE10, 0x210, 0x224, 0x24A, 0xEF2}},
    {0x5F27, {0x000, 0xE06, 0x278, 0x254, 0xE54, 0x854, 0x854, 0xE54, 0x254, 0x254, 0x29A, 0xEB2}},
    {0x5F29, {0x000, 0xFDE, 0x452, 0x38C, 0xC52, 0x7FC, 0x004, 0x7FC, 0x400, 0x7FE, 0x002, 0x01E}},
    {0x5F2A, {0x000, 0xF7C, 0x108, 0x110, 0xF28, 0x844, 0x882, 0xF7C, 0x110, 0x110, 0x110, 0x77E}},
    {0x5F2D, {0x000, 0xFFE, 0x144, 0x144, 0xF7C, 0x844, 0x844, 0xF7C, 0x144, 0x14E, 0x1F4, 0x704}},
    {0x5F2F, {0x000, 0x040, 0xFFE, 0x514, 0x912, 0x7FC, 0x004, 0x7FC, 0x400, 0x7FC, 0x004, 0x0FC}},
    {0x5F31, {0x000, 0xFBE, 0x082, 0x082, 0xFBE, 0x820, 0xFBE, 0x082, 0xCB2, 0x28A, 0xCB2, 0x186}},
    {0x5F39, {0x000, 0xE44, 0x228, 0x2FE, 0xE92, 0x8FE, 0x892, 0xEFE, 0x210, 0x2FE, 0x210, 0xE10}},
    {0x5F3A, {0x000, 0xEFE, 0x282, 0x2FE, 0xE10, 0x8FE, 0x892, 0xE92, 0x2FE, 0x210, 0x214, 0xEFA}},
    {0x5F3C, {0x000, 0xEEE, 0x242, 0x242, 0xEEE, 0x8A8, 0x8A8, 0xEEE, 0x2A2, 0x2A2, 0x2A2, 0xEEE}},
    {0x5F40, {0x000, 0x238, 0xFA8, 0x22A, 0xFA6, 0x8C0, 0x77E, 0x422, 0x714, 0x108, 0x114, 0x662}},
    {0x5F50, {0x000, 0x7FC, 0x004, 0x004, 0x004, 0x004, 0x7FC, 0x004, 0x004, 0x004, 0x004, 0x7FC}},
    {0x5F52, {0x000, 0x17E, 0x102, 0x902, 0x902, 0x902, 0x97E, 0x902, 0x102, 0x202, 0x202, 0x47E}},
    {0x5F53, {0x000, 0x444, 0x244, 0x248, 0x040, 0xFFE, 0x002, 0x002, 0xFFE, 0x002, 0x002, 0xFFE}},
    {0x5F55, {0x000, 0x7FC, 0x004, 0x7FC, 0x004, 0xFFE, 0x040, 0x444, 0x2E8, 0x150, 0x248, 0xCC6}},
    {0x5F56, {0x000, 0x100, 0x1FC, 0x208, 0x7F0, 0x020, 0xFFE, 0x164, 0x6A8, 0x170, 0xEA8, 0x166}},
    {0x5F57, {0x000, 0x208, 0xFBE, 0x208, 0xFBE, 0x208, 0x000, 0x7FC, 0x004, 0xFFE, 0x004, 0x7FC}},
    {0x5F58, {0x000, 0x100, 0x1FC, 0x208, 0x7F0, 0x020, 0xFFE, 0x888, 0xAEA, 0xD4C, 0x9F8, 0xEAE}},
    {0x5F5D, {0x000, 0x3F8, 0x408, 0xFFE, 0xA8A, 0x214, 0xFBE, 0x208, 0xAAA, 0x110, 0xFFE, 0x210}},
    {0x5F61, {0x000, 0x020, 0x040, 0x180, 0xE08, 0x010, 0x060, 0x782, 0x004, 0x018, 0x0E0, 0xF00}},
    {0x5F62, {0x000, 0xFC4, 0x488, 0x490, 0x482, 0x484, 0xFC8, 0x490, 0x482, 0x484, 0x888, 0x890}},
    {0x5F64, {0x000, 0x7C4, 0x448, 0x650, 0x542, 0x444, 0xFE8, 0x440, 0x442, 0x444, 0x858, 0x8C0}},
    {0x5F66, {0x000, 0x040, 0xFFE, 0x108, 0x090, 0x7FE, 0x410, 0x5E4, 0x418, 0x5E2, 0x40C, 0x9F0}},
    {0x5F69, {0x000, 0xF82, 0x00C, 0xAB0, 0x000, 0x202, 0xF8C, 0x230, 0x700, 0xA82, 0x20C, 0x230}},
    {0x5F6A, {0x000, 0x1C2, 0x104, 0x7E8, 0x522, 0x7C4, 0x528, 0x5E2, 0x404, 0x558, 0x942, 0xA7E}},
    {0x5F6C, {0x000, 0x220, 0x222, 0xFF4, 0x228, 0x222, 0x774, 0x668, 0xAA0, 0xAA2, 0x224, 0x228}},
    {0x5F6D, {0x000, 0x202, 0xFC4, 0x218, 0xFC0, 0x002, 0xFC4, 0x858, 0xFC0, 0x842, 0x484, 0xFD8}},
    {0x5F70, {0x000, 0x102, 0xFE4, 0x298, 0xFE0, 0x442, 0x7C4, 0x458, 0x7C0, 0x102, 0xFE4, 0x118}},
    {0x5F71, {0x000, 0x7C2, 0x444, 0x7D8, 0x440, 0x7C2, 0x104, 0xFE8, 0x440, 0x7C2, 0x104, 0x558}},
    {0x5F73, {0x000, 0x010, 0x020, 0x0C2, 0x704, 0x018, 0x060, 0x1C0, 0xE40, 0x040, 0x040, 0x040}},
    {0x5F77, {0x000, 0x420, 0x420, 0x9FE, 0x240, 0x240, 0x47C, 0x444, 0xC44, 0x484, 0x484, 0x51C}},
    {0x5F79, {0x000, 0x478, 0x448, 0x84A, 0x28E, 0x200, 0x4FC, 0x404, 0xC48, 0x430, 0x448, 0x586}},
    {0x5F7B, {0x000, 0x4BE, 0x48A, 0xA8A, 0x5EA, 0x48A, 0xC8A, 0x4AA, 0x4CA, 0x492, 0x422, 0x4CE}},
    {0x5F7C, {0x000, 0x410, 0x4FE, 0x892, 0x290, 0x2FE, 0x4A2, 0x4A2, 0xC94, 0x488, 0x514, 0x522}},
    {0x5F80, {0x000, 0x420, 0x410, 0x8FE, 0x210, 0x210, 0x410, 0x4FE, 0xC10, 0x410, 0x410, 0x4FE}},
    {0x5F81, {0x000, 0x5FE, 0x410, 0xA10, 0x210, 0x490, 0x49E, 0xC90, 0x490, 0x490, 0x490, 0x5FE}},
    {0x5F82, {0x000, 0x4FC, 0x484, 0x884, 0x2FC, 0x284, 0x484, 0x4FC, 0xC84, 0x484, 0x484, 0x5FE}},
    {0x5F84, {0x000, 0x4FE, 0x404, 0xA08, 0x230, 0x4CE, 0x400, 0xCFE, 0x410, 0x410, 0x410, 0x4FE}},
    {0x5F85, {0x000, 0x420, 0x4FC, 0xA20, 0x220, 0x5FE, 0x404, 0xDFE, 0x484, 0x444, 0x404, 0x41C}},
    {0x5F87, {0x000, 0x480, 0x4FE, 0x902, 0x2FA, 0x28A, 0x48A, 0x4FA, 0xC8A, 0x48A, 0x4FA, 0x40E}},
    {0x5F88, {0x000, 0x4FC, 0x484, 0x8FC, 0x284, 0x284, 0x4FC, 0x492, 0xC94, 0x488, 0x498, 0x5E6}},
    {0x5F89, {0x000, 0x444, 0x428, 0x8FE, 0x210, 0x210, 0x47C, 0x410, 0xC10, 0x4FE, 0x410, 0x410}},
    {0x5F8A, {0x000, 0x4FE, 0x482, 0x882, 0x2BA, 0x2AA, 0x4AA, 0x4AA, 0xCBA, 0x482, 0x482, 0x4FE}},
    {0x5F8B, {0x000, 0x420, 0x5FC, 0x824, 0x3FE, 0x224, 0x5FC, 0x420, 0xDFC, 0x420, 0x7FE, 0x420}},
    {0x5F8C, {0x000, 0x420, 0x424, 0xAC8, 0x230, 0x4C4, 0x5FA, 0xC20, 0x47C, 0x5C4, 0x438, 0x5C6}},
    {0x5F90, {0x000, 0x410, 0x428, 0xA44, 0x282, 0x47C, 0x410, 0xCFE, 0x410, 0x454, 0x492, 0x430}},
    {0x5F92, {0x000, 0x410, 0x4FE, 0xA10, 0x210, 0x4FE, 0x410, 0xC90, 0x49E, 0x490, 0x570, 0x51E}},
    {0x5F95, {0x000, 0x410, 0x4FE, 0x810, 0x292, 0x254, 0x410, 0x4FE, 0xC10, 0x438, 0x454, 0x492}},
    {0x5F97, {0x000, 0x4FC, 0x484, 0xAFC, 0x284, 0x4FC, 0x400, 0xDFE, 0x408, 0x5FE, 0x488, 0x418}},
    {0x5F98, {0x000, 0x448, 0x448, 0x9CE, 0x248, 0x248, 0x5CE, 0x448, 0xC48, 0x5CE, 0x448, 0x488}},
    {0x5F99, {0x000, 0x410, 0x45E, 0x850, 0x250, 0x2FE, 0x410, 0x450, 0xC5E, 0x450, 0x4B0, 0x51E}},
    {0x5F9C, {0x000, 0x492, 0x454, 0x810, 0x2FE, 0x282, 0x4BA, 0x4AA, 0xCAA, 0x4AA, 0x4BA, 0x486}},
    {0x5FA1, {0x000, 0x50E, 0x5EA, 0xA4A, 0x24A, 0x5EA, 0x44A, 0xD6A, 0x54A, 0x56E, 0x5C8, 0x408}},
    {0x5FA8, {0x000, 0x420, 0x4FE, 0x882, 0x2FE, 0x282, 0x5FE, 0x410, 0xCFE, 0x410, 0x410, 0x5FE}},
    {0x5FAA, {0x000, 0x4FE, 0x488, 0xAFE, 0x288, 0x4BE, 0x4A2, 0xCBE, 0x4A2, 0x4BE, 0x522, 0x53E}},
    {0x5FAD, {0x000, 0x40E, 0x4F0, 0x8A2, 0x254, 0x290, 0x4FE, 0x510, 0xCFE, 0x410, 0x492, 0x4FE}},
    {0x5FAE, {0x000, 0x6A8, 0xAA8, 0x7EE, 0x40A, 0xBEA, 0x95A, 0x94A, 0x944, 0x944, 0x96A, 0xA4A}},
    {0x5FB5, {0x000, 0x554, 0x554, 0x9FE, 0x20A, 0x3FA, 0x40A, 0x5FA, 0xC4A, 0x5F4, 0x44A, 0x5FA}},
    {0x5FB7, {0x000, 0x210, 0x4FE, 0x810, 0x2FE, 0x4AA, 0xCFE, 0x400, 0x5FE, 0x424, 0x54A, 0x57A}},
    {0x5FBC, {0x000, 0x4EE, 0x4A0, 0x8E0, 0x2AE, 0x2E4, 0x4A4, 0x574, 0xF24, 0x574, 0x524, 0x56C}},
    {0x5FBD, {0x000, 0x554, 0x5F4, 0xA8E, 0x3AA, 0x44A, 0x49A, 0xDFA, 0x444, 0x554, 0x54A, 0x44A}},
    {0x5FC3, {0x000, 0x080, 0x040, 0x040, 0x128, 0x524, 0x504, 0x502, 0x912, 0x912, 0x110, 0x1F0}},
    {0x5FC4, {0x000, 0x020, 0x020, 0x0B0, 0x0A0, 0x0A0, 0x0A0, 0x0A0, 0x020, 0x020, 0x020, 0x020}},
    {0x5FC5, {0x000, 0x080, 0x048, 0x048, 0x110, 0x514, 0x522, 0x542, 0x98A, 0x108, 0x308, 0xDF8}},
    {0x5FC6, {0x000, 0x27E, 0x202, 0xB04, 0xA08, 0xA10, 0xA20, 0x240, 0x282, 0x282, 0x282, 0x27E}},
    {0x5FC9, {0x000, 0x27E, 0x212, 0xB12, 0xA12, 0xA12, 0xA12, 0xA12, 0x222, 0x222, 0x222, 0x246}},
    {0x5FCC, {0x000, 0xFFC, 0x004, 0x004, 0x7FC, 0x402, 0x402, 0x7FE, 0x040, 0x524, 0x50A, 0x9FA}},
    {0x5FCD, {0x000, 0xFFC, 0x084, 0x784, 0x0E4, 0x104, 0x61C, 0x040, 0x120, 0x504, 0x50A, 0x9FA}},
    {0x5FCF, {0x000, 0x20C, 0x270, 0xB10, 0xA10, 0xA10, 0xAFE, 0xA10, 0x210, 0x210, 0x210, 0x210}},
    {0x5FD0, {0x000, 0x040, 0x040, 0x07C, 0x040, 0x040, 0xFFE, 0x000, 0x544, 0x522, 0x90A, 0x0F8}},
    {0x5FD1, {0x000, 0xFFE, 0x040, 0x070, 0x04C, 0x040, 0x000, 0x140, 0x524, 0x522, 0x90A, 0x0F8}},
    {0x5FD2, {0x000, 0x014, 0x012, 0xFFE, 0x010, 0x010, 0x110, 0x088, 0x228, 0xA2A, 0xA5A, 0xBD4}},
    {0x5FD6, {0x000, 0x204, 0x204, 0xB7E, 0xA04, 0xA24, 0xA14, 0xA14, 0x214, 0x204, 0x204, 0x21C}},
    {0x5FD7, {0x000, 0x040, 0x040, 0xFFE, 0x040, 0x040, 0x7FC, 0x000, 0x040, 0x524, 0x50A, 0x9FA}},
    {0x5FD8, {0x000, 0x040, 0xFFE, 0x400, 0x400, 0x7FC, 0x000, 0x140, 0x524, 0x502, 0x90A, 0x1F8}},
    {0x5FD9, {0x000, 0x208, 0x27E, 0xAA0, 0xAA0, 0xAA0, 0xAA0, 0xA20, 0x220, 0x220, 0x220, 0x23E}},
    {0x5FDD, {0x000, 0x00C, 0x7F0, 0x040, 0xFFE, 0x0A0, 0x318, 0xC86, 0x080, 0x4A8, 0x494, 0x994}},
    {0x5FE0, {0x000, 0x040, 0xFFE, 0x842, 0x842, 0xFFE, 0x040, 0x000, 0x544, 0x522, 0x90A, 0x1F8}},
    {0x5FE1, {0x000, 0x210, 0x210, 0xAFE, 0xB92, 0xA92, 0xA92, 0xA92, 0x2FE, 0x210, 0x210, 0x210}},
    {0x5FE4, {0x000, 0x240, 0x27C, 0xB50, 0xA90, 0xA10, 0xA10, 0xAFE, 0x210, 0x210, 0x210, 0x210}},
    {0x5FE7, {0x000, 0x214, 0x212, 0x310, 0xAFE, 0xA10, 0xA10, 0x228, 0x228, 0x24A, 0x24A, 0x28E}},
    {0x5FEA, {0x000, 0x228, 0x228, 0xB44, 0xA44, 0xA82, 0xA20, 0xA20, 0x224, 0x244, 0x244, 0x2FA}},
    {0x5FEB, {0x000, 0x220, 0x2FC, 0xA24, 0xB24, 0xA24, 0xA24, 0xAFE, 0x220, 0x250, 0x288, 0x306}},
    {0x5FED, {0x000, 0x220, 0x210, 0xB00, 0xAFE, 0xA10, 0xA10, 0xA18, 0x214, 0x214, 0x210, 0x210}},
    {0x5FEE, {0x000, 0x210, 0x2FE, 0xB10, 0xA10, 0xAFE, 0xA82, 0xA82, 0x244, 0x224, 0x218, 0x2E6}},
    {0x5FF1, {0x010, 0x2FE, 0x292, 0xA92, 0xA92, 0xA92, 0xA10, 0xA28, 0x228, 0x22A, 0x24A, 0x28E}},
    {0x5FF5, {0x000, 0x040, 0x0A0, 0x318, 0xDF6, 0x000, 0x7F8, 0x008, 0x090, 0x544, 0x50A, 0x9FA}},
    {0x5FF8, {0x000, 0x2FC, 0x224, 0xB24, 0xA24, 0xA24, 0xAFE, 0xA24, 0x224, 0x224, 0x224, 0x2FE}},
    {0x5FFB, {0x000, 0x20E, 0x270, 0xB40, 0xA40, 0xA7E, 0xA48, 0x248, 0x248, 0x248, 0x288, 0x288}},
    {0x5FFD, {0x000, 0x400, 0x7FC, 0x524, 0x924, 0x244, 0x484, 0x01C, 0x040, 0x524, 0x50A, 0x9FA}},
    {0x5FFE, {0x000, 0x240, 0x27E, 0xB40, 0xABC, 0xA00, 0xA78, 0xA08, 0x208, 0x20A, 0x20A, 0x204}},
    {0x5FFF, {0x000, 0x0A0, 0x318, 0xC06, 0x7FC, 0x084, 0x104, 0xE1C, 0x040, 0x524, 0x50A, 0x9FA}},
    {0x6000, {0x000, 0x27E, 0x208, 0x310, 0xA90, 0xA34, 0xA52, 0x212, 0x210, 0x210, 0x210, 0x210}},
    {0x6001, {0x000, 0x040, 0xFFE, 0x0A0, 0x110, 0x288, 0xC46, 0x000, 0x544, 0x52A, 0x50A, 0x9FA}},
    {0x6002, {0x000, 0x110, 0x110, 0x110, 0x2A8, 0x2A8, 0x444, 0x822, 0x100, 0x544, 0x52A, 0x9FA}},
    {0x6003, {0x000, 0x2FE, 0x210, 0xB10, 0xA10, 0xAFE, 0xA28, 0xA28, 0x248, 0x24A, 0x28A, 0x28E}},
    {0x6004, {0x000, 0x2FE, 0x280, 0xBA4, 0xAA4, 0xAA8, 0xA90, 0xA90, 0x2A8, 0x2A4, 0x280, 0x2FE}},
    {0x6005, {0x000, 0x244, 0x248, 0xB50, 0xA40, 0xAFE, 0xA40, 0xA50, 0x248, 0x244, 0x242, 0x270}},
    {0x6006, {0x000, 0x210, 0x228, 0xB44, 0xA82, 0xA7C, 0xA44, 0xA44, 0x24C, 0x240, 0x242, 0x27E}},
    {0x600A, {0x000, 0x27E, 0x222, 0xB22, 0xA22, 0xA4E, 0xA00, 0xA7E, 0x242, 0x242, 0x242, 0x27E}},
    {0x600D, {0x000, 0x220, 0x220, 0xB7E, 0xAA0, 0xA20, 0xA3E, 0xA20, 0x220, 0x23E, 0x220, 0x220}},
    {0x600E, {0x000, 0x200, 0x3FE, 0x600, 0xBFE, 0x200, 0x3FE, 0x200, 0x000, 0x544, 0x52A, 0x9FA}},
    {0x600F, {0x000, 0x210, 0x27C, 0xB54, 0xA54, 0xA54, 0xA54, 0xAFE, 0x210, 0x228, 0x244, 0x282}},
    {0x6012, {0x000, 0x200, 0xFBE, 0x482, 0xC94, 0x308, 0xCB6, 0x000, 0x140, 0x524, 0x50A, 0x9FA}},
    {0x6014, {0x000, 0x2FE, 0x210, 0xB10, 0xA10, 0xA10, 0xA5E, 0x250, 0x250, 0x250, 0x250, 0x2FE}},
    {0x6015, {0x000, 0x210, 0x27E, 0xB42, 0xA42, 0xA42, 0xA7E, 0x242, 0x242, 0x242, 0x242, 0x27E}},
    {0x6016, {0x000, 0x210, 0x27E, 0xB20, 0xA28, 0xA7E, 0xAAA, 0xA2A, 0x22A, 0x22A, 0x22E, 0x208}},
    {0x6019, {0x000, 0x210, 0x210, 0xAFE, 0xB10, 0xA10, 0xA10, 0xAFE, 0x282, 0x282, 0x282, 0x2FE}},
    {0x601B, {0x000, 0x27E, 0x242, 0xB42, 0xA42, 0xA7E, 0xA42, 0xA42, 0x242, 0x27E, 0x200, 0x27E}},
    {0x601C, {0x000, 0x218, 0x224, 0xB42, 0xA3C, 0xA00, 0xA00, 0xA7E, 0x212, 0x212, 0x216, 0x210}},
    {0x601D, {0x000, 0x7FC, 0x444, 0x444, 0x7FC, 0x444, 0x444, 0x7FC, 0x040, 0x524, 0x50A, 0x9FA}},
    {0x6020, {0x000, 0x100, 0x204, 0xFFA, 0x000, 0x7FC, 0x404, 0x7FC, 0x040, 0x524, 0x50A, 0x9FA}},
    {0x6021, {0x000, 0x210, 0x210, 0xB24, 0xA44, 0xAFA, 0xA00, 0xAFE, 0x282, 0x282, 0x282, 0x2FE}},
    {0x6025, {0x000, 0x7F8, 0x808, 0x7FC, 0x004, 0x7FC, 0x004, 0x7FC, 0x040, 0x524, 0x50A, 0x9FA}},
    {0x6026, {0x000, 0x2FE, 0x210, 0xA92, 0xB54, 0xA10, 0xAFE, 0xA10, 0x210, 0x210, 0x210, 0x210}},
    {0x6027, {0x000, 0x210, 0x290, 0xAFE, 0xA90, 0xA10, 0xA10, 0xAFE, 0x210, 0x210, 0x210, 0x2FE}},
    {0x6028, {0x000, 0x400, 0x7BC, 0x4A4, 0xAAC, 0x120, 0x222, 0xC3E, 0x040, 0x524, 0x50A, 0x9FA}},
    {0x6029, {0x000, 0x27E, 0x242, 0xB42, 0xA7E, 0xA40, 0xA50, 0xA52, 0x25C, 0x250, 0x292, 0x29E}},
    {0x602A, {0x000, 0x2FC, 0x244, 0xA28, 0xA10, 0xA28, 0xAC6, 0xA10, 0x27C, 0x210, 0x210, 0x2FE}},
    {0x602B, {0x000, 0x228, 0x2FE, 0xB2A, 0xA2A, 0xAFE, 0xAA8, 0xAFE, 0x22A, 0x22A, 0x22E, 0x248}},
    {0x602F, {0x000, 0x210, 0x210, 0xB7C, 0xA10, 0xA10, 0xAFE, 0xA10, 0x210, 0x224, 0x226, 0x27A}},
    {0x6035, {0x000, 0x214, 0x212, 0xB10, 0xAFE, 0xA10, 0xA54, 0xA54, 0x254, 0x254, 0x292, 0x292}},
    {0x603B, {0x000, 0x208, 0x110, 0x7FC, 0x404, 0x404, 0x404, 0x7FC, 0x000, 0x6C4, 0xA2A, 0xBFA}},
    {0x603C, {0x000, 0x004, 0xF84, 0x4FE, 0x524, 0x214, 0x504, 0x88C, 0x000, 0x524, 0x512, 0x8F2}},
    {0x603F, {0x000, 0x2FE, 0x282, 0xB44, 0xA38, 0xAC6, 0xA10, 0xAFE, 0x210, 0x2FE, 0x210, 0x210}},
    {0x6041, {0x000, 0x21C, 0x4F0, 0xC10, 0x5FE, 0x410, 0x4FC, 0x000, 0x040, 0x524, 0x50A, 0x9F8}},
    {0x6042, {0x000, 0x240, 0x27E, 0xB82, 0xA7A, 0xA4A, 0xA4A, 0xA7A, 0x24A, 0x24A, 0x27A, 0x20E}},
    {0x6043, {0x000, 0x210, 0xA7C, 0xB10, 0xA10, 0xAFE, 0xA04, 0xAFE, 0x204, 0x244, 0x224, 0x20C}},
    {0x604B, {0x000, 0x040, 0xFFE, 0x090, 0x494, 0x492, 0x932, 0x000, 0x140, 0x524, 0x50A, 0x9FA}},
    {0x604D, {0x000, 0x210, 0xA92, 0xB52, 0xA54, 0xA10, 0xAFE, 0xA28, 0x228, 0x228, 0x24A, 0x28E}},
    {0x6050, {0x000, 0xEF8, 0x488, 0x4CA, 0x4AA, 0x6AA, 0xD0E, 0x040, 0x120, 0x504, 0x50A, 0x9FA}},
    {0x6052, {0x000, 0x2FE, 0x200, 0xB7C, 0xB44, 0xA44, 0xA7C, 0xA44, 0x244, 0x27C, 0x200, 0x2FE}},
    {0x6055, {0x000, 0x21E, 0xFD2, 0x252, 0x452, 0x692, 0x392, 0xC5E, 0x080, 0x564, 0x50A, 0x9FA}},
    {0x6059, {0x000, 0x208, 0x110, 0xFFE, 0x040, 0x7FC, 0x040, 0xFFE, 0x040, 0x524, 0x90A, 0x1F8}},
    {0x605A, {0x000, 0x040, 0x7FC, 0x040, 0xFFE, 0x040, 0x7FC, 0x040, 0xFFE, 0x124, 0x50A, 0x9F8}},
    {0x605D, {0x000, 0x23E, 0xF92, 0x212, 0x712, 0x222, 0xFA6, 0x240, 0x040, 0x524, 0x50A, 0x9F8}},
    {0x6062, {0x000, 0x240, 0x2FE, 0x240, 0xB48, 0xAEA, 0xA5C, 0x248, 0x248, 0x254, 0x294, 0x2A2}},
    {0x6063, {0x000, 0x080, 0xEFE, 0x102, 0x024, 0x220, 0xC50, 0x18E, 0x040, 0x524, 0x90A, 0x1F8}},
    {0x6064, {0x000, 0x210, 0xAFE, 0xBAA, 0xAAA, 0xAAA, 0xAAA, 0xAAA, 0x2AA, 0x2AA, 0x2AA, 0x2FE}},
    {0x6067, {0x000, 0xFFE, 0x040, 0x7FC, 0x4A4, 0x4A4, 0x4A4, 0x4AC, 0x000, 0x524, 0x512, 0x8F2}},
    {0x6068, {0x000, 0x2FC, 0x284, 0xAFC, 0xB84, 0xA84, 0xAFC, 0xA92, 0x294, 0x288, 0x298, 0x2E6}},
    {0x6069, {0x000, 0x7FC, 0x444, 0x5F4, 0x444, 0x4A4, 0x514, 0x7FC, 0x000, 0x544, 0x52A, 0x9FA}},
    {0x606A, {0x000, 0x240, 0xA7C, 0xB44, 0xAA8, 0xA10, 0xA28, 0xAFE, 0x244, 0x244, 0x244, 0x27C}},
    {0x606B, {0x000, 0x2FE, 0xA82, 0xBBA, 0xA82, 0xABA, 0xAAA, 0xAAA, 0x2AA, 0x2BA, 0x282, 0x286}},
    {0x606C, {0x000, 0x206, 0xA78, 0xB10, 0xA10, 0xAFE, 0xA10, 0xA10, 0x27C, 0x244, 0x244, 0x27C}},
    {0x606D, {0x000, 0x208, 0xFFE, 0x208, 0x208, 0xFFE, 0x208, 0x484, 0xAAA, 0x294, 0x494, 0x180}},
    {0x606F, {0x000, 0x080, 0x7FC, 0x404, 0x7FC, 0x404, 0x7FC, 0x404, 0x7FC, 0x140, 0x52A, 0x9FA}},
    {0x6070, {0x000, 0x210, 0x228, 0xB44, 0xABA, 0xA00, 0xA00, 0xA7C, 0x244, 0x244, 0x244, 0x27C}},
    {0x6073, {0x000, 0x7FC, 0x404, 0x7FC, 0x404, 0x7FC, 0x448, 0xF38, 0x006, 0x240, 0xA2A, 0xBFA}},
    {0x6076, {0x000, 0xFFE, 0x110, 0x912, 0x514, 0x110, 0xFFE, 0x000, 0x040, 0x524, 0x50A, 0x9FA}},
    {0x6078, {0x000, 0x208, 0x2E8, 0xB1E, 0xA0A, 0xAEA, 0xA4A, 0xA4A, 0x24A, 0x28A, 0x2AA, 0x2D6}},
    {0x6079, {0x000, 0x27E, 0x248, 0xB4C, 0xA4A, 0xA7E, 0xA48, 0xA48, 0x248, 0x254, 0x294, 0x2A2}},
    {0x607A, {0x000, 0x292, 0x292, 0xB92, 0xAFE, 0xA00, 0xAFE, 0xA02, 0x2FE, 0x280, 0x282, 0x2FE}},
    {0x607B, {0x000, 0x2FA, 0x28A, 0xBAA, 0xAAA, 0xAAA, 0xAAA, 0xAAA, 0x2AA, 0x2AA, 0x222, 0x2D6}},
    {0x607C, {0x000, 0x210, 0x2FE, 0xB00, 0xAAA, 0xAAA, 0xA92, 0x292, 0x2AA, 0x2AA, 0x282, 0x2FE}},
    {0x607D, {0x000, 0x2FE, 0x282, 0xB92, 0xA10, 0xAFE, 0xA20, 0xA50, 0x2FE, 0x210, 0x2FE, 0x210}},
    {0x607F, {0x000, 0x3F8, 0x090, 0x7FC, 0x444, 0x7FC, 0x444, 0x7FC, 0x444, 0x280, 0x64C, 0xBFA}},
    {0x6083, {0x000, 0x2FE, 0x292, 0xB92, 0xAFE, 0xA92, 0xA92, 0xABA, 0x2D6, 0x292, 0x292, 0x2FE}},
    {0x6084, {0x000, 0x292, 0xA54, 0xA10, 0xAFE, 0xA82, 0xAFE, 0xA82, 0x2FE, 0x282, 0x282, 0x286}},
    {0x6089, {0x000, 0x00C, 0x7F0, 0x248, 0xFFE, 0x150, 0x248, 0xC46, 0x080, 0x544, 0x50A, 0x9FA}},
    {0x608C, {0x000, 0x244, 0x228, 0xAFE, 0xB12, 0xAFE, 0xA90, 0xAFE, 0x232, 0x252, 0x296, 0x210}},
    {0x608D, {0x000, 0x2FE, 0xA82, 0xBFE, 0xA82, 0xAFE, 0xA00, 0xAFE, 0x210, 0x2FE, 0x210, 0x210}},
    {0x6092, {0x000, 0x27C, 0x244, 0xB7C, 0xA00, 0xAFE, 0xA92, 0xA92, 0x2FE, 0x280, 0x282, 0x2FE}},
    {0x6094, {0x000, 0x280, 0x2FE, 0xB00, 0xA7C, 0xA54, 0xA54, 0x2FE, 0x254, 0x254, 0x27E, 0x204}},
    {0x6096, {0x000, 0x210, 0x2FE, 0xB10, 0xAFE, 0xA82, 0xA7C, 0xA08, 0x210, 0x2FE, 0x210, 0x230}},
    {0x609A, {0x000, 0x210, 0x2FE, 0xB10, 0xAFE, 0xA92, 0xA92, 0xAFE, 0x254, 0x254, 0x292, 0x210}},
    {0x609B, {0x000, 0x220, 0xA44, 0xAFA, 0xA28, 0xACE, 0xA20, 0xA3C, 0x2C4, 0x228, 0x210, 0x2EE}},
    {0x609D, {0x000, 0x2FE, 0x292, 0xB92, 0xAFE, 0xA92, 0xA92, 0xAFE, 0x210, 0x2FE, 0x210, 0x2FE}},
    {0x609F, {0x000, 0x2FE, 0x210, 0xB7C, 0xA24, 0xA24, 0xAFE, 0xA00, 0x27C, 0x244, 0x244, 0x27C}},
    {0x60A0, {0x000, 0x220, 0x23E, 0x564, 0xD24, 0x518, 0x566, 0x000, 0x544, 0x522, 0x90A, 0x1F8}},
    {0x60A3, {0x000, 0x040, 0x7FC, 0x444, 0x7FC, 0x040, 0x7FC, 0x444, 0x7FC, 0x044, 0x52A, 0x9F8}},
    {0x60A6, {0x000, 0x284, 0x248, 0xAFC, 0xA84, 0xA84, 0xAFC, 0xA48, 0x248, 0x24A, 0x24A, 0x28E}},
    {0x60A8, {0x000, 0x140, 0x27E, 0x692, 0xA10, 0x254, 0x292, 0x332, 0x000, 0x544, 0x52A, 0x9FA}},
    {0x60AB, {0x000, 0x040, 0x7FC, 0x040, 0xFFE, 0x802, 0x1F0, 0x112, 0xE0E, 0x120, 0x514, 0x8F2}},
    {0x60AC, {0x000, 0x7FC, 0x404, 0x7FC, 0x404, 0x7FC, 0x404, 0xFFE, 0x404, 0xAC2, 0x62C, 0xBFA}},
    {0x60AD, {0x000, 0x2AE, 0x2AA, 0xBAA, 0xAA4, 0xAAA, 0xA00, 0xA10, 0x27C, 0x210, 0x210, 0x2FE}},
    {0x60AF, {0x000, 0x29E, 0x242, 0xB12, 0xAFE, 0xAAA, 0xAAA, 0xAAA, 0x292, 0x2EE, 0x282, 0x286}},
    {0x60B1, {0x000, 0x228, 0x228, 0xAEE, 0xB28, 0xA28, 0xAEE, 0xA28, 0x228, 0x2EE, 0x228, 0x228}},
    {0x60B2, {0x000, 0x110, 0xF1E, 0x110, 0xF1E, 0x110, 0xF1E, 0x110, 0x240, 0x524, 0x50A, 0x9FA}},
    {0x60B4, {0x000, 0x210, 0x2FE, 0xB00, 0xA44, 0xA44, 0xAAA, 0xA10, 0x2FE, 0x210, 0x210, 0x210}},
    {0x60B8, {0x000, 0x27C, 0xA10, 0xAFE, 0xA54, 0xA92, 0xA00, 0xA7C, 0x208, 0x2FE, 0x210, 0x230}},
    {0x60BB, {0x000, 0x210, 0x27C, 0xB10, 0xAFE, 0xA44, 0xA28, 0xAFE, 0x210, 0x2FE, 0x210, 0x210}},
    {0x60BC, {0x000, 0x210, 0x21E, 0xB10, 0xA7E, 0xA42, 0xA7E, 0xA42, 0x27E, 0x210, 0x2FE, 0x210}},
    {0x60C5, {0x000, 0x210, 0x2FE, 0xA10, 0xB7C, 0xA10, 0xAFE, 0xA44, 0x27C, 0x244, 0x27C, 0x244}},
    {0x60C6, {0x000, 0x2FE, 0x282, 0xBAA, 0xAFE, 0xA92, 0xAFE, 0xAA2, 0x2A2, 0x2BA, 0x282, 0x286}},
    {0x60CA, {0x000, 0x410, 0x4FE, 0x400, 0xEFE, 0xC82, 0xC82, 0x4FE, 0x410, 0x492, 0x492, 0x430}},
    {0x60CB, {0x000, 0x420, 0x5FE, 0x502, 0xE80, 0xCEE, 0xCAA, 0x4AA, 0x56E, 0x448, 0x44A, 0x48E}},
    {0x60D1, {0x000, 0x024, 0xFFE, 0x020, 0xFA2, 0x892, 0xF94, 0x04A, 0xF96, 0x040, 0x514, 0x9F2}},
    {0x60D5, {0x000, 0x27C, 0x244, 0xB7C, 0xA44, 0xA7C, 0xA80, 0x2FE, 0x32A, 0x24A, 0x292, 0x326}},
    {0x60D8, {0x000, 0x2FE, 0x282, 0xBAA, 0xAFE, 0xA92, 0xAFE, 0xAA2, 0x2A2, 0x2BA, 0x282, 0x28E}},
    {0x60DA, {0x000, 0x240, 0x27E, 0xAAA, 0xB2A, 0xA52, 0xAA2, 0xA06, 0x210, 0x220, 0x2AA, 0x2BA}},
    {0x60DC, {0x000, 0x248, 0x2FC, 0xB48, 0xA48, 0xBFE, 0xA00, 0xAFC, 0x284, 0x2FC, 0x284, 0x2FC}},
    {0x60DD, {0x000, 0x292, 0x254, 0xB10, 0xAFE, 0xA82, 0xABA, 0xAAA, 0x2AA, 0x2AA, 0x2BA, 0x286}},
    {0x60DF, {0x000, 0x224, 0x228, 0xB7E, 0xA48, 0xAC8, 0xA7E, 0xA48, 0x27E, 0x248, 0x248, 0x27E}},
    {0x60E0, {0x000, 0x040, 0xFFE, 0x444, 0x7FC, 0x444, 0x7FC, 0x044, 0xFFA, 0x024, 0x50A, 0x9F8}},
    {0x60E6, {0x000, 0x410, 0x4FE, 0x490, 0xE90, 0xC9E, 0x490, 0x490, 0x4FE, 0x542, 0x542, 0x57E}},
    {0x60E7, {0x000, 0x27C, 0xA44, 0xB7C, 0xA44, 0xA7C, 0xA44, 0xA7C, 0x244, 0x2FE, 0x244, 0x282}},
    {0x60E8, {0x000, 0x220, 0x244, 0xAFA, 0xA20, 0xBFE, 0xA54, 0xAA2, 0x208, 0x270, 0x204, 0x278}},
    {0x60E9, {0x000, 0x2FE, 0x510, 0xA10, 0x69E, 0xA90, 0x290, 0x2FE, 0x000, 0x564, 0x50A, 0x9FA}},
    {0x60EB, {0x000, 0x7FC, 0xA08, 0x110, 0x7FC, 0xC46, 0x7FC, 0x444, 0x7FC, 0x080, 0xA4A, 0xBFA}},
    {0x60EC, {0x000, 0x2FE, 0x288, 0xBBE, 0xA88, 0xAAA, 0xA88, 0x2BE, 0x288, 0x294, 0x2A2, 0x2FE}},
    {0x60ED, {0x000, 0x222, 0x2FC, 0xA48, 0xA48, 0xAAE, 0xAFA, 0x22A, 0x22A, 0x2FA, 0x22A, 0x22A}},
    {0x60EE, {0x000, 0x244, 0x228, 0xAFE, 0xB92, 0xAFE, 0xA92, 0x2FE, 0x210, 0x2FE, 0x210, 0x210}},
    {0x60EF, {0x000, 0x27C, 0x254, 0xAFE, 0xA54, 0xA7C, 0xA00, 0x2FE, 0x292, 0x292, 0x228, 0x2C6}},
    {0x60F0, {0x000, 0x220, 0x2FE, 0xB20, 0xA7C, 0xA90, 0xA7E, 0xA44, 0x27C, 0x244, 0x27C, 0x244}},
    {0x60F3, {0x000, 0x23E, 0xFA2, 0x23E, 0x722, 0x6BE, 0xAA2, 0x23E, 0x140, 0x524, 0x50A, 0x9FA}},
    {0x60F4, {0x000, 0x210, 0x292, 0xB92, 0xAFE, 0xA00, 0xAFE, 0xA10, 0x2FE, 0x2AA, 0x2AA, 0x2AA}},
    {0x60F6, {0x000, 0x210, 0xA7C, 0xB44, 0xA7C, 0xA44, 0xAFE, 0xA10, 0x27C, 0x210, 0x210, 0x2FE}},
    {0x60F9, {0x000, 0x110, 0xFFE, 0x090, 0xFFE, 0x100, 0x3FC, 0xE04, 0x3FC, 0x040, 0x514, 0x9F2}},
    {0x60FA, {0x000, 0x2FE, 0x282, 0x2FE, 0xB82, 0xAFE, 0xA90, 0x2FE, 0x310, 0x2FE, 0x210, 0x2FE}},
    {0x6100, {0x000, 0x228, 0x2C8, 0xB48, 0xA5A, 0xAEC, 0xA48, 0xA48, 0x2E8, 0x348, 0x254, 0x262}},
    {0x6101, {0x000, 0x0C8, 0xF2A, 0x12A, 0xFC8, 0x514, 0x594, 0x922, 0x080, 0x544, 0x50A, 0x9FA}},
    {0x6106, {0x000, 0x49C, 0x840, 0x23E, 0x488, 0xC08, 0x448, 0x498, 0x040, 0x524, 0x50A, 0x9F8}},
    {0x6108, {0x000, 0x0E0, 0x318, 0xDF6, 0x000, 0xFD2, 0x852, 0xFD2, 0x846, 0x080, 0x514, 0x9F2}},
    {0x6109, {0x000, 0x210, 0x228, 0xAC6, 0xA38, 0xA00, 0xAEA, 0xAAA, 0x2EA, 0x2AA, 0x2E2, 0x2A6}},
    {0x610D, {0x000, 0xF90, 0x89E, 0xFB4, 0x914, 0xFC8, 0x954, 0xCA2, 0x000, 0x544, 0x52A, 0x9FA}},
    {0x610E, {0x000, 0x280, 0xAFE, 0xB44, 0xA7C, 0xA44, 0xA7C, 0xA20, 0x23C, 0x2E4, 0x218, 0x2E6}},
    {0x610F, {0x000, 0x040, 0x7FC, 0x110, 0xFFE, 0x404, 0x7FC, 0x404, 0x7FC, 0x044, 0x50A, 0x9F8}},
    {0x6115, {0x000, 0x2EE, 0x2AA, 0xAEE, 0xB00, 0xA7C, 0xA00, 0xAFE, 0x240, 0x27C, 0x204, 0x21C}},
    {0x611A, {0x000, 0x7FC, 0x444, 0x7FC, 0x444, 0xFFE, 0x852, 0xBEA, 0x886, 0x140, 0x514, 0x9F2}},
    {0x611F, {0x000, 0x014, 0xFFE, 0x810, 0xBD4, 0x814, 0xBC8, 0xA4A, 0xBD6, 0x080, 0x514, 0x9F2}},
    {0x6120, {0x000, 0x2FE, 0x282, 0xBFE, 0xA82, 0xAFE, 0xA00, 0xAFE, 0x2AA, 0x2AA, 0x2AA, 0x2FE}},
    {0x6123, {0x000, 0x2FE, 0x2AA, 0xBAA, 0xAFE, 0xA10, 0xAFE, 0xA20, 0x23E, 0x222, 0x242, 0x24E}},
    {0x6124, {0x000, 0x210, 0x2FE, 0xA54, 0xAFE, 0xA44, 0xAFE, 0x282, 0x292, 0x292, 0x228, 0x2C6}},
    {0x6126, {0x000, 0x210, 0x2FE, 0xB92, 0xAFE, 0xA10, 0xAFE, 0xA00, 0x2FE, 0x292, 0x228, 0x2C6}},
    {0x6127, {0x000, 0x220, 0xAFE, 0xA92, 0xAFE, 0xA92, 0xAFE, 0xA54, 0x25A, 0x25E, 0x292, 0x29E}},
    {0x612B, {0x000, 0x210, 0x2FE, 0xB10, 0xA7C, 0xA10, 0xAFE, 0xA24, 0x2FA, 0x210, 0x254, 0x2B2}},
    {0x613F, {0x000, 0x7FE, 0x440, 0x5FC, 0x504, 0x5FC, 0x504, 0x5FC, 0x4A8, 0x524, 0xA92, 0xAFA}},
    {0x6148, {0x000, 0x110, 0xFFE, 0x208, 0x514, 0x208, 0x514, 0xEBA, 0x000, 0x544, 0x52A, 0x9FA}},
    {0x614A, {0x000, 0x212, 0xA6C, 0xB28, 0xAFE, 0xA2A, 0xAFE, 0xA2A, 0x2FE, 0x228, 0x26C, 0x2AA}},
    {0x614C, {0x000, 0x244, 0x2FE, 0xB44, 0xA10, 0xAFE, 0xA40, 0xA7E, 0x200, 0x254, 0x254, 0x296}},
    {0x614E, {0x000, 0x210, 0x2FE, 0xB10, 0xA7C, 0xA44, 0xA7C, 0xA44, 0x27C, 0x200, 0x2FE, 0x244}},
    {0x6151, {0x000, 0x5FE, 0x484, 0xEFC, 0xC84, 0xCFE, 0x504, 0x5FE, 0x522, 0x494, 0x468, 0x596}},
    {0x6155, {0x000, 0x110, 0xFFE, 0x110, 0x7FC, 0x404, 0x7FC, 0x404, 0xFFE, 0x484, 0xAAA, 0x594}},
    {0x615D, {0x000, 0x7FE, 0x448, 0x5FE, 0x440, 0x4FC, 0x544, 0x444, 0x7FE, 0x120, 0x504, 0x9FA}},
    {0x6162, {0x000, 0x27C, 0x244, 0xB7C, 0xA44, 0xAFE, 0xAAA, 0xAFE, 0x204, 0x228, 0x210, 0x2EE}},
    {0x6167, {0x000, 0x208, 0xFBE, 0x208, 0xFBE, 0x208, 0xFFE, 0x004, 0x7FC, 0x040, 0x50A, 0x9FA}},
    {0x6168, {0x000, 0x5DE, 0x554, 0xDD4, 0xD54, 0xD54, 0x5FE, 0x508, 0x508, 0x55A, 0x5DA, 0x72E}},
    {0x6170, {0x000, 0xFC4, 0x87E, 0xFC4, 0x814, 0xFD4, 0x914, 0xD44, 0xB1C, 0x080, 0xA0A, 0xBFA}},
    {0x6175, {0x000, 0x208, 0x27E, 0xB48, 0xA7E, 0xA4A, 0xA7E, 0xA4A, 0x27E, 0x26A, 0x2BE, 0x2AA}},
    {0x6177, {0x000, 0x210, 0xAFE, 0xA88, 0xABE, 0xA8A, 0xAFE, 0xA8A, 0x2BE, 0x2CA, 0x288, 0x35A}},
    {0x618B, {0x000, 0xA90, 0xFBE, 0xAD2, 0xA94, 0xF88, 0xA94, 0xAA2, 0x040, 0x524, 0x50A, 0x9FA}},
    {0x618E, {0x000, 0x244, 0x2FE, 0xB92, 0xAD6, 0xA92, 0xAFE, 0xA44, 0x27C, 0x244, 0x244, 0x27C}},
    {0x6194, {0x000, 0x248, 0xA7E, 0xAC8, 0xB7E, 0xA48, 0xA7E, 0x248, 0x27E, 0x200, 0x2AA, 0x2AA}},
    {0x619D, {0x000, 0x110, 0xFDE, 0x4A4, 0xF94, 0x108, 0xFD4, 0x222, 0x600, 0x120, 0x514, 0x8F2}},
    {0x61A7, {0x000, 0x210, 0x2FE, 0xB28, 0xAFE, 0xA54, 0xA7C, 0xA54, 0x27C, 0x210, 0x210, 0x2FE}},
    {0x61A8, {0x000, 0x790, 0x11E, 0xFE4, 0x494, 0x788, 0x494, 0xFA2, 0x080, 0x244, 0xA2A, 0xBFA}},
    {0x61A9, {0x000, 0x188, 0xE3E, 0x222, 0xFBE, 0x222, 0xFBE, 0x8A2, 0xFBE, 0x040, 0x514, 0x9F2}},
    {0x61AC, {0x000, 0x27C, 0xA44, 0xB7C, 0xA44, 0xA7C, 0xA10, 0xAFE, 0x244, 0x27C, 0x210, 0x2B2}},
    {0x61B7, {0x000, 0x244, 0x2FE, 0xB44, 0xAEE, 0xA54, 0xAFE, 0xA12, 0x250, 0x25E, 0x250, 0x2BE}},
    {0x61BE, {0x000, 0x208, 0x2FE, 0xA88, 0xAEA, 0xA8A, 0xAE4, 0xAA6, 0x2EA, 0x210, 0x2A2, 0x2BC}},
    {0x61C2, {0x000, 0x244, 0x2FE, 0xA44, 0xA10, 0xAFE, 0xA54, 0x27C, 0x254, 0x2FE, 0x210, 0x2FE}},
    {0x61C8, {0x000, 0x2DE, 0xB4A, 0xBEA, 0xAB6, 0xAA0, 0xBF4, 0xABE, 0x2B4, 0x3EE, 0x224, 0x264}},
    {0x61CA, {0x000, 0x220, 0xAFE, 0xABA, 0xAD6, 0xABA, 0xAD6, 0xA82, 0x210, 0x2FE, 0x228, 0x2C6}},
    {0x61CB, {0x000, 0x2F4, 0xF2E, 0x2F4, 0x76E, 0xAB4, 0x224, 0x224, 0x040, 0x524, 0x50A, 0x9F8}},
    {0x61D1, {0x000, 0x848, 0x5FE, 0x048, 0x9FC, 0x450, 0x1FC, 0x554, 0x9AC, 0x040, 0x524, 0x9F2}},
    {0x61D2, {0x000, 0x49C, 0x5E4, 0x4A4, 0xFFE, 0xEA2, 0x6AA, 0x7EA, 0x4AA, 0x588, 0x6D4, 0x4A2}},
    {0x61D4, {0x000, 0x210, 0x2FE, 0xB00, 0xAFE, 0xAAA, 0xAAA, 0xAFE, 0x200, 0x2FE, 0x254, 0x2B2}},
    {0x61E6, {0x000, 0x2FE, 0xA10, 0xAFE, 0xA92, 0xA54, 0xA00, 0xAFE, 0x210, 0x2FE, 0x2AA, 0x2AA}},
    {0x61F5, {0x000, 0x244, 0x2FE, 0xB44, 0xAFE, 0xAAA, 0xAAA, 0xAFE, 0x2C6, 0x27C, 0x244, 0x27C}},
    {0x61FF, {0x000, 0x248, 0xFBE, 0x202, 0xFA8, 0x048, 0xF94, 0x894, 0x722, 0x510, 0x26A, 0xFBE}},
    {0x6206, {0x000, 0x208, 0xF9E, 0x532, 0xF8C, 0x892, 0xFBE, 0x22A, 0xF8C, 0x252, 0x524, 0x9F2}},
    {0x6208, {0x000, 0x088, 0x084, 0xFFE, 0x080, 0x084, 0x048, 0x050, 0x060, 0x1A2, 0xE12, 0x00C}},
    {0x620A, {0x000, 0x028, 0x024, 0x7FE, 0x420, 0x424, 0x424, 0x428, 0x410, 0x410, 0x82A, 0x8C6}},
    {0x620B, {0x000, 0x0A0, 0x090, 0x0FC, 0xF80, 0x0FC, 0xF80, 0x090, 0x060, 0x044, 0x1A4, 0xE1C}},
    {0x620C, {0x000, 0x048, 0x044, 0x7FE, 0x440, 0x440, 0x428, 0x5A8, 0x410, 0x412, 0x82A, 0x8C6}},
    {0x620D, {0x000, 0x048, 0x044, 0x7FE, 0x440, 0x440, 0x428, 0x528, 0x490, 0x412, 0x82A, 0x8C6}},
    {0x620E, {0x000, 0x024, 0x022, 0xFFE, 0x020, 0x220, 0x224, 0xF94, 0x214, 0x20A, 0x41A, 0x424}},
    {0x620F, {0x000, 0x028, 0xFA4, 0x8FE, 0x8A0, 0x8A8, 0x8A8, 0x528, 0x510, 0x212, 0x52A, 0x8A4}},
    {0x6210, {0x000, 0x028, 0x024, 0x7FE, 0x420, 0x420, 0x414, 0x794, 0x494, 0x48A, 0x88A, 0x994}},
    {0x6211, {0x000, 0xF94, 0x212, 0x210, 0xFFE, 0x210, 0x214, 0x394, 0xE08, 0x21A, 0x22A, 0x6C4}},
    {0x6212, {0x000, 0x020, 0xFFE, 0x020, 0x524, 0x524, 0xFA8, 0x528, 0x512, 0x512, 0x92A, 0x944}},
    {0x6215, {0x000, 0x514, 0x512, 0x510, 0x7FE, 0x110, 0x110, 0xF12, 0x514, 0x508, 0x91A, 0x964}},
    {0x6216, {0x000, 0x014, 0xFFE, 0x010, 0x7D0, 0x452, 0x452, 0x7D4, 0x014, 0x0CA, 0xF1A, 0x024}},
    {0x6217, {0x000, 0x214, 0x512, 0x890, 0x01E, 0xF70, 0x912, 0x914, 0xB08, 0x81A, 0x926, 0x742}},
    {0x6218, {0x000, 0x214, 0x212, 0x390, 0x21E, 0x270, 0x214, 0xF94, 0x888, 0x88A, 0x89A, 0xFA4}},
    {0x621A, {0x000, 0x014, 0x7FE, 0x410, 0x490, 0x4F2, 0x492, 0x7F4, 0x494, 0x6AA, 0xAAA, 0x994}},
    {0x621B, {0x000, 0xFFC, 0x080, 0x3F0, 0x210, 0x3F0, 0x210, 0x3E0, 0x13C, 0xFD0, 0x064, 0x79C}},
    {0x621F, {0x000, 0x214, 0xF92, 0x210, 0xFBE, 0x890, 0xF90, 0x892, 0xF94, 0x20A, 0xF96, 0x224}},
    {0x6221, {0x000, 0x488, 0xFCA, 0x488, 0x7BE, 0x488, 0x488, 0xFEA, 0xA8A, 0xCE4, 0x804, 0xFEA}},
    {0x6222, {0x000, 0x7A8, 0x4A4, 0x7A0, 0x03E, 0xFE0, 0x4A4, 0x7A4, 0x4A8, 0x5D0, 0xEAA, 0x0C6}},
    {0x6224, {0x000, 0xF94, 0x492, 0x6D0, 0xA5E, 0x470, 0xAD4, 0x014, 0x7C8, 0x54A, 0x576, 0xF92}},
    {0x6225, {0x000, 0x7D4, 0x452, 0x7D0, 0x45E, 0x7F0, 0x514, 0x7D4, 0x908, 0x7CA, 0x116, 0xFE2}},
    {0x622A, {0x000, 0x10A, 0xFEA, 0x108, 0xFFE, 0x248, 0x7E8, 0xC8A, 0x7EA, 0x484, 0x486, 0x7EA}},
    {0x622C, {0x000, 0xF94, 0x512, 0xD90, 0x51E, 0xFB0, 0x014, 0xF94, 0x888, 0xF8A, 0x896, 0xFA2}},
    {0x622E, {0x000, 0xEEA, 0x66A, 0xAA8, 0x37E, 0x4A8, 0x948, 0x60A, 0x18A, 0x644, 0x186, 0xE0A}},
    {0x6233, {0x000, 0xFEA, 0xAAA, 0x768, 0xABE, 0x248, 0x7EA, 0xC8A, 0x7E4, 0x484, 0x48A, 0x7F2}},
    {0x6234, {0x000, 0x10A, 0x7CA, 0x108, 0xFFE, 0x548, 0x7CA, 0x54A, 0xFEA, 0x284, 0xFE6, 0x44A}},
    {0x6237, {0x000, 0x080, 0x040, 0x7FC, 0x404, 0x404, 0x7FC, 0x400, 0x400, 0x400, 0x800, 0x800}},
    {0x623D, {0x000, 0x038, 0x7C0, 0x400, 0x7FC, 0x404, 0x7FC, 0x448, 0x528, 0x48E, 0xBF8, 0x808}},
    {0x623E, {0x000, 0x03C, 0x7C0, 0x7FC, 0x404, 0x7FC, 0x450, 0x448, 0x7FC, 0x440, 0x8A0, 0xB1C}},
    {0x623F, {0x000, 0xFFE, 0x000, 0x7FE, 0x402, 0x7FE, 0x420, 0x7FE, 0x480, 0x4FC, 0x904, 0xA1C}},
    {0x6240, {0x000, 0xFC6, 0x038, 0x020, 0x7A0, 0x4BE, 0x4A4, 0x7A4, 0x424, 0x424, 0x444, 0x844}},
    {0x6241, {0x000, 0xFFE, 0x000, 0x7FE, 0x402, 0x7FE, 0x400, 0x5FE, 0x552, 0x5FE, 0x552, 0x956}},
    {0x6243, {0x000, 0x038, 0x7C0, 0x400, 0x7FC, 0x404, 0x7FE, 0x502, 0x57A, 0x54A, 0x57A, 0x906}},
    {0x6247, {0x000, 0xFFE, 0x000, 0x7FE, 0x402, 0x7FE, 0x400, 0x7DE, 0x54A, 0x4C6, 0xB5A, 0x8C6}},
    {0x6248, {0x000, 0xFFE, 0x000, 0x7FC, 0x404, 0x7FC, 0x488, 0x5FC, 0x524, 0x5FC, 0x902, 0x9FE}},
    {0x6249, {0x000, 0xFFE, 0x000, 0x7FE, 0x402, 0x7FE, 0x400, 0x448, 0x5CE, 0x448, 0x9CE, 0x848}},
    {0x624B, {0x000, 0x018, 0x7E0, 0x040, 0x040, 0x7FC, 0x040, 0x040, 0xFFE, 0x040, 0x040, 0x1C0}},
    {0x624C, {0x000, 0x020, 0x020, 0x070, 0x020, 0x020, 0x030, 0x060, 0x020, 0x020, 0x020, 0x060}},
    {0x624D, {0x000, 0x020, 0x020, 0xFFE, 0x020, 0x028, 0x030, 0x060, 0x1A0, 0xE20, 0x020, 0x0E0}},
    {0x624E, {0x000, 0x220, 0x220, 0xFA0, 0x220, 0x220, 0x3A0, 0xE22, 0x222, 0x222, 0x222, 0xE3E}},
    {0x6251, {0x000, 0x220, 0x220, 0xFA0, 0x220, 0x238, 0x3A6, 0xE20, 0x220, 0x220, 0x220, 0xE20}},
    {0x6252, {0x000, 0x448, 0x448, 0xE48, 0x448, 0x448, 0x648, 0xC48, 0x484, 0x484, 0x484, 0xD02}},
    {0x6253, {0x000, 0x200, 0x27E, 0xF88, 0x208, 0x208, 0x308, 0xE08, 0x208, 0x208, 0x208, 0x638}},
    {0x6254, {0x000, 0x4F8, 0x448, 0xE48, 0x448, 0x44E, 0x442, 0x642, 0xC42, 0x482, 0x482, 0xD0E}},
    {0x6258, {0x000, 0x206, 0x278, 0xF90, 0x210, 0x216, 0x338, 0xED0, 0x210, 0x212, 0x212, 0x61E}},
    {0x625B, {0x000, 0x2FE, 0x210, 0xF10, 0x210, 0x210, 0x310, 0xE10, 0x210, 0x210, 0x210, 0x6FE}},
    {0x6263, {0x000, 0x27E, 0x242, 0xF42, 0x242, 0x242, 0x342, 0xE42, 0x242, 0x242, 0x242, 0x67E}},
    {0x6266, {0x000, 0x404, 0x4F8, 0xE10, 0x410, 0x410, 0x5FE, 0x610, 0xC10, 0x410, 0x410, 0xC10}},
    {0x6267, {0x000, 0x440, 0x440, 0xEF8, 0x448, 0x448, 0x648, 0xD48, 0x488, 0x48A, 0x54A, 0xD2E}},
    {0x6269, {0x000, 0x410, 0x4FE, 0xE80, 0x480, 0x480, 0x680, 0xC80, 0x480, 0x480, 0x500, 0xD00}},
    {0x626A, {0x000, 0x49E, 0x442, 0xE02, 0x482, 0x482, 0x682, 0xC82, 0x482, 0x482, 0x482, 0xC8E}},
    {0x626B, {0x000, 0x4FE, 0x402, 0xE02, 0x402, 0x402, 0x47E, 0x602, 0xC02, 0x402, 0x402, 0xCFE}},
    {0x626C, {0x000, 0x4FC, 0x408, 0xE10, 0x420, 0x4FE, 0x64A, 0xC4A, 0x44A, 0x492, 0x492, 0xD2E}},
    {0x626D, {0x000, 0x4FC, 0x444, 0xE44, 0x444, 0x444, 0x4FE, 0x644, 0xC44, 0x444, 0x444, 0xDFE}},
    {0x626E, {0x000, 0x448, 0x448, 0xE84, 0x484, 0x502, 0x6FC, 0xC24, 0x424, 0x444, 0x444, 0xC9C}},
    {0x626F, {0x000, 0x410, 0x410, 0xE10, 0x490, 0x49E, 0x690, 0xC90, 0x490, 0x490, 0x490, 0xCFE}},
    {0x6270, {0x000, 0x428, 0x424, 0xEFE, 0x420, 0x420, 0x420, 0x660, 0xC62, 0x4A2, 0x4A2, 0xD3E}},
    {0x6273, {0x000, 0x4FE, 0x480, 0xE80, 0x4BE, 0x482, 0x6A2, 0xC94, 0x494, 0x488, 0x514, 0xD62}},
    {0x6276, {0x000, 0x410, 0x410, 0xEFE, 0x410, 0x410, 0x6FE, 0xC10, 0x428, 0x428, 0x444, 0xC82}},
    {0x6279, {0x000, 0x488, 0x488, 0xE8A, 0x48A, 0x4EC, 0x688, 0xC88, 0x488, 0x48A, 0x4EA, 0xD8E}},
    {0x627C, {0x000, 0x4FE, 0x480, 0xE80, 0x4BC, 0x4A4, 0x6A4, 0xCA4, 0x4AC, 0x4A0, 0x522, 0xD3E}},
    {0x627E, {0x000, 0x428, 0x424, 0xE20, 0x4FE, 0x420, 0x628, 0xC28, 0x410, 0x412, 0x42A, 0xCC4}},
    {0x627F, {0x000, 0x7FC, 0x018, 0x060, 0xE48, 0x2EA, 0x24C, 0x2E8, 0x444, 0x5F4, 0x842, 0x0C0}},
    {0x6280, {0x000, 0x410, 0x4FE, 0xE10, 0x410, 0x47C, 0x604, 0xC44, 0x428, 0x410, 0x428, 0xCC6}},
    {0x6284, {0x000, 0x410, 0x454, 0xE54, 0x454, 0x492, 0x692, 0xC10, 0x402, 0x404, 0x418, 0xCE0}},
    {0x6289, {0x000, 0x420, 0x4FC, 0xE24, 0x424, 0x424, 0x624, 0xDFE, 0x420, 0x450, 0x488, 0xD06}},
    {0x628A, {0x000, 0x4FE, 0x492, 0xE92, 0x492, 0x492, 0x6FE, 0xC80, 0x480, 0x482, 0x482, 0xCFE}},
    {0x6291, {0x000, 0x43E, 0x4D2, 0xE92, 0x492, 0x492, 0x692, 0xC92, 0x492, 0x4D6, 0x590, 0xC10}},
    {0x6292, {0x000, 0x2FC, 0x204, 0xF28, 0x210, 0x2FE, 0x312, 0xE14, 0x210, 0x210, 0x210, 0x670}},
    {0x6293, {0x000, 0x206, 0x27C, 0xF54, 0x254, 0x254, 0x354, 0xE54, 0x254, 0x254, 0x292, 0x692}},
    {0x6295, {0x000, 0x478, 0x448, 0xE48, 0x44A, 0x48E, 0x600, 0xCFC, 0x404, 0x448, 0x430, 0xDCE}},
    {0x6296, {0x000, 0x408, 0x448, 0xE28, 0x408, 0x488, 0x448, 0x60E, 0xC38, 0x5C8, 0x408, 0xC08}},
    {0x6297, {0x000, 0x420, 0x5FE, 0xE00, 0x478, 0x448, 0x648, 0xC48, 0x448, 0x44A, 0x48A, 0xC8E}},
    {0x6298, {0x000, 0x206, 0x278, 0xF40, 0x240, 0x27E, 0x348, 0xE48, 0x248, 0x248, 0x288, 0x688}},
    {0x629A, {0x000, 0x27C, 0x210, 0xF10, 0x210, 0x2FE, 0x310, 0xE10, 0x228, 0x228, 0x24A, 0x68E}},
    {0x629B, {0x000, 0x488, 0x488, 0xFFE, 0x4AA, 0x4AA, 0x6AA, 0xCB2, 0x4B6, 0x4A0, 0x522, 0xD3E}},
    {0x629F, {0x000, 0x410, 0x4FE, 0xE20, 0x420, 0x5FE, 0x640, 0xCFE, 0x404, 0x448, 0x430, 0xC10}},
    {0x62A0, {0x000, 0x4FE, 0x480, 0xEA2, 0x494, 0x494, 0x488, 0x694, 0xC94, 0x4A2, 0x480, 0xCFE}},
    {0x62A1, {0x000, 0x430, 0x448, 0xE84, 0x502, 0x480, 0x484, 0x698, 0xCE0, 0x482, 0x482, 0xCFE}},
    {0x62A2, {0x000, 0x420, 0x430, 0xE48, 0x484, 0x502, 0x4FC, 0x684, 0xC84, 0x49C, 0x482, 0xCFE}},
    {0x62A4, {0x000, 0x420, 0x410, 0xEFE, 0x482, 0x482, 0x6FE, 0xC80, 0x480, 0x480, 0x500, 0xD00}},
    {0x62A5, {0x000, 0x4FE, 0x482, 0xE82, 0x48E, 0x480, 0x6FE, 0xC82, 0x4A2, 0x494, 0x508, 0xD76}},
    {0x62A8, {0x000, 0x4FE, 0x410, 0xE92, 0x454, 0x410, 0x4FE, 0x610, 0xC10, 0x410, 0x410, 0xC10}},
    {0x62AB, {0x000, 0x410, 0x4FE, 0xE92, 0x490, 0x4FC, 0x684, 0xCC4, 0x4A8, 0x490, 0x528, 0xD44}},
    {0x62AC, {0x000, 0x420, 0x420, 0xE44, 0x484, 0x5FA, 0x600, 0xDFE, 0x502, 0x502, 0x502, 0xDFE}},
    {0x62B1, {0x000, 0x480, 0x4FE, 0xF02, 0x4F2, 0x492, 0x692, 0xCF2, 0x48E, 0x480, 0x482, 0xCFE}},
    {0x62B5, {0x000, 0x40C, 0x4F0, 0xE90, 0x490, 0x4FE, 0x690, 0xC90, 0x48A, 0x5EA, 0x404, 0xCF8}},
    {0x62B9, {0x000, 0x410, 0x4FE, 0xE10, 0x410, 0x47C, 0x610, 0xC38, 0x438, 0x454, 0x492, 0xC10}},
    {0x62BB, {0x000, 0x410, 0x410, 0xEFE, 0x492, 0x492, 0x6FE, 0xC92, 0x492, 0x4FE, 0x410, 0xC10}},
    {0x62BC, {0x000, 0x4FE, 0x492, 0xE92, 0x4FE, 0x492, 0x692, 0xC92, 0x4FE, 0x410, 0x410, 0xC10}},
    {0x62BD, {0x000, 0x410, 0x410, 0xEFE, 0x492, 0x492, 0x692, 0xCFE, 0x492, 0x492, 0x492, 0xCFE}},
    {0x62BF, {0x000, 0x5FC, 0x504, 0xF04, 0x504, 0x5FC, 0x710, 0xDFE, 0x510, 0x510, 0x548, 0xD86}},
    {0x62C2, {0x000, 0x448, 0x5FE, 0xE4A, 0x44A, 0x5FE, 0x748, 0xDFE, 0x44A, 0x44A, 0x44E, 0xC88}},
    {0x62C4, {0x000, 0x420, 0x410, 0xEFE, 0x410, 0x410, 0x610, 0xCFE, 0x410, 0x410, 0x410, 0xCFE}},
    {0x62C5, {0x000, 0x4FC, 0x484, 0xE84, 0x4FC, 0x484, 0x684, 0xC84, 0x4FC, 0x400, 0x400, 0xDFE}},
    {0x62C6, {0x000, 0x40E, 0x4F0, 0xE80, 0x480, 0x4FE, 0x688, 0xC98, 0x48C, 0x48A, 0x508, 0xD08}},
    {0x62C7, {0x000, 0x4FC, 0x4A4, 0xE94, 0x484, 0x5FE, 0x6A4, 0xC94, 0x484, 0x4FE, 0x404, 0xC1C}},
    {0x62C8, {0x000, 0x210, 0x210, 0xF1E, 0x210, 0x210, 0x310, 0xE7E, 0x242, 0x242, 0x242, 0x67E}},
    {0x62C9, {0x000, 0x410, 0x4FE, 0xE00, 0x444, 0x444, 0x624, 0xC24, 0x428, 0x428, 0x408, 0xCFE}},
    {0x62CA, {0x000, 0x444, 0x444, 0xEBE, 0x584, 0x484, 0x6A4, 0xC94, 0x484, 0x484, 0x484, 0xC9C}},
    {0x62CC, {0x000, 0x492, 0x452, 0xE54, 0x410, 0x4FE, 0x610, 0xC10, 0x4FE, 0x410, 0x410, 0xC10}},
    {0x62CD, {0x000, 0x208, 0x210, 0xF7E, 0x242, 0x242, 0x342, 0xE7E, 0x242, 0x242, 0x242, 0x67E}},
    {0x62CE, {0x000, 0x430, 0x448, 0x586, 0xE78, 0x400, 0x400, 0x6FE, 0xC22, 0x422, 0x426, 0xC20}},
    {0x62D0, {0x000, 0x4FC, 0x484, 0xE84, 0x4FC, 0x420, 0x6FE, 0xC22, 0x422, 0x442, 0x442, 0xC8E}},
    {0x62D2, {0x000, 0x4FE, 0x480, 0xE80, 0x4FC, 0x484, 0x684, 0xC84, 0x4FC, 0x480, 0x480, 0xCFE}},
    {0x62D3, {0x000, 0x27E, 0x210, 0xF90, 0x210, 0x220, 0x33E, 0xE62, 0x262, 0x2A2, 0x222, 0x63E}},
    {0x62D4, {0x000, 0x424, 0x420, 0xEFE, 0x420, 0x43E, 0x622, 0xC54, 0x454, 0x488, 0x514, 0xC22}},
    {0x62D6, {0x000, 0x480, 0x4FE, 0xF00, 0x490, 0x49E, 0x6F2, 0xD92, 0x496, 0x490, 0x482, 0xCFE}},
    {0x62D7, {0x000, 0x488, 0x488, 0xE9E, 0x4AA, 0x52A, 0x6AA, 0xC4A, 0x44A, 0x4AA, 0x5D2, 0xC16}},
    {0x62D8, {0x000, 0x480, 0x4FE, 0xE82, 0x502, 0x47A, 0x64A, 0xC4A, 0x44A, 0x47A, 0x402, 0xC0E}},
    {0x62D9, {0x000, 0x410, 0x492, 0xE92, 0x492, 0x4FE, 0x610, 0xC92, 0x492, 0x492, 0x492, 0xCFE}},
    {0x62DA, {0x000, 0x420, 0x444, 0xEFA, 0x400, 0x444, 0x644, 0xCFE, 0x444, 0x444, 0x484, 0xC84}},
    {0x62DB, {0x000, 0x4FE, 0x422, 0xE22, 0x442, 0x48E, 0x600, 0xCFE, 0x482, 0x482, 0x482, 0xCFE}},
    {0x62DC, {0x000, 0x1BE, 0xE08, 0x208, 0x23E, 0xF88, 0x208, 0x3BE, 0xE08, 0x208, 0x43E, 0x808}},
    {0x62DF, {0x000, 0x408, 0x488, 0xE88, 0x4A8, 0x4A8, 0x698, 0xCA8, 0x4D4, 0x494, 0x5A2, 0xC42}},
    {0x62E2, {0x000, 0x448, 0x444, 0xEFE, 0x450, 0x450, 0x452, 0x654, 0xC98, 0x4B2, 0x492, 0xD1E}},
    {0x62E3, {0x000, 0x440, 0x4FC, 0xE40, 0x5F0, 0x490, 0x490, 0x6FE, 0xC10, 0x494, 0x492, 0xD32}},
    {0x62E5, {0x000, 0x4FE, 0x492, 0xE92, 0x4FE, 0x492, 0x692, 0xCFE, 0x492, 0x492, 0x512, 0xD16}},
    {0x62E6, {0x000, 0x444, 0x428, 0xEFE, 0x400, 0x400, 0x400, 0x67C, 0xC00, 0x400, 0x400, 0xCFE}},
    {0x62E7, {0x000, 0x410, 0x4FE, 0xE82, 0x400, 0x4FE, 0x410, 0x610, 0xC10, 0x410, 0x410, 0xC70}},
    {0x62E8, {0x000, 0x424, 0x4A0, 0xEFE, 0x440, 0x47E, 0x642, 0xCA2, 0x494, 0x488, 0x514, 0xD62}},
    {0x62E9, {0x000, 0x4FE, 0x482, 0xE44, 0x438, 0x4C6, 0x610, 0xCFE, 0x410, 0x4FE, 0x410, 0xC10}},
    {0x62EC, {0x000, 0x406, 0x4F8, 0xE10, 0x410, 0x4FE, 0x610, 0xC10, 0x4FE, 0x482, 0x482, 0xCFE}},
    {0x62ED, {0x000, 0x40A, 0x408, 0xEFE, 0x408, 0x408, 0x6E8, 0xC48, 0x44A, 0x46A, 0x4CA, 0xC04}},
    {0x62EE, {0x000, 0x410, 0x4FE, 0xE10, 0x410, 0x4FE, 0x600, 0xCFE, 0x482, 0x482, 0x482, 0xCFE}},
    {0x62EF, {0x000, 0x4FC, 0x408, 0xE12, 0x5D4, 0x458, 0x654, 0xC92, 0x512, 0x430, 0x400, 0xDFE}},
    {0x62F1, {0x000, 0x448, 0x448, 0xEFC, 0x448, 0x448, 0x648, 0xDFE, 0x400, 0x448, 0x448, 0xC84}},
    {0x62F3, {0x000, 0x248, 0x7FC, 0x110, 0xFFE, 0x208, 0x5F4, 0x842, 0x7FC, 0x040, 0xFFE, 0x0C0}},
    {0x62F4, {0x000, 0x410, 0x428, 0xE44, 0x482, 0x47C, 0x410, 0x610, 0xC7C, 0x410, 0x410, 0xCFE}},
    {0x62F6, {0x000, 0x492, 0x524, 0xF24, 0x492, 0x440, 0x67E, 0xC82, 0x562, 0x414, 0x408, 0xC30}},
    {0x62F7, {0x000, 0x422, 0x4F4, 0xE28, 0x5FE, 0x420, 0x67E, 0xCC0, 0x57C, 0x404, 0x404, 0xC1C}},
    {0x62FC, {0x000, 0x482, 0x444, 0xEFE, 0x444, 0x444, 0x444, 0x6FE, 0xC44, 0x444, 0x484, 0xC84}},
    {0x62FD, {0x000, 0x410, 0x4FE, 0xE92, 0x4FE, 0x492, 0x692, 0xCFE, 0x414, 0x408, 0x41A, 0xCE4}},
    {0x62FE, {0x000, 0x430, 0x448, 0xE84, 0x57A, 0x400, 0x600, 0xCFC, 0x484, 0x484, 0x484, 0xCFC}},
    {0x62FF, {0x000, 0x0E0, 0xF1E, 0x7FC, 0x404, 0x7FC, 0x040, 0x7FC, 0x040, 0xFFE, 0x040, 0x1C0}},
    {0x6301, {0x000, 0x410, 0x4FE, 0xE10, 0x410, 0x4FE, 0x604, 0xCFE, 0x444, 0x424, 0x404, 0xC1C}},
    {0x6302, {0x000, 0x410, 0x4FE, 0xE10, 0x410, 0x4FE, 0x600, 0xC10, 0x4FE, 0x410, 0x410, 0xCFE}},
    {0x6307, {0x000, 0x486, 0x4F8, 0xE80, 0x482, 0x4FE, 0x600, 0xCFE, 0x482, 0x4FE, 0x482, 0xCFE}},
    {0x6308, {0x000, 0x200, 0xFBE, 0x212, 0x3A2, 0xE46, 0x238, 0x3C0, 0x040, 0xFFE, 0x040, 0x1C0}},
    {0x6309, {0x000, 0x410, 0xEFE, 0x482, 0x420, 0x6FE, 0xC44, 0x444, 0x4E8, 0x410, 0x46C, 0xD82}},
    {0x630E, {0x000, 0x410, 0x4FE, 0xE44, 0x482, 0x47C, 0x400, 0x6FE, 0xC40, 0x47C, 0x404, 0xC3C}},
    {0x6311, {0x000, 0x428, 0x4AA, 0xE6C, 0x428, 0x428, 0x66C, 0xCAA, 0x428, 0x42A, 0x44A, 0xC8E}},
    {0x6316, {0x000, 0x420, 0x5FE, 0xF4A, 0x586, 0x400, 0x5FE, 0x602, 0xC1C, 0x4E0, 0x502, 0xCFE}},
    {0x631A, {0x000, 0x420, 0xEFC, 0x464, 0x624, 0xCD6, 0x000, 0x7FC, 0x040, 0xFFE, 0x040, 0x1C0}},
    {0x631B, {0x000, 0x040, 0xFFE, 0x514, 0x912, 0xFFE, 0x040, 0x7FC, 0x040, 0xFFE, 0x040, 0x1C0}},
    {0x631D, {0x000, 0x504, 0x484, 0xE3E, 0x584, 0x4A4, 0x694, 0xC84, 0x484, 0x49C, 0x480, 0xD7E}},
    {0x631E, {0x000, 0x410, 0x510, 0xEBE, 0x410, 0x490, 0x6A8, 0xCA8, 0x4C4, 0x482, 0x480, 0xD7E}},
    {0x631F, {0x000, 0x410, 0x4FE, 0xE10, 0x492, 0x454, 0x610, 0xCFE, 0x428, 0x428, 0x444, 0xC82}},
    {0x6320, {0x000, 0x420, 0x42E, 0xEF0, 0x414, 0x41A, 0x6E4, 0xC00, 0x5FE, 0x450, 0x452, 0xD9E}},
    {0x6321, {0x000, 0x410, 0x492, 0xE54, 0x410, 0x4FE, 0x602, 0xC02, 0x4FE, 0x402, 0x402, 0xCFE}},
    {0x6322, {0x000, 0x406, 0x4F8, 0xE10, 0x410, 0x4FE, 0x628, 0xC44, 0x4C6, 0x444, 0x444, 0xC84}},
    {0x6323, {0x000, 0x47C, 0x484, 0xEFE, 0x412, 0x412, 0x4FE, 0x612, 0xC12, 0x4FE, 0x410, 0xC30}},
    {0x6324, {0x000, 0x410, 0x4FE, 0xE44, 0x428, 0x410, 0x4EE, 0x644, 0xC44, 0x444, 0x484, 0xC84}},
    {0x6325, {0x000, 0x4FE, 0x482, 0xE20, 0x4FE, 0x440, 0x490, 0x6FE, 0xC10, 0x4FE, 0x410, 0xC10}},
    {0x6328, {0x000, 0x420, 0x444, 0xEFA, 0x440, 0x47C, 0x690, 0xC10, 0x4FE, 0x410, 0x428, 0xCC6}},
    {0x632A, {0x000, 0x5EE, 0x4AA, 0xEAA, 0x5EA, 0x4AC, 0x6AA, 0x5EA, 0xCAA, 0x4AA, 0x52C, 0xD68}},
    {0x632B, {0x000, 0x410, 0x454, 0xE54, 0x454, 0x4BA, 0x610, 0xC10, 0x4FE, 0x410, 0x410, 0xCFE}},
    {0x632F, {0x000, 0x4FE, 0x480, 0xEFC, 0x480, 0x4FE, 0x6A8, 0xCA8, 0x4AA, 0x4A4, 0x524, 0xD72}},
    {0x6332, {0x000, 0x210, 0x954, 0x492, 0x234, 0x408, 0x830, 0x3C0, 0x040, 0xFFE, 0x040, 0x1C0}},
    {0x6339, {0x000, 0x4FE, 0x482, 0xEFE, 0x400, 0x4FE, 0x692, 0xC92, 0x4FE, 0x480, 0x482, 0xCFE}},
    {0x633A, {0x000, 0x5C4, 0x458, 0xE88, 0x508, 0x5FE, 0x648, 0xD48, 0x548, 0x49C, 0x480, 0xD7E}},
    {0x633D, {0x000, 0x47C, 0x484, 0xE08, 0x4FE, 0x492, 0x692, 0xCFE, 0x428, 0x428, 0x44A, 0xC8E}},
    {0x6342, {0x000, 0x4FE, 0x420, 0xEFC, 0x424, 0x424, 0x6FE, 0xC00, 0x4FE, 0x482, 0x482, 0xCFE}},
    {0x6343, {0x000, 0x4FE, 0x412, 0xEFE, 0x412, 0x4FE, 0x620, 0xC7E, 0x442, 0x4C2, 0x542, 0xD7E}},
    {0x6345, {0x000, 0x4FC, 0x428, 0xE10, 0x4FE, 0x492, 0x6FE, 0xC92, 0x4FE, 0x492, 0x492, 0xC96}},
    {0x6346, {0x000, 0x4FE, 0x482, 0xE92, 0x4FE, 0x492, 0x4BA, 0x6D6, 0xC92, 0x492, 0x482, 0xCFE}},
    {0x6349, {0x000, 0x4FE, 0x482, 0xE82, 0x482, 0x4FE, 0x610, 0xC90, 0x49E, 0x4D0, 0x530, 0xD1E}},
    {0x634B, {0x000, 0x406, 0x4F8, 0xEA2, 0x454, 0x408, 0x6FE, 0xC08, 0x488, 0x448, 0x408, 0xC38}},
    {0x634C, {0x000, 0x5E2, 0x52A, 0xF2A, 0x5EA, 0x48A, 0x68A, 0xCEA, 0x4AA, 0x4A2, 0x4A2, 0xD66}},
    {0x634D, {0x000, 0x4FE, 0x482, 0xEFE, 0x482, 0x4FE, 0x600, 0xCFE, 0x410, 0x4FE, 0x410, 0xC10}},
    {0x634E, {0x000, 0x492, 0x454, 0xE10, 0x4FE, 0x482, 0x6FE, 0xC82, 0x4FE, 0x482, 0x482, 0xC8E}},
    {0x634F, {0x000, 0x4FE, 0x482, 0xEFE, 0x482, 0x4FE, 0x600, 0xC10, 0x4FE, 0x410, 0x410, 0xCFE}},
    {0x6350, {0x000, 0x4FE, 0x482, 0xEFE, 0x400, 0x4FE, 0x682, 0xCFE, 0x482, 0x4FE, 0x482, 0xC8E}},
    {0x6355, {0x000, 0x414, 0x4FE, 0xE10, 0x4FE, 0x492, 0x6FE, 0xC92, 0x4FE, 0x492, 0x492, 0xC96}},
    {0x635E, {0x000, 0x444, 0x4FE, 0xE44, 0x4FE, 0x482, 0x420, 0x6FE, 0xC22, 0x422, 0x442, 0xC8E}},
    {0x635F, {0x000, 0x4FE, 0x482, 0xEFE, 0x400, 0x4FE, 0x682, 0xC92, 0x492, 0x492, 0x428, 0xCC6}},
    {0x6361, {0x000, 0x430, 0x448, 0xF86, 0x400, 0x4FC, 0x400, 0x6A4, 0xCA4, 0x454, 0x408, 0xDFE}},
    {0x6362, {0x000, 0x478, 0x488, 0xFFC, 0x524, 0x524, 0x524, 0xD24, 0x7FE, 0x420, 0x4D8, 0xF06}},
    {0x6363, {0x000, 0x420, 0x4FC, 0xE84, 0x4A4, 0x48C, 0x680, 0xCFE, 0x442, 0x54A, 0x5FA, 0xC0E}},
    {0x6367, {0x000, 0x410, 0x4FE, 0xE10, 0x4FE, 0x428, 0x6FE, 0xC54, 0x4BA, 0x410, 0x4FE, 0xC10}},
    {0x6369, {0x000, 0x4FE, 0x400, 0xEFE, 0x482, 0x4FE, 0x680, 0xC90, 0x4FE, 0x490, 0x528, 0xD46}},
    {0x636D, {0x000, 0x430, 0x4FE, 0xE92, 0x4FE, 0x492, 0x6FE, 0xC50, 0x490, 0x4FE, 0x410, 0xC10}},
    {0x636E, {0x000, 0x4FE, 0x482, 0xEFE, 0x480, 0x488, 0x6BE, 0xC88, 0x488, 0x4BE, 0x522, 0xD3E}},
    {0x6371, {0x000, 0x4FE, 0x490, 0xEFC, 0x490, 0x490, 0x6FE, 0xC90, 0x4FC, 0x490, 0x510, 0xD7E}},
    {0x6376, {0x000, 0x4FE, 0x410, 0xEFE, 0x454, 0x454, 0x6FE, 0xC54, 0x454, 0x4FE, 0x410, 0xCFE}},
    {0x6377, {0x000, 0x5FE, 0x420, 0xEFC, 0x424, 0x5FE, 0x624, 0xCFC, 0x420, 0x4BC, 0x4E0, 0xD3E}},
    {0x637A, {0x000, 0x410, 0x4FE, 0xE28, 0x444, 0x482, 0x67C, 0xC00, 0x4FE, 0x410, 0x454, 0xCB2}},
    {0x637B, {0x000, 0x430, 0x448, 0xE84, 0x57A, 0x400, 0x6FC, 0xC04, 0x428, 0x440, 0x54A, 0xD7A}},
    {0x6380, {0x000, 0x468, 0x58E, 0xF12, 0x508, 0x5E8, 0x748, 0xD48, 0x554, 0x554, 0x654, 0xE62}},
    {0x6382, {0x000, 0x410, 0x4FE, 0xE90, 0x490, 0x49E, 0x690, 0xC90, 0x4FE, 0x542, 0x542, 0xD7E}},
    {0x6387, {0x000, 0x4EE, 0x422, 0xEAA, 0x444, 0x4AA, 0x600, 0xCEE, 0x422, 0x4AA, 0x444, 0xCAA}},
    {0x6388, {0x000, 0x40C, 0x4F0, 0xE54, 0x4FE, 0x482, 0x67C, 0xC44, 0x428, 0x410, 0x428, 0xCC6}},
    {0x6389, {0x000, 0x420, 0x43E, 0xE20, 0x4FE, 0x482, 0x6FE, 0xC82, 0x4FE, 0x410, 0x5FE, 0xC10}},
    {0x638A, {0x000, 0x410, 0x4FE, 0xE00, 0x482, 0x444, 0x6FE, 0xC00, 0x4FE, 0x482, 0x482, 0xCFE}},
    {0x638C, {0x000, 0x248, 0xFFE, 0xA0A, 0x3F8, 0x00C, 0x7F0, 0x040, 0x7FC, 0x040, 0xFFE, 0x0C0}},
    {0x638E, {0x000, 0x410, 0x4FE, 0xE28, 0x444, 0x4FE, 0x604, 0xCF4, 0x494, 0x494, 0x4F4, 0xC0C}},
    {0x638F, {0x000, 0x480, 0x4FE, 0xE82, 0x542, 0x47A, 0x6A2, 0xCFA, 0x422, 0x4AA, 0x4FA, 0xC06}},
    {0x6390, {0x000, 0x47C, 0x484, 0xE84, 0x5EE, 0x502, 0x502, 0x7EE, 0xD02, 0x502, 0x502, 0xDFE}},
    {0x6392, {0x000, 0x428, 0x428, 0xEEE, 0x428, 0x428, 0x6EE, 0xC28, 0x428, 0x4EE, 0x428, 0xC48}},
    {0x6396, {0x000, 0x420, 0x5FE, 0xE00, 0x450, 0x45E, 0x692, 0xDAA, 0x4D4, 0x488, 0x494, 0xCA2}},
    {0x6398, {0x000, 0x4FE, 0x482, 0xEFE, 0x480, 0x4AA, 0x6AA, 0xCBE, 0x488, 0x4AA, 0x52A, 0xD3E}},
    {0x63A0, {0x000, 0x410, 0x4FE, 0xE00, 0x4FE, 0x482, 0x682, 0xCFE, 0x410, 0x454, 0x454, 0xCB2}},
    {0x63A2, {0x000, 0x4FE, 0x482, 0xE28, 0x42A, 0x4CE, 0x610, 0xCFE, 0x410, 0x438, 0x454, 0xC92}},
    {0x63A3, {0x000, 0x502, 0x7D2, 0x912, 0x7D2, 0x546, 0x040, 0x7FC, 0x040, 0xFFE, 0x040, 0x1C0}},
    {0x63A5, {0x000, 0x410, 0x4FE, 0xE44, 0x444, 0x4FE, 0x610, 0xCFE, 0x424, 0x448, 0x438, 0xCC6}},
    {0x63A7, {0x000, 0x410, 0x4FE, 0xEAA, 0x428, 0x42A, 0x6CE, 0xC00, 0x47C, 0x410, 0x410, 0xCFE}},
    {0x63A8, {0x000, 0x448, 0x448, 0xEFE, 0x590, 0x490, 0x6FE, 0xC90, 0x4FE, 0x490, 0x490, 0xCFE}},
    {0x63A9, {0x000, 0x420, 0x5FE, 0xE48, 0x4A4, 0x5FE, 0x6A4, 0xCFC, 0x4A4, 0x4FC, 0x422, 0xC3E}},
    {0x63AA, {0x000, 0x448, 0x5FE, 0xE48, 0x448, 0x5FE, 0x600, 0xCFC, 0x484, 0x4FC, 0x484, 0xCFC}},
    {0x63AC, {0x000, 0x440, 0x47E, 0xE82, 0x422, 0x4AA, 0x622, 0xCFA, 0x472, 0x4AA, 0x422, 0xC2E}},
    {0x63AD, {0x000, 0x4FE, 0x410, 0xEFE, 0x428, 0x444, 0x692, 0xC10, 0x454, 0x45A, 0x494, 0xC30}},
    {0x63AE, {0x000, 0x410, 0x4FE, 0xE82, 0x4FE, 0x480, 0x6BE, 0xCA2, 0x4BE, 0x4A2, 0x53E, 0xD22}},
    {0x63B0, {0x000, 0x2A2, 0xCAC, 0x514, 0xF1E, 0x404, 0x5E4, 0xEAE, 0x4A4, 0x4A4, 0x524, 0xE6C}},
    {0x63B3, {0x000, 0x43C, 0x420, 0xEFE, 0x4A0, 0x4FC, 0x4A2, 0x6BE, 0xCA0, 0x4FE, 0x522, 0xD46}},
    {0x63B4, {0x000, 0x4FE, 0x482, 0xEBA, 0x492, 0x492, 0x6BA, 0xC96, 0x492, 0x4BA, 0x482, 0xCFE}},
    {0x63B7, {0x000, 0x4AE, 0x5FA, 0xE4A, 0x44A, 0x5FC, 0x64A, 0xC4A, 0x44A, 0x4AC, 0x4A8, 0xD18}},
    {0x63B8, {0x000, 0x444, 0x428, 0xEFE, 0x492, 0x4FE, 0x692, 0xCFE, 0x410, 0x4FE, 0x410, 0xC10}},
    {0x63BA, {0x000, 0x420, 0x444, 0xEFA, 0x410, 0x4FE, 0x644, 0xCBA, 0x400, 0x47C, 0x400, 0xCFE}},
    {0x63BC, {0x000, 0x47C, 0x454, 0xEFE, 0x454, 0x47C, 0x600, 0xCFE, 0x492, 0x492, 0x428, 0xCC6}},
    {0x63BE, {0x000, 0x47C, 0x484, 0xEF8, 0x408, 0x5FE, 0x622, 0xC54, 0x5B8, 0x454, 0x592, 0xC60}},
    {0x63C4, {0x000, 0x4F0, 0x448, 0xE84, 0x57A, 0x400, 0x7EA, 0xDAA, 0x574, 0x5B4, 0x56A, 0xD2A}},
    {0x63C6, {0x000, 0x46C, 0x4AA, 0xE44, 0x482, 0x47C, 0x610, 0xC10, 0x4FE, 0x410, 0x428, 0xCC6}},
    {0x63C9, {0x000, 0x47C, 0x408, 0xEFE, 0x432, 0x4D4, 0x630, 0xC10, 0x4FE, 0x454, 0x492, 0xC10}},
    {0x63CD, {0x000, 0x410, 0x4FE, 0xE10, 0x4FE, 0x410, 0x6FE, 0xC44, 0x4BA, 0x410, 0x4FE, 0xC44}},
    {0x63CE, {0x000, 0x410, 0x4FE, 0xE82, 0x400, 0x4FE, 0x644, 0xC7C, 0x444, 0x47C, 0x400, 0xCFE}},
    {0x63CF, {0x000, 0x444, 0x4FE, 0xE44, 0x400, 0x4FE, 0x692, 0xC92, 0x4FE, 0x492, 0x492, 0xCFE}},
    {0x63D0, {0x000, 0x4FE, 0x482, 0xEFE, 0x482, 0x4FE, 0x600, 0xCFE, 0x410, 0x45E, 0x450, 0xCBE}},
    {0x63D2, {0x000, 0x406, 0x4F8, 0xE10, 0x5FE, 0x410, 0x650, 0xC96, 0x492, 0x4D6, 0x492, 0xCFE}},
    {0x63D6, {0x000, 0x4FC, 0x484, 0xE84, 0x5FE, 0x484, 0x6FC, 0xC84, 0x4FC, 0x486, 0x5FC, 0xC04}},
    {0x63DE, {0x000, 0x410, 0x4FE, 0xE44, 0x428, 0x4FE, 0x644, 0xC7C, 0x444, 0x47C, 0x444, 0xC4C}},
    {0x63E0, {0x000, 0x4FE, 0x4A4, 0xEBC, 0x4A4, 0x4BC, 0x690, 0xCFE, 0x4A4, 0x498, 0x4A4, 0xCFE}},
    {0x63E1, {0x000, 0x4FE, 0x482, 0xEFE, 0x480, 0x4FE, 0x694, 0xCBA, 0x488, 0x4BE, 0x508, 0xD7E}},
    {0x63E3, {0x000, 0x492, 0x492, 0xEFE, 0x400, 0x4FE, 0x610, 0xCFE, 0x4AA, 0x4AA, 0x4AA, 0xCAA}},
    {0x63E9, {0x000, 0x48A, 0x4EC, 0xE88, 0x4AA, 0x5CE, 0x410, 0x6FE, 0xC82, 0x4FE, 0x482, 0xCFE}},
    {0x63EA, {0x000, 0x434, 0x5C4, 0xC44, 0x44E, 0x5F4, 0x444, 0xCE4, 0x4D4, 0x54A, 0x54A, 0xD52}},
    {0x63ED, {0x000, 0x4FC, 0x484, 0xEFC, 0x484, 0x4FC, 0x440, 0x67E, 0xCC2, 0x572, 0x44A, 0xC7E}},
    {0x63F2, {0x000, 0x4A4, 0x5FE, 0xEA4, 0x4BC, 0x480, 0x6FE, 0xC10, 0x4FE, 0x454, 0x454, 0xC92}},
    {0x63F4, {0x000, 0x4FE, 0x454, 0xE00, 0x4FE, 0x420, 0x6FE, 0xC40, 0x47C, 0x4A4, 0x518, 0xC66}},
    {0x63F6, {0x000, 0x5FE, 0x4AA, 0xEAA, 0x4EA, 0x4AC, 0x6AA, 0xCEA, 0x4AA, 0x4BE, 0x5E8, 0xC28}},
    {0x63F8, {0x000, 0x410, 0x4FE, 0xE54, 0x492, 0x47C, 0x644, 0xC7C, 0x444, 0x47C, 0x400, 0xCFE}},
    {0x63FD, {0x000, 0x4A8, 0x4AE, 0xEA8, 0x4A6, 0x400, 0x4FE, 0x692, 0xC92, 0x410, 0x42A, 0xCCE}},
    {0x63FF, {0x000, 0x488, 0x4EE, 0xE8A, 0x404, 0x4E4, 0x644, 0xC44, 0x4E4, 0x444, 0x44A, 0xC6A}},
    {0x6400, {0x000, 0x43C, 0x444, 0xEFE, 0x492, 0x4FE, 0x628, 0xC44, 0x4B2, 0x408, 0x460, 0xC1C}},
    {0x6401, {0x000, 0x45E, 0x4A2, 0xE82, 0x4BA, 0x4EA, 0x692, 0xCEE, 0x482, 0x4BA, 0x4AA, 0xCBE}},
    {0x6402, {0x000, 0x454, 0x410, 0xEFE, 0x454, 0x492, 0x410, 0x620, 0xCFE, 0x444, 0x438, 0xCC6}},
    {0x6405, {0x000, 0x492, 0x454, 0xEFE, 0x482, 0x47C, 0x444, 0x654, 0xC54, 0x454, 0x42A, 0xCCE}},
    {0x640B, {0x000, 0x4FE, 0x490, 0xE9E, 0x490, 0x4FE, 0x692, 0xCBC, 0x490, 0x4BE, 0x524, 0xD66}},
    {0x640C, {0x000, 0x4FE, 0x482, 0xE82, 0x4FE, 0x4A4, 0x6FE, 0xCA4, 0x4FE, 0x4AA, 0x524, 0xD72}},
    {0x640F, {0x000, 0x414, 0x4FE, 0xE10, 0x4FE, 0x492, 0x6FE, 0xC92, 0x404, 0x5FE, 0x444, 0xC1C}},
    {0x6410, {0x000, 0x410, 0x4FE, 0xE20, 0x444, 0x4FA, 0x600, 0xCFE, 0x492, 0x4FE, 0x492, 0xCFE}},
    {0x6413, {0x000, 0x444, 0x4FE, 0xE10, 0x4FE, 0x410, 0x6FE, 0xC20, 0x47E, 0x588, 0x408, 0xCFE}},
    {0x6414, {0x000, 0x4FE, 0x444, 0xE38, 0x4C6, 0x410, 0x4FE, 0x692, 0xC92, 0x4FE, 0x414, 0xCFA}},
    {0x641B, {0x000, 0x444, 0x4FE, 0xE28, 0x4FE, 0x42A, 0x6FE, 0xC2A, 0x4FE, 0x428, 0x46C, 0xCAA}},
    {0x641C, {0x000, 0x410, 0x4D6, 0xE92, 0x4D6, 0x492, 0x6D6, 0xC00, 0x4FE, 0x444, 0x438, 0xCC6}},
    {0x641E, {0x000, 0x410, 0x4FE, 0xE44, 0x47C, 0x400, 0x6FE, 0xC82, 0x4BA, 0x4AA, 0x4BA, 0xC86}},
    {0x6420, {0x000, 0x4AE, 0x5FA, 0xE0A, 0x55E, 0x55A, 0x7FA, 0xC4E, 0x44A, 0x48A, 0x48A, 0xD16}},
    {0x6421, {0x000, 0x4FE, 0x428, 0xED6, 0x400, 0x4EE, 0x644, 0xCAA, 0x410, 0x4FE, 0x454, 0xC92}},
    {0x6426, {0x000, 0x4EE, 0x422, 0xE22, 0x4EE, 0x488, 0x6EE, 0xC66, 0x4AA, 0x466, 0x4AA, 0xC66}},
    {0x642A, {0x000, 0x410, 0x4FE, 0xE90, 0x4FE, 0x492, 0x6FE, 0xC92, 0x4FE, 0x4C2, 0x542, 0xD7E}},
    {0x642C, {0x000, 0x44E, 0x4EA, 0xEAA, 0x4EA, 0x4AA, 0x7F0, 0xCAE, 0x4AA, 0x4EA, 0x4A4, 0xD2A}},
    {0x642D, {0x000, 0x448, 0x5FE, 0xE48, 0x430, 0x448, 0x5B6, 0xC00, 0x4FC, 0x484, 0x484, 0xCFC}},
    {0x6434, {0x000, 0x040, 0xFFE, 0x912, 0x7FC, 0x110, 0xFFE, 0x248, 0xDF6, 0x040, 0x7FC, 0x0C0}},
    {0x643A, {0x000, 0x448, 0x47E, 0xEC8, 0x47E, 0x448, 0x67E, 0xC00, 0x4F8, 0x44E, 0x442, 0xC8E}},
    {0x643D, {0x000, 0x444, 0x4FE, 0xE44, 0x410, 0x428, 0x6C6, 0xC10, 0x4FE, 0x410, 0x454, 0xC92}},
    {0x643F, {0x000, 0x646, 0xC4C, 0x4A4, 0x4A4, 0xF1E, 0x4E4, 0xE0E, 0x4E4, 0x4A4, 0x4A4, 0xCEC}},
    {0x6441, {0x000, 0x4FE, 0x492, 0xEFE, 0x4AA, 0x4C6, 0x682, 0xCFE, 0x400, 0x450, 0x54A, 0xD7E}},
    {0x6444, {0x000, 0x5FE, 0x484, 0xEFC, 0x484, 0x4FE, 0x504, 0x5FE, 0xD22, 0x494, 0x468, 0xD96}},
    {0x6445, {0x000, 0x43C, 0x420, 0xEFE, 0x4A2, 0x4FC, 0x6A2, 0xCBE, 0x490, 0x4A8, 0x562, 0xDBE}},
    {0x6446, {0x000, 0x4FE, 0x4AA, 0xEAA, 0x4FE, 0x410, 0x67C, 0xC10, 0x4FE, 0x420, 0x444, 0xCFA}},
    {0x6447, {0x000, 0x40E, 0x5F0, 0x522, 0xE94, 0x4FE, 0x510, 0x610, 0xCFE, 0x410, 0x512, 0xDFE}},
    {0x6448, {0x000, 0x410, 0x4FE, 0xE82, 0x47C, 0x440, 0x67E, 0xC44, 0x444, 0x4FE, 0x428, 0xCC6}},
    {0x644A, {0x000, 0x5D4, 0x45E, 0xE74, 0x554, 0x55E, 0x754, 0xC94, 0x49E, 0x554, 0x554, 0xD5E}},
    {0x6452, {0x000, 0x4FE, 0x482, 0xE82, 0x4FE, 0x4C2, 0x6A4, 0xCFE, 0x4A4, 0x4FE, 0x524, 0xD44}},
    {0x6454, {0x000, 0x410, 0x4FE, 0xE10, 0x4AA, 0x454, 0x4AA, 0x67C, 0xC10, 0x4FE, 0x410, 0xC10}},
    {0x6458, {0x000, 0x410, 0x4FE, 0xE44, 0x4FE, 0x492, 0x6FE, 0xC92, 0x4BA, 0x4AA, 0x4BA, 0xC86}},
    {0x645E, {0x000, 0x4FE, 0x492, 0xEFE, 0x492, 0x4FE, 0x624, 0xCF8, 0x410, 0x4FE, 0x454, 0xCB2}},
    {0x6467, {0x000, 0x492, 0x492, 0xEFE, 0x448, 0x4FE, 0x688, 0xDFE, 0x488, 0x4FE, 0x488, 0xCFE}},
    {0x6469, {0x000, 0x020, 0x7FE, 0x488, 0x5DC, 0x488, 0x5DC, 0x6AA, 0x5FC, 0x420, 0xBFE, 0x860}},
    {0x646D, {0x000, 0x410, 0x4FE, 0xE80, 0x4A4, 0x4FE, 0x6A4, 0xCA4, 0x4BC, 0x480, 0x554, 0xDAA}},
    {0x6478, {0x000, 0x448, 0x5FE, 0xE48, 0x4FC, 0x484, 0x6FC, 0xC84, 0x5FE, 0x430, 0x448, 0xD86}},
    {0x6479, {0x000, 0x110, 0xFFE, 0x110, 0x7FC, 0x404, 0x7FC, 0x444, 0xBFA, 0x040, 0xFFE, 0x0C0}},
    {0x647A, {0x000, 0x5FE, 0x4AA, 0xE66, 0x4AA, 0x466, 0x610, 0xCFE, 0x482, 0x4FE, 0x482, 0xCFE}},
    {0x6482, {0x000, 0x4FE, 0x492, 0xEFE, 0x492, 0x4FE, 0x544, 0x638, 0xC44, 0x5FE, 0x482, 0xCFE}},
    {0x6484, {0x000, 0x4EE, 0x4AA, 0xEAA, 0x4AA, 0x444, 0x6AA, 0xC10, 0x4FE, 0x444, 0x438, 0xDC6}},
    {0x6485, {0x000, 0x5FE, 0x500, 0xFA8, 0x5FE, 0x552, 0x554, 0x7F4, 0xD44, 0x544, 0x5AA, 0xE92}},
    {0x6487, {0x000, 0x554, 0x4E8, 0xE4E, 0x5F4, 0x554, 0x554, 0x774, 0xDD4, 0x558, 0x554, 0xD52}},
    {0x6491, {0x000, 0x454, 0x4FE, 0xEAA, 0x438, 0x404, 0x678, 0xC10, 0x47C, 0x410, 0x4FE, 0xC10}},
    {0x6492, {0x000, 0x4A8, 0x5F8, 0xEAE, 0x4AA, 0x5FA, 0x6AA, 0xCEA, 0x4A4, 0x4E4, 0x4AA, 0xCAA}},
    {0x6495, {0x000, 0x4A2, 0x5FC, 0x4A8, 0xEE8, 0x4AE, 0x4AA, 0x6EA, 0xCAA, 0x5FA, 0x4AA, 0xD12}},
    {0x6496, {0x000, 0x5D0, 0x450, 0xFFE, 0x544, 0x5D4, 0x754, 0xD54, 0x5C8, 0x548, 0x7D8, 0xC54}},
    {0x6499, {0x000, 0x444, 0x4FE, 0xE28, 0x4FE, 0x4AA, 0x6C6, 0xCFE, 0x404, 0x4FE, 0x444, 0xC2C}},
    {0x649E, {0x000, 0x410, 0x4FE, 0xE28, 0x4FE, 0x454, 0x67C, 0xC54, 0x47C, 0x410, 0x410, 0xCFE}},
    {0x64A4, {0x000, 0x448, 0x5F8, 0xEAE, 0x5DA, 0x40A, 0x6EA, 0xCAA, 0x4E4, 0x4A4, 0x4EA, 0xCAA}},
    {0x64A9, {0x000, 0x410, 0x4FE, 0xEAA, 0x444, 0x4FE, 0x644, 0xC7C, 0x444, 0x47C, 0x410, 0xCB2}},
    {0x64AC, {0x000, 0x40E, 0x4F0, 0xE1E, 0x4F0, 0x40E, 0x430, 0x5CE, 0xC88, 0x5FE, 0x488, 0xCEE}},
    {0x64AD, {0x000, 0x406, 0x4F8, 0xE54, 0x4FE, 0x454, 0x692, 0xCFE, 0x492, 0x4FE, 0x492, 0xCFE}},
    {0x64AE, {0x000, 0x4FC, 0x484, 0xEFC, 0x484, 0x5FE, 0x6A0, 0xCEE, 0x4A2, 0x4EA, 0x5A4, 0xC2A}},
    {0x64B0, {0x000, 0x4EE, 0x422, 0xEEE, 0x488, 0x4EE, 0x628, 0xCFE, 0x428, 0x4FE, 0x444, 0xC82}},
    {0x64B5, {0x000, 0x444, 0x4EE, 0xE44, 0x4EE, 0x410, 0x6FE, 0xC50, 0x4FE, 0x410, 0x4FE, 0xC10}},
    {0x64B7, {0x000, 0x4BE, 0x488, 0xFFE, 0x4A2, 0x4AA, 0x7EA, 0xC2A, 0x5EA, 0x548, 0x554, 0xDE2}},
    {0x64B8, {0x000, 0x47C, 0x484, 0xEFE, 0x492, 0x4FE, 0x692, 0xDFE, 0x444, 0x47C, 0x444, 0xC7C}},
    {0x64BA, {0x000, 0x410, 0x4FE, 0xEAA, 0x47C, 0x4D6, 0x67C, 0xC10, 0x4FE, 0x492, 0x4FE, 0xC10}},
    {0x64BC, {0x000, 0x40A, 0x4FE, 0xE88, 0x4EA, 0x48A, 0x6E4, 0xDA6, 0x4EA, 0x420, 0x54A, 0xD7A}},
    {0x64C0, {0x000, 0x488, 0x5D4, 0xEA2, 0x5C0, 0x55C, 0x7C8, 0xD48, 0x5FE, 0x488, 0x5C8, 0xC88}},
    {0x64C2, {0x000, 0x4FE, 0x410, 0xEFE, 0x492, 0x4D6, 0x600, 0xCFE, 0x492, 0x4FE, 0x492, 0xCFE}},
    {0x64C5, {0x000, 0x410, 0x4FE, 0xEAA, 0x4BA, 0x482, 0x6FE, 0xC44, 0x47C, 0x444, 0x444, 0xCFE}},
    {0x64CD, {0x000, 0x47C, 0x444, 0xE7C, 0x4EE, 0x4AA, 0x6EE, 0xC10, 0x4FE, 0x438, 0x454, 0xC92}},
    {0x64CE, {0x000, 0x488, 0xFC8, 0x4BE, 0x7D4, 0xD48, 0x748, 0x0B6, 0x7FC, 0x040, 0xFFE, 0x0C0}},
    {0x64D0, {0x000, 0x4FE, 0x4AA, 0xEFE, 0x400, 0x4FE, 0x644, 0xC44, 0x47C, 0x4CA, 0x544, 0xC6A}},
    {0x64D2, {0x000, 0x438, 0x4D6, 0xE7C, 0x428, 0x492, 0x6FE, 0xC10, 0x4FE, 0x4AA, 0x4F6, 0xC82}},
    {0x64D7, {0x000, 0x5C8, 0x57E, 0xF54, 0x554, 0x5FE, 0x708, 0xDC8, 0x57E, 0x548, 0x548, 0xDC8}},
    {0x64D8, {0x000, 0x7C8, 0x47E, 0x7D4, 0x67E, 0xBC8, 0x048, 0x7FC, 0x040, 0xFFE, 0x040, 0x1C0}},
    {0x64DE, {0x000, 0x558, 0x4E8, 0xFFE, 0x4EA, 0x55A, 0x44A, 0x7F4, 0xCA4, 0x54A, 0x48A, 0xD6A}},
    {0x64E2, {0x000, 0x4EE, 0x422, 0xEEE, 0x422, 0x4EE, 0x650, 0xCFE, 0x590, 0x4FE, 0x490, 0xCFE}},
    {0x64E4, {0x000, 0x410, 0x47C, 0xE44, 0x444, 0x4FE, 0x692, 0xCFE, 0x492, 0x5FE, 0x444, 0xC84}},
    {0x64E6, {0x000, 0x410, 0x4FE, 0xE82, 0x46E, 0x4AA, 0x644, 0xCBA, 0x400, 0x4FE, 0x454, 0xCB2}},
    {0x6500, {0x000, 0x2A8, 0xF5E, 0x6AC, 0xB5A, 0x2A8, 0xFFE, 0x248, 0x5F4, 0x842, 0x7FC, 0x0C0}},
    {0x6509, {0x000, 0x4FE, 0x410, 0xEFE, 0x4DA, 0x4B6, 0x648, 0xCBE, 0x588, 0x4BE, 0x488, 0xCBE}},
    {0x6512, {0x000, 0x554, 0x5FE, 0xE44, 0x5FE, 0x4AA, 0x600, 0xCFE, 0x492, 0x492, 0x428, 0xCC6}},
    {0x6518, {0x000, 0x410, 0x5FE, 0x4AA, 0xEEE, 0x444, 0x4FE, 0x644, 0xCFE, 0x42A, 0x4C4, 0xC72}},
    {0x6525, {0x000, 0x488, 0x4EE, 0xF54, 0x4FE, 0x4AA, 0x6D6, 0xCAA, 0x492, 0x5FE, 0x4AC, 0xD5A}},
    {0x652B, {0x000, 0x4EE, 0x4AA, 0xEEE, 0x4AA, 0x450, 0x6FE, 0xC90, 0x4FE, 0x444, 0x438, 0xDC6}},
    {0x652E, {0x000, 0x410, 0x4FE, 0xE54, 0x4FE, 0x4AA, 0x6EE, 0xC44, 0x4FE, 0x454, 0x4C8, 0xD66}},
    {0x652F, {0x000, 0x040, 0xFFE, 0x040, 0x040, 0x7FC, 0x004, 0x108, 0x090, 0x060, 0x198, 0xE06}},
    {0x6534, {0x000, 0x080, 0x080, 0x0F8, 0x080, 0x080, 0xFF0, 0x210, 0x120, 0x0C0, 0x330, 0xC0C}},
    {0x6535, {0x000, 0x100, 0x100, 0x1FC, 0x210, 0x510, 0x920, 0x0A0, 0x040, 0x0A0, 0x318, 0xC06}},
    {0x6536, {0x000, 0x120, 0x520, 0x53E, 0x544, 0x544, 0x5A8, 0x528, 0x510, 0x710, 0xD28, 0x144}},
    {0x6538, {0x000, 0x240, 0x240, 0x4FE, 0x544, 0xD44, 0x544, 0x524, 0x528, 0x510, 0x528, 0x4C6}},
    {0x6539, {0x000, 0x010, 0xF10, 0x13E, 0x164, 0xF24, 0x824, 0x824, 0x818, 0x918, 0xF24, 0x0C2}},
    {0x653B, {0x000, 0x020, 0xFBE, 0x224, 0x244, 0x244, 0x2A8, 0x228, 0x210, 0x3A8, 0xE44, 0x082}},
    {0x653E, {0x000, 0x220, 0xFBE, 0x424, 0x424, 0x7D4, 0x494, 0x494, 0x488, 0x488, 0x894, 0x9A2}},
    {0x653F, {0x000, 0x010, 0xF90, 0x21E, 0x224, 0x224, 0xBA4, 0xA54, 0xA08, 0xA08, 0xB94, 0xE22}},
    {0x6545, {0x000, 0x210, 0x210, 0xF9E, 0x224, 0x224, 0x254, 0xF94, 0x888, 0x888, 0x894, 0xFA2}},
    {0x6548, {0x000, 0x210, 0xF90, 0x01E, 0x524, 0x894, 0x114, 0x514, 0x208, 0x208, 0x514, 0x8A2}},
    {0x6549, {0x000, 0x220, 0xAA0, 0xB3E, 0x224, 0xF44, 0x2C4, 0x628, 0xB28, 0xA90, 0x228, 0x2C6}},
    {0x654C, {0x000, 0x190, 0xE1E, 0x214, 0x224, 0xFA4, 0x214, 0x214, 0xF88, 0x888, 0x894, 0xFA2}},
    {0x654F, {0x000, 0x408, 0x7C8, 0x80E, 0x7D2, 0x552, 0x54A, 0xFEA, 0x544, 0x544, 0x7EA, 0x0CA}},
    {0x6551, {0x000, 0x290, 0x210, 0xF9E, 0x234, 0xA94, 0xA94, 0x214, 0xA88, 0xA88, 0x214, 0x622}},
    {0x6555, {0x000, 0x210, 0xF90, 0x21E, 0xFA4, 0xAD4, 0xA94, 0xF94, 0x208, 0x708, 0xA94, 0x222}},
    {0x6556, {0x000, 0x210, 0xF90, 0x21E, 0xFA4, 0x224, 0xF94, 0x414, 0x788, 0x488, 0x494, 0x9A2}},
    {0x6559, {0x000, 0x250, 0xFDE, 0x294, 0xFF4, 0x114, 0x3D4, 0xC94, 0x108, 0xFC8, 0x114, 0x322}},
    {0x655B, {0x000, 0x110, 0x29E, 0x464, 0xB94, 0x014, 0x254, 0x954, 0x488, 0x008, 0x1D4, 0xE22}},
    {0x655D, {0x000, 0xA90, 0xA9E, 0x214, 0xFA4, 0xAA4, 0xA94, 0xD94, 0xA88, 0xA88, 0xA94, 0xAA2}},
    {0x655E, {0x000, 0x220, 0xABE, 0xAA4, 0x224, 0xFC4, 0x854, 0xF54, 0x948, 0xF48, 0x854, 0x8E2}},
    {0x6562, {0x000, 0xFD0, 0x210, 0xFDE, 0x4B4, 0x794, 0x494, 0x794, 0x488, 0x788, 0xC94, 0x094}},
    {0x6563, {0x000, 0x490, 0xFD0, 0x49E, 0x4B4, 0xFD4, 0x494, 0x794, 0x488, 0x788, 0x494, 0x5A2}},
    {0x6566, {0x000, 0x110, 0xFF0, 0x45E, 0x7E4, 0x014, 0x7D4, 0x094, 0x108, 0xFE8, 0x114, 0x322}},
    {0x656B, {0x000, 0x410, 0xF90, 0x8BE, 0xFA4, 0x8D4, 0xF94, 0x214, 0xFC8, 0x308, 0x494, 0x9A2}},
    {0x656C, {0x000, 0x290, 0xFF0, 0x29E, 0x434, 0x7D4, 0x854, 0x754, 0x548, 0x748, 0x054, 0x1E2}},
    {0x6570, {0x000, 0xA90, 0x210, 0xF9E, 0x724, 0xAA4, 0x254, 0x414, 0xF88, 0x508, 0x214, 0xDA2}},
    {0x6572, {0x000, 0x208, 0xFCE, 0x488, 0x788, 0x03E, 0xFC2, 0x852, 0xF54, 0x948, 0xF54, 0x8E2}},
    {0x6574, {0x000, 0x110, 0xFFE, 0x554, 0x7D4, 0x388, 0x554, 0xFFE, 0x040, 0x27E, 0x240, 0xFFE}},
    {0x6577, {0x000, 0x150, 0xFF0, 0x55E, 0x7D4, 0x564, 0x7D4, 0x114, 0xFC8, 0x488, 0x494, 0x9A2}},
    {0x6587, {0x000, 0x040, 0x040, 0xFFE, 0x208, 0x208, 0x110, 0x0A0, 0x040, 0x0A0, 0x318, 0xC06}},
    {0x658B, {0x000, 0x040, 0xFFE, 0x208, 0x1F0, 0xE0E, 0x000, 0xFFE, 0x040, 0xFFE, 0x912, 0x916}},
    {0x658C, {0x000, 0x4EA, 0x408, 0xEFE, 0x208, 0xA28, 0xA28, 0x4BC, 0x4A4, 0xAA4, 0xABA, 0xAC2}},
    {0x6590, {0x000, 0x110, 0xF1E, 0x110, 0xF1E, 0x110, 0xF1E, 0x250, 0xFFE, 0x208, 0x1F0, 0xE0E}},
    {0x6591, {0x000, 0xE4E, 0x444, 0x5F4, 0x424, 0xE24, 0x4AE, 0x444, 0x444, 0x6A4, 0xCA4, 0x10E}},
    {0x6593, {0x000, 0x45E, 0x2A2, 0xF92, 0x2FE, 0xAD6, 0xABA, 0x4FE, 0x492, 0xABA, 0xAD6, 0x892}},
    {0x6597, {0x000, 0x008, 0x108, 0x088, 0x048, 0x608, 0x108, 0x00E, 0x0F8, 0xF08, 0x008, 0x008}},
    {0x6599, {0x000, 0x204, 0xAA4, 0xA94, 0x204, 0xFA4, 0x214, 0x706, 0x68C, 0xA34, 0x204, 0x204}},
    {0x659B, {0x000, 0x704, 0x924, 0xF94, 0xA84, 0xAA4, 0xF94, 0xA84, 0xA86, 0xFBC, 0x884, 0x984}},
    {0x659C, {0x000, 0x204, 0x524, 0x894, 0x704, 0x224, 0xF94, 0x206, 0xA8C, 0xAB4, 0x204, 0x604}},
    {0x659F, {0x000, 0x484, 0xFD4, 0x48C, 0x784, 0x4A4, 0x494, 0xFC4, 0xA86, 0xCDC, 0x804, 0xFC4}},
    {0x65A1, {0x000, 0x218, 0xFA4, 0x242, 0xFA4, 0x894, 0xF84, 0x8A4, 0xF94, 0x206, 0xFBC, 0x204}},
    {0x65A4, {0x000, 0x00C, 0x7F0, 0x400, 0x400, 0x400, 0x7FE, 0x420, 0x420, 0x420, 0x820, 0x820}},
    {0x65A5, {0x000, 0x00C, 0x7F0, 0x400, 0x400, 0x7FE, 0x420, 0x420, 0x5E0, 0x438, 0x824, 0x820}},
    {0x65A7, {0x000, 0x110, 0x6AC, 0x040, 0x1B0, 0xE0E, 0x004, 0x7F8, 0x400, 0x7FE, 0x420, 0x820}},
    {0x65A9, {0x000, 0x406, 0xF78, 0x440, 0xA40, 0xA7E, 0xF48, 0x248, 0x248, 0xF48, 0x248, 0x288}},
    {0x65AB, {0x000, 0x006, 0xFB8, 0x420, 0x420, 0x73E, 0x524, 0xD24, 0x524, 0x544, 0x744, 0x084}},
    {0x65AD, {0x000, 0x906, 0x938, 0xD60, 0xBA0, 0x93E, 0xFE4, 0x924, 0xBA4, 0xD64, 0x924, 0xFC4}},
    {0x65AF, {0x000, 0x482, 0xFDC, 0x490, 0x790, 0x49E, 0x794, 0x494, 0xFD4, 0x014, 0x494, 0x864}},
    {0x65B0, {0x000, 0x206, 0xFB8, 0x520, 0x520, 0xFBE, 0x224, 0xFA4, 0x224, 0x724, 0xAA4, 0x244}},
    {0x65B9, {0x000, 0x040, 0x040, 0xFFE, 0x100, 0x100, 0x1FC, 0x104, 0x104, 0x204, 0x204, 0x43C}},
    {0x65BC, {0x000, 0x218, 0x224, 0xFA4, 0x442, 0x410, 0x408, 0x784, 0x480, 0x4B0, 0x888, 0x984}},
    {0x65BD, {0x000, 0x220, 0xFBE, 0x440, 0x408, 0x7AE, 0x4BA, 0x4EA, 0x4AE, 0x4A8, 0x8A2, 0x9BE}},
    {0x65C1, {0x000, 0x040, 0xFFE, 0x110, 0xFFE, 0x802, 0x040, 0xFFE, 0x200, 0x3FE, 0x402, 0x80E}},
    {0x65C3, {0x000, 0x440, 0xF7E, 0x490, 0x47E, 0x710, 0x57E, 0x552, 0x552, 0x552, 0x956, 0xB10}},
    {0x65C4, {0x000, 0x440, 0x47C, 0xF40, 0x48C, 0x470, 0x79E, 0x4F0, 0x49E, 0x4F0, 0x492, 0x98E}},
    {0x65C5, {0x000, 0x220, 0xFBE, 0x450, 0x410, 0x7A0, 0x4AA, 0x4EC, 0x4A8, 0x4A4, 0x8A4, 0xBA2}},
    {0x65C6, {0x000, 0x220, 0x23E, 0xF48, 0x2BE, 0x208, 0x3BE, 0x2AA, 0x2AA, 0x4AA, 0x4AE, 0x988}},
    {0x65CB, {0x000, 0x220, 0xFBE, 0x440, 0x400, 0x73E, 0x50A, 0x528, 0x52E, 0x528, 0x958, 0xB4E}},
    {0x65CC, {0x000, 0x420, 0x420, 0xF3E, 0x440, 0x428, 0x728, 0x53E, 0x548, 0x53E, 0x908, 0xA7E}},
    {0x65CE, {0x000, 0x220, 0x23E, 0xF40, 0x4FE, 0x442, 0x77E, 0x540, 0x554, 0x558, 0x992, 0xB0E}},
    {0x65CF, {0x000, 0x220, 0xFBE, 0x440, 0x420, 0x73E, 0x548, 0x508, 0x57E, 0x508, 0x914, 0xB22}},
    {0x65D2, {0x000, 0x440, 0xF7E, 0x490, 0x47E, 0x724, 0x57A, 0x500, 0x554, 0x554, 0x954, 0xB56}},
    {0x65D6, {0x000, 0x220, 0x23E, 0xF40, 0x488, 0x43E, 0x714, 0x522, 0x5FE, 0x554, 0x974, 0xB0C}},
    {0x65D7, {0x000, 0x440, 0xF7E, 0x4A4, 0x47E, 0x724, 0x53C, 0x524, 0x57E, 0x500, 0x924, 0xB42}},
    {0x65E0, {0x000, 0x7FC, 0x040, 0x040, 0x040, 0xFFE, 0x0A0, 0x0A0, 0x120, 0x122, 0x222, 0xC3E}},
    {0x65E2, {0x000, 0x7BE, 0x4A4, 0x4A4, 0x7A4, 0x4A4, 0x4FE, 0x78C, 0x40C, 0x514, 0x694, 0xCA6}},
    {0x65E5, {0x000, 0x7FC, 0x404, 0x404, 0x404, 0x404, 0x7FC, 0x404, 0x404, 0x404, 0x404, 0x7FC}},
    {0x65E6, {0x000, 0x7FC, 0x404, 0x404, 0x7FC, 0x404, 0x404, 0x404, 0x7FC, 0x000, 0x000, 0xFFE}},
    {0x65E7, {0x000, 0x8FE, 0x882, 0x882, 0x882, 0x882, 0x8FE, 0x882, 0x882, 0x882, 0x882, 0x8FE}},
    {0x65E8, {0x000, 0x806, 0x878, 0xF80, 0x802, 0xFFE, 0x000, 0x7FC, 0x404, 0x7FC, 0x404, 0x7FC}},
    {0x65E9, {0x000, 0x7FC, 0x404, 0x7FC, 0x404, 0x7FC, 0x040, 0x040, 0xFFE, 0x040, 0x040, 0x040}},
    {0x65EC, {0x000, 0x200, 0x3FE, 0x402, 0x402, 0xBF2, 0x212, 0x3F2, 0x212, 0x3F2, 0x002, 0x01E}},
    {0x65ED, {0x000, 0x400, 0x47C, 0xF44, 0x544, 0x57C, 0x544, 0x544, 0x57C, 0x502, 0x902, 0x9FE}},
    {0x65EE, {0x000, 0x080, 0x7F0, 0x090, 0x112, 0xE0E, 0x000, 0x3F0, 0x210, 0x3F0, 0x210, 0x3F0}},
    {0x65EF, {0x000, 0x7F8, 0x408, 0x7F8, 0x408, 0x7F8, 0x080, 0x7F0, 0x090, 0x112, 0x212, 0xC0E}},
    {0x65F0, {0x000, 0x07C, 0xF10, 0x910, 0x910, 0x9FE, 0xF10, 0x910, 0x910, 0x910, 0xF10, 0x010}},
    {0x65F1, {0x000, 0x7FC, 0x404, 0x7FC, 0x404, 0x7FC, 0x000, 0x7FC, 0x040, 0xFFE, 0x040, 0x040}},
    {0x65F6, {0x000, 0x008, 0xF08, 0x97E, 0x908, 0x908, 0xF48, 0x928, 0x928, 0x908, 0xF08, 0x038}},
    {0x65F7, {0x000, 0x008, 0xF7E, 0x940, 0x940, 0x940, 0xF40, 0x940, 0x940, 0x940, 0xF80, 0x080}},
    {0x65FA, {0x000, 0x0FE, 0xF10, 0x910, 0x910, 0x910, 0xF7C, 0x910, 0x910, 0x910, 0xF10, 0x0FE}},
    {0x6600, {0x000, 0x040, 0xE40, 0xA80, 0xAFC, 0xB04, 0xEF4, 0xA04, 0xAF4, 0xA04, 0xE04, 0x01C}},
    {0x6602, {0x000, 0x7FC, 0x404, 0x7FC, 0x404, 0x7FC, 0x000, 0x7BE, 0x422, 0x422, 0x5AE, 0xE20}},
    {0x6603, {0x000, 0x3FC, 0x204, 0x3FC, 0x204, 0x7FE, 0x400, 0x420, 0x420, 0x450, 0x888, 0xB06}},
    {0x6606, {0x000, 0x7FC, 0x404, 0x7FC, 0x404, 0x7FC, 0x000, 0x420, 0x7A6, 0x438, 0x5A2, 0xE3E}},
    {0x660A, {0x000, 0x3F8, 0x208, 0x3F8, 0x208, 0x3F8, 0x000, 0xFFE, 0x040, 0x7FC, 0x0A0, 0xF1E}},
    {0x660C, {0x000, 0x7FC, 0x404, 0x7FC, 0x404, 0x7FC, 0x000, 0xFFE, 0x802, 0xFFE, 0x802, 0xFFE}},
    {0x660E, {0x000, 0x03E, 0xF22, 0x922, 0x93E, 0x922, 0xF22, 0x93E, 0x922, 0x922, 0xF42, 0x04E}},
    {0x660F, {0x000, 0x7FC, 0x440, 0x7FE, 0x420, 0x59A, 0xE06, 0x7FC, 0x404, 0x7FC, 0x404, 0x7FC}},
    {0x6613, {0x000, 0x7FC, 0x404, 0x7FC, 0x404, 0x7FC, 0x200, 0x3FE, 0x492, 0x922, 0x122, 0x246}},
    {0x6614, {0x000, 0x208, 0xFFE, 0x208, 0x208, 0xFFE, 0x000, 0x7FC, 0x404, 0x7FC, 0x404, 0x7FC}},
    {0x6615, {0x000, 0x00C, 0xE70, 0xA40, 0xA40, 0xE7E, 0xA48, 0xA48, 0xA48, 0xE88, 0x088, 0x108}},
    {0x6619, {0x000, 0x3F8, 0x208, 0x3F8, 0x208, 0x3F8, 0x000, 0x3F8, 0x000, 0xFFE, 0x108, 0x7F4}},
    {0x661D, {0x000, 0x208, 0x3C8, 0x654, 0x9A2, 0x270, 0xC0E, 0x3F8, 0x208, 0x3F8, 0x208, 0x3F8}},
    {0x661F, {0x000, 0x7FC, 0x404, 0x7FC, 0x404, 0x7FC, 0x440, 0x7FC, 0x840, 0x7FC, 0x040, 0xFFE}},
    {0x6620, {0x000, 0x010, 0xE7C, 0xA54, 0xA54, 0xA54, 0xE54, 0xAFE, 0xA28, 0xA28, 0xE44, 0x082}},
    {0x6625, {0x000, 0xFFE, 0x080, 0x7FC, 0x110, 0xFFE, 0x208, 0x7FC, 0xA0A, 0x3F8, 0x208, 0x3F8}},
    {0x6627, {0x000, 0x010, 0xEFE, 0xA10, 0xA10, 0xAFE, 0xE10, 0xA38, 0xA38, 0xA54, 0xE92, 0x010}},
    {0x6628, {0x000, 0x020, 0xF3E, 0x950, 0x990, 0x91E, 0xF10, 0x910, 0x91E, 0x910, 0xF10, 0x010}},
    {0x662D, {0x000, 0x07E, 0xF12, 0x912, 0x922, 0x94E, 0xF00, 0x97E, 0x942, 0x942, 0xF42, 0x07E}},
    {0x662F, {0x000, 0x7FC, 0x404, 0x7FC, 0x404, 0x7FC, 0x000, 0xFFE, 0x040, 0x47C, 0x640, 0x9FE}},
    {0x6631, {0x000, 0x7FC, 0x404, 0x7FC, 0x404, 0x7FC, 0x040, 0x7FC, 0x208, 0x108, 0x110, 0xFFE}},
    {0x6634, {0x000, 0x7FC, 0x404, 0x7FC, 0x404, 0x7FC, 0x100, 0x63E, 0x4A2, 0x5A2, 0xEA6, 0x120}},
    {0x6635, {0x000, 0x07E, 0xF42, 0x942, 0x97E, 0x940, 0xF50, 0x952, 0x95C, 0x950, 0xF52, 0x09E}},
    {0x6636, {0x000, 0x7DE, 0x012, 0x792, 0x09E, 0xEB2, 0x2D2, 0x2DE, 0x4A0, 0x498, 0x886, 0x180}},
    {0x663C, {0x000, 0x7FC, 0x404, 0x7FC, 0x408, 0x5F8, 0x518, 0x5F4, 0x914, 0x9F2, 0x000, 0x7FC}},
    {0x663E, {0x000, 0x7FC, 0x404, 0x7FC, 0x404, 0x404, 0x7FC, 0x110, 0x912, 0x514, 0x318, 0xFFE}},
    {0x6641, {0x000, 0x7FC, 0x404, 0x7FC, 0x404, 0x7FC, 0x0A4, 0x6A8, 0x1B8, 0x6A4, 0x122, 0xE3E}},
    {0x6643, {0x000, 0x7FC, 0x404, 0x7FC, 0x404, 0x7FC, 0x248, 0x150, 0xFFE, 0x110, 0x212, 0xC1E}},
    {0x664B, {0x000, 0xFFE, 0x0A0, 0x4A4, 0x2A8, 0xFFE, 0x000, 0x7FC, 0x404, 0x7FC, 0x404, 0x7FC}},
    {0x664C, {0x000, 0x010, 0xE20, 0xAFE, 0xA82, 0xABA, 0xEAA, 0xAAA, 0xAAA, 0xABA, 0xE82, 0x086}},
    {0x664F, {0x000, 0x7FC, 0x404, 0x7FC, 0x404, 0xFFE, 0x802, 0x080, 0xFFE, 0x310, 0x0E0, 0xF1E}},
    {0x6652, {0x000, 0x0FE, 0xE28, 0xAFE, 0xAAA, 0xAAA, 0xEAA, 0xAAA, 0xAAE, 0xAC2, 0xE82, 0x0FE}},
    {0x6653, {0x000, 0x020, 0xF3E, 0x9E0, 0x914, 0x90A, 0xF74, 0x900, 0x9FE, 0x928, 0xF2A, 0x0CE}},
    {0x6654, {0x000, 0x028, 0xE4A, 0xACC, 0xB58, 0xA4A, 0xE46, 0xA10, 0xAFE, 0xA10, 0xE10, 0x010}},
    {0x6655, {0x000, 0x7FC, 0x404, 0xFFE, 0x882, 0xFFE, 0x240, 0x7FC, 0x040, 0xFFE, 0x040, 0x040}},
    {0x6656, {0x000, 0x07E, 0xF42, 0x910, 0x97E, 0x928, 0xF48, 0x97E, 0x908, 0x97E, 0xF08, 0x008}},
    {0x6657, {0x000, 0x010, 0xF28, 0x944, 0x9BA, 0x900, 0xF7C, 0x904, 0x908, 0x97C, 0xF44, 0x07C}},
    {0x665A, {0x000, 0x07C, 0xE84, 0xAFE, 0xA92, 0xA92, 0xE92, 0xAFE, 0xA48, 0xA4A, 0xE4A, 0x08E}},
    {0x665F, {0x000, 0x3F8, 0x208, 0x3F8, 0x208, 0x3F8, 0x014, 0x7FE, 0x410, 0x7D4, 0x488, 0x996}},
    {0x6661, {0x000, 0x014, 0xE12, 0xAFE, 0xA10, 0xAFE, 0xE92, 0xAFE, 0xA92, 0xAFE, 0xE92, 0x096}},
    {0x6664, {0x000, 0x0FE, 0xE20, 0xAFC, 0xA24, 0xA24, 0xEFE, 0xA00, 0xAFC, 0xA84, 0xE84, 0x0FC}},
    {0x6666, {0x000, 0x040, 0xE7E, 0xA80, 0xA7C, 0xA54, 0xE54, 0xAFE, 0xA54, 0xA54, 0xE7E, 0x004}},
    {0x6668, {0x000, 0x7FC, 0x404, 0x7FC, 0x404, 0x7FE, 0x400, 0x7FE, 0x510, 0x514, 0x948, 0xB86}},
    {0x666E, {0x000, 0x318, 0xFFE, 0x4A4, 0x2A8, 0xFFE, 0x000, 0x7FC, 0x404, 0x7FC, 0x404, 0x7FC}},
    {0x666F, {0x000, 0x7FC, 0x404, 0x7FC, 0x404, 0x7FC, 0x040, 0xFFE, 0x404, 0x7FC, 0x248, 0xCC6}},
    {0x6670, {0x000, 0x042, 0xE5C, 0xBF0, 0xA50, 0xA5E, 0xEF4, 0xAD4, 0xB54, 0xA54, 0xE54, 0x054}},
    {0x6674, {0x000, 0x010, 0xEFE, 0xA10, 0xA7C, 0xA10, 0xEFE, 0xA44, 0xA7C, 0xA44, 0xE7C, 0x044}},
    {0x6676, {0x000, 0x7FC, 0x404, 0x7FC, 0x404, 0x7FC, 0x000, 0xFBE, 0x8A2, 0xFBE, 0x8A2, 0xFBE}},
    {0x6677, {0x000, 0x3FC, 0x204, 0x3FC, 0x204, 0x3FC, 0x110, 0x3DE, 0xE90, 0x3FE, 0x204, 0x3FC}},
    {0x667A, {0x000, 0x41E, 0x7D2, 0x912, 0x7D2, 0x29E, 0xC40, 0x7FC, 0x404, 0x7FC, 0x404, 0x7FC}},
    {0x667E, {0x000, 0x010, 0xEFE, 0xA00, 0xAFE, 0xA82, 0xE82, 0xAFE, 0xA10, 0xA54, 0xE54, 0x0B2}},
    {0x6682, {0x000, 0x206, 0xFB8, 0x420, 0xFBE, 0x228, 0xFA8, 0x248, 0x404, 0x7FC, 0x404, 0x7FC}},
    {0x6684, {0x000, 0x010, 0xEFE, 0xA82, 0xA7C, 0xE00, 0xA7C, 0xA44, 0xA7C, 0xE44, 0x044, 0x1FE}},
    {0x6687, {0x000, 0x0EE, 0xEA2, 0xAA2, 0xAEE, 0xA80, 0xE8E, 0xAEA, 0xA8A, 0xAE4, 0xE84, 0x08A}},
    {0x668C, {0x000, 0x0E8, 0xF2C, 0x9AA, 0x944, 0x982, 0xF7C, 0x910, 0x9FE, 0x928, 0xF44, 0x182}},
    {0x6691, {0x000, 0x7FC, 0x404, 0x7FC, 0x404, 0x7FA, 0x044, 0xFFE, 0x204, 0xFFE, 0x204, 0x3FC}},
    {0x6696, {0x000, 0x006, 0xEF8, 0xA54, 0xAFE, 0xA20, 0xEFE, 0xA40, 0xA7C, 0xAA4, 0xF18, 0x0E6}},
    {0x6697, {0x000, 0x010, 0xEFE, 0xA28, 0xA28, 0xAFE, 0xE00, 0xA7C, 0xA44, 0xA7C, 0xE44, 0x07C}},
    {0x669D, {0x000, 0x0FE, 0xE82, 0xA7C, 0xA44, 0xA7C, 0xE44, 0xA7C, 0xA10, 0xAFE, 0xE44, 0x082}},
    {0x66A7, {0x000, 0x00E, 0xEF2, 0xA54, 0xAFE, 0xA92, 0xE7C, 0xA20, 0xA7C, 0xAA4, 0xF18, 0x066}},
    {0x66A8, {0x000, 0xFBE, 0x8A4, 0xFBE, 0x908, 0xB9A, 0xCAE, 0x3F8, 0x208, 0x3F8, 0x208, 0xFFE}},
    {0x66AE, {0x000, 0x110, 0xFFE, 0x110, 0x7FC, 0x404, 0x7FC, 0x404, 0xFFE, 0x60C, 0xA0A, 0x3F8}},
    {0x66B4, {0x000, 0x7FC, 0x404, 0x7FC, 0x404, 0x7FC, 0x110, 0xFFE, 0x110, 0xFFE, 0x554, 0xACA}},
    {0x66B9, {0x000, 0x9FE, 0x502, 0x1FE, 0x102, 0xDFE, 0x490, 0x77E, 0x510, 0x57E, 0x510, 0xBFE}},
    {0x66BE, {0x000, 0x048, 0xFF8, 0xAAE, 0xAEA, 0xE0A, 0xAEA, 0xA2A, 0xBF4, 0xE44, 0x04A, 0x0D2}},
    {0x66D9, {0x000, 0x0FE, 0xEAA, 0xAFE, 0xA10, 0xA7A, 0xE14, 0xAFE, 0xA24, 0xA7C, 0xEA4, 0x03C}},
    {0x66DB, {0x000, 0x01C, 0xEE0, 0xA20, 0xBFE, 0xEAC, 0xA74, 0xBFC, 0xA20, 0xFFE, 0x154, 0x22A}},
    {0x66DC, {0x000, 0x0EE, 0xE22, 0xAEE, 0xA22, 0xAEE, 0xE48, 0xAFE, 0xB90, 0xAFE, 0xE90, 0x0FE}},
    {0x66DD, {0x000, 0x0FE, 0xE82, 0xAFE, 0xA82, 0xAFE, 0xE44, 0xAFE, 0xA44, 0xAD6, 0xE10, 0x0D6}},
    {0x66E6, {0x000, 0x028, 0xEFE, 0xA10, 0xAFE, 0xEC8, 0xA4A, 0xBFE, 0xA88, 0xEEA, 0x024, 0x06A}},
    {0x66E9, {0x000, 0x7FC, 0x404, 0x404, 0xFFE, 0x4A4, 0xFFE, 0x208, 0xFFE, 0x314, 0xD08, 0x3C6}},
    {0x66F0, {0x000, 0xFFE, 0x802, 0x802, 0x802, 0x802, 0xFFA, 0x802, 0x802, 0x802, 0x802, 0xFFE}},
    {0x66F2, {0x000, 0x110, 0x110, 0xFFE, 0x912, 0x912, 0x912, 0xFFE, 0x912, 0x912, 0x912, 0xFFE}},
    {0x66F3, {0x000, 0x080, 0xFFC, 0x884, 0xFFC, 0x884, 0xFFC, 0x048, 0x050, 0x022, 0x0D2, 0xF0C}},
    {0x66F4, {0x000, 0xFFE, 0x040, 0x7FC, 0x444, 0x7FC, 0x444, 0x7FC, 0x440, 0x240, 0x180, 0xE7C}},
    {0x66F7, {0x000, 0x3F8, 0x208, 0x3F8, 0x208, 0x3F8, 0x100, 0x3FE, 0xC42, 0x2A2, 0x202, 0x3F4}},
    {0x66F9, {0x000, 0x0A0, 0xFFE, 0x4A4, 0x7FC, 0x4A4, 0x7FC, 0x208, 0x3F8, 0x208, 0x208, 0x3F8}},
    {0x66FC, {0x000, 0x7F8, 0x408, 0x7F8, 0x408, 0xFFC, 0x924, 0x924, 0xFFC, 0x210, 0x1E0, 0xE1E}},
    {0x66FE, {0x000, 0x110, 0x7FC, 0x444, 0x554, 0x7FC, 0x000, 0x3F8, 0x208, 0x3F8, 0x208, 0x3F8}},
    {0x66FF, {0x000, 0x208, 0xFBE, 0x208, 0xFBE, 0x208, 0x514, 0xFFE, 0x404, 0x7FC, 0x404, 0x7FC}},
    {0x6700, {0x000, 0x7FC, 0x404, 0x7FC, 0x404, 0xFFE, 0x480, 0x7BE, 0x4A2, 0x794, 0xC88, 0x0B6}},
    {0x6708, {0x000, 0x7FE, 0x402, 0x402, 0x7FE, 0x402, 0x402, 0x7FE, 0x402, 0x402, 0x802, 0x81E}},
    {0x6709, {0x000, 0x100, 0xFFE, 0x100, 0x200, 0x3FC, 0x604, 0xBFC, 0x204, 0x3FC, 0x204, 0x21C}},
    {0x670A, {0x000, 0x77C, 0x500, 0x500, 0x700, 0x5FE, 0x528, 0x728, 0x528, 0x528, 0x94A, 0xB8E}},
    {0x670B, {0x000, 0x79E, 0x492, 0x492, 0x79E, 0x492, 0x492, 0x79E, 0x492, 0x492, 0x8A2, 0x9A6}},
    {0x670D, {0x000, 0xF7E, 0x942, 0x942, 0xF4E, 0x940, 0x97E, 0xF62, 0x954, 0x948, 0x954, 0xB62}},
    {0x6710, {0x000, 0x7A0, 0x4A0, 0x4BE, 0x7C2, 0x482, 0x4BA, 0x7AA, 0x4AA, 0x4BA, 0x882, 0x98C}},
    {0x6714, {0x000, 0x8BE, 0x522, 0xFA2, 0x23E, 0xAA2, 0xAA2, 0xABE, 0xFA2, 0x222, 0x222, 0x446}},
    {0x6715, {0x000, 0x7A2, 0x494, 0x4BE, 0x788, 0x488, 0x4BE, 0x788, 0x488, 0x494, 0x894, 0x9A2}},
    {0x6717, {0x000, 0x11E, 0x7D2, 0x452, 0x7DE, 0x452, 0x7D2, 0x41E, 0x492, 0x492, 0x552, 0xE66}},
    {0x671B, {0x000, 0x23E, 0xFA2, 0x43E, 0x422, 0x7BE, 0x042, 0xFFE, 0x040, 0x7FC, 0x040, 0xFFE}},
    {0x671D, {0x000, 0x23E, 0xFA2, 0x222, 0xFBE, 0x8A2, 0xFA2, 0x8BE, 0xFA2, 0x222, 0xFA2, 0x24E}},
    {0x671F, {0x000, 0x49E, 0xFD2, 0x492, 0x79E, 0x492, 0x792, 0x49E, 0xFD2, 0x012, 0x4A2, 0x866}},
    {0x6726, {0x000, 0xE44, 0xAFE, 0xA44, 0xEFE, 0xA82, 0xA7C, 0xE10, 0xAEA, 0xA1C, 0xAEA, 0xA30}},
    {0x6728, {0x000, 0x040, 0x040, 0xFFE, 0x150, 0x150, 0x248, 0x248, 0x444, 0x842, 0x040, 0x040}},
    {0x672A, {0x000, 0x040, 0x040, 0x7FC, 0x040, 0x040, 0xFFE, 0x150, 0x150, 0x248, 0xC46, 0x040}},
    {0x672B, {0x000, 0x040, 0x040, 0xFFE, 0x040, 0x040, 0x7FC, 0x150, 0x150, 0x248, 0xC46, 0x040}},
    {0x672C, {0x000, 0x040, 0x040, 0xFFE, 0x150, 0x150, 0x150, 0x248, 0x248, 0x5F4, 0x842, 0x040}},
    {0x672D, {0x000, 0x220, 0x220, 0xFA0, 0x220, 0x220, 0x720, 0x6A2, 0xA22, 0x222, 0x222, 0x23E}},
    {0x672F, {0x000, 0x048, 0x044, 0x040, 0xFFE, 0x150, 0x150, 0x150, 0x248, 0x248, 0x444, 0x842}},
    {0x6731, {0x000, 0x240, 0x240, 0x7FC, 0x840, 0x040, 0xFFE, 0x150, 0x150, 0x248, 0xC46, 0x040}},
    {0x6734, {0x000, 0x210, 0x210, 0xF90, 0x210, 0x218, 0x714, 0x692, 0xA10, 0x210, 0x210, 0x210}},
    {0x6735, {0x000, 0x1F0, 0x110, 0x110, 0x212, 0xC0E, 0x040, 0x040, 0xFFE, 0x150, 0x248, 0xC46}},
    {0x673A, {0x000, 0x278, 0x248, 0xF48, 0x248, 0x248, 0x748, 0x648, 0xA4A, 0x24A, 0x28A, 0x28E}},
    {0x673D, {0x000, 0x27E, 0x210, 0xF90, 0x220, 0x220, 0x73C, 0x684, 0xA04, 0x204, 0x204, 0x21C}},
    {0x6740, {0x000, 0x604, 0x198, 0x060, 0x190, 0x64C, 0x040, 0xFFE, 0x040, 0x248, 0xC46, 0x1C0}},
    {0x6742, {0x000, 0x100, 0xFF8, 0x108, 0x20A, 0xC0E, 0x040, 0x040, 0xFFE, 0x040, 0x248, 0xCC6}},
    {0x6743, {0x000, 0x4FE, 0x482, 0xE82, 0x482, 0x482, 0x444, 0xE44, 0xC28, 0x410, 0x428, 0x4C6}},
    {0x6746, {0x000, 0x2FE, 0x210, 0xF10, 0x210, 0x210, 0x6FE, 0x710, 0xA10, 0x210, 0x210, 0x210}},
    {0x6748, {0x000, 0x200, 0x27E, 0xFA2, 0x26A, 0x6A6, 0x722, 0xA94, 0xA94, 0x208, 0x214, 0x262}},
    {0x6749, {0x000, 0x202, 0x20C, 0xFB0, 0x200, 0x202, 0x70C, 0x6B0, 0xA00, 0x202, 0x20C, 0x230}},
    {0x674C, {0x000, 0x200, 0x2FE, 0xF28, 0x228, 0x628, 0x728, 0xAA8, 0xA28, 0x248, 0x24A, 0x28E}},
    {0x674E, {0x000, 0x040, 0xFFE, 0x150, 0xE4E, 0x000, 0x7FC, 0x018, 0x060, 0xFFE, 0x040, 0x1C0}},
    {0x674F, {0x000, 0x040, 0xFFE, 0x150, 0x248, 0xC46, 0x000, 0x7FC, 0x404, 0x404, 0x404, 0x7FC}},
    {0x6750, {0x000, 0x204, 0x204, 0xFBE, 0x204, 0x20C, 0x714, 0x694, 0xA24, 0x244, 0x284, 0x21C}},
    {0x6751, {0x000, 0x204, 0x204, 0xFBE, 0x204, 0x204, 0x724, 0x694, 0xA14, 0x204, 0x204, 0x21C}},
    {0x6753, {0x000, 0x220, 0x220, 0xFBE, 0x242, 0x242, 0x722, 0x692, 0xA12, 0x202, 0x202, 0x20E}},
    {0x6756, {0x000, 0x208, 0x208, 0xF7E, 0x208, 0x248, 0x748, 0x6A8, 0xA28, 0x210, 0x228, 0x2C6}},
    {0x675C, {0x000, 0x208, 0x208, 0xF88, 0x23E, 0x208, 0x708, 0x688, 0xA08, 0x208, 0x208, 0x23E}},
    {0x675E, {0x000, 0x23E, 0x202, 0xF82, 0x202, 0x202, 0x73E, 0x6A0, 0xA20, 0x222, 0x222, 0x23E}},
    {0x675F, {0x000, 0x040, 0xFFE, 0x040, 0x7FC, 0x444, 0x444, 0x7FC, 0x150, 0x248, 0xC46, 0x040}},
    {0x6760, {0x000, 0x200, 0x27C, 0xF90, 0x210, 0x610, 0x710, 0xA90, 0xA10, 0x210, 0x210, 0x2FE}},
    {0x6761, {0x000, 0x3FC, 0x204, 0xD98, 0x060, 0x198, 0xE06, 0x040, 0xFFE, 0x150, 0x248, 0xC46}},
    {0x6765, {0x000, 0x040, 0x7FC, 0x040, 0x444, 0x248, 0x040, 0xFFE, 0x150, 0x248, 0xC46, 0x040}},
    {0x6768, {0x000, 0x27C, 0x208, 0xF10, 0x220, 0x27E, 0x72A, 0x62A, 0xA4A, 0x252, 0x292, 0x2AE}},
    {0x6769, {0x000, 0x27C, 0x204, 0xF24, 0x224, 0x624, 0x73E, 0xA82, 0xA7A, 0x202, 0x202, 0x20C}},
    {0x676A, {0x000, 0x210, 0x210, 0xF54, 0x252, 0x692, 0x710, 0xAB4, 0xA08, 0x210, 0x220, 0x2C0}},
    {0x676D, {0x000, 0x210, 0x2FE, 0xF00, 0x200, 0x238, 0x728, 0x628, 0xA28, 0x22A, 0x24A, 0x24E}},
    {0x676F, {0x000, 0x27E, 0x208, 0xF88, 0x208, 0x210, 0x714, 0x6B2, 0xA52, 0x210, 0x210, 0x210}},
    {0x6770, {0x000, 0x040, 0x040, 0xFFE, 0x150, 0x150, 0x248, 0x444, 0x842, 0x000, 0x524, 0x892}},
    {0x6772, {0x000, 0x040, 0xFFE, 0x150, 0x248, 0xC46, 0x000, 0x7FC, 0x404, 0x7FC, 0x404, 0x7FC}},
    {0x6773, {0x000, 0x040, 0x040, 0xFFE, 0x0E0, 0x358, 0xC46, 0x3F8, 0x208, 0x3F8, 0x208, 0x3F8}},
    {0x6775, {0x000, 0x220, 0x220, 0xFBE, 0x248, 0x248, 0x708, 0x6BE, 0xA08, 0x208, 0x208, 0x208}},
    {0x6777, {0x000, 0x4FE, 0x492, 0xE92, 0x492, 0x492, 0xEFE, 0xC80, 0x480, 0x482, 0x482, 0x4FE}},
    {0x677C, {0x000, 0x27C, 0x204, 0xF28, 0x210, 0x2FE, 0x712, 0x692, 0xA14, 0x210, 0x210, 0x270}},
    {0x677E, {0x000, 0x224, 0x224, 0xFA4, 0x224, 0x242, 0x752, 0x690, 0xA10, 0x224, 0x224, 0x27A}},
    {0x677F, {0x000, 0x27E, 0x240, 0xF40, 0x27E, 0x242, 0x762, 0x654, 0xA54, 0x248, 0x294, 0x2A2}},
    {0x6781, {0x000, 0x5F8, 0x488, 0xE88, 0x490, 0x4BC, 0x484, 0xE84, 0xCC8, 0x4A8, 0x510, 0x56E}},
    {0x6784, {0x000, 0x220, 0x220, 0xF3E, 0x242, 0x282, 0x622, 0x74A, 0xA9A, 0x2EA, 0x202, 0x20E}},
    {0x6787, {0x000, 0x488, 0x488, 0xE8A, 0x48A, 0x4EC, 0xE88, 0xC88, 0x48A, 0x48A, 0x4EA, 0x58E}},
    {0x6789, {0x000, 0x2FE, 0x210, 0xF10, 0x210, 0x210, 0x77C, 0x610, 0xA10, 0x210, 0x210, 0x2FE}},
    {0x678B, {0x000, 0x210, 0x27E, 0xFA0, 0x220, 0x220, 0x73C, 0x6A4, 0xA24, 0x224, 0x244, 0x24C}},
    {0x6790, {0x000, 0x206, 0x278, 0xFC0, 0x240, 0x27E, 0x748, 0x6C8, 0xA48, 0x248, 0x288, 0x288}},
    {0x6795, {0x000, 0x210, 0x210, 0xF7E, 0x252, 0x252, 0x710, 0x618, 0xA28, 0x22A, 0x22A, 0x24E}},
    {0x6797, {0x000, 0x208, 0x208, 0xFBE, 0x208, 0x208, 0x71C, 0x69C, 0xA2A, 0x208, 0x208, 0x208}},
    {0x6798, {0x000, 0x270, 0x210, 0xF90, 0x27E, 0x652, 0x752, 0xAEA, 0xA46, 0x242, 0x242, 0x24E}},
    {0x679A, {0x000, 0x440, 0x47E, 0xE84, 0x544, 0x444, 0x428, 0xE28, 0xC10, 0x428, 0x444, 0x582}},
    {0x679C, {0x000, 0x7FC, 0x444, 0x7FC, 0x444, 0x7FC, 0x040, 0xFFE, 0x150, 0x248, 0xC46, 0x040}},
    {0x679D, {0x000, 0x208, 0x23E, 0xF88, 0x208, 0x23E, 0x702, 0x6A2, 0xA14, 0x208, 0x214, 0x222}},
    {0x679E, {0x000, 0x248, 0x248, 0xF48, 0x248, 0x648, 0x648, 0xB48, 0xAB4, 0x294, 0x312, 0x222}},
    {0x67A2, {0x000, 0x27E, 0x240, 0xFD2, 0x24A, 0x24A, 0x744, 0x6C4, 0xA4A, 0x252, 0x240, 0x27E}},
    {0x67A3, {0x000, 0x040, 0xFFE, 0x040, 0x7FC, 0x4A4, 0x514, 0xE4E, 0x020, 0x080, 0x040, 0x030}},
    {0x67A5, {0x000, 0x27E, 0x240, 0xFC8, 0x248, 0x67E, 0x74A, 0xACA, 0xA4A, 0x252, 0x292, 0x2A6}},
    {0x67A7, {0x000, 0x27C, 0x244, 0xFC4, 0x254, 0x654, 0x754, 0xAD4, 0xA10, 0x228, 0x24A, 0x28E}},
    {0x67A8, {0x000, 0x220, 0x222, 0xFA4, 0x228, 0x630, 0x77E, 0xAA8, 0xA28, 0x224, 0x22C, 0x232}},
    {0x67AA, {0x000, 0x420, 0x430, 0xE48, 0x484, 0x502, 0x4FC, 0xE84, 0xC84, 0x49C, 0x482, 0x4FE}},
    {0x67AB, {0x000, 0x2FC, 0x284, 0xF94, 0x2D4, 0x2A4, 0x7A4, 0x6A4, 0xAD4, 0x294, 0x282, 0x302}},
    {0x67AD, {0x000, 0x040, 0x3F8, 0x288, 0x258, 0x200, 0x3FE, 0x082, 0xFFA, 0x1CC, 0x2A0, 0xC98}},
    {0x67AF, {0x000, 0x210, 0x210, 0xFFE, 0x210, 0x210, 0x710, 0x67C, 0xA44, 0x244, 0x244, 0x27C}},
    {0x67B0, {0x000, 0x27C, 0x210, 0xF54, 0x292, 0x710, 0x6FE, 0xA90, 0xA10, 0x210, 0x210, 0x210}},
    {0x67B3, {0x000, 0x27E, 0x242, 0xF42, 0x242, 0x242, 0x77E, 0x600, 0xA24, 0x224, 0x224, 0x242}},
    {0x67B5, {0x000, 0x23C, 0x224, 0xF24, 0x23C, 0x600, 0x67E, 0xB10, 0xABE, 0x202, 0x202, 0x20C}},
    {0x67B6, {0x000, 0x43C, 0xFA4, 0x4A4, 0x4A4, 0x9BC, 0x040, 0xFFE, 0x150, 0x248, 0xC46, 0x040}},
    {0x67B7, {0x000, 0x480, 0x48E, 0xFEA, 0x4AA, 0x4AA, 0xEAA, 0xCAA, 0x4AA, 0x4AA, 0x52E, 0x560}},
    {0x67B8, {0x000, 0x240, 0x27E, 0xF42, 0x282, 0x27A, 0x74A, 0x64A, 0xA4A, 0x27A, 0x202, 0x20E}},
    {0x67C1, {0x000, 0x208, 0x7BE, 0x4A2, 0x6A2, 0x490, 0xFD2, 0x49C, 0x690, 0x492, 0x492, 0x99E}},
    {0x67C3, {0x000, 0x210, 0x228, 0xF44, 0x282, 0x638, 0x600, 0xB7E, 0xA92, 0x212, 0x216, 0x210}},
    {0x67C4, {0x000, 0x4FE, 0x410, 0xE10, 0x4FE, 0x492, 0xE92, 0xCAA, 0x4A6, 0x4C2, 0x482, 0x486}},
    {0x67CF, {0x000, 0x204, 0x208, 0xFBE, 0x222, 0x222, 0x722, 0x6BE, 0xA22, 0x222, 0x222, 0x23E}},
    {0x67D0, {0x000, 0x404, 0xFFE, 0x404, 0x7FC, 0x404, 0x7FC, 0x040, 0xFFE, 0x150, 0xE4E, 0x040}},
    {0x67D1, {0x000, 0x444, 0x444, 0xEFE, 0x444, 0x444, 0xE44, 0xC7C, 0x444, 0x444, 0x444, 0x47C}},
    {0x67D2, {0x000, 0x840, 0x6FE, 0x840, 0x542, 0x27E, 0xC00, 0x040, 0xFFE, 0x150, 0x248, 0xC46}},
    {0x67D3, {0x000, 0x640, 0x1F8, 0xC48, 0x08A, 0x50E, 0x840, 0xFFE, 0x150, 0x248, 0xC46, 0x040}},
    {0x67D4, {0x000, 0x7FC, 0x098, 0x060, 0xFFE, 0x0A2, 0xF64, 0x040, 0xFFE, 0x150, 0x248, 0xC46}},
    {0x67D8, {0x000, 0x27E, 0x210, 0xF90, 0x210, 0x220, 0x73E, 0x6A2, 0xA62, 0x2A2, 0x222, 0x23E}},
    {0x67D9, {0x000, 0x200, 0x27C, 0xFD4, 0x254, 0x67C, 0x754, 0xAD4, 0xA7C, 0x210, 0x210, 0x210}},
    {0x67DA, {0x000, 0x410, 0x410, 0xEFE, 0x492, 0x492, 0xE92, 0xCFE, 0x492, 0x492, 0x492, 0x4FE}},
    {0x67DC, {0x000, 0x27E, 0x240, 0xF40, 0x27E, 0x242, 0x742, 0x642, 0xA7E, 0x240, 0x240, 0x27E}},
    {0x67DD, {0x000, 0x206, 0x278, 0xF40, 0x240, 0x27E, 0x748, 0x648, 0xA5C, 0x24A, 0x288, 0x288}},
    {0x67DE, {0x000, 0x220, 0x220, 0xF7E, 0x250, 0x290, 0x71E, 0x690, 0xA10, 0x21E, 0x210, 0x210}},
    {0x67E0, {0x000, 0x410, 0x4FE, 0xE82, 0x400, 0x4FE, 0x410, 0xE10, 0xC10, 0x410, 0x410, 0x470}},
    {0x67E2, {0x000, 0x206, 0x278, 0xF48, 0x248, 0x27E, 0x748, 0x64A, 0xA6A, 0x2C4, 0x200, 0x23C}},
    {0x67E5, {0x000, 0x040, 0xFFE, 0x248, 0x444, 0xFFE, 0x404, 0x7FC, 0x404, 0x7FC, 0x000, 0xFFE}},
    {0x67E9, {0x000, 0x27E, 0x240, 0xF50, 0x25C, 0x264, 0x744, 0x648, 0xA54, 0x262, 0x240, 0x27E}},
    {0x67EC, {0x000, 0x040, 0xFFE, 0x040, 0x7FC, 0x64C, 0x554, 0x444, 0x7FC, 0x150, 0x248, 0xC46}},
    {0x67EF, {0x000, 0x27E, 0x204, 0xF04, 0x274, 0x254, 0x754, 0x654, 0xA74, 0x204, 0x204, 0x21C}},
    {0x67F0, {0x000, 0x040, 0xFFE, 0x0E0, 0x150, 0xE4E, 0x1F0, 0x000, 0x7FC, 0x040, 0x248, 0xCC6}},
    {0x67F1, {0x000, 0x210, 0x208, 0xFBE, 0x208, 0x208, 0x708, 0x6BE, 0xA08, 0x208, 0x208, 0x23E}},
    {0x67F3, {0x000, 0x42E, 0x4CA, 0xEAA, 0x4AA, 0x4AA, 0xEAA, 0xCAA, 0x4EA, 0x5AE, 0x428, 0x448}},
    {0x67F4, {0x000, 0x112, 0x5DC, 0x510, 0x5D2, 0xF1E, 0x040, 0xFFE, 0x150, 0x248, 0xC46, 0x040}},
    {0x67FD, {0x000, 0x200, 0x27E, 0xFA2, 0x214, 0x618, 0x766, 0xA90, 0xA10, 0x27C, 0x210, 0x2FE}},
    {0x67FF, {0x000, 0x210, 0x2FE, 0xF00, 0x210, 0x27C, 0x754, 0x654, 0xA54, 0x254, 0x25C, 0x210}},
    {0x6800, {0x000, 0x206, 0x278, 0xF40, 0x27E, 0x640, 0x75E, 0xAD2, 0xA56, 0x250, 0x292, 0x28E}},
    {0x6805, {0x000, 0x4EE, 0x4AA, 0xEAA, 0x4AA, 0x5FE, 0x4AA, 0xEAA, 0xCAA, 0x4AA, 0x4AA, 0x556}},
    {0x6807, {0x000, 0x2FE, 0x200, 0xF00, 0x2FE, 0x210, 0x754, 0x654, 0xA92, 0x292, 0x210, 0x230}},
    {0x6808, {0x000, 0x424, 0x422, 0xEFE, 0x420, 0x420, 0x4FE, 0xE10, 0xC14, 0x408, 0x41A, 0x4E4}},
    {0x6809, {0x000, 0x228, 0x2FE, 0xF28, 0x200, 0x67E, 0x712, 0xA92, 0xA12, 0x216, 0x210, 0x210}},
    {0x680A, {0x000, 0x228, 0x224, 0xFA0, 0x27E, 0x628, 0x72A, 0xAAA, 0xA2C, 0x248, 0x25A, 0x2A6}},
    {0x680B, {0x000, 0x210, 0x2FE, 0xF20, 0x250, 0x290, 0x6FE, 0x710, 0xA54, 0xA54, 0x292, 0x292}},
    {0x680C, {0x000, 0x210, 0x21E, 0xF10, 0x27E, 0x642, 0x742, 0xAFE, 0xA40, 0x240, 0x280, 0x280}},
    {0x680E, {0x000, 0x206, 0x238, 0xFA0, 0x228, 0x648, 0x67E, 0xB08, 0xAAC, 0x22A, 0x24A, 0x218}},
    {0x680F, {0x000, 0x444, 0x428, 0xEFE, 0x400, 0x400, 0x400, 0xE7C, 0xC00, 0x400, 0x400, 0x4FE}},
    {0x6811, {0x000, 0x404, 0x5C4, 0xF7E, 0x544, 0x544, 0x554, 0xE8C, 0xC84, 0x5C4, 0x544, 0x55C}},
    {0x6813, {0x000, 0x210, 0x228, 0xF44, 0x282, 0x27C, 0x710, 0x610, 0xA7C, 0x210, 0x210, 0x2FE}},
    {0x6816, {0x000, 0x4FE, 0x428, 0xE28, 0x4FE, 0x4AA, 0xEAA, 0xCAA, 0x4CE, 0x482, 0x482, 0x4FE}},
    {0x6817, {0x000, 0xFFE, 0x0A0, 0x7FC, 0x4A4, 0x4A4, 0x7FC, 0x040, 0xFFE, 0x150, 0x248, 0xC46}},
    {0x681D, {0x000, 0x20C, 0x270, 0xF90, 0x210, 0x6FE, 0x710, 0xA90, 0xA7C, 0x244, 0x244, 0x27C}},
    {0x6821, {0x000, 0x410, 0x4FE, 0xE00, 0x444, 0x482, 0xE44, 0xC44, 0x428, 0x410, 0x428, 0x4C6}},
    {0x6829, {0x000, 0x27E, 0x212, 0xF92, 0x236, 0x65A, 0x712, 0xAB6, 0xA5A, 0x212, 0x212, 0x236}},
    {0x682A, {0x000, 0x210, 0x250, 0xF7C, 0x250, 0x210, 0x6FE, 0x710, 0xA38, 0x254, 0x292, 0x210}},
    {0x6832, {0x000, 0x210, 0x27A, 0xF14, 0x2FE, 0x210, 0x760, 0x6BE, 0xA20, 0x23E, 0x202, 0x20E}},
    {0x6833, {0x000, 0x220, 0x222, 0xF74, 0x228, 0x6FE, 0x710, 0xAA0, 0xA64, 0x2B8, 0x222, 0x21E}},
    {0x6837, {0x000, 0x444, 0x4FE, 0xE10, 0x410, 0x47C, 0x410, 0xE10, 0xCFE, 0x410, 0x410, 0x410}},
    {0x6838, {0x000, 0x210, 0x2FE, 0xF20, 0x224, 0x244, 0x72A, 0x692, 0xA24, 0x248, 0x294, 0x222}},
    {0x6839, {0x000, 0x27E, 0x242, 0xF7E, 0x242, 0x27E, 0x748, 0x64A, 0xA4A, 0x244, 0x254, 0x2E2}},
    {0x683C, {0x000, 0x220, 0x23C, 0xF44, 0x2A8, 0x210, 0x728, 0x6C6, 0xA7C, 0x244, 0x244, 0x27C}},
    {0x683D, {0x000, 0x114, 0x7D2, 0x110, 0xFFE, 0x010, 0x114, 0xFD4, 0x388, 0x54A, 0x91A, 0x124}},
    {0x683E, {0x000, 0x040, 0xFFE, 0x090, 0x494, 0x912, 0x230, 0x040, 0xFFE, 0x150, 0x248, 0xC46}},
    {0x6840, {0x000, 0x208, 0x7FE, 0xCA8, 0x328, 0x27E, 0xC08, 0x040, 0xFFE, 0x0E0, 0x358, 0xC46}},
    {0x6841, {0x000, 0x24E, 0x280, 0xF20, 0x240, 0x2DE, 0x744, 0x644, 0xA44, 0x244, 0x244, 0x24C}},
    {0x6842, {0x000, 0x210, 0x27C, 0xF10, 0x210, 0x2FE, 0x700, 0x610, 0xA7C, 0x210, 0x210, 0x2FE}},
    {0x6843, {0x000, 0x448, 0x54A, 0xECC, 0x448, 0x448, 0xE48, 0xCCC, 0x54A, 0x448, 0x48A, 0x50E}},
    {0x6844, {0x000, 0x210, 0x292, 0xF52, 0x254, 0x6FE, 0x728, 0xAA8, 0xA28, 0x22A, 0x24A, 0x286}},
    {0x6845, {0x000, 0x23C, 0x244, 0xF7E, 0x240, 0x25E, 0x752, 0x652, 0xA56, 0x250, 0x292, 0x29E}},
    {0x6846, {0x000, 0x2FE, 0x280, 0xFBE, 0x288, 0x288, 0x7BE, 0x688, 0xA88, 0x2BE, 0x280, 0x2FE}},
    {0x6848, {0x000, 0x040, 0xFFE, 0x882, 0xFFE, 0x110, 0x0E0, 0xF1E, 0x040, 0xFFE, 0x150, 0xE4E}},
    {0x6849, {0x000, 0x210, 0x210, 0xF7E, 0x242, 0x610, 0x77E, 0xAA4, 0xA24, 0x248, 0x230, 0x2CE}},
    {0x684A, {0x000, 0x288, 0x484, 0xBFA, 0x110, 0xFFE, 0x208, 0x444, 0xBFA, 0x150, 0x248, 0x444}},
    {0x684C, {0x000, 0x07C, 0x040, 0x7FC, 0x404, 0x7FC, 0x404, 0x7FC, 0x040, 0xFFE, 0x248, 0xC46}},
    {0x684E, {0x000, 0x2FE, 0x210, 0xF10, 0x224, 0x27A, 0x710, 0x610, 0xA7C, 0x210, 0x210, 0x2FE}},
    {0x6850, {0x000, 0x4FE, 0x482, 0x482, 0xEBA, 0x482, 0x4BA, 0xEAA, 0xCAA, 0x4BA, 0x482, 0x486}},
    {0x6851, {0x000, 0x7FC, 0x208, 0x1F0, 0x60C, 0xFBE, 0x492, 0x30C, 0x4D2, 0xFFE, 0x150, 0xE4E}},
    {0x6853, {0x000, 0x27E, 0x200, 0xF7E, 0x242, 0x242, 0x77E, 0x642, 0xA42, 0x27E, 0x200, 0x27E}},
    {0x6854, {0x000, 0x210, 0x2FE, 0xF10, 0x210, 0x27C, 0x700, 0x67C, 0xA44, 0x244, 0x244, 0x27C}},
    {0x6855, {0x000, 0x220, 0x2CE, 0xF82, 0x282, 0x682, 0x6EE, 0xB82, 0xA82, 0x282, 0x282, 0x2FE}},
    {0x6860, {0x000, 0x200, 0x2FE, 0xF28, 0x228, 0x6AA, 0x6AA, 0xB6C, 0xA6C, 0x228, 0x228, 0x2FE}},
    {0x6861, {0x000, 0x220, 0x23C, 0xF62, 0x214, 0x61A, 0x666, 0xB00, 0xA7E, 0x228, 0x22A, 0x2CE}},
    {0x6862, {0x000, 0x210, 0x21E, 0xF10, 0x27C, 0x644, 0x754, 0xAD4, 0xA54, 0x210, 0x228, 0x2C6}},
    {0x6863, {0x000, 0x410, 0x492, 0xE54, 0x410, 0x4FE, 0x402, 0xE02, 0xCFE, 0x402, 0x402, 0x4FE}},
    {0x6864, {0x000, 0x252, 0x252, 0xF7E, 0x200, 0x67C, 0x704, 0xA84, 0xA7C, 0x240, 0x242, 0x23E}},
    {0x6865, {0x000, 0x40E, 0x4F0, 0xE10, 0x4FE, 0x428, 0x444, 0xEC6, 0xC44, 0x444, 0x484, 0x484}},
    {0x6866, {0x000, 0x228, 0x22A, 0xF4C, 0x2D8, 0x64A, 0x74E, 0xA90, 0xA10, 0x2FE, 0x210, 0x210}},
    {0x6867, {0x000, 0x210, 0x228, 0xF44, 0x282, 0x67C, 0x700, 0xAFE, 0xA20, 0x248, 0x29C, 0x2E4}},
    {0x6868, {0x000, 0x490, 0x29E, 0x0AA, 0x184, 0x6B8, 0x000, 0x040, 0xFFE, 0x150, 0x248, 0xC46}},
    {0x6869, {0x000, 0x208, 0x27E, 0xF40, 0x248, 0x248, 0x77E, 0x648, 0xA48, 0x248, 0x288, 0x2BE}},
    {0x686B, {0x000, 0x288, 0x248, 0xF0C, 0x22A, 0x6AA, 0x648, 0xB0A, 0xA5A, 0x244, 0x288, 0x2B0}},
    {0x6874, {0x000, 0x206, 0x2F8, 0xF54, 0x282, 0x27C, 0x708, 0x610, 0xAFE, 0x210, 0x210, 0x230}},
    {0x6876, {0x000, 0x2FC, 0x228, 0xF10, 0x2FE, 0x292, 0x7FE, 0xA92, 0x2FE, 0x292, 0x292, 0x296}},
    {0x6877, {0x000, 0x220, 0x238, 0xF48, 0x2FE, 0x652, 0x77E, 0xAD2, 0xA7E, 0x242, 0x242, 0x286}},
    {0x6881, {0x000, 0x6FC, 0x024, 0xCA4, 0x0A6, 0x244, 0x49C, 0x840, 0xFFE, 0x150, 0xE4E, 0x040}},
    {0x6883, {0x000, 0x404, 0x5D8, 0xE48, 0x488, 0x4BE, 0xEC8, 0xC48, 0x548, 0x49C, 0x480, 0x57E}},
    {0x6885, {0x000, 0x240, 0x27E, 0xF80, 0x27C, 0x254, 0x754, 0x6FE, 0xA54, 0x254, 0x27E, 0x20C}},
    {0x6886, {0x000, 0x44E, 0x4EA, 0xE4A, 0x44A, 0x4EC, 0x44A, 0xE4A, 0xCEA, 0x44A, 0x44E, 0x488}},
    {0x688F, {0x000, 0x228, 0x23E, 0xF48, 0x208, 0x23E, 0x708, 0x600, 0xA3E, 0x222, 0x222, 0x23E}},
    {0x6893, {0x000, 0x210, 0x2FE, 0xF44, 0x244, 0x228, 0x6FE, 0x710, 0x210, 0x2FE, 0x210, 0x210}},
    {0x6897, {0x000, 0x4FE, 0x410, 0xEFE, 0x492, 0x4FE, 0xE92, 0xCFE, 0x490, 0x450, 0x420, 0x4DE}},
    {0x68A2, {0x000, 0x492, 0x454, 0xE10, 0x4FE, 0x482, 0x4FE, 0xE82, 0xCFE, 0x482, 0x482, 0x48E}},
    {0x68A6, {0x000, 0x208, 0xFBE, 0x71C, 0xAAA, 0x100, 0x3FC, 0x484, 0x048, 0x030, 0x0C0, 0xF00}},
    {0x68A7, {0x000, 0x2FE, 0x210, 0xF7C, 0x224, 0x224, 0x6FE, 0x600, 0xA7C, 0x244, 0x244, 0x27C}},
    {0x68A8, {0x000, 0x7C2, 0x10A, 0xFEA, 0x54A, 0x522, 0x906, 0x040, 0xFFE, 0x150, 0xE4E, 0x040}},
    {0x68AD, {0x000, 0x420, 0x444, 0xEFA, 0x448, 0x48E, 0xE40, 0xC7C, 0x584, 0x448, 0x430, 0x5CE}},
    {0x68AF, {0x000, 0x444, 0x428, 0xEFE, 0x412, 0x4FE, 0xE90, 0xCFE, 0x432, 0x452, 0x496, 0x410}},
    {0x68B0, {0x000, 0x40A, 0x408, 0xEFE, 0x408, 0x4A8, 0xEAA, 0xDFA, 0x4A4, 0x4A4, 0x4AA, 0x532}},
    {0x68B3, {0x000, 0x210, 0x2FE, 0xF20, 0x244, 0x2FA, 0x700, 0x654, 0xA54, 0x254, 0x254, 0x286}},
    {0x68B5, {0x000, 0x208, 0xFBE, 0x208, 0x71C, 0xAAA, 0x000, 0x3F8, 0x208, 0x28A, 0x44A, 0x80E}},
    {0x68C0, {0x000, 0x430, 0x448, 0xF86, 0x400, 0x4FC, 0x400, 0xEA4, 0xCA4, 0x454, 0x408, 0x5FE}},
    {0x68C2, {0x000, 0x27C, 0x204, 0xF7C, 0x204, 0x67C, 0x700, 0xAD2, 0xA54, 0x298, 0x224, 0x2C2}},
    {0x68C9, {0x000, 0x220, 0x27C, 0xF44, 0x27C, 0x244, 0x77C, 0x610, 0xAFE, 0x292, 0x296, 0x210}},
    {0x68CB, {0x000, 0x244, 0x2FE, 0xF44, 0x27C, 0x244, 0x77C, 0x644, 0xAFE, 0x200, 0x244, 0x282}},
    {0x68CD, {0x000, 0x4FE, 0x482, 0xEFE, 0x482, 0x4FE, 0xE00, 0xC8A, 0x4EC, 0x488, 0x4AA, 0x5CE}},
    {0x68D2, {0x000, 0x210, 0x2FE, 0xF10, 0x2FE, 0x228, 0x6FE, 0x654, 0xABA, 0x210, 0x27C, 0x210}},
    {0x68D5, {0x000, 0x210, 0x2FE, 0xF82, 0x2BA, 0x200, 0x700, 0x6FE, 0xA10, 0x254, 0x292, 0x230}},
    {0x68D8, {0x000, 0x208, 0xFBE, 0x208, 0xFBE, 0xAAA, 0xAAA, 0xBAE, 0x208, 0x71C, 0xAAA, 0x208}},
    {0x68DA, {0x000, 0x4EE, 0x4AA, 0xEAA, 0x4EE, 0x4AA, 0xEAA, 0xCEE, 0x4AA, 0x4AA, 0x4AA, 0x4AA}},
    {0x68E0, {0x000, 0x444, 0x248, 0xFFE, 0xA0A, 0x208, 0x3F8, 0x040, 0xFFE, 0x150, 0xE4E, 0x040}},
    {0x68E3, {0x000, 0x210, 0x27C, 0xF14, 0x2FE, 0x614, 0x77C, 0xA92, 0xAD4, 0x238, 0x254, 0x2B2}},
    {0x68EE, {0x000, 0x040, 0xFFE, 0x150, 0x248, 0xC46, 0x208, 0xFBE, 0x208, 0x71C, 0xAAA, 0x208}},
    {0x68F0, {0x000, 0x20C, 0x270, 0xF10, 0x2FE, 0x654, 0x6FE, 0xB54, 0xA54, 0x2FE, 0x210, 0x2FE}},
    {0x68F1, {0x000, 0x410, 0x47C, 0xE10, 0x4FE, 0x444, 0x4A2, 0xE7C, 0xC84, 0x548, 0x430, 0x5CE}},
    {0x68F5, {0x000, 0x4FE, 0x492, 0xEFE, 0x492, 0x4FE, 0x410, 0xEFE, 0xC54, 0x454, 0x492, 0x492}},
    {0x68F9, {0x000, 0x210, 0x21E, 0xF90, 0x27E, 0x242, 0x77E, 0x642, 0xA7E, 0x210, 0x2FE, 0x210}},
    {0x68FA, {0x000, 0x410, 0x4FE, 0xE82, 0x47C, 0x444, 0xE7C, 0xC40, 0x47C, 0x444, 0x444, 0x47C}},
    {0x68FC, {0x000, 0x208, 0xFBE, 0x208, 0x71C, 0xAAA, 0x170, 0x208, 0xDF6, 0x090, 0x110, 0x660}},
    {0x6901, {0x000, 0x210, 0x27E, 0xFA4, 0x23C, 0x600, 0x73C, 0xA84, 0xA08, 0x27E, 0x208, 0x218}},
    {0x6905, {0x000, 0x210, 0x2FE, 0xF10, 0x228, 0x244, 0x6FE, 0x604, 0xAF4, 0x294, 0x2F4, 0x20C}},
    {0x690B, {0x000, 0x210, 0x2FE, 0xF00, 0x27C, 0x244, 0x744, 0x67C, 0xA10, 0x254, 0x254, 0x2B2}},
    {0x690D, {0x000, 0x208, 0x27E, 0xF08, 0x2BE, 0x2A2, 0x7BE, 0x6A2, 0xABE, 0x2A2, 0x2A2, 0x2FE}},
    {0x690E, {0x000, 0x224, 0x228, 0xF7E, 0x248, 0x2C8, 0x77E, 0x648, 0xA7E, 0x248, 0x248, 0x27E}},
    {0x6910, {0x000, 0x27E, 0x242, 0xF42, 0x27E, 0x648, 0x67E, 0xB48, 0xABE, 0x2A2, 0x322, 0x23E}},
    {0x6912, {0x000, 0x44E, 0x472, 0xE4A, 0x44A, 0x5FA, 0xE4A, 0xC44, 0x554, 0x554, 0x44A, 0x4CA}},
    {0x691F, {0x000, 0x210, 0x27C, 0xF10, 0x2FE, 0x602, 0x754, 0xAB0, 0xA50, 0x2FE, 0x228, 0x2C6}},
    {0x6920, {0x000, 0x20C, 0xFB0, 0x520, 0xFBE, 0x124, 0xFA4, 0x144, 0xFFE, 0x150, 0x248, 0xC46}},
    {0x6924, {0x000, 0x2FE, 0x2AA, 0xFAA, 0x2FE, 0x620, 0x63C, 0xB44, 0xAA4, 0x228, 0x210, 0x2E0}},
    {0x692D, {0x000, 0x5C8, 0x57E, 0xF50, 0x57E, 0x592, 0x55E, 0xF52, 0xD5E, 0x552, 0x592, 0x516}},
    {0x6930, {0x000, 0x5FE, 0x4AA, 0xEAA, 0x4EA, 0x4AC, 0xEAA, 0xCEA, 0x4AA, 0x4BE, 0x5E8, 0x428}},
    {0x6934, {0x000, 0x4DC, 0x494, 0xE94, 0x4D6, 0x480, 0xEDC, 0xC84, 0x494, 0x4C8, 0x588, 0x494}},
    {0x6939, {0x000, 0x244, 0x2FE, 0xF44, 0x27C, 0x244, 0x744, 0x6FE, 0xAA8, 0x2CE, 0x280, 0x2FE}},
    {0x693D, {0x000, 0x47C, 0x484, 0xEF8, 0x408, 0x5FE, 0xE20, 0xCD2, 0x42C, 0x4DA, 0x428, 0x4D8}},
    {0x693F, {0x000, 0x410, 0x4FE, 0xE10, 0x4FE, 0x428, 0xEFE, 0xC44, 0x4FE, 0x444, 0x444, 0x47C}},
    {0x6942, {0x000, 0x210, 0x2FE, 0xF38, 0x254, 0x6FE, 0x744, 0xAFC, 0xA44, 0x27C, 0x244, 0x2FE}},
    {0x6954, {0x000, 0x25E, 0x2EA, 0xF4A, 0x2EA, 0x252, 0x6E6, 0x750, 0xAFE, 0x210, 0x228, 0x2C6}},
    {0x6957, {0x000, 0x408, 0x4DE, 0xE4A, 0x49E, 0xECA, 0xE5E, 0xD48, 0xCDE, 0x448, 0x4A0, 0x51E}},
    {0x695A, {0x000, 0x208, 0xFBE, 0x208, 0x71C, 0xAAA, 0x000, 0xFFE, 0x042, 0x47C, 0x440, 0xBFE}},
    {0x695D, {0x000, 0x210, 0x2FE, 0xF10, 0x2FE, 0x2BA, 0x792, 0x6FE, 0xA54, 0x254, 0x292, 0x210}},
    {0x695E, {0x000, 0x4FE, 0x4AA, 0xEAA, 0x4FE, 0x410, 0x4FE, 0xE20, 0xC3E, 0x442, 0x442, 0x48E}},
    {0x6960, {0x000, 0x410, 0x4FE, 0xE10, 0x4FE, 0x482, 0xEAA, 0xCBA, 0x492, 0x4BA, 0x492, 0x496}},
    {0x6963, {0x000, 0x27E, 0x252, 0xFFE, 0x240, 0x75C, 0x6D4, 0xA5C, 0xA54, 0x25C, 0x294, 0x29C}},
    {0x6966, {0x000, 0x210, 0x2FE, 0xFBA, 0x200, 0x67C, 0x744, 0xAFC, 0xA44, 0x27C, 0x200, 0x2FE}},
    {0x696B, {0x000, 0x27C, 0x244, 0xF44, 0x2FE, 0x244, 0x77C, 0x644, 0xA7C, 0x246, 0x2FC, 0x204}},
    {0x696E, {0x000, 0x420, 0x4FA, 0xE24, 0x5FE, 0x414, 0xE60, 0xDFC, 0x484, 0x4FC, 0x484, 0x4FC}},
    {0x6971, {0x000, 0x210, 0x2FE, 0xF10, 0x27C, 0x728, 0x6FE, 0xA4C, 0xAB2, 0x27C, 0x228, 0x2C6}},
    {0x6977, {0x000, 0x48A, 0x4EC, 0xE88, 0x4AA, 0x5CE, 0xE10, 0xCFE, 0x482, 0x4FE, 0x482, 0x4FE}},
    {0x6978, {0x000, 0x428, 0x4C8, 0xE4A, 0x4EA, 0x44A, 0xE48, 0xCE8, 0x4C8, 0x554, 0x454, 0x462}},
    {0x6979, {0x000, 0x2F8, 0x248, 0xF4E, 0x272, 0x6D2, 0x724, 0xA50, 0xAFE, 0x2AA, 0x2AA, 0x2FE}},
    {0x697C, {0x000, 0x454, 0x410, 0xEFE, 0x454, 0x492, 0xE10, 0xC20, 0x4FE, 0x444, 0x438, 0x4C6}},
    {0x6980, {0x000, 0x27C, 0x244, 0xF44, 0x244, 0x67C, 0x700, 0xAEE, 0xAAA, 0x2AA, 0x2AA, 0x2EE}},
    {0x6982, {0x000, 0x5DE, 0x554, 0xFD4, 0x554, 0x554, 0xDFE, 0xD08, 0x508, 0x55A, 0x5DA, 0x72E}},
    {0x6984, {0x000, 0x2A8, 0x2AE, 0xFB0, 0x2A4, 0x622, 0x77C, 0xAC4, 0xA54, 0x254, 0x22A, 0x2CE}},
    {0x6986, {0x000, 0x410, 0x428, 0xE44, 0x4BA, 0x400, 0x4E2, 0xEAA, 0xCEA, 0x4AA, 0x4E2, 0x4A6}},
    {0x6987, {0x000, 0x210, 0x2FE, 0xF44, 0x228, 0x6FE, 0x710, 0xAFE, 0xA10, 0x254, 0x292, 0x230}},
    {0x6988, {0x000, 0x24E, 0x222, 0xF82, 0x2BA, 0x6AA, 0x7BA, 0xA82, 0xABA, 0x2AA, 0x2BA, 0x286}},
    {0x6989, {0x000, 0x2A2, 0x254, 0xF00, 0x2FE, 0x628, 0x744, 0xA92, 0xA7C, 0x210, 0x2FE, 0x210}},
    {0x698D, {0x000, 0x2FE, 0x282, 0xFFE, 0x2AC, 0x6CA, 0x7BE, 0xAA2, 0xABE, 0x2A2, 0x33E, 0x222}},
    {0x6994, {0x000, 0x44E, 0x4EA, 0xEAA, 0x4EA, 0x4AC, 0xEEA, 0xC8A, 0x48A, 0x4AE, 0x4E8, 0x5A8}},
    {0x6995, {0x000, 0x410, 0x4FE, 0xEAA, 0x444, 0x410, 0xE28, 0xCC6, 0x47C, 0x444, 0x444, 0x47C}},
    {0x6998, {0x000, 0x43E, 0x7A0, 0xA3E, 0x222, 0xFBE, 0x520, 0x8BE, 0x040, 0xFFE, 0x248, 0xC46}},
    {0x699B, {0x000, 0x410, 0x4FE, 0xE10, 0x4FE, 0x428, 0xEFE, 0xC4C, 0x4B2, 0x4FE, 0x454, 0x492}},
    {0x699C, {0x000, 0x210, 0x2FE, 0xF28, 0x2FE, 0x282, 0x710, 0x6FE, 0xA40, 0x27E, 0x242, 0x28E}},
    {0x69A7, {0x000, 0x2FE, 0x280, 0xF94, 0x2B6, 0x294, 0x7B6, 0x694, 0xAB6, 0x294, 0x280, 0x2FE}},
    {0x69A8, {0x000, 0x410, 0x4FE, 0xEAA, 0x444, 0x4A2, 0x47C, 0xEA0, 0xC3E, 0x420, 0x43E, 0x420}},
    {0x69AB, {0x000, 0x224, 0x27E, 0xFC8, 0x27E, 0x648, 0x77E, 0xAC8, 0xA7E, 0x208, 0x27E, 0x208}},
    {0x69AD, {0x000, 0x444, 0x5E4, 0xF24, 0x5E4, 0x53E, 0xDE4, 0xF34, 0x56C, 0x7A4, 0x524, 0x66C}},
    {0x69B1, {0x000, 0x210, 0x2FE, 0xF44, 0x2FE, 0x644, 0x77C, 0xAA8, 0xA6A, 0x2A4, 0x234, 0x262}},
    {0x69B4, {0x000, 0x420, 0x4DE, 0xE8A, 0x4AA, 0x5D6, 0xE00, 0xCFE, 0x492, 0x4FE, 0x492, 0x4FE}},
    {0x69B7, {0x000, 0x210, 0x2FE, 0xFA2, 0x248, 0x2FE, 0x748, 0x67E, 0xA48, 0x27E, 0x248, 0x27E}},
    {0x69BB, {0x000, 0x4FE, 0x482, 0xEFE, 0x482, 0x4FE, 0xE00, 0xCEE, 0x466, 0x4AA, 0x466, 0x4AA}},
    {0x69C1, {0x000, 0x210, 0x2FE, 0xF44, 0x27C, 0x200, 0x6FE, 0x782, 0xABA, 0x2AA, 0x2BA, 0x286}},
    {0x69CA, {0x000, 0x53E, 0xFA2, 0x23E, 0xAA2, 0xFBE, 0x222, 0x440, 0xFFE, 0x150, 0xE4E, 0x040}},
    {0x69CC, {0x000, 0x288, 0x25E, 0xF52, 0x21E, 0x210, 0x6DE, 0x752, 0xA52, 0x25E, 0x240, 0x2BE}},
    {0x69CE, {0x000, 0x244, 0x228, 0xF7E, 0x210, 0x67C, 0x710, 0xAFE, 0xA20, 0x27C, 0x288, 0x27E}},
    {0x69D0, {0x000, 0x420, 0x4FE, 0xE92, 0x4FE, 0x492, 0xEFE, 0xC50, 0x454, 0x45C, 0x492, 0x51E}},
    {0x69D4, {0x000, 0x220, 0x27C, 0xF44, 0x27C, 0x744, 0x6FC, 0xA20, 0xAFE, 0x254, 0x2BA, 0x210}},
    {0x69DB, {0x000, 0x450, 0x55E, 0xF58, 0x554, 0x454, 0x400, 0xEFE, 0xCAA, 0x4AA, 0x4AA, 0x5FE}},
    {0x69DF, {0x000, 0x210, 0x2FE, 0xF82, 0x29A, 0x660, 0x740, 0xAFC, 0xA48, 0x2FE, 0x224, 0x2C2}},
    {0x69E0, {0x000, 0x210, 0x312, 0xEBA, 0x214, 0x3BE, 0x688, 0x69E, 0xAB2, 0xADE, 0x292, 0x21E}},
    {0x69ED, {0x000, 0x414, 0x5FE, 0xF10, 0x550, 0x572, 0xF52, 0xDF4, 0x554, 0x5E8, 0x54A, 0x6D6}},
    {0x69F2, {0x000, 0x4E2, 0x52A, 0xFF6, 0x552, 0x55A, 0xFF6, 0xD52, 0x552, 0x5FE, 0x512, 0x532}},
    {0x69FD, {0x000, 0x428, 0x5FE, 0xEAA, 0x4FE, 0x4AA, 0xEFE, 0xC44, 0x47C, 0x444, 0x444, 0x47C}},
    {0x69FF, {0x000, 0x244, 0x2FE, 0xF44, 0x2FE, 0x292, 0x6FE, 0x710, 0xAFE, 0x210, 0x210, 0x2FE}},
    {0x6A0A, {0x000, 0x2A8, 0xF5E, 0x2A8, 0x75C, 0xAAA, 0x358, 0x040, 0xFFE, 0x0A0, 0x318, 0xC06}},
    {0x6A17, {0x000, 0x4FE, 0x410, 0xEFE, 0x492, 0x4D6, 0xE00, 0xCFE, 0x440, 0x47E, 0x402, 0x40E}},
    {0x6A18, {0x000, 0x292, 0x254, 0xFFE, 0x282, 0x67C, 0x644, 0xB7C, 0xA10, 0x27C, 0x210, 0x2FE}},
    {0x6A1F, {0x000, 0x210, 0x2FE, 0xF28, 0x2FE, 0x244, 0x77C, 0x644, 0xA7C, 0x210, 0x2FE, 0x210}},
    {0x6A21, {0x000, 0x448, 0x5FE, 0xE48, 0x4FC, 0x484, 0xEFC, 0xC84, 0x5FE, 0x430, 0x448, 0x586}},
    {0x6A28, {0x000, 0x2FE, 0x282, 0xFFE, 0x290, 0x6D6, 0x7A8, 0xABE, 0xAC8, 0x2FE, 0x288, 0x308}},
    {0x6A2A, {0x000, 0x228, 0x27C, 0xF28, 0x2FE, 0x210, 0x77C, 0x654, 0xA7C, 0x254, 0x27C, 0x2C6}},
    {0x6A2F, {0x000, 0x210, 0x2FE, 0xF92, 0x254, 0x6FE, 0x700, 0xAFE, 0xAAA, 0x2BA, 0x282, 0x2FE}},
    {0x6A31, {0x000, 0x4EE, 0x4AA, 0xEAA, 0x444, 0x4AA, 0x410, 0xEFE, 0xC24, 0x448, 0x430, 0x4CE}},
    {0x6A35, {0x000, 0x224, 0x27E, 0xF48, 0x2FE, 0x248, 0x77E, 0x648, 0xA7E, 0x200, 0x2AA, 0x2AA}},
    {0x6A3D, {0x000, 0x444, 0x5FE, 0xEAA, 0x4CA, 0x4FE, 0xE82, 0xCFE, 0x404, 0x5FE, 0x444, 0x40C}},
    {0x6A3E, {0x000, 0x44C, 0x44A, 0xEFE, 0x454, 0x5F4, 0xE56, 0xD74, 0xD5A, 0x572, 0x6C0, 0x43E}},
    {0x6A44, {0x000, 0x4E8, 0x448, 0xE4E, 0x5FA, 0x4AA, 0xEEA, 0xCAA, 0x4E4, 0x4A4, 0x5EA, 0x42A}},
    {0x6A47, {0x000, 0x41C, 0x4E0, 0xE3E, 0x4E0, 0x43E, 0xE00, 0xC44, 0x598, 0x4EE, 0x598, 0x4EE}},
    {0x6A50, {0x000, 0x040, 0xFFE, 0x248, 0xFFE, 0x902, 0x7F8, 0x208, 0xFFE, 0x150, 0x248, 0xC46}},
    {0x6A58, {0x000, 0x47C, 0x408, 0xEFE, 0x452, 0x4B4, 0xDFE, 0xD4A, 0x58E, 0x57A, 0x54A, 0x57E}},
    {0x6A59, {0x000, 0x46C, 0x4AA, 0xE44, 0x4BA, 0x400, 0xEFE, 0xC82, 0x4FE, 0x444, 0x428, 0x4FE}},
    {0x6A5B, {0x000, 0x5FE, 0x5A8, 0xF48, 0x5EE, 0x552, 0xD54, 0xF54, 0xDF4, 0x544, 0x64A, 0x492}},
    {0x6A61, {0x000, 0x47C, 0x484, 0xEFE, 0x492, 0x4FE, 0xE20, 0xCD4, 0x428, 0x4DC, 0x42A, 0x4D8}},
    {0x6A65, {0x000, 0xA20, 0x4FA, 0xA24, 0x6FE, 0xA24, 0x27C, 0x4A4, 0xFFE, 0x040, 0x358, 0xC46}},
    {0x6A71, {0x000, 0x5FE, 0x500, 0xF72, 0x502, 0x576, 0x552, 0xF52, 0xD76, 0x552, 0x552, 0x4F6}},
    {0x6A79, {0x000, 0x238, 0x248, 0xFFC, 0x254, 0x67C, 0x754, 0xAFE, 0xA44, 0x27C, 0x244, 0x27C}},
    {0x6A7C, {0x000, 0x488, 0x50E, 0xE52, 0x59E, 0x484, 0xD3E, 0xD50, 0xDAA, 0x45C, 0x5AA, 0x410}},
    {0x6A80, {0x000, 0x410, 0x5FE, 0xEAA, 0x4AA, 0x4BA, 0xE82, 0xCFE, 0x444, 0x47C, 0x444, 0x4FE}},
    {0x6A84, {0x000, 0x488, 0x5E8, 0xF2E, 0x5EA, 0x53A, 0xDEA, 0xC8A, 0x7F4, 0x524, 0x52A, 0x66A}},
    {0x6A8E, {0x000, 0x438, 0x444, 0xE92, 0x47C, 0x4AA, 0xE92, 0xCFE, 0x410, 0x4FE, 0x4A2, 0x4BA}},
    {0x6A90, {0x000, 0x238, 0x248, 0xFFE, 0x254, 0x666, 0x750, 0xAFE, 0xA40, 0x27C, 0x2A4, 0x2BC}},
    {0x6A91, {0x000, 0x2FE, 0x210, 0xFFE, 0x292, 0x6D6, 0x700, 0xAFE, 0xA92, 0x2FE, 0x292, 0x2FE}},
    {0x6A97, {0x000, 0x788, 0x4BE, 0x494, 0x7BE, 0xC88, 0x7BE, 0x048, 0xFFE, 0x150, 0xE4E, 0x040}},
    {0x6AA0, {0x000, 0x510, 0xFDE, 0x522, 0x7D4, 0xD48, 0x754, 0x1A2, 0x040, 0xFFE, 0x150, 0xE4E}},
    {0x6AA9, {0x000, 0x210, 0x3FE, 0xEAA, 0x2BA, 0x6FE, 0x700, 0xAB8, 0xA00, 0x2FE, 0x254, 0x2B2}},
    {0x6AAB, {0x000, 0x220, 0x2FE, 0xF92, 0x2FC, 0x754, 0x6A8, 0xA46, 0xA38, 0x2FE, 0x254, 0x2B2}},
    {0x6AAC, {0x000, 0x448, 0x5FE, 0xE48, 0x5FE, 0x502, 0xEFC, 0xC22, 0x454, 0x5B8, 0x454, 0x5B2}},
    {0x6B20, {0x000, 0x200, 0x3FE, 0x202, 0x442, 0x444, 0x844, 0x0A0, 0x0A0, 0x110, 0x208, 0xC06}},
    {0x6B21, {0x000, 0x900, 0x5FE, 0x502, 0x122, 0x224, 0x020, 0x420, 0x450, 0x450, 0x888, 0xB06}},
    {0x6B22, {0x000, 0x040, 0xF7E, 0x142, 0x992, 0x910, 0x510, 0x510, 0x228, 0x228, 0x544, 0x882}},
    {0x6B23, {0x000, 0x790, 0x41E, 0x422, 0x42A, 0x788, 0x508, 0x508, 0x514, 0x514, 0x914, 0x922}},
    {0x6B24, {0x000, 0x220, 0x220, 0x3BE, 0x22A, 0x248, 0xF88, 0x088, 0x294, 0xC94, 0x0A2, 0x342}},
    {0x6B27, {0x000, 0xF90, 0x810, 0xA9E, 0xAA2, 0x92A, 0x908, 0x908, 0xA88, 0xA94, 0x814, 0xFA2}},
    {0x6B32, {0x000, 0x520, 0x53E, 0x8A2, 0x22A, 0x22A, 0x508, 0x888, 0xF94, 0x894, 0x8A2, 0xFA2}},
    {0x6B37, {0x000, 0xCD0, 0x310, 0xCDE, 0x222, 0xFCA, 0x508, 0x7C8, 0xD48, 0x554, 0x5D4, 0x122}},
    {0x6B39, {0x000, 0x210, 0xFD0, 0x21E, 0x522, 0x8AA, 0xFC8, 0x088, 0xE88, 0xA94, 0xE94, 0x1A2}},
    {0x6B3A, {0x000, 0x490, 0xFDE, 0x492, 0x7A2, 0x4AA, 0x788, 0x488, 0xFC8, 0x014, 0x514, 0x8A2}},
    {0x6B3E, {0x000, 0x210, 0xF90, 0x21E, 0xFA2, 0x02A, 0xF88, 0x008, 0xF88, 0x214, 0xA94, 0x622}},
    {0x6B43, {0x000, 0x190, 0xE10, 0x21E, 0xFA2, 0x20A, 0x6C8, 0xA48, 0xA48, 0xED4, 0xA54, 0xFE2}},
    {0x6B46, {0x000, 0x210, 0xF90, 0x51E, 0x52A, 0xFC8, 0x008, 0x788, 0x494, 0x794, 0x4A2, 0x7C2}},
    {0x6B47, {0x000, 0xFD0, 0x850, 0xFDE, 0x862, 0xFCA, 0x408, 0x7C8, 0xA48, 0x554, 0x854, 0xEE2}},
    {0x6B49, {0x000, 0x490, 0xFDE, 0x522, 0xFCA, 0x548, 0xFE8, 0x548, 0xFC8, 0x514, 0x594, 0xD54}},
    {0x6B4C, {0x000, 0xFD0, 0xA9E, 0xAA2, 0xEAA, 0x088, 0xF88, 0xA88, 0xA94, 0xE94, 0x0A2, 0x1A2}},
    {0x6B59, {0x000, 0x110, 0x290, 0x7D0, 0x83E, 0x7E2, 0x448, 0xFE8, 0x6A8, 0xB74, 0x6B4, 0xB62}},
    {0x6B62, {0x000, 0x040, 0x040, 0x440, 0x440, 0x47C, 0x440, 0x440, 0x440, 0x440, 0x440, 0xFFE}},
    {0x6B63, {0x000, 0xFFE, 0x040, 0x040, 0x040, 0x440, 0x47E, 0x440, 0x440, 0x440, 0x440, 0xFFE}},
    {0x6B64, {0x000, 0x110, 0x510, 0x512, 0x514, 0x5D8, 0x510, 0x510, 0x512, 0x512, 0x5D2, 0xF1E}},
    {0x6B65, {0x000, 0x040, 0x240, 0x27C, 0x240, 0x240, 0xFFE, 0x040, 0x344, 0xC44, 0x018, 0x7E0}},
    {0x6B66, {0x000, 0x794, 0x012, 0xFFE, 0x010, 0x110, 0x110, 0x5D0, 0x510, 0x50A, 0x5CA, 0xF04}},
    {0x6B67, {0x000, 0x210, 0x2FE, 0x210, 0x27E, 0x3C4, 0xA44, 0xA44, 0xA28, 0xAA8, 0xB10, 0xEEE}},
    {0x6B6A, {0x000, 0xFFE, 0x020, 0x1D8, 0xE46, 0x040, 0x000, 0xFFE, 0x040, 0x27E, 0x240, 0xFFE}},
    {0x6B79, {0x000, 0xFFE, 0x080, 0x080, 0x0FE, 0x102, 0x682, 0x044, 0x028, 0x010, 0x060, 0x780}},
    {0x6B7B, {0x000, 0xFFE, 0x210, 0x210, 0x792, 0x494, 0x498, 0xA90, 0x110, 0x112, 0x212, 0x41E}},
    {0x6B7C, {0x000, 0xF86, 0x238, 0x208, 0x408, 0x788, 0x8BE, 0x488, 0x308, 0x108, 0x208, 0xC08}},
    {0x6B81, {0x000, 0xF78, 0x448, 0x448, 0x74E, 0x580, 0x57E, 0xB22, 0x914, 0x208, 0x214, 0x462}},
    {0x6B82, {0x000, 0x03C, 0xFE4, 0x224, 0x3BC, 0x4A4, 0x4A4, 0xABC, 0x124, 0x124, 0x224, 0xCFE}},
    {0x6B83, {0x000, 0xF90, 0x47C, 0x454, 0x754, 0x554, 0x554, 0xBFE, 0x110, 0x228, 0x244, 0x482}},
    {0x6B84, {0x000, 0xF18, 0x424, 0x442, 0x708, 0x570, 0xD04, 0xB08, 0x270, 0x202, 0x40C, 0x870}},
    {0x6B86, {0x000, 0xFD0, 0x210, 0x224, 0x3A6, 0x4FA, 0x480, 0xABC, 0x124, 0x124, 0x224, 0x43C}},
    {0x6B87, {0x000, 0xF20, 0x43E, 0x440, 0x778, 0x510, 0x53E, 0xB2A, 0x94A, 0x292, 0x222, 0x44C}},
    {0x6B89, {0x000, 0xFA0, 0x23E, 0x222, 0x3C2, 0x4BA, 0x4AA, 0xABA, 0x12A, 0x13A, 0x202, 0x40E}},
    {0x6B8A, {0x000, 0xFC8, 0x228, 0x23E, 0x3C8, 0x488, 0x4BE, 0xA88, 0x11C, 0x12A, 0x22A, 0x408}},
    {0x6B8B, {0x000, 0xF94, 0x47E, 0x410, 0x77E, 0x510, 0x97E, 0x510, 0x214, 0x208, 0x41A, 0x866}},
    {0x6B8D, {0x000, 0xF0C, 0x470, 0x454, 0x78A, 0x57C, 0x908, 0xD10, 0x2FE, 0x210, 0x410, 0x830}},
    {0x6B92, {0x000, 0xF7C, 0x444, 0x47C, 0x700, 0x57C, 0x544, 0xB54, 0x954, 0x254, 0x228, 0x4C6}},
    {0x6B93, {0x000, 0xF10, 0x428, 0x444, 0x782, 0x57C, 0x500, 0xB22, 0x992, 0x254, 0x200, 0x4FE}},
    {0x6B96, {0x000, 0xF88, 0x47E, 0x408, 0x75E, 0x552, 0x95E, 0x552, 0x25E, 0x252, 0x252, 0x47E}},
    {0x6B9A, {0x000, 0xF44, 0x428, 0x47C, 0x754, 0x57C, 0x554, 0xB7C, 0x910, 0x2FE, 0x210, 0x410}},
    {0x6B9B, {0x000, 0xF7E, 0x410, 0x420, 0x730, 0x5DE, 0x552, 0xB5A, 0x9D4, 0x21A, 0x220, 0x4FE}},
    {0x6BA1, {0x000, 0xF10, 0x4FE, 0x482, 0x718, 0x560, 0x540, 0xB7C, 0x948, 0x2FE, 0x228, 0x4C6}},
    {0x6BAA, {0x000, 0xF10, 0x4FE, 0x410, 0x7FE, 0x582, 0x57C, 0xB44, 0x97C, 0x244, 0x228, 0x4FE}},
    {0x6BB3, {0x000, 0x1F0, 0x110, 0x112, 0x212, 0xC0E, 0x3F8, 0x108, 0x090, 0x060, 0x090, 0x70E}},
    {0x6BB4, {0x000, 0xFBC, 0x824, 0xAA4, 0xAA4, 0x946, 0x900, 0x93E, 0xA82, 0xA94, 0x808, 0xFB6}},
    {0x6BB5, {0x000, 0x138, 0x628, 0x42A, 0x74E, 0x400, 0x77C, 0x404, 0x428, 0x710, 0xC28, 0x4C6}},
    {0x6BB7, {0x000, 0x79C, 0x414, 0x794, 0x4A6, 0x780, 0x4BE, 0x782, 0x414, 0x788, 0x494, 0x9A2}},
    {0x6BBF, {0x000, 0xFDC, 0x854, 0xFD4, 0x836, 0xA80, 0xFDC, 0xA84, 0xFD4, 0x808, 0xA94, 0xAA2}},
    {0x6BC1, {0x000, 0x400, 0x99C, 0x894, 0xF94, 0x8A6, 0xF80, 0x03E, 0xFA2, 0x214, 0x208, 0xFB6}},
    {0x6BC2, {0x000, 0x21C, 0xF94, 0x214, 0xFD4, 0xA66, 0xF80, 0x53E, 0xFD2, 0x114, 0xFC8, 0x136}},
    {0x6BC5, {0x000, 0x21C, 0xF94, 0x514, 0xFB6, 0x200, 0xD5C, 0x394, 0xD94, 0x348, 0xD14, 0x222}},
    {0x6BCB, {0x000, 0x3FC, 0x244, 0x244, 0x244, 0xFFE, 0x484, 0x484, 0x484, 0x7FC, 0x104, 0x13C}},
    {0x6BCD, {0x000, 0x7FC, 0x404, 0x4C4, 0x424, 0xFFE, 0x404, 0x4C4, 0x424, 0x7FE, 0x004, 0x03C}},
    {0x6BCF, {0x000, 0x400, 0x7FE, 0x800, 0x7FC, 0x484, 0x444, 0xFFE, 0x484, 0x444, 0x7FC, 0x00C}},
    {0x6BD2, {0x000, 0x040, 0xFFE, 0x040, 0x7FC, 0x040, 0xFFE, 0x444, 0xFFE, 0x444, 0x7FE, 0x00C}},
    {0x6BD3, {0x000, 0x408, 0xFBE, 0x010, 0xFA4, 0xABA, 0x880, 0xFAA, 0xAAA, 0x8AA, 0xFAA, 0x1A2}},
    {0x6BD4, {0x000, 0x420, 0x420, 0x422, 0x424, 0x7B8, 0x420, 0x420, 0x422, 0x422, 0x5A2, 0xE3E}},
    {0x6BD5, {0x000, 0x820, 0x8A2, 0xF3C, 0x820, 0x9A2, 0xE3E, 0x000, 0x040, 0xFFE, 0x040, 0x040}},
    {0x6BD6, {0x000, 0x420, 0x7A6, 0x438, 0x5A2, 0xE3E, 0x080, 0x050, 0x524, 0x942, 0x18A, 0xEF8}},
    {0x6BD7, {0x000, 0x028, 0xFA8, 0xAA8, 0xAAA, 0xABC, 0xFA8, 0xAA8, 0xAA8, 0xAA8, 0xFBA, 0x06E}},
    {0x6BD9, {0x000, 0x420, 0x7A6, 0x438, 0x5A0, 0xE3E, 0x000, 0xFFE, 0x4A4, 0xAB8, 0x122, 0xE3E}},
    {0x6BDB, {0x000, 0x018, 0x7E0, 0x08C, 0x0F0, 0x780, 0x086, 0x0F8, 0xF80, 0x082, 0x082, 0x0FE}},
    {0x6BE1, {0x000, 0x190, 0xE1E, 0x210, 0x210, 0xF7E, 0x242, 0x242, 0xF7E, 0x200, 0x202, 0x3FE}},
    {0x6BEA, {0x000, 0x310, 0xE26, 0x27A, 0x310, 0xE50, 0x27C, 0x390, 0xEFE, 0x210, 0x212, 0x1FE}},
    {0x6BEB, {0x000, 0x040, 0xFFE, 0x404, 0xFFE, 0x862, 0x780, 0x0FC, 0xF80, 0x0FC, 0xF82, 0x0FE}},
    {0x6BEF, {0x000, 0x310, 0xC54, 0x410, 0x728, 0xCC6, 0x410, 0x754, 0xC10, 0x428, 0x4C6, 0x7FE}},
    {0x6BF3, {0x000, 0x078, 0xF80, 0x0FC, 0xF82, 0x0FE, 0x000, 0x186, 0xE38, 0x38E, 0xE38, 0x38E}},
    {0x6BF5, {0x000, 0x20C, 0x4B8, 0xF48, 0x20E, 0xFB8, 0x508, 0x88E, 0x338, 0xC08, 0x18A, 0xE06}},
    {0x6BF9, {0x000, 0xF06, 0x298, 0x448, 0xBAE, 0x018, 0xEA8, 0xAAE, 0xF58, 0xB48, 0xEAA, 0xAA6}},
    {0x6BFD, {0x000, 0x63C, 0xDD4, 0x47E, 0x694, 0xDFC, 0x450, 0x77E, 0xCD0, 0x53E, 0x402, 0x3FE}},
    {0x6C05, {0x000, 0x690, 0xA5E, 0xFE4, 0x954, 0xF48, 0x854, 0x8E2, 0x780, 0x0F8, 0xF82, 0x07E}},
    {0x6C06, {0x000, 0x628, 0xCFE, 0x428, 0x6AA, 0xC6C, 0x428, 0x6FE, 0xC44, 0x47C, 0x444, 0x3FE}},
    {0x6C07, {0x000, 0x638, 0xC48, 0x4FC, 0x654, 0xC7C, 0x454, 0x6FE, 0xC44, 0x47C, 0x444, 0x3FE}},
    {0x6C0D, {0x000, 0xEEC, 0xAB8, 0xEE8, 0xAAE, 0xEF8, 0x248, 0x7EE, 0xC98, 0x7E8, 0x48A, 0x7E6}},
    {0x6C0F, {0x000, 0x00C, 0x7F0, 0x420, 0x420, 0x420, 0x7FE, 0x420, 0x410, 0x412, 0x58A, 0xE04}},
    {0x6C10, {0x000, 0x00C, 0xFF0, 0x820, 0x820, 0x820, 0xFFE, 0x820, 0x820, 0x894, 0x854, 0xE48}},
    {0x6C11, {0x000, 0x7FE, 0x402, 0x402, 0x7FE, 0x420, 0x420, 0x7FE, 0x410, 0x412, 0x4CA, 0xF04}},
    {0x6C13, {0x000, 0x4FE, 0x482, 0xE82, 0x8FE, 0x890, 0x890, 0x8FE, 0x890, 0x88A, 0xEAA, 0x1C6}},
    {0x6C14, {0x000, 0x400, 0x7FE, 0x800, 0x7FC, 0x000, 0xFF8, 0x008, 0x008, 0x00A, 0x00A, 0x004}},
    {0x6C15, {0x000, 0x200, 0x3FC, 0x400, 0xBF8, 0x000, 0x7F8, 0x008, 0x088, 0x08A, 0x106, 0xE02}},
    {0x6C16, {0x000, 0x400, 0x7FC, 0x800, 0x7F8, 0x000, 0xFF8, 0x008, 0x7C8, 0x26A, 0x22A, 0x464}},
    {0x6C18, {0x000, 0x200, 0x3FC, 0x400, 0xBF8, 0x000, 0x7F8, 0x008, 0x248, 0x24A, 0x246, 0xC42}},
    {0x6C19, {0x000, 0x200, 0x3FC, 0x400, 0xBF8, 0x000, 0x7F8, 0x008, 0x108, 0x92A, 0x926, 0xFE2}},
    {0x6C1A, {0x000, 0x200, 0x3FC, 0x400, 0xBF8, 0x000, 0x7F8, 0x008, 0x2A8, 0x2AA, 0x2A6, 0xCA2}},
    {0x6C1B, {0x000, 0x400, 0x7FE, 0x800, 0x7FC, 0x000, 0xFF8, 0x448, 0x828, 0x7CA, 0x24A, 0xCC4}},
    {0x6C1F, {0x000, 0x200, 0x3FC, 0x400, 0xBF8, 0x288, 0xFE8, 0x2A8, 0xFE8, 0xA8A, 0xFF6, 0x492}},
    {0x6C21, {0x000, 0x200, 0x3FC, 0x400, 0xFF8, 0x208, 0x7C8, 0xC48, 0x388, 0xC6A, 0x306, 0x0C2}},
    {0x6C22, {0x000, 0x400, 0x7FC, 0x800, 0x7F8, 0x008, 0x7E8, 0x088, 0x768, 0x08A, 0x08A, 0x7E4}},
    {0x6C24, {0x000, 0x400, 0x7FE, 0x800, 0x7FC, 0x000, 0xFF8, 0x928, 0xBA8, 0x92A, 0xAAA, 0xFE4}},
    {0x6C26, {0x000, 0x200, 0x3FC, 0x400, 0xBF8, 0x108, 0xFE8, 0x488, 0x308, 0xC4A, 0x186, 0x662}},
    {0x6C27, {0x000, 0x400, 0x7FC, 0x800, 0x7F8, 0x228, 0x7F8, 0x088, 0x7F8, 0x08A, 0x7FA, 0x084}},
    {0x6C28, {0x000, 0x200, 0x7FC, 0x800, 0x7F8, 0x108, 0xFE8, 0x928, 0x7CA, 0x44A, 0x38A, 0xC64}},
    {0x6C29, {0x000, 0x200, 0x3FC, 0x400, 0xBF8, 0x008, 0xFE8, 0x288, 0xAA8, 0x6CA, 0x286, 0xFE2}},
    {0x6C2A, {0x000, 0x200, 0x3FC, 0x400, 0xBF8, 0x108, 0xFE8, 0x108, 0x7C8, 0x44A, 0x396, 0xCF2}},
    {0x6C2E, {0x000, 0x200, 0x7FE, 0x800, 0x7FC, 0x000, 0xFF8, 0x548, 0xEE8, 0x10A, 0x54A, 0xEE4}},
    {0x6C2F, {0x000, 0x400, 0x7FC, 0x800, 0x7F8, 0x028, 0x7E8, 0x028, 0xFF8, 0x4AA, 0x2CA, 0xCB4}},
    {0x6C30, {0x000, 0x400, 0x7FC, 0x800, 0x7F8, 0x088, 0x7F8, 0x088, 0x7F8, 0x22A, 0x3EA, 0x224}},
    {0x6C32, {0x000, 0x200, 0x3FC, 0x400, 0xFF8, 0x228, 0x3E8, 0x228, 0x7F4, 0x554, 0x554, 0xFFA}},
    {0x6C34, {0x000, 0x040, 0x040, 0x044, 0xF48, 0x150, 0x160, 0x250, 0x248, 0x444, 0x842, 0x1C0}},
    {0x6C35, {0x000, 0x100, 0x080, 0x040, 0x100, 0x080, 0x040, 0x000, 0x020, 0x040, 0x080, 0x300}},
    {0x6C38, {0x000, 0x1C0, 0x000, 0x3C4, 0x048, 0xF50, 0x160, 0x150, 0x248, 0x244, 0x442, 0x9C0}},
    {0x6C3D, {0x000, 0x040, 0x040, 0x0A0, 0x318, 0xC06, 0x040, 0x044, 0xF68, 0x150, 0x248, 0xCC6}},
    {0x6C40, {0x000, 0x9FE, 0x410, 0x010, 0x810, 0x410, 0x010, 0x010, 0x410, 0x410, 0x410, 0x870}},
    {0x6C41, {0x000, 0x810, 0x410, 0x010, 0x810, 0x4FE, 0x010, 0x010, 0x410, 0x410, 0x410, 0x810}},
    {0x6C42, {0x000, 0x048, 0x044, 0xFFE, 0x040, 0x444, 0x248, 0x040, 0x248, 0x248, 0x444, 0x9C2}},
    {0x6C46, {0x000, 0x040, 0x040, 0x0A0, 0x318, 0xC06, 0x040, 0x044, 0xF68, 0x150, 0x248, 0xCC6}},
    {0x6C47, {0x000, 0x9FE, 0x500, 0x100, 0x900, 0x500, 0x100, 0x100, 0x500, 0x500, 0x500, 0x9FE}},
    {0x6C49, {0x000, 0x8FE, 0x482, 0x082, 0x882, 0x444, 0x044, 0x028, 0x428, 0x410, 0x428, 0x8C6}},
    {0x6C4A, {0x000, 0x8FE, 0x482, 0x0A2, 0x892, 0x444, 0x044, 0x028, 0x428, 0x410, 0x428, 0x8C6}},
    {0x6C50, {0x000, 0x840, 0x47E, 0x042, 0x882, 0x4C2, 0x122, 0x014, 0x408, 0x408, 0x410, 0x860}},
    {0x6C54, {0x000, 0x840, 0x440, 0x0FE, 0x900, 0x4F8, 0x008, 0x010, 0x420, 0x442, 0x482, 0x87E}},
    {0x6C55, {0x000, 0x810, 0x410, 0x092, 0x892, 0x492, 0x092, 0x092, 0x492, 0x492, 0x492, 0x8FE}},
    {0x6C57, {0x000, 0x8FE, 0x410, 0x010, 0x810, 0x410, 0x0FE, 0x010, 0x410, 0x410, 0x410, 0x810}},
    {0x6C5B, {0x000, 0x9F8, 0x448, 0x048, 0x848, 0x448, 0x1F8, 0x048, 0x448, 0x44A, 0x44A, 0x844}},
    {0x6C5C, {0x000, 0x9FC, 0x504, 0x104, 0x904, 0x504, 0x1FC, 0x100, 0x500, 0x502, 0x502, 0x9FE}},
    {0x6C5D, {0x000, 0x820, 0x420, 0x1FE, 0x844, 0x444, 0x088, 0x0E8, 0x410, 0x428, 0x444, 0x982}},
    {0x6C5E, {0x000, 0xFFE, 0x040, 0x040, 0xFFE, 0x040, 0x040, 0xF52, 0x154, 0x248, 0xC46, 0x1C0}},
    {0x6C5F, {0x000, 0x8FE, 0x410, 0x010, 0x810, 0x410, 0x010, 0x010, 0x410, 0x410, 0x410, 0x8FE}},
    {0x6C60, {0x000, 0x810, 0x490, 0x096, 0x8BA, 0x5D2, 0x092, 0x096, 0x490, 0x482, 0x482, 0x8FE}},
    {0x6C61, {0x000, 0x8FC, 0x400, 0x000, 0x9FE, 0x420, 0x040, 0x07C, 0x404, 0x404, 0x404, 0x83C}},
    {0x6C64, {0x000, 0x8FC, 0x408, 0x010, 0x820, 0x4FE, 0x02A, 0x04A, 0x492, 0x422, 0x442, 0x89E}},
    {0x6C68, {0x000, 0x8FE, 0x482, 0x082, 0x882, 0x482, 0x0FE, 0x082, 0x482, 0x482, 0x482, 0x8FE}},
    {0x6C69, {0x000, 0x8FE, 0x482, 0x082, 0x882, 0x482, 0x0FA, 0x082, 0x482, 0x482, 0x482, 0x8FE}},
    {0x6C6A, {0x000, 0xBFE, 0x420, 0x020, 0x820, 0x420, 0x1FC, 0x020, 0x420, 0x420, 0x420, 0xBFE}},
    {0x6C70, {0x000, 0x820, 0x420, 0x3FE, 0x820, 0x420, 0x050, 0x050, 0x488, 0x488, 0x524, 0xA12}},
    {0x6C72, {0x000, 0x9F8, 0x488, 0x088, 0x890, 0x49C, 0x084, 0x0C4, 0x4A8, 0x510, 0x528, 0xAC6}},
    {0x6C74, {0x000, 0x820, 0x420, 0x020, 0x9FE, 0x420, 0x030, 0x028, 0x424, 0x420, 0x420, 0x820}},
    {0x6C76, {0x000, 0x820, 0x410, 0x1FE, 0x884, 0x484, 0x084, 0x048, 0x448, 0x430, 0x448, 0x986}},
    {0x6C79, {0x000, 0x902, 0x502, 0x186, 0x94A, 0x52A, 0x112, 0x12A, 0x546, 0x582, 0x502, 0x9FE}},
    {0x6C7D, {0x000, 0x900, 0x5FE, 0x100, 0xAFC, 0x400, 0x1F8, 0x008, 0x408, 0x40A, 0x40A, 0x804}},
    {0x6C7E, {0x000, 0x848, 0x448, 0x084, 0x884, 0x502, 0x0FC, 0x044, 0x444, 0x444, 0x484, 0x91C}},
    {0x6C81, {0x000, 0x820, 0x410, 0x010, 0x840, 0x440, 0x144, 0x142, 0x542, 0x440, 0x444, 0x87C}},
    {0x6C82, {0x000, 0x81C, 0x5E0, 0x100, 0x900, 0x5FE, 0x110, 0x110, 0x510, 0x510, 0x510, 0xA10}},
    {0x6C83, {0x000, 0x80C, 0x5F0, 0x020, 0x820, 0x420, 0x3FE, 0x020, 0x450, 0x450, 0x488, 0xB06}},
    {0x6C85, {0x000, 0x8FC, 0x400, 0x000, 0x9FE, 0x448, 0x048, 0x048, 0x448, 0x48A, 0x48A, 0x90E}},
    {0x6C86, {0x000, 0x820, 0x420, 0x1FE, 0x800, 0x4F8, 0x088, 0x088, 0x488, 0x48A, 0x50A, 0x90E}},
    {0x6C88, {0x000, 0x820, 0x5FE, 0x122, 0x922, 0x428, 0x028, 0x048, 0x448, 0x44A, 0x48A, 0x90E}},
    {0x6C89, {0x000, 0x9FC, 0x504, 0x104, 0x974, 0x450, 0x050, 0x050, 0x450, 0x452, 0x492, 0x90E}},
    {0x6C8C, {0x000, 0x820, 0x5FE, 0x020, 0x924, 0x524, 0x124, 0x1FC, 0x420, 0x422, 0x422, 0x83E}},
    {0x6C8F, {0x000, 0x8BE, 0x492, 0x092, 0x9D2, 0x492, 0x092, 0x092, 0x4D2, 0x492, 0x422, 0x82E}},
    {0x6C90, {0x000, 0x820, 0x420, 0x3FE, 0x8A8, 0x4A8, 0x0A8, 0x0A8, 0x524, 0x524, 0x622, 0x820}},
    {0x6C93, {0x000, 0x040, 0xF52, 0x154, 0x248, 0xCC6, 0x000, 0xFFE, 0x802, 0xFFE, 0x802, 0xFFE}},
    {0x6C94, {0x000, 0x9FE, 0x410, 0x010, 0x89E, 0x492, 0x092, 0x0FE, 0x402, 0x402, 0x402, 0x81E}},
    {0x6C99, {0x000, 0x820, 0x524, 0x124, 0x924, 0x622, 0x222, 0x020, 0x404, 0x408, 0x430, 0x9C0}},
    {0x6C9B, {0x000, 0x820, 0x5FE, 0x020, 0x820, 0x5FC, 0x124, 0x124, 0x524, 0x524, 0x52C, 0x820}},
    {0x6C9F, {0x000, 0x840, 0x440, 0x07E, 0x882, 0x522, 0x022, 0x04A, 0x49A, 0x5EA, 0x402, 0x80E}},
    {0x6CA1, {0x000, 0x8FC, 0x484, 0x084, 0x986, 0x400, 0x1FE, 0x102, 0x484, 0x448, 0x430, 0x9CE}},
    {0x6CA3, {0x000, 0x820, 0x43C, 0x1E0, 0x820, 0x4FC, 0x020, 0x020, 0x5FE, 0x420, 0x420, 0x820}},
    {0x6CA4, {0x000, 0x9FE, 0x500, 0x148, 0x928, 0x510, 0x110, 0x128, 0x524, 0x544, 0x500, 0x9FE}},
    {0x6CA5, {0x000, 0x8FE, 0x480, 0x090, 0x890, 0x4FE, 0x092, 0x092, 0x492, 0x4A2, 0x522, 0x94E}},
    {0x6CA6, {0x000, 0x820, 0x430, 0x048, 0x884, 0x502, 0x080, 0x08C, 0x4F0, 0x482, 0x482, 0x8FE}},
    {0x6CA7, {0x000, 0x830, 0x448, 0x084, 0x902, 0x4FC, 0x084, 0x084, 0x4BC, 0x480, 0x482, 0x8FE}},
    {0x6CA9, {0x000, 0x890, 0x450, 0x010, 0x9FE, 0x422, 0x022, 0x032, 0x44A, 0x442, 0x482, 0x90E}},
    {0x6CAA, {0x000, 0x80E, 0x4F0, 0x080, 0x8FE, 0x482, 0x082, 0x0FE, 0x480, 0x480, 0x500, 0x900}},
    {0x6CAB, {0x000, 0x820, 0x420, 0x3FE, 0x820, 0x420, 0x1FC, 0x0A8, 0x4A8, 0x524, 0x622, 0x820}},
    {0x6CAD, {0x000, 0x828, 0x424, 0x1FE, 0x820, 0x4A8, 0x0A8, 0x0A8, 0x4A8, 0x4A8, 0x52A, 0x92E}},
    {0x6CAE, {0x000, 0x8FC, 0x484, 0x084, 0x8FC, 0x484, 0x084, 0x0FC, 0x484, 0x484, 0x484, 0x9FE}},
    {0x6CB1, {0x000, 0x820, 0x420, 0x1FE, 0x902, 0x542, 0x040, 0x04C, 0x470, 0x442, 0x442, 0x87E}},
    {0x6CB2, {0x000, 0x840, 0x440, 0x0FE, 0x920, 0x4A0, 0x0BC, 0x1E4, 0x4A4, 0x4AC, 0x482, 0x8FE}},
    {0x6CB3, {0x000, 0xBFE, 0x404, 0x004, 0x9E4, 0x524, 0x124, 0x124, 0x5E4, 0x404, 0x404, 0x81C}},
    {0x6CB8, {0x000, 0x848, 0x5FE, 0x04A, 0x84A, 0x5FE, 0x148, 0x1FE, 0x44A, 0x44A, 0x48E, 0x908}},
    {0x6CB9, {0x000, 0x810, 0x410, 0x0FE, 0x892, 0x492, 0x092, 0x0FE, 0x492, 0x492, 0x492, 0x8FE}},
    {0x6CBB, {0x000, 0x820, 0x420, 0x044, 0x89A, 0x5E2, 0x000, 0x1FE, 0x502, 0x502, 0x502, 0x9FE}},
    {0x6CBC, {0x000, 0x9FE, 0x422, 0x022, 0x842, 0x58E, 0x000, 0x1FE, 0x502, 0x502, 0x502, 0x9FE}},
    {0x6CBD, {0x000, 0x810, 0x410, 0x0FE, 0x810, 0x410, 0x010, 0x0FE, 0x482, 0x482, 0x482, 0x8FE}},
    {0x6CBE, {0x000, 0x840, 0x440, 0x07C, 0x840, 0x440, 0x1FC, 0x104, 0x504, 0x504, 0x504, 0x9FC}},
    {0x6CBF, {0x000, 0x8F8, 0x488, 0x088, 0x888, 0x58C, 0x000, 0x1FC, 0x504, 0x504, 0x504, 0x9FC}},
    {0x6CC4, {0x000, 0x924, 0x524, 0x124, 0xBFE, 0x524, 0x124, 0x124, 0x53C, 0x500, 0x500, 0x9FE}},
    {0x6CC5, {0x000, 0x4FE, 0x282, 0x092, 0x8BA, 0x492, 0x0BA, 0x0AA, 0x4AA, 0x4BA, 0x482, 0x8FE}},
    {0x6CC9, {0x000, 0x040, 0x7FC, 0x404, 0x7FC, 0x404, 0x7FC, 0x040, 0xF52, 0x154, 0x248, 0xCC6}},
    {0x6CCA, {0x000, 0x810, 0x420, 0x0FE, 0x882, 0x482, 0x082, 0x0FE, 0x482, 0x482, 0x482, 0x8FE}},
    {0x6CCC, {0x000, 0x820, 0x414, 0x014, 0x824, 0x4A8, 0x0AA, 0x0B2, 0x522, 0x460, 0x4A2, 0x93E}},
    {0x6CD0, {0x000, 0x9C8, 0x548, 0x17E, 0x98A, 0x54A, 0x14A, 0x14A, 0x54A, 0x5D2, 0x512, 0x916}},
    {0x6CD3, {0x000, 0x9C8, 0x448, 0x048, 0x9C8, 0x508, 0x108, 0x1D0, 0x454, 0x454, 0x454, 0x9BA}},
    {0x6CD4, {0x000, 0x884, 0x484, 0x084, 0x9FE, 0x484, 0x084, 0x0FC, 0x484, 0x484, 0x484, 0x8FC}},
    {0x6CD5, {0x000, 0x820, 0x420, 0x1FC, 0x820, 0x420, 0x3FE, 0x040, 0x448, 0x484, 0x49A, 0x9E2}},
    {0x6CD6, {0x000, 0x9C0, 0x51E, 0x152, 0x952, 0x552, 0x152, 0x152, 0x5D2, 0x756, 0x490, 0xB10}},
    {0x6CD7, {0x000, 0x9FE, 0x54A, 0x14A, 0x94A, 0x54A, 0x14A, 0x18E, 0x502, 0x502, 0x502, 0x9FE}},
    {0x6CDB, {0x000, 0x80E, 0x4F0, 0x010, 0x810, 0x4FE, 0x002, 0x004, 0x408, 0x430, 0x4C0, 0x93E}},
    {0x6CDE, {0x000, 0x810, 0x4FE, 0x082, 0x800, 0x4FE, 0x010, 0x010, 0x410, 0x410, 0x410, 0x870}},
    {0x6CE0, {0x000, 0x820, 0x450, 0x088, 0x904, 0x6FA, 0x000, 0x1FC, 0x424, 0x424, 0x42C, 0x820}},
    {0x6CE1, {0x000, 0x880, 0x4FE, 0x102, 0x8F2, 0x492, 0x092, 0x0F2, 0x48E, 0x480, 0x482, 0x8FE}},
    {0x6CE2, {0x000, 0x810, 0x5FE, 0x112, 0x910, 0x5FC, 0x144, 0x144, 0x528, 0x510, 0x528, 0xAC6}},
    {0x6CE3, {0x000, 0x820, 0x5FE, 0x000, 0x884, 0x484, 0x044, 0x048, 0x448, 0x450, 0x410, 0x9FE}},
    {0x6CE5, {0x000, 0x9FE, 0x502, 0x102, 0x9FE, 0x500, 0x120, 0x126, 0x538, 0x520, 0x522, 0xA3E}},
    {0x6CE8, {0x000, 0x820, 0x410, 0x0FE, 0x810, 0x410, 0x010, 0x0FE, 0x410, 0x410, 0x410, 0x8FE}},
    {0x6CEA, {0x000, 0x9FC, 0x504, 0x104, 0x9FC, 0x504, 0x104, 0x1FC, 0x504, 0x504, 0x504, 0x9FC}},
    {0x6CEB, {0x000, 0x810, 0x4FE, 0x010, 0x820, 0x444, 0x0A8, 0x010, 0x410, 0x424, 0x444, 0x9FA}},
    {0x6CEE, {0x000, 0x810, 0x492, 0x054, 0x810, 0x4FE, 0x010, 0x010, 0x4FE, 0x410, 0x410, 0x810}},
    {0x6CEF, {0x000, 0x9FE, 0x502, 0x102, 0x9FE, 0x510, 0x110, 0x1FE, 0x508, 0x504, 0x504, 0x9E2}},
    {0x6CF0, {0x000, 0x080, 0xFFE, 0x080, 0x7FC, 0x110, 0xFFE, 0x208, 0x444, 0xB5A, 0x040, 0x6DC}},
    {0x6CF1, {0x000, 0x820, 0x420, 0x1FC, 0x924, 0x524, 0x124, 0x3FE, 0x420, 0x450, 0x488, 0xB06}},
    {0x6CF3, {0x000, 0x8E0, 0x400, 0x1E0, 0x82A, 0x3AC, 0x0A8, 0x4A8, 0x524, 0x524, 0xA22, 0x860}},
    {0x6CF5, {0x000, 0xFFE, 0x080, 0x1FC, 0x304, 0xD04, 0x1FC, 0x040, 0xF5E, 0x150, 0x248, 0xCC6}},
    {0x6CF6, {0x000, 0x484, 0x248, 0xFFE, 0x802, 0x842, 0x040, 0xF44, 0x168, 0x150, 0x248, 0xCC6}},
    {0x6CF7, {0x000, 0x848, 0x444, 0x040, 0x9FE, 0x450, 0x052, 0x054, 0x498, 0x490, 0x532, 0xADE}},
    {0x6CF8, {0x000, 0x820, 0x43E, 0x020, 0x8FE, 0x482, 0x082, 0x0FE, 0x480, 0x480, 0x500, 0x900}},
    {0x6CFA, {0x000, 0x81C, 0x4E0, 0x080, 0x890, 0x510, 0x1FE, 0x010, 0x458, 0x494, 0x512, 0x830}},
    {0x6CFB, {0x000, 0x8FE, 0x482, 0x0A2, 0x820, 0x43E, 0x040, 0x07E, 0x402, 0x5F2, 0x402, 0x80E}},
    {0x6CFC, {0x000, 0x8A8, 0x4A4, 0x120, 0x9FE, 0x440, 0x07C, 0x044, 0x4A8, 0x490, 0x528, 0xA46}},
    {0x6CFD, {0x000, 0x9FC, 0x484, 0x048, 0x830, 0x448, 0x186, 0x020, 0x4FC, 0x420, 0x9FE, 0x820}},
    {0x6CFE, {0x000, 0x9FC, 0x410, 0x020, 0x850, 0x58C, 0x000, 0x1FC, 0x420, 0x420, 0x420, 0xBFE}},
    {0x6D01, {0x000, 0x820, 0x420, 0x1FC, 0x820, 0x420, 0x1FC, 0x000, 0x5FC, 0x504, 0x504, 0x9FC}},
    {0x6D04, {0x000, 0x9FE, 0x502, 0x17A, 0x94A, 0x54A, 0x14A, 0x14A, 0x54A, 0x57A, 0x502, 0x9FE}},
    {0x6D07, {0x000, 0x9FC, 0x524, 0x124, 0x9FC, 0x524, 0x124, 0x154, 0x554, 0x58C, 0x504, 0x9FC}},
    {0x6D0B, {0x000, 0x882, 0x444, 0x0FE, 0x810, 0x410, 0x0FE, 0x010, 0x410, 0x4FE, 0x410, 0x810}},
    {0x6D0C, {0x000, 0x9E2, 0x48A, 0x08A, 0x8EA, 0x4AA, 0x1AA, 0x16A, 0x44A, 0x44A, 0x482, 0x90E}},
    {0x6D0E, {0x000, 0x830, 0x5FE, 0x102, 0x902, 0x5FE, 0x102, 0x102, 0x5FE, 0x502, 0x502, 0x9FE}},
    {0x6D12, {0x000, 0x9FE, 0x448, 0x048, 0x9FE, 0x54A, 0x14A, 0x14A, 0x58E, 0x502, 0x502, 0x9FE}},
    {0x6D17, {0x000, 0x920, 0x520, 0x1FC, 0xA20, 0x420, 0x3FE, 0x050, 0x450, 0x492, 0x492, 0x91E}},
    {0x6D19, {0x000, 0x890, 0x490, 0x0FE, 0x910, 0x410, 0x1FE, 0x054, 0x454, 0x454, 0x492, 0x892}},
    {0x6D1A, {0x000, 0x820, 0x47C, 0x0C4, 0x938, 0x444, 0x182, 0x010, 0x5FE, 0x490, 0x5FE, 0x810}},
    {0x6D1B, {0x000, 0x840, 0x47C, 0x084, 0x948, 0x430, 0x048, 0x186, 0x4FC, 0x484, 0x484, 0x8FC}},
    {0x6D1E, {0x000, 0x9FE, 0x502, 0x17A, 0x902, 0x57A, 0x14A, 0x14A, 0x54A, 0x57A, 0x502, 0x906}},
    {0x6D25, {0x000, 0x820, 0x5FC, 0x024, 0xBFE, 0x424, 0x1FC, 0x020, 0x5FC, 0x420, 0x7FE, 0x820}},
    {0x6D27, {0x000, 0x820, 0x420, 0x1FE, 0x840, 0x47E, 0x0C2, 0x17E, 0x442, 0x47E, 0x442, 0x84E}},
    {0x6D2A, {0x000, 0x848, 0x448, 0x1FE, 0x848, 0x448, 0x048, 0x1FE, 0x400, 0x448, 0x484, 0x902}},
    {0x6D2B, {0x000, 0x820, 0x440, 0x1FC, 0x954, 0x554, 0x154, 0x154, 0x554, 0x554, 0x554, 0xBFE}},
    {0x6D2E, {0x000, 0x850, 0x450, 0x154, 0x954, 0x4D8, 0x050, 0x0D8, 0x554, 0x450, 0x492, 0x91E}},
    {0x6D31, {0x000, 0x9FC, 0x488, 0x088, 0x8F8, 0x488, 0x088, 0x0F8, 0x488, 0x488, 0x5FC, 0x808}},
    {0x6D32, {0x000, 0x892, 0x492, 0x092, 0x892, 0x5DA, 0x1B6, 0x2B6, 0x492, 0x492, 0x512, 0x912}},
    {0x6D33, {0x000, 0x880, 0x48E, 0x1EA, 0x8AA, 0x4AA, 0x12A, 0x12A, 0x4AA, 0x44A, 0x4AA, 0x92E}},
    {0x6D35, {0x000, 0x840, 0x440, 0x0FE, 0x882, 0x57A, 0x04A, 0x07A, 0x44A, 0x47A, 0x402, 0x80E}},
    {0x6D39, {0x000, 0x9FE, 0x400, 0x0FC, 0x884, 0x484, 0x0FC, 0x084, 0x484, 0x4FC, 0x400, 0x9FE}},
    {0x6D3B, {0x000, 0x80C, 0x5F0, 0x020, 0x820, 0x5FE, 0x020, 0x020, 0x5FC, 0x504, 0x504, 0x9FC}},
    {0x6D3C, {0x000, 0x820, 0x5FC, 0x020, 0x820, 0x5FC, 0x020, 0x020, 0x5FC, 0x420, 0x420, 0xBFE}},
    {0x6D3D, {0x000, 0x830, 0x448, 0x084, 0x902, 0x4FC, 0x000, 0x1FE, 0x502, 0x502, 0x502, 0x9FE}},
    {0x6D3E, {0x000, 0x80C, 0x5F0, 0x102, 0x97C, 0x528, 0x12A, 0x12C, 0x528, 0x524, 0x524, 0xA22}},
    {0x6D41, {0x000, 0x820, 0x5FE, 0x020, 0x844, 0x5FA, 0x000, 0x0A8, 0x4A8, 0x4AA, 0x4AA, 0x90E}},
    {0x6D43, {0x000, 0x820, 0x5FE, 0x020, 0x924, 0x4A8, 0x020, 0x1FE, 0x420, 0x450, 0x488, 0x906}},
    {0x6D45, {0x000, 0x848, 0x5FC, 0x040, 0x9FC, 0x440, 0x3FE, 0x040, 0x424, 0x428, 0x5D2, 0x80C}},
    {0x6D46, {0x000, 0x910, 0x51C, 0x124, 0x354, 0x508, 0x930, 0x040, 0xF44, 0x168, 0x258, 0xCC6}},
    {0x6D47, {0x000, 0x840, 0x47E, 0x1C0, 0x828, 0x432, 0x1CE, 0x000, 0x5FE, 0x450, 0x892, 0xB1E}},
    {0x6D48, {0x000, 0x820, 0x43C, 0x020, 0x9FC, 0x504, 0x124, 0x124, 0x524, 0x420, 0x450, 0x98E}},
    {0x6D4A, {0x000, 0x820, 0x420, 0x1FC, 0x924, 0x524, 0x124, 0x1FC, 0x420, 0x424, 0x424, 0x9FA}},
    {0x6D4B, {0x000, 0x9E2, 0x52A, 0x12A, 0x96A, 0x56A, 0x16A, 0x16A, 0x56A, 0x44A, 0x4A2, 0x92E}},
    {0x6D4D, {0x000, 0x830, 0x448, 0x084, 0x97A, 0x400, 0x000, 0x1FE, 0x420, 0x444, 0x484, 0x9FA}},
    {0x6D4E, {0x000, 0x820, 0x410, 0x1FE, 0x884, 0x448, 0x030, 0x048, 0x586, 0x448, 0x448, 0x988}},
    {0x6D4F, {0x000, 0x882, 0x44A, 0x3FA, 0x92A, 0x4AA, 0x0AA, 0x04A, 0x44A, 0x4AA, 0x4A2, 0x926}},
    {0x6D51, {0x000, 0x9FE, 0x502, 0x020, 0x8FC, 0x440, 0x090, 0x1FC, 0x410, 0x5FE, 0x410, 0x810}},
    {0x6D52, {0x000, 0x910, 0x490, 0x01E, 0x9A8, 0x488, 0x088, 0x0BE, 0x488, 0x488, 0x4C8, 0x888}},
    {0x6D53, {0x000, 0x820, 0x5FE, 0x122, 0x922, 0x420, 0x052, 0x0D4, 0x548, 0x448, 0x454, 0x862}},
    {0x6D54, {0x000, 0x8FC, 0x404, 0x0FC, 0x804, 0x4FC, 0x008, 0x1FE, 0x408, 0x488, 0x448, 0x818}},
    {0x6D59, {0x000, 0x882, 0x49C, 0x1D0, 0x890, 0x49E, 0x0D4, 0x194, 0x494, 0x494, 0x4A4, 0x9A4}},
    {0x6D5A, {0x000, 0x848, 0x484, 0x1FE, 0x848, 0x48E, 0x140, 0x07C, 0x484, 0x548, 0x430, 0x9CE}},
    {0x6D5C, {0x000, 0x806, 0x4F8, 0x080, 0x8FE, 0x488, 0x088, 0x088, 0x5FE, 0x400, 0x448, 0x986}},
    {0x6D5E, {0x000, 0x8FC, 0x484, 0x084, 0x884, 0x4FC, 0x010, 0x090, 0x49E, 0x490, 0x950, 0xA3E}},
    {0x6D60, {0x000, 0x8CC, 0x430, 0x0CC, 0x820, 0x5FE, 0x050, 0x0FE, 0x552, 0x452, 0x456, 0x810}},
    {0x6D63, {0x000, 0x820, 0x5FE, 0x102, 0x800, 0x4FC, 0x000, 0x1FE, 0x450, 0x450, 0x492, 0x91E}},
    {0x6D66, {0x000, 0x824, 0x7FE, 0x020, 0x9FC, 0x524, 0x1FC, 0x124, 0x5FC, 0x524, 0x524, 0x92C}},
    {0x6D69, {0x000, 0x890, 0x4FE, 0x110, 0x810, 0x4FE, 0x000, 0x0FE, 0x482, 0x482, 0x482, 0x8FE}},
    {0x6D6A, {0x000, 0x820, 0x5FC, 0x104, 0x9FC, 0x504, 0x1FC, 0x112, 0x514, 0x508, 0x564, 0xB82}},
    {0x6D6E, {0x000, 0x806, 0x5F8, 0x122, 0x894, 0x5FE, 0x00C, 0x010, 0x5FE, 0x410, 0x410, 0x870}},
    {0x6D6F, {0x000, 0x9FE, 0x420, 0x0FC, 0x844, 0x444, 0x1FE, 0x000, 0x5FE, 0x502, 0x502, 0x9FE}},
    {0x6D74, {0x000, 0x848, 0x484, 0x132, 0x848, 0x448, 0x084, 0x102, 0x4FC, 0x484, 0x484, 0x8FC}},
    {0x6D77, {0x000, 0x900, 0x5FE, 0x100, 0xBFC, 0x524, 0x124, 0x3FE, 0x524, 0x524, 0x5FE, 0x804}},
    {0x6D78, {0x000, 0x8FC, 0x404, 0x0FC, 0x804, 0x5FE, 0x102, 0x0FC, 0x448, 0x430, 0x448, 0x986}},
    {0x6D7C, {0x000, 0x840, 0x478, 0x088, 0x9FE, 0x492, 0x092, 0x0FE, 0x428, 0x428, 0x44A, 0x98E}},
    {0x6D82, {0x000, 0x830, 0x448, 0x084, 0x902, 0x4FC, 0x010, 0x1FE, 0x410, 0x494, 0x492, 0x932}},
    {0x6D85, {0x000, 0x9FC, 0x504, 0x1FC, 0x904, 0x5FC, 0x020, 0x020, 0x5FC, 0x420, 0x820, 0xBFE}},
    {0x6D88, {0x000, 0x912, 0x494, 0x010, 0x9FE, 0x502, 0x1FE, 0x102, 0x5FE, 0x502, 0x502, 0x90E}},
    {0x6D89, {0x000, 0x820, 0x4A0, 0x0BC, 0x8A0, 0x5FE, 0x020, 0x0A4, 0x524, 0x468, 0x410, 0x9E0}},
    {0x6D8C, {0x000, 0x9FC, 0x44C, 0x030, 0x9FE, 0x522, 0x1FE, 0x122, 0x5FE, 0x522, 0x522, 0x926}},
    {0x6D8E, {0x000, 0x806, 0x5DC, 0x044, 0x894, 0x4D6, 0x054, 0x154, 0x49E, 0x480, 0x540, 0x93E}},
    {0x6D91, {0x000, 0x820, 0x5FC, 0x020, 0x9FC, 0x524, 0x124, 0x1FC, 0x4A8, 0x4A8, 0x524, 0x924}},
    {0x6D93, {0x000, 0x8FE, 0x482, 0x0FE, 0x800, 0x4FE, 0x082, 0x0FE, 0x482, 0x4FE, 0x482, 0x886}},
    {0x6D94, {0x000, 0x820, 0x524, 0x124, 0x9FC, 0x488, 0x174, 0x202, 0x0F8, 0x408, 0x410, 0x860}},
    {0x6D95, {0x000, 0x888, 0x450, 0x1FC, 0x824, 0x5FC, 0x120, 0x1FC, 0x4A4, 0x4A4, 0x52C, 0x920}},
    {0x6D9B, {0x000, 0x820, 0x5FE, 0x020, 0x9FE, 0x420, 0x1FE, 0x044, 0x5FE, 0x484, 0x544, 0x80C}},
    {0x6D9D, {0x000, 0x848, 0x5FE, 0x048, 0x9FE, 0x502, 0x122, 0x0FC, 0x424, 0x424, 0x444, 0x99C}},
    {0x6D9E, {0x000, 0x820, 0x5FC, 0x020, 0x924, 0x4A8, 0x1FE, 0x020, 0x4A8, 0x4A8, 0x524, 0x924}},
    {0x6D9F, {0x000, 0x908, 0x4BE, 0x010, 0x828, 0x5BE, 0x088, 0x0BE, 0x488, 0x488, 0x480, 0x97E}},
    {0x6DA0, {0x000, 0x9FE, 0x522, 0x1FE, 0x922, 0x5FA, 0x122, 0x1FE, 0x526, 0x53A, 0x522, 0x9FE}},
    {0x6DA1, {0x000, 0x8FC, 0x484, 0x084, 0x8FC, 0x420, 0x1FE, 0x122, 0x552, 0x58A, 0x502, 0x906}},
    {0x6DA3, {0x000, 0x878, 0x488, 0x1FC, 0x924, 0x524, 0x124, 0x124, 0x5FE, 0x450, 0x888, 0xB06}},
    {0x6DA4, {0x000, 0x840, 0x47C, 0x084, 0x948, 0x430, 0x1CE, 0x010, 0x5FE, 0x410, 0x494, 0x932}},
    {0x6DA6, {0x000, 0x89E, 0x442, 0x102, 0x9FA, 0x522, 0x122, 0x1FA, 0x522, 0x522, 0x5FA, 0x906}},
    {0x6DA7, {0x000, 0x89E, 0x442, 0x102, 0x97A, 0x54A, 0x14A, 0x17A, 0x54A, 0x54A, 0x57A, 0x906}},
    {0x6DA8, {0x000, 0x9D2, 0x452, 0x054, 0x9D8, 0x510, 0x13E, 0x1D4, 0x454, 0x454, 0x452, 0x9DA}},
    {0x6DA9, {0x000, 0x9FC, 0x424, 0x0A4, 0x924, 0x444, 0x19C, 0x020, 0x4A0, 0x4BC, 0x8A0, 0xBFE}},
    {0x6DAA, {0x000, 0x820, 0x5FE, 0x084, 0x848, 0x5FE, 0x000, 0x1FE, 0x502, 0x502, 0x502, 0x9FE}},
    {0x6DAB, {0x000, 0x820, 0x410, 0x1FE, 0x902, 0x4FC, 0x084, 0x0FC, 0x480, 0x4FE, 0x482, 0x8FE}},
    {0x6DAE, {0x000, 0x9E2, 0x52A, 0x12A, 0x9EA, 0x54A, 0x1FA, 0x15A, 0x55A, 0x552, 0xA72, 0xA46}},
    {0x6DAF, {0x000, 0x9FE, 0x500, 0x110, 0x97C, 0x510, 0x1FE, 0x100, 0x510, 0x57C, 0x510, 0xAFE}},
    {0x6DB2, {0x000, 0x820, 0x5FE, 0x050, 0x85E, 0x492, 0x0AA, 0x1A4, 0x4D4, 0x488, 0x494, 0x8A2}},
    {0x6DB5, {0x000, 0x9FE, 0x420, 0x020, 0x870, 0x512, 0x156, 0x13A, 0x556, 0x512, 0x522, 0x9FE}},
    {0x6DB8, {0x000, 0x9FE, 0x522, 0x122, 0x9FE, 0x522, 0x17A, 0x14A, 0x54A, 0x57A, 0x502, 0x9FE}},
    {0x6DBF, {0x000, 0x9FE, 0x428, 0x048, 0x988, 0x42A, 0x04C, 0x198, 0x424, 0x5CC, 0x414, 0x8E2}},
    {0x6DC0, {0x000, 0x810, 0x4FE, 0x082, 0x800, 0x4FE, 0x010, 0x090, 0x49E, 0x490, 0x550, 0x93E}},
    {0x6DC4, {0x000, 0x892, 0x492, 0x124, 0x892, 0x492, 0x000, 0x0FE, 0x492, 0x4FE, 0x492, 0x8FE}},
    {0x6DC5, {0x000, 0x886, 0x498, 0x1D0, 0x89E, 0x5D4, 0x1B4, 0x094, 0x494, 0x494, 0x4A4, 0x8A4}},
    {0x6DC6, {0x000, 0x8CC, 0x430, 0x1CE, 0x820, 0x5FE, 0x040, 0x0FC, 0x584, 0x4FC, 0x484, 0x88C}},
    {0x6DC7, {0x000, 0x888, 0x5FC, 0x088, 0x8F8, 0x488, 0x0F8, 0x088, 0x5FC, 0x400, 0x888, 0xB06}},
    {0x6DCB, {0x000, 0x888, 0x488, 0x3FE, 0x888, 0x488, 0x1DC, 0x19C, 0x6AA, 0x488, 0x488, 0x888}},
    {0x6DCC, {0x000, 0x892, 0x454, 0x210, 0x8FE, 0x482, 0x2BA, 0x0AA, 0x2AA, 0x2AA, 0x4BA, 0x886}},
    {0x6DD1, {0x000, 0x89C, 0x484, 0x0D4, 0x894, 0x494, 0x3F4, 0x088, 0x5A8, 0x494, 0x494, 0x9A2}},
    {0x6DD6, {0x000, 0x820, 0x43C, 0x020, 0x9FC, 0x504, 0x1FC, 0x104, 0x5FC, 0x420, 0xBFE, 0x820}},
    {0x6DD8, {0x000, 0x880, 0x4FE, 0x102, 0x882, 0x4FA, 0x122, 0x0FA, 0x422, 0x4AA, 0x4FA, 0x80E}},
    {0x6DD9, {0x000, 0x810, 0x4FE, 0x082, 0x800, 0x47C, 0x000, 0x0FE, 0x410, 0x454, 0x492, 0x830}},
    {0x6DDD, {0x000, 0x9FC, 0x554, 0x154, 0x9D4, 0x554, 0x17C, 0x1C0, 0x540, 0x542, 0x942, 0xAFE}},
    {0x6DDE, {0x000, 0x894, 0x494, 0x1D4, 0x8A2, 0x5A2, 0x188, 0x088, 0x488, 0x494, 0x494, 0x8BA}},
    {0x6DE0, {0x000, 0x8FE, 0x492, 0x0FE, 0x892, 0x4FE, 0x000, 0x0FE, 0x424, 0x424, 0x444, 0x984}},
    {0x6DE1, {0x000, 0x892, 0x454, 0x010, 0x828, 0x4C6, 0x010, 0x092, 0x454, 0x410, 0x428, 0x8C6}},
    {0x6DE4, {0x000, 0x888, 0x488, 0x3F4, 0x914, 0x522, 0x1C8, 0x144, 0x540, 0x550, 0x548, 0xAC4}},
    {0x6DE6, {0x000, 0x830, 0x648, 0x084, 0x902, 0x4FC, 0x020, 0x1FC, 0x420, 0x524, 0x8A8, 0xBFE}},
    {0x6DEB, {0x000, 0x80C, 0x5F0, 0x124, 0x8A8, 0x41C, 0x1E0, 0x020, 0x7FE, 0x420, 0x420, 0x9FC}},
    {0x6DEC, {0x000, 0x820, 0x5FE, 0x088, 0x888, 0x554, 0x222, 0x020, 0x5FE, 0x420, 0x420, 0x820}},
    {0x6DEE, {0x000, 0x844, 0x448, 0x0FE, 0x888, 0x588, 0x0FE, 0x088, 0x4FE, 0x488, 0x488, 0x8FE}},
    {0x6DF1, {0x000, 0x9FE, 0x502, 0x048, 0x84A, 0x58E, 0x020, 0x3FE, 0x4A8, 0x4A8, 0x524, 0xA22}},
    {0x6DF3, {0x000, 0x820, 0x5FE, 0x084, 0x8FC, 0x400, 0x0FC, 0x008, 0x410, 0x5FE, 0x410, 0x830}},
    {0x6DF7, {0x000, 0x9FC, 0x504, 0x1FC, 0x904, 0x5FC, 0x000, 0x112, 0x5DC, 0x510, 0x552, 0xB9E}},
    {0x6DF9, {0x000, 0x820, 0x5FE, 0x048, 0x8A4, 0x5FE, 0x0A4, 0x0FC, 0x4A4, 0x4FC, 0x422, 0x83E}},
    {0x6DFB, {0x000, 0x80C, 0x5F0, 0x020, 0x9FE, 0x448, 0x084, 0x122, 0x4A8, 0x4AA, 0x52A, 0x860}},
    {0x6DFC, {0x000, 0x044, 0xF68, 0x170, 0x248, 0xC46, 0x0C0, 0x208, 0xEBA, 0x71C, 0xAAA, 0x618}},
    {0x6E05, {0x000, 0x820, 0x5FC, 0x020, 0x9FC, 0x420, 0x3FE, 0x104, 0x5FC, 0x504, 0x5FC, 0x904}},
    {0x6E0A, {0x000, 0x882, 0x492, 0x0D6, 0x8BA, 0x492, 0x0FE, 0x092, 0x4BA, 0x556, 0x512, 0x902}},
    {0x6E0C, {0x000, 0x8FC, 0x404, 0x0FC, 0x804, 0x5FE, 0x010, 0x092, 0x454, 0x410, 0x494, 0x932}},
    {0x6E0D, {0x000, 0x810, 0x4FE, 0x010, 0x87C, 0x410, 0x0FE, 0x044, 0x454, 0x454, 0x428, 0x8C6}},
    {0x6E0E, {0x000, 0x810, 0x5FE, 0x010, 0x9FE, 0x452, 0x134, 0x090, 0x5FE, 0x410, 0x428, 0x9C6}},
    {0x6E10, {0x000, 0x886, 0x498, 0x3F0, 0x910, 0x69E, 0x3F4, 0x094, 0x4F4, 0x794, 0x4A4, 0x8A4}},
    {0x6E11, {0x000, 0x8F8, 0x488, 0x0F8, 0x820, 0x5FC, 0x124, 0x1FC, 0x524, 0x5FC, 0x422, 0x83E}},
    {0x6E14, {0x000, 0x840, 0x478, 0x088, 0x9FE, 0x492, 0x0FE, 0x092, 0x492, 0x4FE, 0x400, 0x9FE}},
    {0x6E16, {0x000, 0x820, 0x5FC, 0x104, 0x820, 0x5FC, 0x124, 0x1FC, 0x524, 0x5FC, 0x420, 0x820}},
    {0x6E17, {0x000, 0x844, 0x484, 0x1FA, 0x820, 0x5FE, 0x048, 0x186, 0x430, 0x4C4, 0x418, 0x8E0}},
    {0x6E1A, {0x000, 0x822, 0x4FA, 0x024, 0x828, 0x5FE, 0x020, 0x07C, 0x4C4, 0x57C, 0x444, 0x87C}},
    {0x6E1D, {0x000, 0x4F0, 0x248, 0x0B4, 0x902, 0x5EA, 0x12A, 0x1EA, 0x534, 0x5EA, 0x92A, 0x96A}},
    {0x6E20, {0x000, 0x9FE, 0x500, 0x9FC, 0x504, 0x1FC, 0x500, 0x9FE, 0x040, 0xFFE, 0x150, 0xE5E}},
    {0x6E21, {0x000, 0x810, 0x5FE, 0x144, 0x9FE, 0x544, 0x17C, 0x100, 0x57C, 0x544, 0x538, 0xAC6}},
    {0x6E23, {0x000, 0x820, 0x7FE, 0x0A8, 0xB26, 0x5FC, 0x104, 0x1FC, 0x504, 0x5FC, 0x504, 0xBFE}},
    {0x6E24, {0x000, 0x888, 0xBE8, 0x09E, 0xBEA, 0xA2A, 0x00A, 0x3EA, 0x84A, 0xBEA, 0x892, 0x996}},
    {0x6E25, {0x000, 0x9FE, 0x502, 0x1FE, 0x900, 0x5FE, 0x124, 0x57A, 0x510, 0x57C, 0xA10, 0xAFE}},
    {0x6E29, {0x000, 0x9FC, 0x504, 0x1FC, 0x904, 0x5FC, 0x000, 0x000, 0x5FC, 0x554, 0x554, 0xBFE}},
    {0x6E2B, {0x000, 0x8A4, 0x5FE, 0x0A4, 0x8BC, 0x480, 0x0FE, 0x010, 0x4FE, 0x454, 0x454, 0x892}},
    {0x6E2D, {0x000, 0x9FE, 0x522, 0x1FE, 0x922, 0x5FE, 0x084, 0x0FC, 0x484, 0x4FC, 0x484, 0x88C}},
    {0x6E2F, {0x000, 0x848, 0x5FE, 0x048, 0x848, 0x5FE, 0x084, 0x17A, 0x408, 0x4F8, 0x482, 0x8FE}},
    {0x6E32, {0x000, 0x810, 0x5FE, 0x102, 0x8FC, 0x400, 0x0FC, 0x084, 0x4FC, 0x484, 0x4FC, 0x9FE}},
    {0x6E34, {0x000, 0x8FC, 0x484, 0x0FC, 0x884, 0x4FC, 0x040, 0x07E, 0x4A2, 0x552, 0x47A, 0x806}},
    {0x6E38, {0x000, 0x910, 0x7DE, 0x120, 0x91E, 0x5C2, 0x144, 0x144, 0x55E, 0x544, 0x544, 0xACC}},
    {0x6E3A, {0x000, 0xB88, 0xAAA, 0x2AA, 0xBAA, 0xAAA, 0x288, 0x38A, 0xA9A, 0xA82, 0xA84, 0xBB8}},
    {0x6E43, {0x000, 0x82E, 0x5C4, 0x044, 0x84E, 0x5E4, 0x04E, 0x064, 0x5C4, 0x44E, 0x444, 0x884}},
    {0x6E44, {0x000, 0x8FE, 0x492, 0x0FE, 0x880, 0x4BE, 0x0A2, 0x0BE, 0x4A2, 0x4BE, 0x522, 0x93E}},
    {0x6E4D, {0x000, 0x492, 0x292, 0x0FE, 0x800, 0x4FE, 0x010, 0x0FE, 0x4AA, 0x4AA, 0x4AA, 0x886}},
    {0x6E4E, {0x000, 0x9FE, 0x420, 0x020, 0x9FE, 0x54A, 0x17A, 0x14A, 0x57A, 0x54A, 0x54A, 0x9FE}},
    {0x6E53, {0x000, 0x8B8, 0x504, 0x2FA, 0x848, 0x448, 0x198, 0x000, 0x5FC, 0x554, 0x554, 0xBFE}},
    {0x6E54, {0x000, 0x848, 0x5FE, 0x000, 0x9EA, 0x52A, 0x1EA, 0x12A, 0x5EA, 0x52A, 0x522, 0x96E}},
    {0x6E56, {0x000, 0x89E, 0x492, 0x3D2, 0x89E, 0x492, 0x092, 0x1DE, 0x552, 0x552, 0x552, 0x9D6}},
    {0x6E58, {0x000, 0x89E, 0x492, 0x3F2, 0x89E, 0x492, 0x1D2, 0x1DE, 0x6B2, 0x492, 0x492, 0x89E}},
    {0x6E5B, {0x000, 0x884, 0x5FE, 0x084, 0x8FC, 0x484, 0x3FE, 0x148, 0x54A, 0x58E, 0x500, 0x9FE}},
    {0x6E5F, {0x000, 0x820, 0x4FC, 0x084, 0x8FC, 0x484, 0x1FE, 0x020, 0x4FC, 0x420, 0x420, 0x9FE}},
    {0x6E6B, {0x000, 0x868, 0x588, 0x08A, 0x89C, 0x5E8, 0x088, 0x0C8, 0x5A8, 0x694, 0x494, 0x8A2}},
    {0x6E6E, {0x000, 0x9FE, 0x448, 0x1FE, 0x94A, 0x54A, 0x1FE, 0x020, 0x5FC, 0x420, 0x420, 0xBFE}},
    {0x6E7E, {0x000, 0x820, 0xBFE, 0x154, 0xAB2, 0xBFE, 0x002, 0x1FE, 0x900, 0x9FE, 0x802, 0x83E}},
    {0x6E7F, {0x000, 0x9FC, 0x504, 0x1FC, 0x904, 0x504, 0x1FC, 0x050, 0x554, 0x554, 0x450, 0xBFE}},
    {0x6E83, {0x000, 0x820, 0x5FC, 0x124, 0xBFE, 0x400, 0x1FC, 0x104, 0x524, 0x524, 0x850, 0xB8E}},
    {0x6E85, {0x000, 0x9EA, 0x528, 0x13E, 0x9A8, 0x5A8, 0x1BE, 0x1A8, 0x48A, 0x484, 0x544, 0x95A}},
    {0x6E86, {0x000, 0x880, 0x55E, 0x232, 0x9D2, 0x492, 0x1D2, 0x094, 0x5C8, 0x6A8, 0x494, 0x9A2}},
    {0x6E89, {0x000, 0x9DE, 0x554, 0x154, 0x9D4, 0x554, 0x15E, 0x1C8, 0x518, 0x558, 0x56A, 0x9AE}},
    {0x6E8F, {0x000, 0x810, 0x5FE, 0x110, 0x97C, 0x514, 0x1FE, 0x114, 0x57C, 0x544, 0x544, 0xA7C}},
    {0x6E90, {0x000, 0x9FE, 0x510, 0x17C, 0x944, 0x57C, 0x144, 0x17C, 0x510, 0x554, 0x554, 0xAB2}},
    {0x6E98, {0x000, 0x820, 0x5FC, 0x020, 0x9FC, 0x440, 0x088, 0x1F4, 0x400, 0x5FC, 0x554, 0xBFE}},
    {0x6E9C, {0x000, 0x9DE, 0x50A, 0x10A, 0x952, 0x5A6, 0x300, 0x0FE, 0x492, 0x4FE, 0x492, 0x8FE}},
    {0x6E9F, {0x000, 0x4FE, 0x282, 0x07C, 0x844, 0x47C, 0x044, 0x07C, 0x410, 0x4FE, 0x444, 0x882}},
    {0x6EA2, {0x000, 0x904, 0x488, 0x3FE, 0x888, 0x504, 0x202, 0x1FC, 0x554, 0x554, 0x554, 0xBFE}},
    {0x6EA5, {0x000, 0x414, 0x2FE, 0x010, 0x8FE, 0x492, 0x0FE, 0x092, 0x404, 0x4FE, 0x444, 0x81C}},
    {0x6EA7, {0x000, 0x9FE, 0x448, 0x1FE, 0x94A, 0x54A, 0x1FE, 0x124, 0x4A8, 0x5FE, 0x4A8, 0x924}},
    {0x6EAA, {0x000, 0x9FE, 0x4A4, 0x112, 0x848, 0x590, 0x064, 0x1FA, 0x420, 0x5FE, 0x448, 0x986}},
    {0x6EAF, {0x000, 0xA2E, 0x94A, 0x3EA, 0x88E, 0xAAA, 0x2AA, 0x2AE, 0xBEA, 0x88A, 0x88A, 0x90A}},
    {0x6EB1, {0x000, 0x820, 0x5FC, 0x040, 0xBFE, 0x488, 0x104, 0x0FA, 0x420, 0x5FC, 0x4A8, 0x924}},
    {0x6EB2, {0x000, 0x850, 0x496, 0x092, 0x8D6, 0x492, 0x0D6, 0x000, 0x4FC, 0x444, 0x438, 0x8C6}},
    {0x6EB4, {0x000, 0x830, 0x5FE, 0x102, 0x9FE, 0x502, 0x1FE, 0x024, 0x5FE, 0x450, 0x488, 0x906}},
    {0x6EB6, {0x000, 0x820, 0x7FE, 0x202, 0x8A8, 0x554, 0x088, 0x306, 0x5FC, 0x504, 0x504, 0x9FC}},
    {0x6EB7, {0x000, 0x9FE, 0x502, 0x1FE, 0x932, 0x5E2, 0x136, 0x1DA, 0x536, 0x5D2, 0x522, 0x9FE}},
    {0x6EBA, {0x000, 0xBDE, 0x842, 0x042, 0xBDE, 0xA10, 0x3DE, 0x042, 0xA52, 0x94A, 0xA52, 0x9CE}},
    {0x6EBB, {0x000, 0x9FE, 0x502, 0x1FE, 0x902, 0x5FE, 0x000, 0x1FE, 0x4AA, 0x466, 0x4AA, 0x976}},
    {0x6EBD, {0x000, 0x9FE, 0x500, 0x17C, 0x900, 0x5FE, 0x14A, 0x144, 0x54A, 0x5FE, 0x548, 0xA18}},
    {0x6EC1, {0x000, 0x9C8, 0x548, 0x154, 0x9A2, 0x55C, 0x148, 0x17E, 0x548, 0x5AC, 0x94A, 0x918}},
    {0x6EC2, {0x000, 0x820, 0x5FE, 0x048, 0x9FE, 0x502, 0x020, 0x1FE, 0x480, 0x4FC, 0x484, 0x91C}},
    {0x6EC7, {0x000, 0x820, 0x5FE, 0x020, 0x9FC, 0x504, 0x1FC, 0x104, 0x5FC, 0x504, 0x5FC, 0xB06}},
    {0x6ECB, {0x000, 0x888, 0x450, 0x3FE, 0x800, 0x508, 0x14A, 0x35A, 0x484, 0x484, 0x54A, 0xBDE}},
    {0x6ECF, {0x000, 0x848, 0x586, 0x048, 0x830, 0x448, 0x186, 0x0FC, 0x420, 0x4FC, 0x428, 0x9FE}},
    {0x6ED1, {0x000, 0x8FC, 0x484, 0x0BC, 0x8A4, 0x5FE, 0x102, 0x0FC, 0x484, 0x4FC, 0x484, 0x88C}},
    {0x6ED3, {0x000, 0x410, 0x2FE, 0x082, 0x810, 0x4FE, 0x044, 0x028, 0x4FE, 0x410, 0x47C, 0x810}},
    {0x6ED4, {0x000, 0x80E, 0x5F4, 0x0A2, 0x910, 0x440, 0x18E, 0x102, 0x5CE, 0x502, 0x502, 0x9FE}},
    {0x6ED5, {0x000, 0xF54, 0x992, 0x97C, 0xF28, 0x9FE, 0x954, 0xF92, 0x954, 0x938, 0x954, 0xBB2}},
    {0x6ED7, {0x000, 0x910, 0x5FE, 0x154, 0x800, 0x5FE, 0x020, 0x1FE, 0x420, 0x5FE, 0x422, 0x83E}},
    {0x6EDA, {0x000, 0x820, 0x5FE, 0x084, 0x922, 0x448, 0x0F4, 0x020, 0x454, 0x4C8, 0x554, 0x862}},
    {0x6EDE, {0x000, 0x924, 0x7FE, 0x124, 0x9FC, 0x400, 0x3FE, 0x222, 0x5FC, 0x524, 0x52C, 0x820}},
    {0x6EDF, {0x000, 0x89C, 0x4A4, 0x3FE, 0x8AA, 0x4AA, 0x1EA, 0x0BE, 0x4A0, 0x7E2, 0x4A2, 0x8BE}},
    {0x6EE0, {0x000, 0x9FE, 0x484, 0x0FC, 0x884, 0x4FC, 0x084, 0x1FE, 0x404, 0x5DE, 0x488, 0x956}},
    {0x6EE1, {0x000, 0x848, 0x5FE, 0x048, 0x9FE, 0x448, 0x1FE, 0x14A, 0x54A, 0x5B6, 0x502, 0x906}},
    {0x6EE2, {0x000, 0x884, 0x5FE, 0x084, 0x9FE, 0x502, 0x0FC, 0x020, 0x4FC, 0x428, 0x424, 0x9FE}},
    {0x6EE4, {0x000, 0x83E, 0x420, 0x1FE, 0x922, 0x5FC, 0x122, 0x13E, 0x500, 0x550, 0xACA, 0xB7A}},
    {0x6EE5, {0x000, 0x948, 0x54E, 0x158, 0x964, 0x542, 0x000, 0x1FC, 0x554, 0x554, 0x554, 0xBFE}},
    {0x6EE6, {0x000, 0x020, 0xBFE, 0x488, 0x18C, 0xA8A, 0x488, 0x020, 0x5FE, 0x470, 0x8A8, 0xB26}},
    {0x6EE8, {0x000, 0x820, 0x5FE, 0x102, 0x8FC, 0x480, 0x0FC, 0x088, 0x488, 0x5FE, 0x448, 0x986}},
    {0x6EE9, {0x000, 0x9D4, 0x45E, 0x174, 0x954, 0x55E, 0x0D4, 0x494, 0x49E, 0x554, 0x554, 0x95E}},
    {0x6EF4, {0x000, 0x820, 0xBFE, 0x088, 0xBFE, 0xA22, 0x2FA, 0x222, 0xAFA, 0xA8A, 0xAFA, 0xA06}},
    {0x6EF9, {0x000, 0x83C, 0x420, 0x1FE, 0x922, 0x5FC, 0x122, 0x1FE, 0x554, 0x5FE, 0x508, 0xA70}},
    {0x6F02, {0x000, 0x9FE, 0x448, 0x1FE, 0x94A, 0x5FE, 0x000, 0x1FE, 0x400, 0x5FE, 0x494, 0x932}},
    {0x6F06, {0x000, 0x820, 0x3FE, 0x0A8, 0xB26, 0x050, 0x088, 0x326, 0x4A8, 0x420, 0x4A8, 0x966}},
    {0x6F09, {0x000, 0x810, 0x5FE, 0x148, 0x9FE, 0x54A, 0x1FE, 0x148, 0x56A, 0x54C, 0x56A, 0xACE}},
    {0x6F0F, {0x000, 0xBFE, 0xA02, 0x3FE, 0xA00, 0xAFE, 0x210, 0x2FE, 0xA92, 0xADA, 0xAB6, 0xADA}},
    {0x6F13, {0x000, 0x820, 0x5FE, 0x0B4, 0x8CC, 0x4FC, 0x020, 0x1FE, 0x522, 0x54A, 0x57A, 0x906}},
    {0x6F14, {0x000, 0x820, 0x7FE, 0x202, 0x9FC, 0x420, 0x1FC, 0x124, 0x5FC, 0x524, 0x5FC, 0xB06}},
    {0x6F15, {0x000, 0x850, 0x7FE, 0x154, 0x9FC, 0x554, 0x1FC, 0x088, 0x4F8, 0x488, 0x488, 0x8F8}},
    {0x6F20, {0x000, 0x848, 0x5FE, 0x048, 0x8FC, 0x484, 0x0FC, 0x084, 0x5FE, 0x430, 0x448, 0x986}},
    {0x6F24, {0x000, 0x888, 0xBFE, 0x088, 0xAAA, 0xAAA, 0x040, 0x1FE, 0x444, 0x488, 0x470, 0x98E}},
    {0x6F29, {0x000, 0x220, 0x920, 0x7BE, 0x240, 0x23E, 0xB8A, 0x6A8, 0x2AE, 0x6A8, 0xAA8, 0x5DE}},
    {0x6F2A, {0x000, 0x948, 0x4BE, 0x154, 0x862, 0x47E, 0x042, 0x0DE, 0x552, 0x45E, 0x542, 0x88E}},
    {0x6F2B, {0x000, 0x9FC, 0x504, 0x1FC, 0x904, 0x7FE, 0x252, 0x3FE, 0x404, 0x488, 0x470, 0xB8E}},
    {0x6F2D, {0x000, 0x884, 0x5FE, 0x084, 0x828, 0x5FE, 0x048, 0x186, 0x448, 0x5FE, 0x448, 0x848}},
    {0x6F2F, {0x000, 0x9FE, 0x522, 0x1FE, 0x922, 0x5FE, 0x048, 0x0F4, 0x420, 0x5FE, 0x4A8, 0x966}},
    {0x6F31, {0x000, 0x888, 0xBE8, 0x08E, 0xBEA, 0xAA4, 0x2A4, 0x3E4, 0x884, 0x9C4, 0xAAA, 0x88A}},
    {0x6F33, {0x000, 0x820, 0x5FE, 0x048, 0x9FE, 0x484, 0x0FC, 0x084, 0x4FC, 0x420, 0x5FE, 0x820}},
    {0x6F36, {0x000, 0x820, 0x5FE, 0x122, 0x9FE, 0x420, 0x1FE, 0x122, 0x5FE, 0x420, 0x594, 0xAFA}},
    {0x6F3E, {0x000, 0x888, 0x7FE, 0x020, 0x9FC, 0x420, 0x3FE, 0x020, 0x5E2, 0x534, 0x4A8, 0xB66}},
    {0x6F46, {0x000, 0x884, 0x5FE, 0x084, 0x9FE, 0x522, 0x048, 0x0F0, 0x424, 0x4FA, 0x4A8, 0x966}},
    {0x6F47, {0x000, 0x844, 0x4FE, 0x054, 0x8FC, 0x414, 0x1FE, 0x014, 0x4FC, 0x454, 0x47C, 0x894}},
    {0x6F4B, {0x000, 0x848, 0x4A8, 0x11E, 0xA14, 0x5F4, 0x014, 0x154, 0x554, 0x4A8, 0x434, 0x9D2}},
    {0x6F4D, {0x000, 0x924, 0x53E, 0x264, 0xBA4, 0x53E, 0x124, 0x224, 0x7BE, 0x424, 0x4A4, 0xB3E}},
    {0x6F58, {0x000, 0x9FE, 0x524, 0x0A8, 0x9FE, 0x4A8, 0x124, 0x1FE, 0x522, 0x5FE, 0x522, 0x9FE}},
    {0x6F5C, {0x000, 0x888, 0x5DC, 0x088, 0xBFE, 0x554, 0x222, 0x1FC, 0x504, 0x5FC, 0x504, 0x9FC}},
    {0x6F5E, {0x000, 0x9D0, 0x55E, 0x162, 0x954, 0x5C8, 0x0B6, 0x080, 0x4DE, 0x492, 0x492, 0xBDE}},
    {0x6F62, {0x000, 0x888, 0x5FC, 0x088, 0xBFE, 0x400, 0x1FC, 0x124, 0x5FC, 0x524, 0x5FC, 0xB06}},
    {0x6F66, {0x000, 0x820, 0x5FE, 0x14A, 0x884, 0x5FE, 0x084, 0x0FC, 0x484, 0x4FC, 0x4A4, 0x962}},
    {0x6F6D, {0x000, 0x9FE, 0x448, 0x1FE, 0x94A, 0x54A, 0x1FE, 0x084, 0x4FC, 0x420, 0x5FE, 0x820}},
    {0x6F6E, {0x000, 0x88E, 0xBEA, 0x08A, 0xBEE, 0xA2A, 0x3EA, 0x22E, 0xBEA, 0x88A, 0xBEA, 0x88A}},
    {0x6F72, {0x000, 0x848, 0x5AA, 0x09C, 0x888, 0x5FE, 0x0A2, 0x0BE, 0x5A2, 0x6FE, 0x4A2, 0x8AE}},
    {0x6F74, {0x000, 0x948, 0x49E, 0x14A, 0x84C, 0x47E, 0x048, 0x0DE, 0x572, 0x45E, 0x552, 0x89E}},
    {0x6F78, {0x000, 0x888, 0xBFE, 0x088, 0xAAA, 0xAAA, 0x000, 0x1FC, 0x504, 0x5FC, 0x504, 0x90C}},
    {0x6F7A, {0x000, 0x9FE, 0x502, 0x1FE, 0x908, 0x57E, 0x110, 0x17E, 0x524, 0x57E, 0x524, 0xA6C}},
    {0x6F7C, {0x000, 0x820, 0x5FE, 0x084, 0x848, 0x5FE, 0x124, 0x1FC, 0x524, 0x5FC, 0x420, 0x9FE}},
    {0x6F84, {0x000, 0x9D4, 0x54A, 0x084, 0x97A, 0x400, 0x0FC, 0x084, 0x4FC, 0x400, 0x448, 0x9FE}},
    {0x6F88, {0x000, 0x848, 0x5F8, 0x0AE, 0x9DA, 0x40A, 0x1EA, 0x12A, 0x5E4, 0x524, 0x5EA, 0x92A}},
    {0x6F89, {0x000, 0x9E8, 0x428, 0x3FE, 0x92A, 0x5EA, 0x12A, 0x1EA, 0x524, 0x7F4, 0x42A, 0x82A}},
    {0x6F8C, {0x000, 0x95E, 0x550, 0x3F0, 0x950, 0x5DE, 0x154, 0x1D4, 0x554, 0x7F4, 0x554, 0xA24}},
    {0x6F8D, {0x000, 0x884, 0x5C4, 0x0BE, 0x9C4, 0x424, 0x1D4, 0x154, 0x5C4, 0x544, 0x484, 0x9DC}},
    {0x6F8E, {0x000, 0x842, 0x5F4, 0x048, 0x9F2, 0x402, 0x1F4, 0x118, 0x5F2, 0x4A2, 0x4B4, 0x9C8}},
    {0x6F9C, {0x000, 0x89E, 0x442, 0x112, 0x9FE, 0x552, 0x176, 0x15A, 0x57E, 0x512, 0x53A, 0x956}},
    {0x6FA1, {0x000, 0x8F8, 0x488, 0x088, 0xBFE, 0x652, 0x252, 0x3DE, 0x420, 0x7FE, 0x4A8, 0xB26}},
    {0x6FA7, {0x000, 0x828, 0x4FE, 0x0AA, 0x8FE, 0x4AA, 0x1FE, 0x082, 0x4FE, 0x444, 0x428, 0x9FE}},
    {0x6FB3, {0x000, 0x840, 0x5FC, 0x124, 0x9FC, 0x574, 0x1AC, 0x124, 0x7FE, 0x450, 0x488, 0xB06}},
    {0x6FB6, {0x000, 0x820, 0x7FE, 0x154, 0x954, 0x574, 0x104, 0x1FC, 0x488, 0x4F8, 0x488, 0xBFE}},
    {0x6FB9, {0x000, 0x8FC, 0x504, 0x3FE, 0x944, 0x5BA, 0x100, 0x1FE, 0x500, 0x57C, 0x544, 0xA7C}},
    {0x6FC0, {0x000, 0x910, 0x3D0, 0x25E, 0xA74, 0x3D4, 0x114, 0x3D4, 0x508, 0x5C8, 0x554, 0xAD4}},
    {0x6FC2, {0x000, 0x810, 0x5FE, 0x144, 0x9FE, 0x52A, 0x1FE, 0x12A, 0x5FE, 0x528, 0x56C, 0xAAA}},
    {0x6FC9, {0x000, 0xB94, 0x6BE, 0x2E4, 0xBA4, 0x6BE, 0x2A4, 0x3A4, 0x6BE, 0x6A4, 0x6A4, 0xBBE}},
    {0x6FD1, {0x000, 0x888, 0x48E, 0x3F2, 0x884, 0x7EE, 0x2AA, 0x3EA, 0x48A, 0x5C4, 0x6AA, 0x892}},
    {0x6FD2, {0x000, 0x93E, 0x508, 0x1BE, 0x922, 0x7E2, 0x12A, 0x1AA, 0x52A, 0x508, 0x894, 0xB22}},
    {0x6FDE, {0x000, 0x830, 0x4FC, 0x084, 0x9FE, 0x522, 0x1FE, 0x122, 0x7FE, 0x448, 0x5FE, 0x888}},
    {0x6FE0, {0x000, 0x020, 0xBFE, 0x504, 0x3FE, 0xA02, 0x5FC, 0x060, 0x5B4, 0x458, 0x596, 0x860}},
    {0x6FE1, {0x000, 0xBFE, 0x820, 0x3FE, 0xAAA, 0x800, 0x3FE, 0x020, 0x5FE, 0x552, 0x552, 0x956}},
    {0x6FEE, {0x000, 0x8A4, 0x524, 0x366, 0x924, 0x57E, 0x124, 0x17E, 0x510, 0x57E, 0x528, 0x946}},
    {0x6FEF, {0x000, 0xBDE, 0x442, 0x3DE, 0x842, 0x7DE, 0x090, 0x1FE, 0x710, 0x5FE, 0x510, 0x9FE}},
    {0x7011, {0x000, 0x9FC, 0x504, 0x1FC, 0x888, 0x5FC, 0x088, 0x3FE, 0x504, 0x6AA, 0x420, 0x9AC}},
    {0x701A, {0x000, 0x908, 0xB94, 0x122, 0xB80, 0xAB6, 0x392, 0x2B6, 0xBDA, 0x936, 0xBDA, 0x936}},
    {0x701B, {0x000, 0x820, 0x5FE, 0x080, 0x8FC, 0x400, 0x1D6, 0x17A, 0x5CA, 0x56A, 0x5D2, 0x96A}},
    {0x7023, {0x000, 0x880, 0x4EE, 0x08A, 0x9EA, 0x52A, 0x2C4, 0x09A, 0x448, 0x5CE, 0x448, 0x9FE}},
    {0x7035, {0x000, 0x854, 0x5FE, 0x054, 0x8FE, 0x492, 0x0FE, 0x092, 0x5FE, 0x448, 0x5FE, 0x884}},
    {0x7039, {0x000, 0x820, 0x4D8, 0x306, 0x9FC, 0x554, 0x1FC, 0x000, 0x5FC, 0x554, 0x5FC, 0x954}},
    {0x704C, {0x000, 0x888, 0x7FE, 0x088, 0x954, 0x5DC, 0x088, 0x1FE, 0x310, 0x5FE, 0x510, 0x9FE}},
    {0x704F, {0x000, 0x9EE, 0x524, 0x1E4, 0x92E, 0x7FA, 0x12A, 0x12A, 0x5EA, 0x444, 0x56A, 0xADA}},
    {0x705E, {0x000, 0x9FE, 0x410, 0x1FE, 0x912, 0x5FE, 0x112, 0x0AE, 0x5FA, 0x4AE, 0x5FA, 0x84A}},
    {0x706B, {0x000, 0x040, 0x040, 0x444, 0x244, 0x248, 0x040, 0x0A0, 0x0A0, 0x110, 0x208, 0xC06}},
    {0x706C, {0x000, 0x000, 0x000, 0x000, 0x000, 0x000, 0x494, 0x492, 0x892, 0x000, 0x000, 0x000}},
    {0x706D, {0x000, 0xFFE, 0x040, 0x444, 0x244, 0x2A8, 0x0A0, 0x110, 0x110, 0x208, 0x404, 0x802}},
    {0x706F, {0x000, 0x27E, 0x208, 0xA88, 0xA88, 0xA88, 0xA88, 0x208, 0x208, 0x508, 0x508, 0x838}},
    {0x7070, {0x000, 0x200, 0xFFE, 0x220, 0x324, 0x2A4, 0x2A8, 0x220, 0x450, 0x450, 0x888, 0xB06}},
    {0x7075, {0x000, 0x7FC, 0x004, 0xFFE, 0x004, 0x7FC, 0x040, 0x444, 0x248, 0x0A0, 0x110, 0xE0E}},
    {0x7076, {0x000, 0x210, 0x210, 0xA10, 0xA7C, 0xB10, 0x210, 0x210, 0x210, 0x510, 0x510, 0x97E}},
    {0x7078, {0x000, 0x1F0, 0x220, 0xC40, 0x0A0, 0x318, 0xC06, 0x444, 0x248, 0x0A0, 0x318, 0xC06}},
    {0x707C, {0x000, 0x220, 0x220, 0xABE, 0xB42, 0xA42, 0x222, 0x212, 0x212, 0x502, 0x482, 0x88E}},
    {0x707E, {0x000, 0x040, 0xFFE, 0x802, 0x040, 0x444, 0x244, 0x2A8, 0x0A0, 0x110, 0x208, 0xC06}},
    {0x707F, {0x000, 0x208, 0x208, 0x22A, 0xAAA, 0xAAA, 0x22A, 0x22A, 0x22A, 0x52A, 0x52A, 0x8BE}},
    {0x7080, {0x000, 0x200, 0x2F8, 0xA10, 0xAA0, 0xB7E, 0x292, 0x226, 0x24A, 0x592, 0x4A2, 0x846}},
    {0x7085, {0x000, 0x7FC, 0x404, 0x7FC, 0x404, 0x7FC, 0x000, 0x244, 0x448, 0x0A0, 0x318, 0xC06}},
    {0x7089, {0x000, 0x27E, 0x200, 0xA80, 0xABE, 0xAA2, 0xAA2, 0x23E, 0x220, 0x520, 0x540, 0x840}},
    {0x708A, {0x000, 0x240, 0x27E, 0xB42, 0xA92, 0xA94, 0xA10, 0x210, 0x228, 0x528, 0x544, 0x882}},
    {0x708E, {0x000, 0x040, 0x444, 0x248, 0x0A0, 0x318, 0xC46, 0x040, 0x444, 0x2A8, 0x318, 0xC06}},
    {0x7092, {0x000, 0x210, 0x210, 0xA54, 0xA54, 0xA92, 0x292, 0x210, 0x212, 0x504, 0x518, 0x860}},
    {0x7094, {0x000, 0x210, 0x27C, 0xA14, 0xA14, 0xB14, 0x214, 0x214, 0x2FE, 0x510, 0x528, 0x8C6}},
    {0x7095, {0x000, 0x420, 0x5FE, 0x400, 0xE78, 0xC48, 0x448, 0x448, 0x448, 0xA4A, 0xA8A, 0xA8E}},
    {0x7096, {0x000, 0x210, 0x29E, 0xAF0, 0xB10, 0xA52, 0x252, 0x252, 0x27E, 0x510, 0x492, 0x80E}},
    {0x7099, {0x000, 0x080, 0x1FC, 0x684, 0x248, 0x130, 0xFC0, 0x000, 0x444, 0x248, 0x0A0, 0xF1E}},
    {0x709C, {0x000, 0x210, 0x290, 0x2FE, 0xB10, 0xA7C, 0xA10, 0x2FE, 0x212, 0x512, 0x496, 0x810}},
    {0x709D, {0x000, 0x210, 0x298, 0xAA4, 0xB42, 0xA3C, 0x224, 0x224, 0x22C, 0x520, 0x4A2, 0x89E}},
    {0x70AB, {0x000, 0x208, 0x27E, 0xA88, 0xA90, 0xB22, 0xA14, 0x208, 0x210, 0x522, 0x4FE, 0x880}},
    {0x70AC, {0x000, 0x27E, 0xA40, 0xB40, 0xA7E, 0xA42, 0x242, 0x242, 0x27E, 0x540, 0x540, 0x87E}},
    {0x70AD, {0x000, 0x444, 0x444, 0x7FC, 0x000, 0x7FE, 0x400, 0x524, 0x524, 0x450, 0x888, 0xB06}},
    {0x70AE, {0x000, 0x240, 0xA7E, 0xA82, 0xB7A, 0xA4A, 0x24A, 0x27A, 0x246, 0x540, 0x542, 0x87E}},
    {0x70AF, {0x000, 0x2FE, 0xA82, 0xB82, 0xABA, 0xAAA, 0x2AA, 0x2AA, 0x2AA, 0x5BA, 0x582, 0x886}},
    {0x70B1, {0x000, 0x100, 0x210, 0xFF8, 0x00C, 0x7F8, 0x408, 0x7F8, 0x244, 0x4A8, 0x310, 0xC0E}},
    {0x70B3, {0x000, 0x2FE, 0x210, 0xA10, 0xAFE, 0x292, 0x292, 0x292, 0x5AA, 0x4C6, 0x882, 0x886}},
    {0x70B7, {0x000, 0x208, 0x208, 0x23E, 0xA88, 0xA88, 0xB08, 0x23E, 0x208, 0x508, 0x508, 0x8BE}},
    {0x70B8, {0x000, 0x220, 0xA20, 0xB3E, 0xA50, 0xA90, 0x21E, 0x210, 0x210, 0x51E, 0x510, 0x810}},
    {0x70B9, {0x000, 0x080, 0x0FC, 0x080, 0x080, 0x7FC, 0x404, 0x404, 0x7FC, 0x000, 0x524, 0x892}},
    {0x70BB, {0x000, 0x200, 0x27E, 0x290, 0xB10, 0xA20, 0xA3E, 0x262, 0x2A2, 0x522, 0x4A2, 0x83E}},
    {0x70BC, {0x000, 0x440, 0x5FC, 0xC40, 0xEF0, 0xC50, 0x450, 0x490, 0x4FC, 0xA10, 0xA54, 0xAB2}},
    {0x70BD, {0x000, 0x27E, 0x242, 0xA42, 0xB42, 0xA42, 0x27E, 0x200, 0x224, 0x524, 0x542, 0x842}},
    {0x70C0, {0x000, 0x206, 0x278, 0xACA, 0xAAC, 0xB08, 0x27E, 0x208, 0x208, 0x508, 0x488, 0x818}},
    {0x70C1, {0x000, 0x406, 0x4F8, 0x480, 0xE90, 0xC90, 0x490, 0x4FE, 0x410, 0xA94, 0xB12, 0xA70}},
    {0x70C2, {0x000, 0x242, 0x224, 0xA7E, 0xA00, 0xB00, 0x200, 0x23C, 0x200, 0x500, 0x500, 0x8FE}},
    {0x70C3, {0x000, 0x2FE, 0x204, 0xB08, 0xA30, 0xACE, 0x200, 0x2FE, 0x210, 0x510, 0x510, 0x8FE}},
    {0x70C8, {0x000, 0xFC2, 0x412, 0x7D2, 0x452, 0xA92, 0x192, 0x102, 0x20E, 0x000, 0x524, 0x892}},
    {0x70CA, {0x000, 0x244, 0x228, 0xAFE, 0xB10, 0xA7C, 0xA10, 0x210, 0x2FE, 0x510, 0x510, 0x890}},
    {0x70D8, {0x000, 0x248, 0x248, 0xAFC, 0xA48, 0xA48, 0xA48, 0x3FE, 0x200, 0x548, 0x548, 0x884}},
    {0x70D9, {0x000, 0x240, 0xA7C, 0xB44, 0xAA8, 0xA10, 0x228, 0x2FE, 0x244, 0x544, 0x544, 0x87C}},
    {0x70DB, {0x000, 0x210, 0x210, 0xAFE, 0xA92, 0xB92, 0x292, 0x2FE, 0x210, 0x514, 0x514, 0x97A}},
    {0x70DF, {0x000, 0x2FE, 0xA82, 0xB92, 0xAFE, 0xA92, 0x292, 0x2AA, 0x2AA, 0x5C6, 0x582, 0x8FE}},
    {0x70E4, {0x000, 0x422, 0x4F4, 0x428, 0xEFE, 0xC20, 0x47E, 0x5C0, 0x47C, 0xA04, 0xA04, 0xA1C}},
    {0x70E6, {0x000, 0x23E, 0x208, 0x23E, 0xAA2, 0xAAA, 0x22A, 0x22A, 0x22A, 0x508, 0x514, 0x8A2}},
    {0x70E7, {0x000, 0x220, 0x23E, 0xB60, 0xA14, 0xA0A, 0x274, 0x200, 0x2FE, 0x548, 0x54A, 0x9C6}},
    {0x70E8, {0x000, 0x228, 0x24A, 0x2CC, 0xB58, 0xA4A, 0xA46, 0x210, 0x210, 0x57E, 0x490, 0x890}},
    {0x70E9, {0x000, 0x430, 0x448, 0x484, 0xF7A, 0xC00, 0x400, 0x5FE, 0x420, 0xA44, 0xA84, 0xAFA}},
    {0x70EB, {0x000, 0x4FC, 0x208, 0x8FE, 0x452, 0x252, 0xCA6, 0x000, 0x444, 0x248, 0x0A0, 0xF1E}},
    {0x70EC, {0x000, 0x27E, 0x242, 0xA42, 0xA42, 0xB7E, 0x244, 0x244, 0x254, 0x54A, 0x552, 0x888}},
    {0x70ED, {0x000, 0x420, 0xEF8, 0x448, 0x6C8, 0xC4A, 0x4AA, 0x4AA, 0xD14, 0x000, 0x524, 0x892}},
    {0x70EF, {0x000, 0x2C6, 0x238, 0xAC6, 0xA10, 0xBFE, 0x230, 0x250, 0x2FE, 0x552, 0x556, 0x890}},
    {0x70F7, {0x000, 0x210, 0x2FE, 0xA82, 0xA7C, 0xB00, 0x2FE, 0x228, 0x228, 0x52A, 0x54A, 0x88E}},
    {0x70F9, {0x000, 0x040, 0xFFE, 0x404, 0x7FC, 0x000, 0xFFC, 0x018, 0x060, 0x0C0, 0x524, 0x892}},
    {0x70FD, {0x000, 0x220, 0xA3C, 0xB44, 0xAA8, 0xA10, 0x2EE, 0x210, 0x27C, 0x510, 0x57C, 0x810}},
    {0x7109, {0x000, 0xFFE, 0x040, 0x27C, 0x240, 0xFFE, 0x400, 0x7FC, 0x400, 0x7FE, 0x002, 0xD56}},
    {0x710A, {0x000, 0x27E, 0x242, 0xA7E, 0xA42, 0xB7E, 0x200, 0x27E, 0x208, 0x57E, 0x508, 0x888}},
    {0x7110, {0x000, 0x27E, 0x210, 0xA90, 0xAFC, 0xB24, 0x224, 0x2FE, 0x200, 0x57E, 0x4C2, 0x87E}},
    {0x7113, {0x000, 0x210, 0x228, 0xAC6, 0xAB8, 0xB00, 0x27C, 0x204, 0x208, 0x57E, 0x4C2, 0x87E}},
    {0x7115, {0x000, 0x478, 0x488, 0x5FC, 0xF24, 0xD24, 0x524, 0x524, 0x5FE, 0x450, 0xA88, 0xB06}},
    {0x7116, {0x000, 0x29E, 0x242, 0xA92, 0xA8A, 0xBA2, 0x2AA, 0x2E6, 0x2AA, 0x5BA, 0x482, 0x886}},
    {0x7118, {0x000, 0x040, 0xFFE, 0x080, 0x7FC, 0x108, 0xFFE, 0x288, 0xC58, 0x000, 0x524, 0x892}},
    {0x7119, {0x000, 0x210, 0xAFE, 0xB44, 0xA44, 0xAFE, 0x200, 0x27C, 0x244, 0x544, 0x544, 0x87C}},
    {0x711A, {0x000, 0x208, 0xFBE, 0x208, 0x71C, 0xAAA, 0x208, 0x842, 0x444, 0x0A0, 0x318, 0xC06}},
    {0x7126, {0x000, 0x220, 0x7FE, 0x420, 0xFFE, 0x420, 0x7FE, 0x420, 0x7FE, 0x000, 0x524, 0x892}},
    {0x712F, {0x000, 0x210, 0x21C, 0xA90, 0xB7C, 0xA44, 0xA7C, 0x244, 0x27C, 0x510, 0x4FE, 0x890}},
    {0x7130, {0x000, 0x440, 0x47E, 0x442, 0xE84, 0xC08, 0x420, 0x4CE, 0x482, 0xAEE, 0xA82, 0xAFE}},
    {0x7131, {0x000, 0x248, 0x248, 0x450, 0x0A0, 0x318, 0xC06, 0x208, 0xAAA, 0xB2C, 0x514, 0x8A2}},
    {0x7136, {0x000, 0x40A, 0x788, 0x4BE, 0xA88, 0x514, 0x314, 0x222, 0x400, 0x124, 0x492, 0x892}},
    {0x7145, {0x000, 0x2DC, 0x294, 0xA94, 0xAD4, 0xBA6, 0x280, 0x2FE, 0x292, 0x5D4, 0x588, 0x8B6}},
    {0x714A, {0x000, 0x210, 0x2FE, 0xA82, 0xB7C, 0xB00, 0xA7C, 0x244, 0x27C, 0x544, 0x544, 0x8FE}},
    {0x714C, {0x000, 0x220, 0xA7C, 0xB44, 0xA7C, 0xA44, 0x2FE, 0x210, 0x27C, 0x510, 0x510, 0x8FE}},
    {0x714E, {0x000, 0x110, 0xFFE, 0x484, 0x7A4, 0x4A4, 0x7A4, 0x4A4, 0x58C, 0x000, 0x524, 0x892}},
    {0x715C, {0x000, 0x27C, 0x244, 0xAFC, 0xB44, 0xA7C, 0x210, 0x2FE, 0x244, 0x544, 0x428, 0x8FE}},
    {0x715E, {0x000, 0x620, 0x93E, 0x244, 0xFA4, 0x0A4, 0xF98, 0x098, 0xFE6, 0x000, 0x524, 0x892}},
    {0x7164, {0x000, 0x244, 0x2FE, 0xB44, 0xA7C, 0xA44, 0xA7C, 0x210, 0x2FE, 0x538, 0x554, 0x892}},
    {0x7166, {0x000, 0x720, 0x57E, 0x582, 0x772, 0x552, 0x552, 0x772, 0x00C, 0x000, 0x524, 0x892}},
    {0x7167, {0x000, 0xF7E, 0x912, 0x912, 0xF66, 0x900, 0x97E, 0x942, 0xF7E, 0x000, 0x524, 0x892}},
    {0x7168, {0x000, 0x2FC, 0x2A4, 0xAFC, 0xBA4, 0xAFC, 0xA00, 0x3FE, 0x248, 0x54A, 0x574, 0x8C2}},
    {0x716E, {0x000, 0x042, 0x7F4, 0x048, 0xFFE, 0x080, 0x3FC, 0xE04, 0x3FC, 0x204, 0x3FC, 0xC92}},
    {0x7172, {0x000, 0x2FC, 0x484, 0xCFC, 0x410, 0x5FE, 0x454, 0x592, 0x040, 0x444, 0x2A8, 0xF1E}},
    {0x7173, {0x000, 0x24E, 0x24A, 0xAEA, 0xA4E, 0xB4A, 0x24A, 0x2EE, 0x2AA, 0x5AA, 0x5AA, 0x8F6}},
    {0x7178, {0x000, 0x20E, 0x270, 0xAC0, 0xAFE, 0xB42, 0x27E, 0x240, 0x27E, 0x552, 0x4D2, 0x896}},
    {0x717A, {0x000, 0x29E, 0x252, 0x29E, 0xAD2, 0xB5E, 0xA90, 0x2DA, 0x254, 0x55A, 0x4C0, 0x93E}},
    {0x717D, {0x000, 0x420, 0x5FE, 0xD02, 0xF02, 0xDFE, 0x500, 0x5EE, 0x5AA, 0x566, 0xAAA, 0xA66}},
    {0x7184, {0x000, 0x210, 0xA7C, 0xB44, 0xA7C, 0xA44, 0x27C, 0x244, 0x27C, 0x510, 0x52A, 0x8B8}},
    {0x718A, {0x000, 0x220, 0x4BC, 0xFE2, 0x4BE, 0x7A0, 0x4BC, 0x7A2, 0x4BE, 0x000, 0x524, 0x892}},
    {0x718F, {0x000, 0x7FC, 0x040, 0xFFE, 0x554, 0x7FC, 0x040, 0x7FC, 0x040, 0xFFE, 0x524, 0x892}},
    {0x7194, {0x000, 0x210, 0x2FE, 0xA82, 0xA44, 0xA92, 0xA28, 0x2C6, 0x27C, 0x544, 0x544, 0x87C}},
    {0x7198, {0x000, 0x220, 0x2DE, 0xA8A, 0xAAA, 0xBD6, 0x200, 0x27E, 0x252, 0x57E, 0x552, 0x8FE}},
    {0x7199, {0x000, 0xFDE, 0x912, 0xBD2, 0xA5E, 0xA50, 0xBD0, 0x912, 0xFDE, 0x000, 0x524, 0x892}},
    {0x719F, {0x000, 0x210, 0xFFC, 0x454, 0x7D4, 0x0B4, 0xFDC, 0x126, 0x342, 0x000, 0x524, 0x892}},
    {0x71A0, {0x000, 0x2EE, 0x266, 0xAAA, 0xB66, 0xAAA, 0xA10, 0x27E, 0x242, 0x57E, 0x4C2, 0x87E}},
    {0x71A8, {0x000, 0x7E4, 0x43E, 0x7E4, 0x414, 0x7E4, 0x884, 0xAAC, 0x040, 0x444, 0x0A0, 0xF1E}},
    {0x71AC, {0x000, 0x210, 0xF9E, 0x234, 0xFD4, 0x414, 0x788, 0x494, 0x9A2, 0x000, 0x524, 0x892}},
    {0x71B3, {0x000, 0x27E, 0x25A, 0xAC2, 0xB5A, 0xA00, 0x2FE, 0x2AA, 0x2FE, 0x524, 0x498, 0x8E6}},
    {0x71B5, {0x000, 0x210, 0x2FE, 0xA44, 0xB28, 0xAFE, 0x2AA, 0x2CE, 0x2BA, 0x5AA, 0x4BA, 0x886}},
    {0x71B9, {0x000, 0x040, 0xFFE, 0x040, 0x7FC, 0x208, 0x3F8, 0x110, 0xFFE, 0x208, 0x3F8, 0x912}},
    {0x71C3, {0x000, 0x28A, 0x2E8, 0xABE, 0xB68, 0xAA8, 0xA54, 0x254, 0x2A2, 0x500, 0x4AA, 0x8AA}},
    {0x71CE, {0x000, 0x210, 0xAFE, 0xB28, 0xAAA, 0xA7C, 0x2C6, 0x27C, 0x244, 0x57C, 0x510, 0x8B2}},
    {0x71D4, {0x000, 0x20C, 0xAF0, 0xB54, 0xAFE, 0xA38, 0x254, 0x2FE, 0x254, 0x57C, 0x554, 0x87C}},
    {0x71D5, {0x000, 0x208, 0xFFE, 0x208, 0x3F8, 0xE0E, 0x2E8, 0x6AA, 0xAEE, 0x000, 0x524, 0x892}},
    {0x71E0, {0x000, 0x220, 0xAFE, 0xB92, 0xAFE, 0xABA, 0x2D6, 0x282, 0x210, 0x5FE, 0x528, 0x8C6}},
    {0x71E5, {0x000, 0x27C, 0x244, 0xB7C, 0xAEE, 0xAAA, 0xAEE, 0x210, 0x2FE, 0x538, 0x554, 0x892}},
    {0x71E7, {0x000, 0x294, 0xA22, 0xBBC, 0xA10, 0xA28, 0x2DA, 0x26C, 0x25A, 0x568, 0x558, 0x8BE}},
    {0x71EE, {0x000, 0x248, 0xAEA, 0x208, 0x2E8, 0x4A4, 0x8E2, 0x000, 0x7FC, 0x208, 0x1F0, 0xE0E}},
    {0x71F9, {0x000, 0xFBE, 0x208, 0xDB6, 0x30C, 0xDB6, 0x34C, 0x040, 0x2A4, 0x4A8, 0x110, 0xE0E}},
    {0x7206, {0x000, 0x2FE, 0x282, 0xAFE, 0xA82, 0xAFE, 0xA44, 0x2FE, 0x244, 0x5D6, 0x510, 0x8D6}},
    {0x721D, {0x000, 0x206, 0x278, 0xAA4, 0xA92, 0xBFE, 0x2AA, 0x2FE, 0x2A4, 0x5F4, 0x484, 0x8EC}},
    {0x7228, {0x000, 0x6EC, 0x4A4, 0xFFE, 0x912, 0x3B8, 0x554, 0xFFE, 0x208, 0xD56, 0x0A0, 0x71C}},
    {0x722A, {0x000, 0x006, 0x7F8, 0x444, 0x444, 0x444, 0x444, 0x444, 0x444, 0x444, 0x842, 0x842}},
    {0x722C, {0x000, 0x0C0, 0xFBE, 0xAAA, 0xAAA, 0xABE, 0xAA0, 0xAA2, 0xABE, 0xA40, 0xA20, 0xA1E}},
    {0x7230, {0x000, 0x01C, 0x7E8, 0x224, 0x7FC, 0x080, 0xFFE, 0x100, 0x1FC, 0x244, 0xC38, 0x1C6}},
    {0x7231, {0x000, 0x00E, 0xFF4, 0x248, 0xFFE, 0x882, 0x7FC, 0x100, 0x3F8, 0xD08, 0x0F0, 0x70E}},
    {0x7235, {0x000, 0x7FC, 0x248, 0xFFE, 0x912, 0xFFE, 0x484, 0x7BE, 0x484, 0x794, 0x484, 0xF4C}},
    {0x7236, {0x000, 0x208, 0x208, 0x404, 0x404, 0x912, 0x110, 0x0A0, 0x040, 0x0A0, 0x318, 0xC06}},
    {0x7237, {0x000, 0x318, 0xC06, 0x318, 0x0E0, 0xF1E, 0x000, 0x7FC, 0x044, 0x044, 0x04C, 0x040}},
    {0x7238, {0x000, 0x208, 0xD16, 0x0E0, 0xF1E, 0x000, 0xFFE, 0x842, 0xFFE, 0x800, 0x802, 0xFFE}},
    {0x7239, {0x000, 0x330, 0xC0C, 0x330, 0x1E0, 0xE9C, 0x1C0, 0x670, 0x19C, 0xF64, 0x018, 0x1E0}},
    {0x723B, {0x000, 0x604, 0x198, 0x060, 0x198, 0xE06, 0x110, 0x0A0, 0x040, 0x0A0, 0x318, 0xC06}},
    {0x723D, {0x000, 0x040, 0xFFE, 0x040, 0xA4A, 0x444, 0xA4A, 0x4A4, 0xAAA, 0x110, 0x208, 0xC06}},
    {0x723F, {0x000, 0x210, 0x210, 0x210, 0x3F0, 0x010, 0x010, 0x7F0, 0x210, 0x210, 0x410, 0x410}},
    {0x7247, {0x000, 0x420, 0x420, 0x420, 0x7FE, 0x400, 0x400, 0x7F0, 0x410, 0x410, 0x810, 0x810}},
    {0x7248, {0x000, 0x53E, 0x520, 0x520, 0x7BE, 0x432, 0x42A, 0x72A, 0x524, 0x524, 0x54A, 0x94A}},
    {0x724C, {0x000, 0x510, 0x53E, 0x52A, 0x7BE, 0x42A, 0x43E, 0x704, 0x524, 0x57E, 0x504, 0x904}},
    {0x724D, {0x000, 0x510, 0x57C, 0x510, 0x7FE, 0x452, 0x7B0, 0x550, 0x5FE, 0x510, 0x928, 0x9C6}},
    {0x7252, {0x000, 0xA54, 0xAFE, 0xA54, 0xF5C, 0x840, 0xE7E, 0xA10, 0xAFE, 0xA38, 0xA54, 0xA92}},
    {0x7256, {0x000, 0xAFC, 0xA80, 0xAFE, 0xA82, 0xFFE, 0x894, 0xEFE, 0xAD2, 0xAFE, 0xAD2, 0xB56}},
    {0x7259, {0x000, 0x3FE, 0x208, 0x208, 0x208, 0xFFE, 0x028, 0x048, 0x088, 0x308, 0xC08, 0x038}},
    {0x725B, {0x000, 0x240, 0x240, 0x7FC, 0x440, 0x840, 0x040, 0xFFE, 0x040, 0x040, 0x040, 0x040}},
    {0x725D, {0x000, 0x110, 0x510, 0x512, 0x7D4, 0x918, 0x110, 0x150, 0x392, 0xD12, 0x112, 0x11E}},
    {0x725F, {0x000, 0x100, 0x204, 0xFFA, 0x000, 0x440, 0x7FC, 0x840, 0x040, 0xFFE, 0x040, 0x040}},
    {0x7261, {0x000, 0x210, 0xA10, 0xF10, 0xAFE, 0xA10, 0x210, 0x310, 0xE10, 0x210, 0x210, 0x2FE}},
    {0x7262, {0x000, 0x040, 0xFFE, 0x802, 0xA42, 0x3F8, 0x440, 0x040, 0xFFE, 0x040, 0x040, 0x040}},
    {0x7266, {0x000, 0x20C, 0xA70, 0xF10, 0xA1C, 0x270, 0x310, 0xE1C, 0x270, 0x210, 0x212, 0x20E}},
    {0x7267, {0x000, 0x510, 0x510, 0x7DE, 0x924, 0x134, 0x154, 0x394, 0xD08, 0x108, 0x114, 0x122}},
    {0x7269, {0x000, 0x240, 0xA40, 0xF7E, 0xAAA, 0x2AA, 0x22A, 0x32A, 0xE52, 0x252, 0x2A2, 0x206}},
    {0x726E, {0x000, 0x128, 0x224, 0x63E, 0xAE0, 0x212, 0x20E, 0x120, 0x1F8, 0x220, 0xFFE, 0x020}},
    {0x726F, {0x000, 0x210, 0xA10, 0xF10, 0xAFE, 0xA10, 0x390, 0xE7C, 0x244, 0x244, 0x244, 0x27C}},
    {0x7272, {0x000, 0x250, 0xA50, 0xF7E, 0xA90, 0x210, 0x310, 0xEFE, 0x210, 0x210, 0x210, 0x2FE}},
    {0x7275, {0x000, 0x040, 0xFFE, 0x110, 0x208, 0xFFE, 0xA42, 0x7FC, 0x040, 0xFFE, 0x040, 0x040}},
    {0x7279, {0x000, 0x210, 0xAFE, 0xF10, 0xA10, 0x2FE, 0x304, 0xEFE, 0x244, 0x224, 0x204, 0x21C}},
    {0x727A, {0x000, 0x13E, 0x508, 0x7FE, 0x52A, 0x92A, 0x12A, 0x1EA, 0xF36, 0x122, 0x122, 0x13E}},
    {0x727E, {0x000, 0x2FE, 0xA10, 0xA7C, 0xF24, 0xA24, 0x2FE, 0x300, 0xE7C, 0x244, 0x244, 0x27C}},
    {0x727F, {0x000, 0x250, 0xA50, 0xA7C, 0xF90, 0xA10, 0x2FE, 0x310, 0xE7C, 0x244, 0x244, 0x27C}},
    {0x7280, {0x000, 0x7FE, 0x402, 0x7FE, 0x420, 0x7AE, 0x400, 0x520, 0x5FC, 0x620, 0xBFE, 0x820}},
    {0x7281, {0x000, 0x7C2, 0x112, 0xFF2, 0x392, 0x552, 0x906, 0x440, 0x7FC, 0x840, 0xFFE, 0x040}},
    {0x7284, {0x000, 0x210, 0xAFE, 0xF10, 0xA28, 0x2C6, 0x300, 0xEFE, 0x254, 0x254, 0x274, 0x20C}},
    {0x728A, {0x000, 0x210, 0xA7C, 0xF10, 0xAFE, 0x252, 0x3B0, 0xE50, 0x2FE, 0x210, 0x228, 0x2C6}},
    {0x728B, {0x000, 0x27C, 0xA44, 0xA7C, 0xF44, 0xA7C, 0x244, 0x37C, 0xE44, 0x2FE, 0x228, 0x2C6}},
    {0x728D, {0x000, 0x210, 0xAFC, 0xA54, 0xF7E, 0xA94, 0x2FC, 0x350, 0xEFE, 0x250, 0x2B0, 0x30E}},
    {0x728F, {0x000, 0x2FE, 0xA80, 0xAFE, 0xF82, 0xAFE, 0x280, 0x3FE, 0xEAA, 0x2FE, 0x2AA, 0x2AE}},
    {0x7292, {0x000, 0x210, 0xAFE, 0xF44, 0xA7C, 0xA00, 0x2FE, 0x382, 0xEBA, 0x2AA, 0x2BA, 0x286}},
    {0x729F, {0x000, 0xF38, 0x128, 0xF7C, 0x854, 0xF5E, 0x1E2, 0x240, 0x3F8, 0x440, 0xFFE, 0x040}},
    {0x72AC, {0x000, 0x048, 0x044, 0xFFE, 0x040, 0x040, 0x0A0, 0x0A0, 0x110, 0x110, 0x208, 0xC06}},
    {0x72AD, {0x000, 0x0A0, 0x040, 0x0A0, 0x020, 0x020, 0x060, 0x0A0, 0x020, 0x020, 0x0A0, 0x040}},
    {0x72AF, {0x000, 0xA7E, 0x442, 0xA42, 0x242, 0x242, 0x64E, 0xA40, 0x240, 0x242, 0xA42, 0x47E}},
    {0x72B0, {0x000, 0xA40, 0x440, 0xBF8, 0x248, 0x248, 0x648, 0xA48, 0x24A, 0x24A, 0xA8A, 0x50E}},
    {0x72B4, {0x000, 0xA7C, 0x410, 0xA10, 0x210, 0x2FE, 0x610, 0xA10, 0x210, 0x210, 0xA10, 0x410}},
    {0x72B6, {0x000, 0x214, 0xA12, 0x610, 0x6FE, 0x210, 0x210, 0x628, 0x628, 0xA44, 0xA44, 0x282}},
    {0x72B7, {0x000, 0xA10, 0x4FE, 0xA80, 0x280, 0x280, 0x680, 0xA80, 0x280, 0x280, 0xB00, 0x500}},
    {0x72B8, {0x000, 0xAFC, 0x404, 0xA44, 0x244, 0x244, 0x67E, 0xA02, 0x202, 0x2FA, 0xA02, 0x40E}},
    {0x72B9, {0x000, 0xA14, 0x412, 0xA10, 0x2FE, 0x210, 0x610, 0xA28, 0x228, 0x24A, 0xA4A, 0x48E}},
    {0x72C1, {0x000, 0xA10, 0x420, 0xA44, 0x2FA, 0x228, 0x628, 0xA28, 0x228, 0x24A, 0xA4A, 0x48E}},
    {0x72C2, {0x000, 0xAFE, 0x410, 0xA10, 0x210, 0x210, 0x6FE, 0xA10, 0x210, 0x210, 0xA10, 0x4FE}},
    {0x72C3, {0x000, 0xAFC, 0x424, 0xA24, 0x224, 0x224, 0x6FC, 0xA44, 0x244, 0x244, 0xA44, 0x5FE}},
    {0x72C4, {0x000, 0xA10, 0x492, 0xA92, 0x254, 0x254, 0x610, 0xA28, 0x228, 0x244, 0xA44, 0x482}},
    {0x72C8, {0x000, 0xAFE, 0x482, 0xA82, 0x292, 0x292, 0x692, 0xA92, 0x292, 0x210, 0xA28, 0x4C6}},
    {0x72CD, {0x000, 0xA80, 0x4FE, 0xB02, 0x2FA, 0x28A, 0x68A, 0xA8A, 0x2FE, 0x280, 0xA82, 0x4FE}},
    {0x72CE, {0x000, 0xAFE, 0x492, 0xA92, 0x2FE, 0x292, 0x692, 0xA92, 0x2FE, 0x210, 0xA10, 0x410}},
    {0x72D0, {0x000, 0xA06, 0x4F8, 0xAA4, 0x2A4, 0x2A4, 0x6A4, 0xAA4, 0x2A4, 0x2A4, 0xAB4, 0x562}},
    {0x72D2, {0x000, 0xA28, 0x4FE, 0xA2A, 0x22A, 0x2FE, 0x6A8, 0xAFE, 0x22A, 0x22A, 0xA4E, 0x488}},
    {0x72D7, {0x000, 0x940, 0x57E, 0x282, 0x682, 0xB72, 0x252, 0x652, 0xA52, 0x272, 0xA02, 0x40E}},
    {0x72D9, {0x000, 0x27C, 0xA44, 0x444, 0xA7C, 0x244, 0x644, 0xA7C, 0x244, 0x244, 0xA44, 0x4FE}},
    {0x72DE, {0x000, 0xA10, 0x4FE, 0xA82, 0x200, 0x2FE, 0x610, 0xA10, 0x210, 0x210, 0xA10, 0x470}},
    {0x72E0, {0x000, 0xAFC, 0x484, 0xAFC, 0x284, 0x284, 0x6FC, 0xA92, 0x294, 0x288, 0xA98, 0x4E6}},
    {0x72E1, {0x000, 0xA10, 0x4FE, 0xA00, 0x228, 0x228, 0x644, 0xAAA, 0x228, 0x210, 0xA28, 0x4C6}},
    {0x72E8, {0x000, 0xA14, 0x412, 0xAFE, 0x210, 0x254, 0x654, 0xBF4, 0x248, 0x24A, 0xA9A, 0x524}},
    {0x72E9, {0x000, 0xA10, 0x4FE, 0xA82, 0x28A, 0x208, 0x6FE, 0xA08, 0x248, 0x228, 0x208, 0xC38}},
    {0x72EC, {0x000, 0x210, 0xA10, 0x4FE, 0xA92, 0x292, 0x292, 0x6FE, 0xA10, 0x214, 0xA14, 0x4FA}},
    {0x72ED, {0x000, 0xA10, 0x4FE, 0xA10, 0x292, 0x254, 0x610, 0xAFE, 0x228, 0x228, 0xA44, 0x482}},
    {0x72EE, {0x000, 0xABE, 0x488, 0xABE, 0x2AA, 0x2AA, 0x6AA, 0xAAA, 0x2AA, 0x2AA, 0xB2E, 0x508}},
    {0x72EF, {0x000, 0xA10, 0x428, 0xA44, 0x282, 0x27C, 0x600, 0xAFE, 0x210, 0x224, 0xA44, 0x4FA}},
    {0x72F0, {0x000, 0xA7C, 0x484, 0xAFE, 0x212, 0x212, 0x6FE, 0xA12, 0x212, 0x2FE, 0xA10, 0x430}},
    {0x72F1, {0x000, 0xA0A, 0x508, 0xABE, 0x208, 0x388, 0x688, 0xA88, 0x294, 0x2D4, 0xA94, 0x422}},
    {0x72F2, {0x000, 0xBC8, 0x448, 0xA48, 0x288, 0x28C, 0x7DA, 0xAAA, 0x288, 0x288, 0xA88, 0x598}},
    {0x72F3, {0x000, 0xA10, 0x428, 0xA44, 0x282, 0x27C, 0x610, 0xAFE, 0x210, 0x254, 0xA92, 0x430}},
    {0x72F4, {0x000, 0xA88, 0x4EE, 0xA88, 0x2AA, 0x2EE, 0x600, 0xA10, 0x27C, 0x210, 0xA10, 0x4FE}},
    {0x72F7, {0x000, 0xAFE, 0x482, 0xAFE, 0x200, 0x2FE, 0x682, 0xAFE, 0x282, 0x2FE, 0xA82, 0x486}},
    {0x72F8, {0x000, 0x2FE, 0xA92, 0x492, 0xAFE, 0x292, 0x292, 0x6FE, 0xA10, 0x2FE, 0xA10, 0x4FE}},
    {0x72FA, {0x000, 0xA10, 0x4FE, 0xA00, 0x2FE, 0x200, 0x6FE, 0xA00, 0x2FE, 0x282, 0xA82, 0x4FE}},
    {0x72FB, {0x000, 0xA20, 0x444, 0xAFA, 0x244, 0x2A2, 0x67C, 0xA84, 0x248, 0x230, 0xA48, 0x586}},
    {0x72FC, {0x000, 0xA20, 0x4FC, 0xA84, 0x2FC, 0x284, 0x6FC, 0xA92, 0x294, 0x288, 0xA84, 0x5E2}},
    {0x7301, {0x000, 0xA12, 0x5EA, 0xA4A, 0x24A, 0x3FA, 0x64A, 0xA4A, 0x2EA, 0x35A, 0xA4A, 0x446}},
    {0x7303, {0x000, 0xA10, 0x428, 0xA44, 0x282, 0x27C, 0x600, 0xAA2, 0x254, 0x254, 0xA00, 0x4FE}},
    {0x730A, {0x000, 0xA20, 0x4CE, 0xA82, 0x2EE, 0x282, 0x6FE, 0xA28, 0x228, 0x22A, 0xA4A, 0x48E}},
    {0x730E, {0x000, 0xA44, 0x4FE, 0xA44, 0x244, 0x2FE, 0x600, 0xAFE, 0x282, 0x2FE, 0xA82, 0x4FE}},
    {0x7313, {0x000, 0xAFE, 0x492, 0xAFE, 0x292, 0x2FE, 0x610, 0xAFE, 0x254, 0x254, 0xA92, 0x492}},
    {0x7315, {0x000, 0xAD0, 0x45E, 0xA52, 0x2C8, 0x288, 0x69C, 0xAAA, 0x2CA, 0x248, 0xA48, 0x4D8}},
    {0x7316, {0x000, 0xA7C, 0x444, 0xA7C, 0x244, 0x27C, 0x600, 0xAFE, 0x282, 0x2FE, 0xA82, 0x4FE}},
    {0x7317, {0x000, 0xA10, 0x4FE, 0xA28, 0x244, 0x2FE, 0x604, 0xA74, 0x254, 0x254, 0xA74, 0x40C}},
    {0x731B, {0x000, 0xA7C, 0x408, 0xA10, 0x2FE, 0x210, 0x630, 0xA00, 0x2FE, 0x2AA, 0xAAA, 0x5FE}},
    {0x731C, {0x000, 0xA10, 0x4FE, 0xA10, 0x2FE, 0x210, 0x6FE, 0xA54, 0x254, 0x27C, 0xA44, 0x44C}},
    {0x731D, {0x000, 0xA10, 0x4FE, 0xA00, 0x244, 0x244, 0x6AA, 0xA00, 0x210, 0x2FE, 0xA10, 0x410}},
    {0x731E, {0x000, 0xA10, 0x428, 0xA44, 0x282, 0x27C, 0x610, 0xAFE, 0x210, 0x2FE, 0xA82, 0x4FE}},
    {0x7321, {0x000, 0xAFE, 0x4AA, 0xAAA, 0x2FE, 0x220, 0x67E, 0xB82, 0x242, 0x224, 0xA18, 0x4E0}},
    {0x7322, {0x000, 0xA4E, 0x44A, 0xAEA, 0x24E, 0x24A, 0x64A, 0xAEE, 0x2AA, 0x2AA, 0xAAA, 0x4F6}},
    {0x7325, {0x000, 0xAFE, 0x492, 0xAFE, 0x292, 0x2FE, 0x600, 0xAFE, 0x248, 0x24A, 0xA64, 0x4C2}},
    {0x7329, {0x000, 0xA7C, 0x444, 0xA7C, 0x244, 0x27C, 0x690, 0xAFE, 0x310, 0x27C, 0xA10, 0x4FE}},
    {0x732A, {0x000, 0xA12, 0x47C, 0xA14, 0x218, 0x2FE, 0x640, 0xAFE, 0x242, 0x27E, 0xA42, 0x47E}},
    {0x732B, {0x000, 0xA44, 0x4FE, 0xA44, 0x200, 0x2FE, 0x692, 0xA92, 0x2FE, 0x292, 0xA92, 0x4FE}},
    {0x732C, {0x000, 0xAFE, 0x492, 0xAFE, 0x292, 0x2FE, 0x644, 0xA7C, 0x244, 0x27C, 0xA44, 0x48C}},
    {0x732E, {0x000, 0x20A, 0xF8A, 0x208, 0xFBE, 0x888, 0xD88, 0xF94, 0xA94, 0xF94, 0xAA2, 0x9A2}},
    {0x7331, {0x000, 0xAFE, 0x408, 0xA10, 0x2FE, 0x212, 0x670, 0xA10, 0x2FE, 0x254, 0xA54, 0x492}},
    {0x7334, {0x000, 0xA5C, 0x444, 0xABE, 0x290, 0x39E, 0x6A8, 0xA88, 0x2BE, 0x288, 0xA94, 0x4A2}},
    {0x7337, {0x000, 0x308, 0x48C, 0xF4A, 0x23E, 0xFC8, 0xA48, 0xDC8, 0x854, 0xFD4, 0x862, 0xFE2}},
    {0x7338, {0x000, 0xAFE, 0x492, 0xAFE, 0x280, 0x2BE, 0x6A2, 0xABE, 0x2A2, 0x2BE, 0xB22, 0x53E}},
    {0x7339, {0x000, 0xA10, 0x4FE, 0xA54, 0x292, 0x2FE, 0x682, 0xAFE, 0x282, 0x2FE, 0xA00, 0x4FE}},
    {0x733E, {0x000, 0xA7C, 0x444, 0xA74, 0x254, 0x2FE, 0x682, 0xA7C, 0x244, 0x27C, 0xA44, 0x44C}},
    {0x733F, {0x000, 0x910, 0x57C, 0x210, 0x6FE, 0xA44, 0x244, 0x67C, 0xA28, 0x26A, 0xAA4, 0x472}},
    {0x734D, {0x000, 0xA10, 0x4FE, 0xA28, 0x2FE, 0x244, 0x67C, 0xA44, 0x27C, 0x228, 0xA2A, 0x4CE}},
    {0x7350, {0x000, 0xA10, 0x4FE, 0xA28, 0x2FE, 0x244, 0x67C, 0xA44, 0x27C, 0x210, 0xAFE, 0x410}},
    {0x7352, {0x000, 0x210, 0x79E, 0x234, 0xFD4, 0x208, 0x794, 0x4A2, 0x948, 0x7FC, 0x0E0, 0x71C}},
    {0x7357, {0x000, 0xAFE, 0x480, 0xAD8, 0x28E, 0x2FA, 0x2AA, 0x6AC, 0xAF4, 0x2A4, 0xAAA, 0x54A}},
    {0x7360, {0x000, 0xA10, 0x4FE, 0xA28, 0x27C, 0x2C6, 0x67C, 0xA44, 0x27C, 0x254, 0xA92, 0x430}},
    {0x736C, {0x000, 0xAFE, 0x52A, 0xDFA, 0x556, 0x554, 0x5FE, 0xD54, 0x5F4, 0x55E, 0x554, 0xA74}},
    {0x736D, {0x000, 0xA9C, 0x5E4, 0xABE, 0x3E2, 0x2AA, 0x6AA, 0xBEA, 0x2AA, 0x3AA, 0xAD4, 0x4A2}},
    {0x736F, {0x000, 0xA7C, 0x410, 0xAFE, 0x292, 0x2D6, 0x692, 0xAFE, 0x210, 0x2FE, 0xA00, 0x4AA}},
    {0x737E, {0x000, 0xA44, 0x4FE, 0xAAA, 0x2AA, 0x2EE, 0x648, 0xABE, 0x388, 0x2BE, 0xA88, 0x4BE}},
    {0x7384, {0x000, 0x040, 0xFFE, 0x080, 0x110, 0x610, 0x1A0, 0x040, 0x084, 0x104, 0x23A, 0xFC2}},
    {0x7387, {0x000, 0x040, 0xFFE, 0x040, 0x4A4, 0x248, 0x0A0, 0x5F4, 0x842, 0xFFE, 0x040, 0x040}},
    {0x7389, {0x000, 0xFFE, 0x040, 0x040, 0x040, 0x040, 0xFFE, 0x040, 0x048, 0x044, 0x040, 0xFFE}},
    {0x738B, {0x000, 0xFFE, 0x040, 0x040, 0x040, 0x040, 0xFFE, 0x040, 0x040, 0x040, 0x040, 0xFFE}},
    {0x738E, {0x000, 0x000, 0xFBE, 0x208, 0x208, 0x208, 0xF88, 0x208, 0x208, 0x208, 0x388, 0xE38}},
    {0x7391, {0x000, 0x000, 0xF78, 0x248, 0x248, 0x248, 0xF48, 0x248, 0x248, 0x388, 0xC8A, 0x10E}},
    {0x7396, {0x000, 0xE40, 0x47C, 0x484, 0x404, 0xE08, 0x408, 0x410, 0x428, 0x644, 0xC84, 0x102}},
    {0x739B, {0x000, 0xF7C, 0x204, 0x224, 0x224, 0x224, 0xF7E, 0x202, 0x202, 0x27A, 0x302, 0xE0E}},
    {0x739F, {0x000, 0x010, 0xF10, 0x2FE, 0x244, 0x244, 0xF44, 0x228, 0x210, 0x310, 0xC28, 0x0C6}},
    {0x73A2, {0x000, 0x01C, 0xFA4, 0x224, 0x242, 0x23C, 0xF94, 0x214, 0x214, 0x3A4, 0xC24, 0x04C}},
    {0x73A9, {0x000, 0xE7C, 0x400, 0x400, 0x400, 0xEFE, 0x428, 0x428, 0x428, 0x62A, 0xC4A, 0x08E}},
    {0x73AB, {0x000, 0xE40, 0x47E, 0x484, 0x544, 0xE44, 0x428, 0x428, 0x410, 0x628, 0xC44, 0x182}},
    {0x73AE, {0x000, 0x010, 0xF10, 0x2FE, 0x210, 0x27C, 0xF10, 0x2FE, 0x212, 0x312, 0xC1C, 0x010}},
    {0x73AF, {0x000, 0xF7E, 0x208, 0x210, 0x210, 0xF34, 0x252, 0x212, 0x210, 0x310, 0xE10, 0x010}},
    {0x73B0, {0x000, 0xF7C, 0x444, 0x444, 0x454, 0xF54, 0x454, 0x454, 0x454, 0x728, 0xC4A, 0x08E}},
    {0x73B2, {0x000, 0xE30, 0x448, 0x586, 0x478, 0xE00, 0x400, 0x5FE, 0x422, 0x622, 0xC26, 0x020}},
    {0x73B3, {0x000, 0xE54, 0x452, 0x490, 0x5FE, 0xE90, 0x490, 0x490, 0x490, 0x68A, 0xC8A, 0x084}},
    {0x73B7, {0x000, 0x010, 0xF90, 0x21E, 0x210, 0x210, 0xF90, 0x27E, 0x242, 0x3C2, 0xC42, 0x07E}},
    {0x73BA, {0x000, 0x200, 0x3FC, 0x444, 0x150, 0x64C, 0x000, 0xFFE, 0x040, 0x7FC, 0x048, 0xFFE}},
    {0x73BB, {0x000, 0xE10, 0x4FE, 0x492, 0x490, 0xEFC, 0x484, 0x4C4, 0x4A8, 0x690, 0xD28, 0x146}},
    {0x73C0, {0x000, 0xF88, 0x210, 0x23E, 0x222, 0xFA2, 0x222, 0x23E, 0x222, 0x3A2, 0xE22, 0x03E}},
    {0x73C2, {0x000, 0xEFE, 0x404, 0x404, 0x4E4, 0xEA4, 0x4A4, 0x4A4, 0x4E4, 0x604, 0xC04, 0x01C}},
    {0x73C8, {0x000, 0xE80, 0x48E, 0x5EA, 0x4AA, 0xEAA, 0x4AA, 0x4AA, 0x4AA, 0x6AA, 0xD2E, 0x160}},
    {0x73C9, {0x000, 0x07E, 0xF42, 0x242, 0x27E, 0x248, 0xF48, 0x27E, 0x248, 0x344, 0xC44, 0x0F2}},
    {0x73CA, {0x000, 0x1FC, 0xF54, 0x554, 0x554, 0x554, 0xFFE, 0x554, 0x554, 0x754, 0xD54, 0x10C}},
    {0x73CD, {0x000, 0xF90, 0x228, 0x2C6, 0x208, 0xF90, 0x264, 0x208, 0x232, 0x384, 0xE18, 0x060}},
    {0x73CF, {0x000, 0x000, 0xFBE, 0x208, 0x208, 0x208, 0xFBE, 0x208, 0x20C, 0x20A, 0x388, 0xE3E}},
    {0x73D0, {0x000, 0xE10, 0x410, 0x4FE, 0x410, 0xE10, 0x4FE, 0x420, 0x424, 0x644, 0xC4A, 0x0F2}},
    {0x73D1, {0x000, 0x048, 0xF44, 0x2FE, 0x250, 0x250, 0xF52, 0x254, 0x258, 0x392, 0xCB2, 0x14E}},
    {0x73D9, {0x000, 0x048, 0xE48, 0x5FE, 0x448, 0x448, 0xE48, 0x5FE, 0x400, 0x448, 0x684, 0xD02}},
    {0x73DE, {0x000, 0xE40, 0x47C, 0x444, 0x4A8, 0xE10, 0x428, 0x4FE, 0x444, 0x644, 0xC44, 0x07C}},
    {0x73E0, {0x000, 0xE10, 0x450, 0x47C, 0x490, 0xE10, 0x4FE, 0x438, 0x454, 0x654, 0xC92, 0x010}},
    {0x73E5, {0x000, 0x0FE, 0xF44, 0x27C, 0x244, 0xF44, 0x27C, 0x244, 0x344, 0xC5E, 0x1E4, 0x004}},
    {0x73E7, {0x000, 0x048, 0xE48, 0x54A, 0x4CC, 0x448, 0xE68, 0x4CC, 0x54A, 0x648, 0xC8A, 0x30E}},
    {0x73E9, {0x000, 0x05C, 0xE80, 0x500, 0x47E, 0x488, 0xF88, 0x488, 0x488, 0x488, 0x688, 0xC98}},
    {0x73ED, {0x000, 0xE2E, 0x4A4, 0x4A4, 0x4A4, 0x4A4, 0xEAE, 0x4A4, 0x424, 0x644, 0xC44, 0x09E}},
    {0x73F2, {0x000, 0x07E, 0xF42, 0x210, 0x27E, 0x228, 0xF48, 0x27E, 0x208, 0x37E, 0xC08, 0x008}},
    {0x7403, {0x000, 0xE14, 0x410, 0x4FE, 0x410, 0xE92, 0x454, 0x410, 0x454, 0x654, 0xC92, 0x030}},
    {0x7405, {0x000, 0xE20, 0x4FC, 0x484, 0x4FC, 0xE84, 0x4FC, 0x492, 0x494, 0x688, 0xCA4, 0x1C2}},
    {0x7406, {0x000, 0xEFE, 0x492, 0x492, 0x4FE, 0xE92, 0x492, 0x4FE, 0x410, 0x6FE, 0xC10, 0x1FE}},
    {0x7409, {0x000, 0xE10, 0x4FE, 0x420, 0x444, 0xEFA, 0x400, 0x4A8, 0x4A8, 0x6AA, 0xCAA, 0x10E}},
    {0x740A, {0x000, 0x1FE, 0xEAA, 0x4AA, 0x4AC, 0x5FA, 0xE6A, 0x46A, 0x4AA, 0x6AC, 0xD28, 0x268}},
    {0x740F, {0x000, 0x108, 0xEBE, 0x490, 0x424, 0x43E, 0xEC4, 0x47E, 0x444, 0x644, 0xCC0, 0x13E}},
    {0x7410, {0x000, 0xE92, 0x454, 0x4FE, 0x482, 0xE92, 0x492, 0x492, 0x492, 0x692, 0xC28, 0x0C6}},
    {0x741A, {0x000, 0x07E, 0xF42, 0x242, 0x27E, 0x248, 0xF7E, 0x248, 0x25E, 0x352, 0xC92, 0x09E}},
    {0x741B, {0x000, 0x0FE, 0xEAA, 0x428, 0x44E, 0x490, 0xE10, 0x4FE, 0x438, 0x654, 0xC92, 0x010}},
    {0x7422, {0x000, 0xEFE, 0x408, 0x430, 0x4CA, 0xE1C, 0x428, 0x4CC, 0x41C, 0x66A, 0xD88, 0x030}},
    {0x7425, {0x000, 0xE3E, 0x420, 0x4FE, 0x4A2, 0xEF8, 0x4A4, 0x4BC, 0x480, 0x6A8, 0xCAA, 0x14E}},
    {0x7426, {0x000, 0xF10, 0x2FE, 0x210, 0x228, 0xF44, 0x2FE, 0x204, 0x274, 0x354, 0xC74, 0x00C}},
    {0x7428, {0x000, 0x07C, 0xF44, 0x47C, 0x444, 0x47C, 0xF00, 0x44A, 0x46C, 0x748, 0xC4A, 0x0F6}},
    {0x742A, {0x000, 0xF44, 0x2FE, 0x244, 0x27C, 0xF44, 0x27C, 0x244, 0x2FE, 0x380, 0xE28, 0x0C6}},
    {0x742C, {0x000, 0x010, 0xEFE, 0x482, 0x440, 0x47E, 0xE5A, 0x49A, 0x57A, 0x728, 0xC4A, 0x08E}},
    {0x742E, {0x000, 0xF10, 0x2FE, 0x282, 0x27C, 0xF00, 0x2FE, 0x210, 0x254, 0x354, 0xE92, 0x030}},
    {0x7430, {0x000, 0x010, 0xF54, 0x254, 0x228, 0x2C6, 0xF10, 0x254, 0x254, 0x390, 0xE28, 0x0C6}},
    {0x7433, {0x000, 0xE48, 0x448, 0x5FE, 0x448, 0xE48, 0x4FC, 0x4DC, 0x54A, 0x648, 0xC48, 0x048}},
    {0x7434, {0x000, 0xFBE, 0x208, 0xFBE, 0x208, 0xFBE, 0x040, 0x1B0, 0xE0E, 0x3F8, 0x010, 0x020}},
    {0x7435, {0x000, 0xFBE, 0x208, 0xFBE, 0x208, 0xFBE, 0x000, 0x426, 0x7B8, 0x422, 0x422, 0xFBE}},
    {0x7436, {0x000, 0xFBE, 0x208, 0xFBE, 0x208, 0xFBE, 0x000, 0xFFE, 0x842, 0xFFE, 0x800, 0xFFE}},
    {0x743C, {0x000, 0xE10, 0x4FE, 0x400, 0x4FE, 0xE82, 0x482, 0x4FE, 0x410, 0x654, 0xC92, 0x030}},
    {0x7441, {0x000, 0xEFE, 0x482, 0x4BA, 0x482, 0xEBA, 0x400, 0x4FE, 0x482, 0x6FE, 0xC82, 0x0FE}},
    {0x7455, {0x000, 0xEEE, 0x4A2, 0x4A2, 0x4EE, 0xE80, 0x48E, 0x4E2, 0x48A, 0x6E4, 0xC84, 0x08A}},
    {0x7457, {0x000, 0x00C, 0xEF4, 0x492, 0x57C, 0x420, 0x5FE, 0xE40, 0x47C, 0x444, 0x6B8, 0xD46}},
    {0x7459, {0x000, 0xE92, 0x524, 0x492, 0x420, 0xEFE, 0x482, 0x4AA, 0x492, 0x6AA, 0xC82, 0x0FE}},
    {0x745A, {0x000, 0xE4E, 0x44A, 0x4EA, 0x44E, 0xE4A, 0x44A, 0x4EE, 0x4AA, 0x6AA, 0xCAA, 0x0EA}},
    {0x745B, {0x000, 0xE44, 0x4FE, 0x444, 0x410, 0xEFE, 0x492, 0x492, 0x4FE, 0x410, 0x628, 0xCC6}},
    {0x745C, {0x000, 0x0F0, 0xE28, 0x444, 0x4BA, 0xE00, 0x4EA, 0x4AA, 0x6F4, 0xCB4, 0x0EA, 0x0AA}},
    {0x745E, {0x000, 0xE92, 0x492, 0x4FE, 0x400, 0xEFE, 0x410, 0x4FE, 0x4AA, 0x6AA, 0xCAA, 0x086}},
    {0x745F, {0x000, 0xFBE, 0x208, 0xFBE, 0x208, 0xFBE, 0x080, 0x048, 0x510, 0x564, 0x98A, 0x6F8}},
    {0x746D, {0x000, 0x010, 0xEFE, 0x490, 0x4FC, 0xE94, 0x4FE, 0x494, 0x4FE, 0x6A2, 0xCA2, 0x13E}},
    {0x7470, {0x000, 0xE20, 0x5FC, 0x524, 0x5FC, 0xF24, 0x5FC, 0x454, 0x45A, 0x694, 0xC92, 0x11E}},
    {0x7476, {0x000, 0x00E, 0xEF2, 0x454, 0x428, 0x440, 0xE7C, 0x490, 0x4FE, 0x610, 0xC92, 0x0FE}},
    {0x7477, {0x000, 0x00E, 0xEF2, 0x454, 0x5FE, 0x522, 0xEFC, 0x440, 0x47C, 0x6A4, 0xD18, 0x066}},
    {0x747E, {0x000, 0xE44, 0x4FE, 0x444, 0x4FE, 0xE92, 0x492, 0x4FE, 0x410, 0x6FE, 0xC10, 0x0FE}},
    {0x7480, {0x000, 0x092, 0xE92, 0x4FE, 0x448, 0x4FE, 0xF90, 0x4FC, 0x490, 0x6FC, 0xC90, 0x0FE}},
    {0x7481, {0x000, 0x020, 0xEFE, 0x492, 0x4DE, 0x4A6, 0xEDA, 0x4A6, 0x4FE, 0x650, 0xD4A, 0x17A}},
    {0x7483, {0x000, 0xE10, 0x4FE, 0x428, 0x492, 0xEAA, 0x4FE, 0x410, 0x4FE, 0x692, 0xCAA, 0x0BA}},
    {0x7487, {0x000, 0x088, 0xE88, 0x5EE, 0x490, 0x49E, 0xEEA, 0x4A8, 0x4AE, 0x6A8, 0xD28, 0x256}},
    {0x748B, {0x000, 0xE10, 0x4FE, 0x428, 0x4FE, 0xE44, 0x47C, 0x444, 0x47C, 0x610, 0xCFE, 0x010}},
    {0x748E, {0x000, 0x0EE, 0xEAA, 0x4AA, 0x4EE, 0x444, 0xEAA, 0x410, 0x4FE, 0x644, 0xC38, 0x0C6}},
    {0x7490, {0x000, 0x0E4, 0xEAE, 0x4BA, 0x4AA, 0x4E4, 0xE2A, 0x4B0, 0x4AE, 0x6AA, 0xCBA, 0x1CE}},
    {0x749C, {0x000, 0x048, 0xEFE, 0x448, 0x4FE, 0x420, 0xEFC, 0x4A4, 0x4FC, 0x6A4, 0xCFC, 0x186}},
    {0x749E, {0x000, 0xEAA, 0x428, 0x4FE, 0x444, 0xEFE, 0x410, 0x4FE, 0x410, 0x6FE, 0xC28, 0x0C6}},
    {0x74A7, {0x000, 0x788, 0x4BE, 0x794, 0x414, 0xFBE, 0x488, 0xFFE, 0x040, 0x7FC, 0x048, 0xFFE}},
    {0x74A8, {0x000, 0x06E, 0xE4A, 0x4EA, 0x524, 0x4CA, 0xE90, 0x554, 0x410, 0x4FE, 0x654, 0xC92}},
    {0x74A9, {0x000, 0x01C, 0xE10, 0x4FC, 0x492, 0x4FE, 0xEA8, 0x4AA, 0x4D4, 0x6B4, 0x952, 0x120}},
    {0x74BA, {0x000, 0x2EC, 0x4A4, 0x6EC, 0x4A4, 0xFFE, 0x802, 0x7FC, 0x040, 0x7FC, 0x048, 0xFFE}},
    {0x74D2, {0x000, 0x0A8, 0xEFC, 0x528, 0x5FE, 0x46C, 0xEB6, 0x4FC, 0x484, 0x6A4, 0xC58, 0x184}},
    {0x74DC, {0x000, 0x006, 0x7F8, 0x444, 0x444, 0x444, 0x444, 0x444, 0x444, 0x454, 0x86A, 0x9C2}},
    {0x74DE, {0x000, 0x1C8, 0xEA8, 0xABE, 0xAC8, 0xABE, 0xA88, 0xA94, 0xA62, 0xA40, 0xBA0, 0xC9E}},
    {0x74E0, {0x000, 0x27E, 0xFD4, 0x554, 0x8D4, 0x754, 0x054, 0xFD4, 0x454, 0x754, 0x154, 0x7BA}},
    {0x74E2, {0x000, 0xFE2, 0x2BC, 0xFEA, 0xAAA, 0xFEA, 0x02A, 0xFEA, 0x02A, 0xFEA, 0x12A, 0xB6A}},
    {0x74E3, {0x000, 0x5F4, 0xF5E, 0x150, 0xB5A, 0x150, 0xF5E, 0x554, 0x754, 0xD5E, 0x554, 0xAEC}},
    {0x74E4, {0x000, 0x206, 0xFFC, 0xAD4, 0xFD4, 0x554, 0xFD4, 0x554, 0xFD4, 0x554, 0xD52, 0x69A}},
    {0x74E6, {0x000, 0xFFE, 0x200, 0x200, 0x3F8, 0x208, 0x288, 0x248, 0x44A, 0x40A, 0x4CA, 0xF0E}},
    {0x74EE, {0x000, 0x110, 0x288, 0xD16, 0x3E8, 0x000, 0xFFE, 0x200, 0x3F8, 0x28A, 0x24A, 0x7AE}},
    {0x74EF, {0x000, 0xF7C, 0x820, 0x920, 0x93C, 0xD24, 0xA34, 0xA2C, 0xD24, 0x924, 0x83C, 0x766}},
    {0x74F4, {0x000, 0x27C, 0x220, 0x520, 0x4BC, 0xB24, 0x034, 0xFAC, 0x4A4, 0x4A4, 0x5BC, 0x466}},
    {0x74F6, {0x000, 0x57E, 0x020, 0xFA0, 0x53C, 0x524, 0xFA4, 0x534, 0x524, 0x524, 0x53C, 0x966}},
    {0x74F7, {0x000, 0xE40, 0x07E, 0x292, 0xC28, 0x0C6, 0xFFE, 0x200, 0x3F8, 0x488, 0x44A, 0xF8E}},
    {0x74FF, {0x000, 0x27C, 0x220, 0xFA0, 0x53C, 0x524, 0xFB4, 0x02C, 0xFA4, 0x8A4, 0x8BC, 0xFE6}},
    {0x7504, {0x000, 0xFBE, 0x2A0, 0xFBC, 0xAA4, 0xAA4, 0xFA4, 0x034, 0xFAC, 0x224, 0x3A4, 0xE36}},
    {0x750D, {0x000, 0x208, 0xFFE, 0x208, 0x7FC, 0x4A4, 0xFFE, 0xA02, 0x3F8, 0x488, 0x44A, 0xF8E}},
    {0x750F, {0x000, 0x20C, 0xFB0, 0x20C, 0xFB0, 0x88C, 0xFB0, 0x500, 0xFFE, 0x148, 0x13A, 0x7CE}},
    {0x7511, {0x000, 0x33E, 0x494, 0x854, 0xFF4, 0xADC, 0xD54, 0xFD4, 0x494, 0x794, 0x496, 0x7B8}},
    {0x7513, {0x000, 0x788, 0x4FE, 0x7A4, 0x47E, 0x788, 0xCBE, 0x488, 0xFFE, 0x290, 0x272, 0xF9E}},
    {0x7518, {0x000, 0x208, 0x208, 0xFFE, 0x208, 0x208, 0x208, 0x3F8, 0x208, 0x208, 0x208, 0x3F8}},
    {0x7519, {0x000, 0x014, 0x012, 0xFFE, 0x010, 0x450, 0xFF0, 0x450, 0x7C8, 0x44A, 0x44A, 0x7C4}},
    {0x751A, {0x000, 0x404, 0xFFE, 0x404, 0x7FC, 0x404, 0x7FC, 0x404, 0xFFE, 0x490, 0x51C, 0x7FE}},
    {0x751C, {0x000, 0x1A4, 0xE24, 0x27E, 0x224, 0xFA4, 0x224, 0x23C, 0xFA4, 0x8A4, 0x8A4, 0xFBC}},
    {0x751F, {0x000, 0x440, 0x440, 0x7FE, 0x840, 0x840, 0x040, 0x7FC, 0x040, 0x040, 0x040, 0xFFE}},
    {0x7525, {0x000, 0x27C, 0xA54, 0xF7C, 0xA54, 0xA7C, 0x210, 0xF7E, 0x212, 0x222, 0x322, 0xC4E}},
    {0x7528, {0x000, 0x7FC, 0x444, 0x444, 0x7FC, 0x444, 0x444, 0x7FC, 0x444, 0x444, 0x844, 0x84C}},
    {0x7529, {0x000, 0x7FC, 0x444, 0x444, 0x7FC, 0x444, 0x444, 0x7FC, 0x444, 0x45C, 0x842, 0x87E}},
    {0x752B, {0x000, 0x048, 0xFFE, 0x040, 0x7FC, 0x444, 0x7FC, 0x444, 0x7FC, 0x444, 0x444, 0x45C}},
    {0x752C, {0x000, 0x3F8, 0x010, 0x0A0, 0x7FC, 0x444, 0x7FC, 0x444, 0x7FC, 0x444, 0x444, 0x44C}},
    {0x752D, {0x000, 0xFFE, 0x140, 0xE7E, 0x040, 0xFFE, 0x842, 0xFFE, 0x842, 0xFFE, 0x842, 0x84E}},
    {0x752F, {0x000, 0x040, 0xFFE, 0xA0A, 0x544, 0xB2A, 0x5F8, 0x000, 0x7FC, 0x444, 0x7FC, 0x444}},
    {0x7530, {0x000, 0xFFE, 0x842, 0x842, 0x842, 0x842, 0xFFE, 0x842, 0x842, 0x842, 0x842, 0xFFE}},
    {0x7531, {0x000, 0x040, 0x040, 0xFFE, 0x842, 0x842, 0x842, 0xFFE, 0x842, 0x842, 0x842, 0xFFE}},
    {0x7532, {0x000, 0xFFE, 0x842, 0x842, 0xFFE, 0x842, 0x842, 0xFFE, 0x040, 0x040, 0x040, 0x040}},
    {0x7533, {0x000, 0x040, 0x7FC, 0x444, 0x444, 0x7FC, 0x444, 0x444, 0x444, 0x7FC, 0x040, 0x040}},
    {0x7535, {0x000, 0x080, 0xFFC, 0x884, 0x884, 0xFFC, 0x884, 0x884, 0x884, 0xFFC, 0x082, 0x0FE}},
    {0x7537, {0x000, 0x7FC, 0x444, 0x7FC, 0x444, 0x444, 0x7FC, 0x040, 0xFFE, 0x082, 0x302, 0xC1E}},
    {0x7538, {0x000, 0x200, 0x3FE, 0x402, 0x402, 0xBFA, 0x24A, 0x3FA, 0x24A, 0x3FA, 0x002, 0x01E}},
    {0x753A, {0x000, 0xFBE, 0xA84, 0xA84, 0xA84, 0xF84, 0xA84, 0xA84, 0xA84, 0xA84, 0xF84, 0x01C}},
    {0x753B, {0x000, 0xFFE, 0x000, 0xBFA, 0xA4A, 0xA4A, 0xBFA, 0xA4A, 0xA4A, 0xBFA, 0x802, 0xFFE}},
    {0x753E, {0x000, 0x248, 0x490, 0x490, 0x490, 0x248, 0x7FC, 0x444, 0x7FC, 0x444, 0x444, 0x7FC}},
    {0x7540, {0x000, 0x7FC, 0x444, 0x7FC, 0x444, 0x7FC, 0x000, 0xFFE, 0x110, 0x110, 0x210, 0x410}},
    {0x7545, {0x000, 0x27C, 0x208, 0xF90, 0xABE, 0xACA, 0xF92, 0xAA6, 0xACA, 0xF92, 0x262, 0x20E}},
    {0x7548, {0x000, 0x03E, 0xFA0, 0xAA0, 0xABE, 0xFAA, 0xAAA, 0xAAA, 0xAA4, 0xFA4, 0x02A, 0x050}},
    {0x754B, {0x000, 0x020, 0xFA0, 0xABE, 0xAC4, 0xFA4, 0xAA4, 0xA94, 0xA88, 0xF94, 0x022, 0x0C2}},
    {0x754C, {0x000, 0x7FC, 0x444, 0x7FC, 0x444, 0x7FC, 0x110, 0x208, 0xD16, 0x110, 0x110, 0x210}},
    {0x754E, {0x000, 0x010, 0x014, 0xF92, 0xA90, 0xAFE, 0xF90, 0xA90, 0xAA8, 0xFA8, 0x044, 0x182}},
    {0x754F, {0x000, 0x7FC, 0x444, 0x7FC, 0x444, 0x7FC, 0x000, 0xFFE, 0x220, 0x214, 0x2C8, 0x706}},
    {0x7554, {0x000, 0xF88, 0xAAA, 0xAAA, 0xA88, 0xFBE, 0xA88, 0xA88, 0xABE, 0xA88, 0xF88, 0x008}},
    {0x7559, {0x000, 0x7BE, 0x412, 0x412, 0x512, 0xEA6, 0x000, 0x7FC, 0x444, 0x7FC, 0x444, 0x7FC}},
    {0x755A, {0x000, 0x100, 0x204, 0xFFA, 0x080, 0xFFE, 0x208, 0x7FC, 0xA4A, 0x3F8, 0x248, 0x3F8}},
    {0x755B, {0x000, 0x018, 0xFA4, 0xAC2, 0xA88, 0xFB0, 0xA84, 0xA88, 0xAB2, 0xF84, 0x018, 0x060}},
    {0x755C, {0x000, 0x040, 0xFFE, 0x230, 0x1C4, 0xFFA, 0x000, 0x7FC, 0x444, 0x7FC, 0x444, 0x7FC}},
    {0x7565, {0x000, 0x020, 0xFBE, 0xAC2, 0xAA4, 0xA98, 0xFA4, 0xAC2, 0xABC, 0xAA4, 0xFA4, 0x03C}},
    {0x7566, {0x000, 0x008, 0xFBE, 0xA88, 0xA88, 0xABE, 0xF80, 0xA88, 0xABE, 0xA88, 0xF88, 0x03E}},
    {0x756A, {0x000, 0x00C, 0x7F0, 0x248, 0xFFE, 0x150, 0x248, 0xFFE, 0x444, 0x7FC, 0x444, 0x7FC}},
    {0x7572, {0x000, 0x0E0, 0x318, 0xC06, 0x7FC, 0x248, 0xC46, 0x3F8, 0x248, 0x3F8, 0x248, 0x3F8}},
    {0x7574, {0x000, 0x010, 0xFFE, 0xA90, 0xAFE, 0xA82, 0xFFC, 0xA90, 0xAFE, 0xAA4, 0xFF4, 0x00C}},
    {0x7578, {0x000, 0x008, 0xFBE, 0xA94, 0xAA2, 0xA80, 0xFBE, 0xA82, 0xABA, 0xAAA, 0xFBA, 0x006}},
    {0x7579, {0x000, 0x010, 0xFFE, 0xA82, 0xAA0, 0xFBE, 0xAD2, 0xAD2, 0xAB6, 0xF90, 0x032, 0x0CE}},
    {0x757F, {0x000, 0x448, 0x54A, 0xA54, 0x54A, 0xF5E, 0x020, 0xFFE, 0x550, 0x7D4, 0x54A, 0x7D6}},
    {0x7583, {0x000, 0x008, 0xFFE, 0xAA2, 0xA94, 0xAFE, 0xFAA, 0xABE, 0xAAA, 0xAFE, 0xF88, 0x07E}},
    {0x7586, {0x000, 0xFFE, 0x154, 0xF7C, 0x854, 0xF7C, 0x500, 0xFFE, 0x554, 0xF7C, 0x154, 0x6FE}},
    {0x758B, {0x000, 0xFFE, 0x042, 0x044, 0x040, 0x440, 0x47C, 0x440, 0x440, 0x640, 0x9C0, 0x87E}},
    {0x758F, {0x000, 0xF10, 0x1FE, 0x120, 0x244, 0xAFA, 0xA00, 0xB54, 0xA54, 0xA54, 0xB54, 0xE86}},
    {0x7591, {0x000, 0x4BE, 0x702, 0x454, 0x7C8, 0x43E, 0x7CA, 0x908, 0x7CE, 0x128, 0x2A8, 0x45E}},
    {0x7592, {0x000, 0x020, 0x3FE, 0xA00, 0x600, 0x200, 0x600, 0xA00, 0x200, 0x400, 0x400, 0x800}},
    {0x7594, {0x000, 0x020, 0x7FE, 0x400, 0xC00, 0x5FC, 0x420, 0xC20, 0x420, 0x420, 0x820, 0x8E0}},
    {0x7596, {0x000, 0x040, 0x7FE, 0x400, 0xDFC, 0x444, 0x444, 0xC44, 0x444, 0x458, 0x840, 0x840}},
    {0x7597, {0x000, 0x020, 0x7FE, 0x400, 0xDFC, 0x404, 0x408, 0xC10, 0x420, 0x420, 0x820, 0x8E0}},
    {0x7599, {0x000, 0x020, 0x7FE, 0x480, 0x4FC, 0xD00, 0x6F8, 0x408, 0xC30, 0x442, 0x882, 0x87E}},
    {0x759A, {0x000, 0x020, 0x7FE, 0x400, 0xC40, 0x478, 0x488, 0xD10, 0x410, 0x428, 0x844, 0x982}},
    {0x759D, {0x000, 0x020, 0x7FE, 0x400, 0xC20, 0x524, 0x524, 0xD24, 0x524, 0x524, 0x924, 0x9FC}},
    {0x759F, {0x000, 0x020, 0x7FE, 0x400, 0xDFC, 0x500, 0x500, 0xFFE, 0x500, 0x500, 0x9FC, 0x800}},
    {0x75A0, {0x000, 0x040, 0x7FE, 0x400, 0xDFC, 0x440, 0x440, 0xC7C, 0x484, 0x484, 0x904, 0xA18}},
    {0x75A1, {0x000, 0x020, 0x7FE, 0x400, 0xDF8, 0x410, 0x420, 0xDFC, 0x494, 0x494, 0x924, 0xA5C}},
    {0x75A3, {0x000, 0x020, 0x7FE, 0x400, 0xC48, 0x444, 0x5FE, 0xC40, 0x450, 0x452, 0x892, 0xB1E}},
    {0x75A4, {0x000, 0x020, 0x7FE, 0x400, 0xDFE, 0x522, 0x522, 0xDFE, 0x500, 0x502, 0x902, 0x9FE}},
    {0x75A5, {0x000, 0x020, 0x7FE, 0x400, 0xC30, 0x448, 0x586, 0xC48, 0x448, 0x448, 0x848, 0x888}},
    {0x75AB, {0x000, 0x020, 0x7FE, 0x400, 0xCF8, 0x48A, 0x58E, 0xC00, 0x5FC, 0x488, 0x870, 0xB8E}},
    {0x75AC, {0x000, 0x040, 0x7FE, 0x400, 0xDFE, 0x520, 0x5FC, 0xD24, 0x524, 0x544, 0x944, 0xA8C}},
    {0x75AE, {0x000, 0x040, 0x7FE, 0x420, 0xC50, 0x488, 0x706, 0xCF8, 0x488, 0x498, 0x882, 0x8FE}},
    {0x75AF, {0x000, 0x040, 0x7FE, 0x400, 0xDFC, 0x504, 0x58C, 0xD54, 0x524, 0x554, 0x98A, 0xA02}},
    {0x75B0, {0x000, 0x040, 0x7FE, 0x420, 0xC20, 0x5FC, 0x420, 0xC20, 0x4F8, 0x420, 0x820, 0xBFE}},
    {0x75B1, {0x000, 0x020, 0x7FE, 0x480, 0xCFC, 0x504, 0x4F4, 0xC94, 0x4F4, 0x48C, 0x882, 0x8FE}},
    {0x75B2, {0x000, 0x020, 0x7FE, 0x410, 0xDFE, 0x512, 0x510, 0xDFC, 0x544, 0x528, 0x910, 0xAEE}},
    {0x75B3, {0x000, 0x020, 0x7FE, 0x400, 0xC84, 0x5FE, 0x484, 0xC84, 0x4FC, 0x484, 0x884, 0x8FC}},
    {0x75B4, {0x000, 0x020, 0x7FE, 0x400, 0xDFE, 0x404, 0x4F4, 0xC94, 0x494, 0x4F4, 0x804, 0x81C}},
    {0x75B5, {0x000, 0x020, 0x7FE, 0x400, 0xC48, 0x548, 0x54A, 0xD6C, 0x548, 0x548, 0x96A, 0xBCE}},
    {0x75B8, {0x000, 0x020, 0x7FE, 0x400, 0xCFC, 0x484, 0x4FC, 0xC84, 0x484, 0x4FC, 0x800, 0x9FE}},
    {0x75B9, {0x000, 0x020, 0x7FE, 0x420, 0xC50, 0x488, 0x726, 0xCC8, 0x410, 0x4E4, 0x808, 0x8F0}},
    {0x75BC, {0x000, 0x020, 0x7FE, 0x480, 0xCFC, 0x544, 0x438, 0xDC6, 0x430, 0x408, 0x8E0, 0x818}},
    {0x75BD, {0x000, 0x020, 0x7FE, 0x400, 0xCFC, 0x484, 0x4FC, 0xC84, 0x4FC, 0x484, 0x884, 0x9FE}},
    {0x75BE, {0x000, 0x020, 0x7FE, 0x400, 0xC80, 0x4FC, 0x520, 0xC20, 0x5FE, 0x450, 0x888, 0xB06}},
    {0x75C2, {0x000, 0x020, 0x7FE, 0x400, 0xC8E, 0x5EA, 0x4AA, 0xCAA, 0x4AA, 0x4AA, 0x92A, 0x96E}},
    {0x75C3, {0x000, 0x020, 0x7FE, 0x400, 0xC20, 0x5FE, 0x440, 0xC88, 0x450, 0x420, 0x844, 0x9FA}},
    {0x75C4, {0x000, 0x040, 0x7FE, 0x480, 0xC80, 0x4FE, 0x520, 0xE3C, 0x420, 0x43C, 0x820, 0x820}},
    {0x75C5, {0x000, 0x020, 0x7FE, 0x400, 0xDFE, 0x420, 0x5FE, 0xD22, 0x552, 0x58A, 0x902, 0x906}},
    {0x75C7, {0x000, 0x020, 0x7FE, 0x400, 0xC00, 0x5FE, 0x420, 0xC20, 0x53C, 0x520, 0x920, 0xBFE}},
    {0x75C8, {0x000, 0x020, 0x7FE, 0x400, 0xDFC, 0x524, 0x5FC, 0xD24, 0x5FC, 0x524, 0xA24, 0xA2C}},
    {0x75C9, {0x000, 0x020, 0x7FE, 0x400, 0xDFC, 0x410, 0x460, 0xD9C, 0x400, 0x5FC, 0x820, 0x9FC}},
    {0x75CA, {0x000, 0x020, 0x7FE, 0x400, 0xC70, 0x488, 0x706, 0xCF8, 0x420, 0x5FC, 0x820, 0xBFE}},
    {0x75CD, {0x000, 0x040, 0x7FE, 0x420, 0xDFC, 0x424, 0x5FC, 0xD20, 0x5FC, 0x424, 0x850, 0x98C}},
    {0x75D2, {0x000, 0x020, 0x7FE, 0x400, 0xC88, 0x5FC, 0x420, 0xDFC, 0x420, 0x5FC, 0x820, 0x820}},
    {0x75D4, {0x000, 0x020, 0x7FE, 0x420, 0xDFC, 0x420, 0x7FE, 0xC08, 0x5FE, 0x488, 0x848, 0x818}},
    {0x75D5, {0x000, 0x020, 0x7FE, 0x400, 0xDFC, 0x504, 0x5FC, 0xD04, 0x5FC, 0x516, 0x948, 0xB86}},
    {0x75D6, {0x000, 0x040, 0x7FE, 0x400, 0xDFC, 0x450, 0x554, 0xD54, 0x4D8, 0x4D8, 0x850, 0xBFE}},
    {0x75D8, {0x000, 0x020, 0x7FE, 0x400, 0xDFC, 0x400, 0x5FC, 0xD04, 0x5FC, 0x400, 0x888, 0xBFE}},
    {0x75DB, {0x000, 0x040, 0x7FE, 0x400, 0xDFC, 0x448, 0x5FC, 0xD24, 0x5FC, 0x524, 0x9FC, 0x924}},
    {0x75DE, {0x000, 0x020, 0x7FE, 0x400, 0xDFC, 0x420, 0x468, 0xDA4, 0x420, 0x5FC, 0x904, 0x9FC}},
    {0x75E2, {0x000, 0x020, 0x7FE, 0x400, 0xCE2, 0x44A, 0x5EA, 0xC4A, 0x4EA, 0x4CA, 0x942, 0x846}},
    {0x75E3, {0x000, 0x020, 0x7FE, 0x400, 0xC20, 0x5FC, 0x420, 0xDFC, 0x410, 0x544, 0x94A, 0xA78}},
    {0x75E4, {0x000, 0x020, 0x7FE, 0x400, 0x4A4, 0xCA4, 0x56A, 0x672, 0xC20, 0x5FC, 0x820, 0xBFE}},
    {0x75E6, {0x000, 0x040, 0x7FE, 0x400, 0xDFC, 0x440, 0x5F8, 0xC48, 0x7FE, 0x504, 0x904, 0x9FC}},
    {0x75E7, {0x000, 0x020, 0x7FE, 0x508, 0xCAC, 0x62A, 0x54A, 0xC08, 0x532, 0x504, 0xA18, 0xAE0}},
    {0x75E8, {0x000, 0x020, 0x7FE, 0x448, 0xDFE, 0x448, 0x5FE, 0xD22, 0x4FC, 0x424, 0x844, 0x998}},
    {0x75EA, {0x000, 0x020, 0x7FE, 0x400, 0xCF8, 0x508, 0x5FC, 0xD24, 0x524, 0x7FE, 0x888, 0xB06}},
    {0x75EB, {0x000, 0x040, 0x7FE, 0x500, 0xCBC, 0x524, 0x5FC, 0xD24, 0x574, 0x5AC, 0x924, 0x90C}},
    {0x75F0, {0x000, 0x020, 0x7FE, 0x400, 0xD24, 0x524, 0x450, 0xD8C, 0x420, 0x524, 0x850, 0xB8E}},
    {0x75F1, {0x000, 0x040, 0x7FE, 0x450, 0xC50, 0x5DC, 0x450, 0xDDC, 0x450, 0x5DC, 0x890, 0xB10}},
    {0x75F4, {0x000, 0x040, 0x7FE, 0x500, 0xDDE, 0x692, 0x492, 0xDD2, 0x492, 0x492, 0x952, 0xA5E}},
    {0x75F9, {0x000, 0x020, 0x7FE, 0x400, 0xDFC, 0x524, 0x5FC, 0xD24, 0x7FE, 0x488, 0x888, 0x908}},
    {0x75FC, {0x000, 0x020, 0x7FE, 0x400, 0xDFC, 0x524, 0x574, 0xD24, 0x554, 0x574, 0x904, 0x9FC}},
    {0x75FF, {0x000, 0x020, 0x7FE, 0x4F8, 0x420, 0xDFC, 0x4A8, 0x524, 0xFFE, 0x488, 0x870, 0x99C}},
    {0x7600, {0x000, 0x020, 0x7FE, 0x508, 0xD08, 0x7D4, 0x522, 0xDC8, 0x544, 0x540, 0xA44, 0xAD8}},
    {0x7601, {0x000, 0x020, 0x7FE, 0x400, 0xC20, 0x5FC, 0x488, 0xD54, 0x420, 0x5FC, 0x820, 0x820}},
    {0x7603, {0x000, 0x040, 0x7FE, 0x400, 0xFFE, 0x490, 0x552, 0xED4, 0x5A8, 0x668, 0x9A4, 0x842}},
    {0x7605, {0x000, 0x040, 0x7FE, 0x488, 0xC50, 0x5FC, 0x524, 0xDFC, 0x524, 0x7FE, 0x820, 0x820}},
    {0x760A, {0x000, 0x040, 0x7FE, 0x400, 0xCBC, 0x504, 0x77E, 0xD20, 0x53E, 0x548, 0x97E, 0x924}},
    {0x760C, {0x000, 0x040, 0x7FE, 0x480, 0xFE2, 0x48A, 0x7EA, 0xEAA, 0x7EA, 0x48A, 0x9CA, 0xAA6}},
    {0x7610, {0x000, 0x040, 0x7FE, 0x4A0, 0xD2E, 0x522, 0x5EE, 0xD22, 0x5FE, 0x450, 0x888, 0xB06}},
    {0x7615, {0x000, 0x020, 0x7FE, 0x400, 0xDDE, 0x542, 0x5DE, 0xD00, 0x5DE, 0x50A, 0x5C4, 0x91A}},
    {0x7617, {0x000, 0x040, 0x7FE, 0x420, 0xDFC, 0x4A8, 0x7FE, 0xC50, 0x7AE, 0x4F8, 0x820, 0xBFC}},
    {0x7618, {0x000, 0x040, 0x7FE, 0x4A8, 0xDFC, 0x470, 0x5AC, 0xC40, 0x7FE, 0x508, 0x8F0, 0xB0C}},
    {0x7619, {0x000, 0x020, 0x3FE, 0xAFC, 0x644, 0x238, 0x3D6, 0x67C, 0xA54, 0x27C, 0x412, 0x9FE}},
    {0x761B, {0x000, 0x040, 0x7FE, 0x500, 0xFBC, 0x514, 0x794, 0xD14, 0x7AC, 0x550, 0xB04, 0xDFC}},
    {0x761F, {0x000, 0x020, 0x7FE, 0x400, 0xDFC, 0x504, 0x5FC, 0xD04, 0x5FC, 0x554, 0x954, 0xBFE}},
    {0x7620, {0x000, 0x020, 0x7FE, 0x400, 0xDAC, 0x450, 0x78E, 0xCF8, 0x488, 0x4F8, 0x888, 0x898}},
    {0x7622, {0x000, 0x020, 0x7FE, 0x480, 0xDDC, 0x554, 0x556, 0xFE0, 0x55C, 0x5D4, 0x948, 0xAD6}},
    {0x7624, {0x000, 0x020, 0x7FE, 0x400, 0xDDE, 0x50A, 0x54A, 0xFFE, 0x524, 0x5FC, 0x924, 0x9FC}},
    {0x7625, {0x000, 0x040, 0x7FE, 0x510, 0xFFC, 0x440, 0x5F8, 0xC40, 0x7FE, 0x490, 0x910, 0xEFE}},
    {0x7626, {0x000, 0x020, 0x7FE, 0x400, 0xDAC, 0x524, 0x5AC, 0xD24, 0x5FC, 0x488, 0x870, 0xB8E}},
    {0x7629, {0x000, 0x020, 0x7FE, 0x488, 0xFFE, 0x488, 0x470, 0xC88, 0x776, 0x5FC, 0x904, 0x9FC}},
    {0x762A, {0x000, 0x040, 0x7FE, 0x420, 0xDFC, 0x504, 0x5FC, 0xD04, 0x5FC, 0x514, 0xAA2, 0x8FA}},
    {0x762B, {0x000, 0x020, 0x7FE, 0x410, 0xFA4, 0x4FE, 0x6A4, 0xEAE, 0x524, 0x52E, 0xAA4, 0xABE}},
    {0x762D, {0x000, 0x020, 0x7FE, 0x554, 0xDFC, 0x400, 0x4F8, 0xC00, 0x7FC, 0x420, 0x928, 0xA64}},
    {0x7630, {0x000, 0x040, 0x7FE, 0x524, 0xDFC, 0x524, 0x5FC, 0xCA0, 0x448, 0x5F4, 0x820, 0xB26}},
    {0x7633, {0x000, 0x020, 0x7FE, 0x4CC, 0x554, 0xCCC, 0x554, 0x470, 0xC88, 0x766, 0x410, 0x8E0}},
    {0x7634, {0x000, 0x040, 0x7FE, 0x420, 0xDFC, 0x450, 0x5FC, 0xC88, 0x4F8, 0x488, 0x9FC, 0x820}},
    {0x7635, {0x000, 0x040, 0x7FE, 0x520, 0xDEC, 0x654, 0x588, 0xD76, 0x600, 0x5FC, 0x8A8, 0x964}},
    {0x7638, {0x000, 0x020, 0x7FE, 0x500, 0xFDE, 0x552, 0x6DE, 0xC20, 0x7FE, 0x652, 0xBAE, 0xA52}},
    {0x763C, {0x000, 0x040, 0x7FE, 0x490, 0xFFC, 0x508, 0x5F8, 0xD08, 0x5F8, 0x420, 0xBFC, 0x888}},
    {0x763E, {0x000, 0x040, 0x7FE, 0x554, 0xD68, 0x5BC, 0x544, 0xD7C, 0x544, 0x5BC, 0x94A, 0x9FE}},
    {0x763F, {0x000, 0x020, 0x7FE, 0x554, 0xD54, 0x5DC, 0x488, 0xD54, 0x7FE, 0x488, 0x870, 0x98C}},
    {0x7640, {0x000, 0x040, 0x7FE, 0x488, 0xFFE, 0x488, 0x7FE, 0xD24, 0x5FC, 0x524, 0x9FC, 0xB06}},
    {0x7643, {0x000, 0x020, 0x7FE, 0x408, 0xDDE, 0x572, 0x58C, 0xD52, 0x574, 0x55E, 0x9A4, 0x91E}},
    {0x764C, {0x000, 0x020, 0x7FE, 0x504, 0xDFC, 0x400, 0x5FC, 0xD24, 0x5FC, 0x400, 0x924, 0x9FC}},
    {0x764D, {0x000, 0x040, 0x7FE, 0x420, 0xFAE, 0x574, 0x504, 0xF9E, 0x554, 0x524, 0x9D4, 0xB4E}},
    {0x7654, {0x000, 0x040, 0x7FE, 0x420, 0xDFC, 0x488, 0x7FE, 0xD04, 0x5FC, 0x4A0, 0x994, 0xA72}},
    {0x7656, {0x000, 0x020, 0x7FE, 0x400, 0xDC8, 0x57E, 0x5D4, 0xD14, 0x5FE, 0x548, 0xB7E, 0x9C8}},
    {0x765C, {0x000, 0x020, 0x7FE, 0x400, 0xDEE, 0x52A, 0x5EA, 0xD40, 0x54E, 0x5EA, 0x904, 0xAAA}},
    {0x765E, {0x000, 0x040, 0x7FE, 0x48A, 0xFEA, 0x492, 0x7E4, 0xEBE, 0x7F2, 0x59A, 0xAC8, 0xCB6}},
    {0x7663, {0x000, 0x020, 0x7FE, 0x4E4, 0xD2E, 0x5F4, 0x554, 0xDFE, 0x554, 0x5F4, 0x80E, 0x9F4}},
    {0x766B, {0x000, 0x040, 0x7FE, 0x480, 0xFDE, 0x484, 0x5DE, 0xD52, 0x5D2, 0x556, 0xBE4, 0x94A}},
    {0x766F, {0x000, 0x020, 0x7FE, 0x554, 0xDDC, 0x554, 0x5DC, 0xC90, 0x520, 0x7FC, 0x920, 0x9FC}},
    {0x7678, {0x000, 0x7A0, 0x0A8, 0x514, 0x208, 0xDF6, 0x040, 0x040, 0x7FC, 0x0A0, 0x110, 0xE0E}},
    {0x767B, {0x000, 0x7A0, 0x0A8, 0x514, 0x2E8, 0xC06, 0x7FC, 0x404, 0x7FC, 0x208, 0x110, 0xFFE}},
    {0x767D, {0x000, 0x080, 0x100, 0xFFC, 0x804, 0x804, 0x804, 0xFFC, 0x804, 0x804, 0x804, 0xFFC}},
    {0x767E, {0x000, 0xFFE, 0x040, 0x080, 0x7FC, 0x404, 0x404, 0x7FC, 0x404, 0x404, 0x404, 0x7FC}},
    {0x7682, {0x000, 0x040, 0xFFE, 0x802, 0xFFE, 0x802, 0xFFE, 0x080, 0x086, 0xFF8, 0x082, 0x0FE}},
    {0x7684, {0x000, 0x110, 0x210, 0xF9E, 0x8A2, 0x8A2, 0x892, 0xF8A, 0x88A, 0x882, 0x882, 0xF8E}},
    {0x7686, {0x000, 0x422, 0x7BC, 0x420, 0x5A2, 0xE3E, 0x080, 0x7FC, 0x404, 0x7FC, 0x404, 0x7FC}},
    {0x7687, {0x000, 0x100, 0x7FC, 0x404, 0x7FC, 0x404, 0x404, 0xFFE, 0x040, 0x7FC, 0x040, 0xFFE}},
    {0x7688, {0x000, 0x200, 0x47E, 0xF40, 0x940, 0x97E, 0xF52, 0x952, 0x954, 0xF48, 0x094, 0x0A2}},
    {0x768B, {0x000, 0x080, 0x3F8, 0x208, 0x3F8, 0x208, 0xFFE, 0x110, 0x248, 0xDF6, 0x040, 0x040}},
    {0x768E, {0x000, 0x410, 0xF7E, 0x900, 0x928, 0x928, 0xF44, 0x9AA, 0x928, 0x910, 0xF28, 0x0C6}},
    {0x7691, {0x000, 0x492, 0xE92, 0xAFE, 0xA00, 0xAFE, 0xE02, 0xA02, 0xAFE, 0xA80, 0xA82, 0xEFE}},
    {0x7693, {0x000, 0x450, 0xF7C, 0x990, 0x910, 0x9FE, 0xF00, 0x97C, 0x944, 0x944, 0xF44, 0x07C}},
    {0x7696, {0x000, 0x410, 0xEFE, 0xA82, 0xA7C, 0xA00, 0xEFE, 0xA28, 0xA28, 0xA2A, 0xE4A, 0x08E}},
    {0x7699, {0x000, 0x206, 0xF78, 0x240, 0x77E, 0xA48, 0x288, 0x7FC, 0x404, 0x7FC, 0x404, 0x7FC}},
    {0x76A4, {0x000, 0x40C, 0xEF2, 0xA54, 0xAFE, 0xA54, 0xE92, 0xAFE, 0xA92, 0xAFE, 0xE92, 0x0FE}},
    {0x76AE, {0x000, 0x020, 0x7FE, 0x422, 0x422, 0x7FC, 0x504, 0x488, 0x450, 0x420, 0x8D8, 0xB06}},
    {0x76B1, {0x000, 0x708, 0x97E, 0xF4A, 0x148, 0x17E, 0x152, 0xF52, 0x154, 0x148, 0x148, 0xFB6}},
    {0x76B2, {0x000, 0xFC8, 0x848, 0x23E, 0xFAA, 0x428, 0xA3E, 0xFA2, 0x234, 0x3A8, 0xE4C, 0x252}},
    {0x76B4, {0x000, 0x208, 0x4BE, 0xF6A, 0x528, 0x9BC, 0x424, 0x7B4, 0x8B4, 0x528, 0x248, 0xD54}},
    {0x76BF, {0x000, 0x7FC, 0x4A4, 0x4A4, 0x4A4, 0x4A4, 0x4A4, 0x4A4, 0x4A4, 0x4A4, 0x4A4, 0xFFE}},
    {0x76C2, {0x000, 0x7FC, 0x040, 0x040, 0xFFE, 0x040, 0x1C0, 0x000, 0x7FC, 0x4A4, 0x4A4, 0xFFE}},
    {0x76C5, {0x000, 0x040, 0x7FC, 0x444, 0x444, 0x444, 0x7FC, 0x040, 0x7FC, 0x4A4, 0x4A4, 0xFFE}},
    {0x76C6, {0x000, 0x0A0, 0x318, 0xC06, 0x7FC, 0x104, 0xE1C, 0x000, 0x7FC, 0x4A4, 0x4A4, 0xFFE}},
    {0x76C8, {0x000, 0x7FC, 0x204, 0x2E8, 0x22E, 0x4A2, 0x442, 0x9B6, 0x000, 0x7FC, 0x4A4, 0xFFE}},
    {0x76CA, {0x000, 0x208, 0x110, 0xFFE, 0x110, 0x208, 0x404, 0xFFE, 0x4A4, 0x4A4, 0x4A4, 0xFFE}},
    {0x76CD, {0x000, 0x040, 0x7FC, 0x040, 0xFFE, 0x088, 0x11C, 0x7E4, 0x000, 0x7FC, 0x4A4, 0xFFE}},
    {0x76CE, {0x000, 0x040, 0x7FC, 0x444, 0xFFE, 0x0A0, 0x318, 0xC06, 0x7FC, 0x4A4, 0x4A4, 0xFFE}},
    {0x76CF, {0x000, 0x088, 0xFFE, 0x040, 0xFFE, 0x028, 0x7F2, 0x00C, 0x7FC, 0x4A4, 0x4A4, 0xFFE}},
    {0x76D0, {0x000, 0x110, 0x7D0, 0x118, 0x1D6, 0xF10, 0x000, 0x7FC, 0x4A4, 0x4A4, 0x4A4, 0xFFE}},
    {0x76D1, {0x000, 0x120, 0x53C, 0x540, 0x550, 0x108, 0x000, 0x7FC, 0x4A4, 0x4A4, 0x4A4, 0xFFE}},
    {0x76D2, {0x000, 0x0E0, 0x318, 0xDF6, 0x000, 0x7FC, 0x404, 0x7FC, 0x000, 0x7FC, 0x4A4, 0xFFE}},
    {0x76D4, {0x000, 0x200, 0xFFE, 0x220, 0x2A8, 0x450, 0x488, 0x904, 0x7FC, 0x4A4, 0x4A4, 0xFFE}},
    {0x76D6, {0x000, 0x110, 0xFFE, 0x040, 0x7FC, 0x040, 0xFFE, 0x000, 0x7FC, 0x4A4, 0x4A4, 0xFFE}},
    {0x76D7, {0x000, 0x840, 0x47E, 0x092, 0x210, 0x428, 0x8C6, 0x000, 0x7FC, 0x4A4, 0x4A4, 0xFFE}},
    {0x76D8, {0x000, 0x040, 0x3FC, 0x244, 0x224, 0xFFE, 0x244, 0x42C, 0x000, 0x7FC, 0x4A4, 0xFFE}},
    {0x76DB, {0x000, 0x024, 0x7FE, 0x420, 0x7A4, 0x494, 0x58A, 0x816, 0x7FC, 0x4A4, 0x4A4, 0xFFE}},
    {0x76DF, {0x000, 0xF3E, 0x922, 0xF3E, 0x922, 0x93E, 0xF22, 0x046, 0x7FC, 0x4A4, 0x4A4, 0xFFE}},
    {0x76E5, {0x000, 0x240, 0xC46, 0xB5A, 0xD56, 0xA4A, 0xCC6, 0x802, 0x7FC, 0x4A4, 0x4A4, 0xFFE}},
    {0x76EE, {0x000, 0xFF8, 0x808, 0x808, 0xFF8, 0x808, 0x808, 0xFF8, 0x808, 0x808, 0x808, 0xFF8}},
    {0x76EF, {0x000, 0xF7E, 0x908, 0x908, 0xF08, 0x908, 0x908, 0xF08, 0x908, 0x908, 0xF08, 0x038}},
    {0x76F1, {0x000, 0x000, 0xF7C, 0x910, 0x910, 0xF10, 0x9FE, 0x910, 0xF10, 0x910, 0x910, 0xF30}},
    {0x76F2, {0x000, 0x040, 0xFFE, 0x400, 0x7FE, 0x404, 0x7FC, 0x404, 0x7FC, 0x404, 0x404, 0x7FC}},
    {0x76F4, {0x000, 0x040, 0xFFE, 0x040, 0x7FC, 0x404, 0x7FC, 0x404, 0x7FC, 0x404, 0x404, 0xFFE}},
    {0x76F8, {0x000, 0x23E, 0x222, 0xFA2, 0x23E, 0x222, 0x722, 0x6BE, 0xA22, 0x222, 0x222, 0x23E}},
    {0x76F9, {0x000, 0x010, 0xF1C, 0x970, 0x910, 0xF54, 0x954, 0x954, 0xF7C, 0x912, 0x912, 0xF0E}},
    {0x76FC, {0x000, 0xE48, 0xA48, 0xA84, 0xF02, 0xAFC, 0xA44, 0xE44, 0xA44, 0xA44, 0xE84, 0x09C}},
    {0x76FE, {0x000, 0x7FE, 0x420, 0x7FE, 0x420, 0x5FC, 0x504, 0x5FC, 0x504, 0x5FC, 0x904, 0x9FC}},
    {0x7701, {0x000, 0x248, 0x444, 0x852, 0x060, 0x3FC, 0xE04, 0x3FC, 0x204, 0x3FC, 0x204, 0x3FC}},
    {0x7704, {0x000, 0x07E, 0xF10, 0x910, 0x95E, 0xF52, 0x952, 0x952, 0xF7E, 0x902, 0x902, 0xF0E}},
    {0x7707, {0x000, 0x010, 0xF54, 0x954, 0x954, 0xF54, 0x992, 0x934, 0xF04, 0x908, 0x910, 0xF60}},
    {0x7708, {0x000, 0x020, 0xE20, 0xAFE, 0xAA2, 0xEA2, 0xA28, 0xA28, 0xE28, 0xA4A, 0xA4A, 0xE8E}},
    {0x7709, {0x000, 0x7FE, 0x442, 0x7FE, 0x400, 0x5FE, 0x502, 0x5FE, 0x502, 0x5FE, 0x902, 0x9FE}},
    {0x770B, {0x000, 0x7FC, 0x040, 0x7FC, 0x080, 0xFFE, 0x204, 0x7FC, 0xA04, 0x3FC, 0x204, 0x3FC}},
    {0x770D, {0x000, 0xF7E, 0x940, 0x964, 0xF54, 0x948, 0x948, 0xF54, 0x964, 0x944, 0x940, 0xF7E}},
    {0x7719, {0x000, 0xF20, 0x920, 0x944, 0xF4E, 0x9F2, 0x900, 0xF7C, 0x944, 0x944, 0x944, 0xF7C}},
    {0x771A, {0x000, 0x240, 0x240, 0x7FC, 0x840, 0x3F8, 0x040, 0xFFE, 0x208, 0x3F8, 0x208, 0x3F8}},
    {0x771F, {0x000, 0x040, 0xFFE, 0x040, 0x7FC, 0x404, 0x7FC, 0x404, 0x404, 0xFFE, 0x208, 0xC06}},
    {0x7720, {0x000, 0xF7E, 0x942, 0x942, 0xF7E, 0x948, 0x948, 0xF7E, 0x948, 0x94A, 0xF4A, 0x0E4}},
    {0x7722, {0x000, 0x43C, 0x7A4, 0x8AC, 0x522, 0x3FE, 0xE08, 0x3F8, 0x208, 0x3F8, 0x208, 0x3F8}},
    {0x7726, {0x000, 0x028, 0xEA8, 0xAA8, 0xAAA, 0xEBC, 0xAA8, 0xEA8, 0xAA8, 0xAAA, 0xEBA, 0x1EE}},
    {0x7728, {0x000, 0xE0E, 0xAF0, 0xA20, 0xE10, 0xAFE, 0xA02, 0xE04, 0xA08, 0xA10, 0xE60, 0x19E}},
    {0x7729, {0x000, 0x010, 0xF10, 0x9FE, 0x910, 0xF24, 0x944, 0x928, 0xF10, 0x914, 0x926, 0xF7A}},
    {0x772D, {0x000, 0xF10, 0x97C, 0x910, 0xF10, 0x9FE, 0x910, 0xF10, 0x97C, 0x910, 0x910, 0xFFE}},
    {0x772F, {0x000, 0xE10, 0xA92, 0xA54, 0xE10, 0xAFE, 0xA10, 0xE10, 0xA54, 0xA54, 0xE92, 0x092}},
    {0x7735, {0x000, 0xF20, 0x93C, 0x924, 0xFD8, 0x910, 0x968, 0xF0E, 0x912, 0x96C, 0x908, 0xF70}},
    {0x7736, {0x000, 0xEFE, 0xA80, 0xABE, 0xE88, 0xA88, 0xABE, 0xE88, 0xA88, 0xABE, 0xE80, 0x0FE}},
    {0x7737, {0x000, 0x150, 0x248, 0x7FC, 0x110, 0xFFE, 0x208, 0x7FC, 0xA0A, 0x3F8, 0x208, 0x3F8}},
    {0x7738, {0x000, 0x010, 0xF24, 0x97A, 0x900, 0xF28, 0x93E, 0x948, 0xF08, 0x97E, 0x908, 0xF08}},
    {0x773A, {0x000, 0xE28, 0xAAA, 0xA6C, 0xE28, 0xA28, 0xA6C, 0xEAA, 0xA28, 0xA2A, 0xE4A, 0x08E}},
    {0x773C, {0x000, 0xF7C, 0x944, 0x944, 0xF7C, 0x944, 0x944, 0xF7C, 0x948, 0x94A, 0xF44, 0x0F2}},
    {0x7740, {0x000, 0x110, 0xFFE, 0x040, 0x7FC, 0x040, 0xFFE, 0x204, 0x3FC, 0x604, 0xA04, 0x3FC}},
    {0x7741, {0x000, 0xE7C, 0xA84, 0xAFE, 0xE12, 0xA12, 0xBFE, 0xE12, 0xA12, 0xAFE, 0xE10, 0x030}},
    {0x7743, {0x000, 0xF20, 0x944, 0x9FE, 0xF28, 0x94A, 0x98E, 0xF20, 0x93C, 0x964, 0x918, 0xFE6}},
    {0x7747, {0x000, 0x044, 0xE28, 0xAFE, 0xA12, 0xE7E, 0xA90, 0xAFE, 0xE32, 0xA52, 0xB96, 0xE10}},
    {0x7750, {0x000, 0xF10, 0x9FE, 0x910, 0xF92, 0x954, 0x9FE, 0xF10, 0x938, 0x954, 0x992, 0xF10}},
    {0x7751, {0x000, 0xF10, 0x928, 0x944, 0xF82, 0x938, 0x900, 0xF12, 0x94A, 0x922, 0x904, 0xFFE}},
    {0x775A, {0x000, 0x0FE, 0xE90, 0xA90, 0xAFC, 0xE90, 0xAFE, 0xA90, 0xE90, 0xAFC, 0xB10, 0xEFE}},
    {0x775B, {0x000, 0x010, 0xEFE, 0xA10, 0xAFE, 0xE10, 0xAFE, 0xA54, 0xE54, 0xA7C, 0xA44, 0xE4C}},
    {0x7761, {0x000, 0xE0C, 0xA70, 0xA10, 0xEFE, 0xA54, 0xAFE, 0xE54, 0xA54, 0xAFE, 0xE10, 0x0FE}},
    {0x7762, {0x000, 0x024, 0xF48, 0x9FE, 0x948, 0xF48, 0x97E, 0x948, 0xF7E, 0x948, 0x948, 0xF7E}},
    {0x7763, {0x000, 0x3BE, 0x222, 0xF94, 0x208, 0xA94, 0x622, 0x7FC, 0x404, 0x7FC, 0x404, 0x7FC}},
    {0x7765, {0x000, 0x020, 0xEFE, 0xA92, 0xAFE, 0xE92, 0xAFE, 0xA20, 0xE48, 0xAFE, 0xA08, 0xE08}},
    {0x7766, {0x000, 0x010, 0xEFE, 0xA10, 0xAFE, 0xE2A, 0xACE, 0xA10, 0xEFE, 0xA10, 0xA10, 0xEFE}},
    {0x7768, {0x000, 0x020, 0xECE, 0xA82, 0xAEE, 0xE82, 0xAFE, 0xA28, 0xE28, 0xA2A, 0xA4A, 0xE8E}},
    {0x776B, {0x000, 0x020, 0xEFC, 0xA24, 0xBFE, 0xE24, 0xAFC, 0xA20, 0xE3C, 0xAA0, 0xAA0, 0xF7E}},
    {0x776C, {0x000, 0x00E, 0xEF0, 0xA92, 0xA54, 0xE10, 0xAFE, 0xA10, 0xE54, 0xA54, 0xA92, 0xE92}},
    {0x7779, {0x000, 0x020, 0xEFA, 0xA24, 0xA28, 0xFFE, 0xA24, 0xA7C, 0xEC4, 0xA7C, 0xA44, 0xE7C}},
    {0x777D, {0x000, 0x0E8, 0xF2C, 0x9AA, 0x944, 0xF82, 0x97C, 0x910, 0xFFE, 0x928, 0x944, 0xF82}},
    {0x777E, {0x000, 0x0C0, 0xFFE, 0x912, 0xFFE, 0x040, 0xFFE, 0x110, 0xFFE, 0x040, 0xFFE, 0x040}},
    {0x777F, {0x000, 0x078, 0x040, 0xFFE, 0x802, 0x1F0, 0x404, 0x8E2, 0x318, 0xFFE, 0x208, 0x3F8}},
    {0x7780, {0x000, 0xF88, 0x08E, 0x534, 0xFD4, 0x248, 0x614, 0xBFA, 0x208, 0x3F8, 0x208, 0x3F8}},
    {0x7784, {0x000, 0x044, 0xEFE, 0xA44, 0xA00, 0xEFE, 0xA92, 0xA92, 0xEFE, 0xA92, 0xA92, 0xEFE}},
    {0x7785, {0x000, 0xEE4, 0xA44, 0xA44, 0xEEE, 0xA44, 0xA44, 0xEE4, 0xB44, 0xA4A, 0xA4A, 0xE4A}},
    {0x778C, {0x000, 0xE10, 0xA7C, 0xA10, 0xEFE, 0xA20, 0xA28, 0xE44, 0xAFE, 0xAAA, 0xAAA, 0xFFE}},
    {0x778D, {0x000, 0x050, 0xF96, 0x912, 0x9D6, 0xF12, 0x9FE, 0x910, 0xFFC, 0x944, 0x938, 0xF66}},
    {0x778E, {0x000, 0x010, 0xEFE, 0xA92, 0xA10, 0xEFE, 0xA10, 0xAFE, 0xE00, 0xAFE, 0xA82, 0xEFE}},
    {0x7791, {0x000, 0x0FE, 0xE82, 0xA7C, 0xA44, 0xE7C, 0xA44, 0xA7C, 0xE10, 0xAFE, 0xA44, 0xE82}},
    {0x7792, {0x000, 0xE28, 0xAFE, 0xA28, 0xEFE, 0xA28, 0xAFE, 0xEAA, 0xAAA, 0xAD6, 0xE82, 0x086}},
    {0x779F, {0x000, 0xEFE, 0xA28, 0xAFE, 0xEAA, 0xAFE, 0xA00, 0xE7C, 0xA00, 0xAFE, 0xA54, 0xEB2}},
    {0x77A0, {0x000, 0x092, 0xE54, 0xAFE, 0xA82, 0xE7C, 0xA44, 0xA7C, 0xE10, 0xAFE, 0xA10, 0xEFE}},
    {0x77A2, {0x000, 0x208, 0xFFE, 0x208, 0x000, 0x000, 0x000, 0x000, 0x000, 0x000, 0x000, 0x000}},
    {0x77A5, {0x000, 0xA90, 0x21E, 0xFB4, 0xA94, 0xF88, 0xAB6, 0x7FC, 0x404, 0x7FC, 0x404, 0x7FC}},
    {0x77A7, {0x000, 0xE48, 0xABE, 0xB88, 0xEBE, 0xA88, 0xEBE, 0xA88, 0xABE, 0xE00, 0x154, 0x62A}},
    {0x77A9, {0x000, 0xEFE, 0xA82, 0xAFE, 0xE90, 0xAFE, 0xA92, 0xEFE, 0xA90, 0xAFE, 0xF52, 0x15A}},
    {0x77AA, {0x000, 0x0FE, 0xE54, 0xAAA, 0xA44, 0xEBA, 0xA00, 0xE7C, 0xA44, 0xA7C, 0xE28, 0x0FE}},
    {0x77AC, {0x000, 0x006, 0xEF8, 0xA54, 0xAFE, 0xE82, 0xA04, 0xEDE, 0xB54, 0xAD4, 0xEBE, 0x104}},
    {0x77B0, {0x000, 0x0E8, 0xE4E, 0xBEA, 0xAB2, 0xEEA, 0xAAA, 0xAEA, 0xEA4, 0xAE4, 0xBAA, 0xE2A}},
    {0x77B3, {0x000, 0xE10, 0xAFE, 0xA28, 0xEFE, 0xA54, 0xA7C, 0xE54, 0xA7C, 0xA10, 0xA10, 0xEFE}},
    {0x77B5, {0x000, 0xE92, 0xA54, 0xAFE, 0xE38, 0xAD6, 0xA44, 0xE7E, 0xA94, 0xB5E, 0xA24, 0xEC4}},
    {0x77BB, {0x000, 0xE7C, 0xA84, 0xAFE, 0xEAA, 0xAFE, 0xA80, 0xEBC, 0xA80, 0xAFE, 0xEC2, 0x17E}},
    {0x77BD, {0x000, 0xF88, 0x23E, 0xF88, 0x8BE, 0xFA2, 0x51C, 0xFA6, 0x404, 0x7FC, 0x404, 0x7FC}},
    {0x77BF, {0x000, 0xFBE, 0x8A2, 0xFBE, 0x8A2, 0xFBE, 0x220, 0x7FE, 0xC20, 0x7FE, 0x420, 0x7FE}},
    {0x77CD, {0x000, 0x7BC, 0x4A4, 0x4A4, 0x7FE, 0xC20, 0x7FE, 0x420, 0x7FE, 0x208, 0x1F0, 0xE0E}},
    {0x77D7, {0x000, 0x040, 0xFFE, 0x040, 0xBFC, 0xA04, 0xA04, 0xFFE, 0x252, 0xBDE, 0xA52, 0xFFE}},
    {0x77DB, {0x000, 0x7F8, 0x008, 0x1B0, 0x040, 0xFFE, 0x042, 0x0C4, 0x348, 0xC40, 0x040, 0x1C0}},
    {0x77DC, {0x000, 0xF88, 0x094, 0x522, 0x21C, 0xF80, 0x280, 0x6BE, 0x602, 0xA04, 0x204, 0x608}},
    {0x77E2, {0x000, 0x400, 0x7FC, 0x440, 0x840, 0x040, 0xFFE, 0x0A0, 0x0A0, 0x110, 0x208, 0xC06}},
    {0x77E3, {0x000, 0x100, 0x204, 0xFFA, 0x400, 0x7FC, 0x840, 0x040, 0xFFE, 0x0A0, 0x318, 0xC06}},
    {0x77E5, {0x000, 0x800, 0xFBE, 0xA22, 0xA22, 0x222, 0xFA2, 0x222, 0x222, 0x522, 0x4BE, 0x880}},
    {0x77E7, {0x000, 0x43A, 0x40A, 0x78A, 0x53A, 0x922, 0x122, 0xFFA, 0x10A, 0x28A, 0x44A, 0x832}},
    {0x77E9, {0x000, 0x87E, 0xF40, 0xA40, 0xA7C, 0x244, 0xFC4, 0x244, 0x27C, 0x540, 0x540, 0x87E}},
    {0x77EB, {0x000, 0x80E, 0xF70, 0xA10, 0xA7E, 0x224, 0xF66, 0x2A4, 0x224, 0x524, 0x524, 0x8A4}},
    {0x77EC, {0x000, 0x410, 0x454, 0x754, 0xA54, 0x2BA, 0xF92, 0x210, 0x27C, 0x510, 0x490, 0x8FE}},
    {0x77ED, {0x000, 0x43E, 0x780, 0xA3E, 0x222, 0x222, 0xFBE, 0x200, 0x222, 0x514, 0x480, 0x8BE}},
    {0x77EE, {0x000, 0x87C, 0xF10, 0xAFE, 0xA54, 0x292, 0xF10, 0x220, 0x2FE, 0x544, 0x538, 0x8C6}},
    {0x77F3, {0x000, 0xFFE, 0x080, 0x080, 0x100, 0x100, 0x3FC, 0x604, 0xA04, 0x204, 0x204, 0x3FC}},
    {0x77F6, {0x000, 0xFF8, 0x248, 0x248, 0x448, 0x748, 0xD48, 0x548, 0x548, 0x74A, 0x08A, 0x30E}},
    {0x77F8, {0x000, 0xFFC, 0x210, 0x210, 0x410, 0x790, 0xCFE, 0x490, 0x490, 0x490, 0x790, 0x010}},
    {0x77FD, {0x000, 0xF10, 0x41E, 0x422, 0x442, 0x722, 0xD12, 0x50C, 0x504, 0x508, 0x710, 0x060}},
    {0x77FE, {0x000, 0xFF8, 0x248, 0x248, 0x448, 0x768, 0xD58, 0x548, 0x548, 0x74A, 0x08A, 0x30E}},
    {0x77FF, {0x000, 0xF08, 0x47E, 0x440, 0x440, 0x740, 0xD40, 0x540, 0x540, 0x540, 0x780, 0x080}},
    {0x7800, {0x000, 0xF78, 0x208, 0x210, 0x420, 0x77E, 0xD2A, 0x52A, 0x54A, 0x592, 0x722, 0x04C}},
    {0x7801, {0x000, 0xF7C, 0x404, 0x424, 0x424, 0x724, 0xD7E, 0x502, 0x502, 0x57A, 0x702, 0x00E}},
    {0x7802, {0x000, 0xF90, 0x254, 0x254, 0x454, 0x792, 0xD10, 0x510, 0x502, 0x504, 0x718, 0x060}},
    {0x7809, {0x000, 0x040, 0x07C, 0x7C0, 0x040, 0x7FC, 0x040, 0xFFE, 0x100, 0x3F8, 0xD08, 0x1F8}},
    {0x780C, {0x000, 0xF5E, 0x44A, 0x44A, 0x46A, 0x7CA, 0xD4A, 0x54A, 0x54A, 0x552, 0x772, 0x016}},
    {0x780D, {0x000, 0xF40, 0x440, 0x47E, 0x442, 0x792, 0xD14, 0x510, 0x528, 0x528, 0x744, 0x082}},
    {0x7811, {0x000, 0x07E, 0xFA4, 0x224, 0x224, 0x424, 0xFFE, 0x48C, 0x494, 0x4A4, 0x7C4, 0x00C}},
    {0x7812, {0x000, 0xF48, 0x448, 0x44A, 0x44A, 0x77C, 0xD48, 0x548, 0x548, 0x54A, 0x77A, 0x0CE}},
    {0x7814, {0x000, 0xF7E, 0x424, 0x424, 0x424, 0x724, 0xD7E, 0x524, 0x524, 0x524, 0x744, 0x044}},
    {0x7816, {0x000, 0xF10, 0x47C, 0x410, 0x410, 0x77E, 0xD20, 0x57E, 0x504, 0x528, 0x710, 0x008}},
    {0x7817, {0x000, 0xF10, 0x2FE, 0x220, 0x428, 0x748, 0xD7E, 0x508, 0x57E, 0x508, 0x708, 0x008}},
    {0x7818, {0x000, 0xF90, 0x21E, 0x2F0, 0x410, 0x754, 0xD54, 0x554, 0x57C, 0x510, 0x712, 0x01E}},
    {0x781A, {0x000, 0xFBE, 0x422, 0x42A, 0x42A, 0x7AA, 0xCAA, 0x4AA, 0x4AA, 0x494, 0x794, 0x022}},
    {0x781C, {0x000, 0xFFC, 0x244, 0x264, 0x46C, 0x754, 0xD54, 0x56C, 0x564, 0x744, 0x082, 0x082}},
    {0x781D, {0x000, 0xF90, 0x210, 0x27C, 0x410, 0x710, 0xDFE, 0x520, 0x524, 0x544, 0x74E, 0x0F2}},
    {0x781F, {0x000, 0xFA0, 0x220, 0x23E, 0x450, 0x790, 0xC9C, 0x490, 0x490, 0x49C, 0x790, 0x010}},
    {0x7823, {0x000, 0xF90, 0x210, 0x2FE, 0x482, 0x720, 0xD24, 0x528, 0x530, 0x522, 0x722, 0x03E}},
    {0x7825, {0x000, 0xF7E, 0x448, 0x448, 0x448, 0x77E, 0xD48, 0x54A, 0x54A, 0x5E4, 0x700, 0x07C}},
    {0x7826, {0x000, 0x112, 0x5DC, 0x510, 0x5D2, 0xF1E, 0x000, 0xFFE, 0x200, 0x7FC, 0xA04, 0x3FC}},
    {0x7827, {0x000, 0xF10, 0x410, 0x41E, 0x410, 0x710, 0xD7E, 0x542, 0x542, 0x542, 0x542, 0x77E}},
    {0x7829, {0x000, 0xF50, 0x250, 0x2FC, 0x454, 0x7FC, 0xD50, 0x5FE, 0x552, 0x752, 0x096, 0x310}},
    {0x782C, {0x000, 0x008, 0x788, 0x27E, 0x200, 0x7A4, 0x6A4, 0xAA4, 0x294, 0x294, 0x294, 0x3FE}},
    {0x782D, {0x000, 0x00C, 0xF70, 0x410, 0x410, 0x77E, 0xD02, 0x504, 0x508, 0x550, 0x760, 0x09E}},
    {0x7830, {0x000, 0xF7E, 0x410, 0x452, 0x434, 0x710, 0xD7E, 0x510, 0x510, 0x510, 0x710, 0x010}},
    {0x7834, {0x000, 0xF88, 0x27E, 0x24A, 0x448, 0x77E, 0xD42, 0x562, 0x554, 0x548, 0x754, 0x0A2}},
    {0x7837, {0x000, 0xF10, 0x410, 0x4FE, 0x492, 0x692, 0xAFE, 0xA92, 0xA92, 0xAFE, 0xE10, 0x010}},
    {0x7838, {0x000, 0xEFE, 0x488, 0x488, 0x4BE, 0x6AA, 0xAAA, 0xAAA, 0xAAA, 0xAAE, 0xE88, 0x0FE}},
    {0x7839, {0x000, 0xFA8, 0x228, 0x2FE, 0x428, 0x700, 0xD44, 0x544, 0x528, 0x510, 0x728, 0x0C6}},
    {0x783A, {0x000, 0xF7E, 0x240, 0x240, 0x47E, 0x750, 0xD50, 0x55E, 0x552, 0x792, 0x0A2, 0x14C}},
    {0x783B, {0x000, 0x110, 0xFFE, 0x128, 0x232, 0xCDE, 0x000, 0xFFE, 0x100, 0x3FC, 0xD04, 0x1FC}},
    {0x783C, {0x000, 0xF90, 0x210, 0x228, 0x444, 0x782, 0xD00, 0x57C, 0x510, 0x510, 0x710, 0x0FE}},
    {0x783E, {0x000, 0xF0E, 0x4F0, 0x490, 0x490, 0x6FE, 0xA10, 0xA92, 0xA92, 0xA92, 0xE10, 0x070}},
    {0x7840, {0x000, 0xF88, 0x22A, 0x22A, 0x22A, 0x43E, 0x788, 0xCAA, 0x4AA, 0x4AA, 0x4AA, 0x7BE}},
    {0x7845, {0x000, 0xF10, 0x47C, 0x410, 0x410, 0x7FE, 0xD00, 0x510, 0x57C, 0x510, 0x710, 0x0FE}},
    {0x7847, {0x000, 0xF90, 0x220, 0x27E, 0x44A, 0x76A, 0xD52, 0x552, 0x56A, 0x54A, 0x742, 0x07E}},
    {0x784C, {0x000, 0xFA0, 0x23C, 0x244, 0x4A8, 0x710, 0xDEE, 0x500, 0x57C, 0x544, 0x744, 0x07C}},
    {0x784E, {0x000, 0xFF2, 0x4A2, 0x4AA, 0x6AA, 0xBFA, 0xAAA, 0xAAA, 0xAAA, 0xEAA, 0x122, 0x22E}},
    {0x7850, {0x000, 0xFFE, 0x282, 0x2BA, 0x482, 0x7BA, 0xCAA, 0x4AA, 0x4AA, 0x4BA, 0x782, 0x08E}},
    {0x7852, {0x000, 0xEFE, 0x428, 0x4FE, 0x4AA, 0x6AA, 0xAAA, 0xAAA, 0xAEE, 0xA82, 0xE82, 0x0FE}},
    {0x7855, {0x000, 0xFBE, 0x408, 0x43E, 0x422, 0x7A2, 0xCAA, 0x4AA, 0x4AA, 0x4AA, 0x794, 0x022}},
    {0x7856, {0x000, 0xF10, 0x2FE, 0x210, 0x492, 0x754, 0xD10, 0x5FE, 0x510, 0x528, 0x744, 0x082}},
    {0x7857, {0x000, 0xF20, 0x23C, 0x2E0, 0x428, 0x712, 0xDEE, 0x500, 0x5FE, 0x728, 0x04A, 0x18E}},
    {0x785D, {0x000, 0xFAA, 0x22A, 0x208, 0x43E, 0x7A2, 0xCBE, 0x4A2, 0x4BE, 0x4A2, 0x7A2, 0x026}},
    {0x786A, {0x000, 0xF28, 0x2CC, 0x24A, 0x448, 0x7FE, 0xD48, 0x56A, 0x5C6, 0x744, 0x04A, 0x1D2}},
    {0x786B, {0x000, 0xF10, 0x4FE, 0x410, 0x424, 0x77A, 0xD00, 0x554, 0x554, 0x554, 0x754, 0x086}},
    {0x786C, {0x000, 0xFFE, 0x410, 0x47C, 0x454, 0x77C, 0xD54, 0x57C, 0x510, 0x550, 0x720, 0x0DE}},
    {0x786D, {0x000, 0xF44, 0x2EE, 0x244, 0x410, 0x708, 0xDFE, 0x540, 0x540, 0x540, 0x740, 0x03C}},
    {0x786E, {0x000, 0xF3C, 0x444, 0x47E, 0x752, 0x57E, 0xD52, 0x552, 0x57E, 0x552, 0x752, 0x096}},
    {0x7877, {0x000, 0xF18, 0x424, 0x442, 0x400, 0x77E, 0xD00, 0x552, 0x552, 0x52A, 0x504, 0x77E}},
    {0x787C, {0x000, 0x0EE, 0xFAA, 0x4AA, 0x4EE, 0x7AA, 0xCAA, 0x4EE, 0x4AA, 0x4AA, 0x7AA, 0x0AA}},
    {0x7887, {0x000, 0xF10, 0x4FE, 0x482, 0x482, 0x77C, 0xD10, 0x510, 0x51C, 0x550, 0x750, 0x0BE}},
    {0x7889, {0x000, 0xF7E, 0x452, 0x47A, 0x452, 0x77E, 0xD52, 0x57A, 0x54A, 0x57A, 0x742, 0x04E}},
    {0x788C, {0x000, 0xF40, 0x47C, 0x444, 0x47C, 0x704, 0xDFE, 0x510, 0x5D6, 0x510, 0x754, 0x0B2}},
    {0x788D, {0x000, 0xF7C, 0x444, 0x47C, 0x444, 0x47C, 0x700, 0xDFE, 0x504, 0x5FE, 0x544, 0x70C}},
    {0x788E, {0x000, 0xF10, 0x4FE, 0x400, 0x444, 0x744, 0xDAA, 0x510, 0x5FE, 0x510, 0x710, 0x010}},
    {0x7891, {0x000, 0xF90, 0x23E, 0x22A, 0x43E, 0x72A, 0xD3E, 0x504, 0x524, 0x57E, 0x704, 0x004}},
    {0x7893, {0x000, 0xF24, 0x428, 0x47E, 0x4C8, 0x748, 0xD7E, 0x548, 0x57E, 0x548, 0x748, 0x07E}},
    {0x7897, {0x000, 0xF10, 0x4FE, 0x482, 0x440, 0x77E, 0xD5A, 0x59A, 0x55E, 0x528, 0x72A, 0x04E}},
    {0x7898, {0x000, 0xFA8, 0x228, 0x2FE, 0x4AA, 0x7AA, 0xCFE, 0x4AA, 0x4AA, 0x7FE, 0x044, 0x182}},
    {0x789A, {0x000, 0xF90, 0x210, 0x2FE, 0x444, 0x728, 0xDFE, 0x500, 0x57C, 0x544, 0x744, 0x07C}},
    {0x789B, {0x000, 0xF10, 0x2FE, 0x210, 0x47C, 0x710, 0xDFE, 0x544, 0x554, 0x554, 0x728, 0x0C6}},
    {0x789C, {0x000, 0xF10, 0x224, 0x27A, 0x410, 0x77E, 0xD24, 0x542, 0x518, 0x562, 0x70C, 0x070}},
    {0x789F, {0x000, 0x054, 0xEFE, 0x454, 0x45C, 0x740, 0x57E, 0xD10, 0x5FE, 0x538, 0x754, 0x092}},
    {0x78A1, {0x000, 0xF10, 0x2FE, 0x210, 0x47C, 0x710, 0xDFE, 0x554, 0x5FE, 0x554, 0x77E, 0x004}},
    {0x78A3, {0x000, 0x07C, 0xF44, 0x47C, 0x444, 0x77C, 0xD20, 0x57E, 0x5A2, 0x552, 0x77A, 0x004}},
    {0x78A5, {0x000, 0xFFE, 0x280, 0x2FC, 0x484, 0x7FC, 0xC80, 0x4FE, 0x4AA, 0x4FE, 0x7AA, 0x0AE}},
    {0x78A7, {0x000, 0xF88, 0x23E, 0xFA2, 0x222, 0xFBE, 0x000, 0xFFE, 0x100, 0x3FC, 0xE04, 0x3FC}},
    {0x78B0, {0x000, 0xF44, 0x428, 0x4FE, 0x428, 0x728, 0xDAA, 0x56C, 0x528, 0x528, 0x728, 0x0FE}},
    {0x78B1, {0x000, 0xF14, 0x410, 0x4FE, 0x490, 0xEF4, 0xA94, 0xAF4, 0xAA8, 0xAAA, 0xEEA, 0x114}},
    {0x78B2, {0x000, 0xF10, 0x2FE, 0x244, 0x428, 0x7FE, 0xD12, 0x57C, 0x554, 0x554, 0x75C, 0x010}},
    {0x78B3, {0x000, 0xF92, 0x492, 0x4FE, 0x410, 0x7FE, 0xD20, 0x52A, 0x55C, 0x548, 0x794, 0x0A2}},
    {0x78B4, {0x000, 0xE10, 0x4FE, 0x454, 0x492, 0x47C, 0xE44, 0xA7C, 0xA44, 0xA7C, 0xA00, 0xEFE}},
    {0x78B9, {0x000, 0xF10, 0x2FE, 0x2BA, 0x400, 0x77C, 0xD44, 0x57C, 0x544, 0x57C, 0x700, 0x0FE}},
    {0x78BE, {0x000, 0xF7E, 0x442, 0x47E, 0x440, 0x754, 0xD7E, 0x554, 0x57E, 0x554, 0x754, 0x0BA}},
    {0x78C1, {0x000, 0xF44, 0x4FE, 0x400, 0x488, 0x7AA, 0xDAA, 0x544, 0x544, 0x5AA, 0x7FE, 0x022}},
    {0x78C5, {0x000, 0xF10, 0x4FE, 0x444, 0x4FE, 0x782, 0xD10, 0x5FE, 0x520, 0x53E, 0x722, 0x04E}},
    {0x78C9, {0x000, 0xF7C, 0x224, 0x218, 0x4EE, 0x7AA, 0xD44, 0x5AA, 0x510, 0x5FE, 0x738, 0x0D6}},
    {0x78CA, {0x000, 0xFFE, 0x200, 0x7FC, 0xA04, 0x3FC, 0x000, 0xFBE, 0x208, 0x79E, 0xCB2, 0x79E}},
    {0x78CB, {0x000, 0xF28, 0x4FE, 0x410, 0x4FE, 0x710, 0xDFE, 0x520, 0x57E, 0x588, 0x708, 0x03E}},
    {0x78D0, {0x000, 0x11E, 0x7D2, 0x45E, 0xFF2, 0x54C, 0x8D2, 0xFFE, 0x100, 0x3FC, 0xE04, 0x3FC}},
    {0x78D4, {0x000, 0xF44, 0x47E, 0x494, 0x454, 0x72E, 0xD44, 0x510, 0x5FE, 0x554, 0x754, 0x092}},
    {0x78D5, {0x000, 0xF10, 0x47C, 0x410, 0x4FE, 0x744, 0xD82, 0x57C, 0x554, 0x554, 0x7FE, 0x000}},
    {0x78D9, {0x000, 0xF10, 0x2FE, 0x244, 0x492, 0x72C, 0xD74, 0x512, 0x534, 0x568, 0x7A4, 0x032}},
    {0x78E8, {0x000, 0x020, 0x7FE, 0x488, 0x7FE, 0x5DC, 0x6AA, 0x7FE, 0x480, 0x5FE, 0xB02, 0x9FE}},
    {0x78EC, {0x000, 0x7DC, 0x114, 0x7FE, 0x554, 0x7C8, 0x814, 0xFFE, 0x100, 0x3FC, 0xE04, 0x3FC}},
    {0x78F2, {0x000, 0xF5E, 0x230, 0x29E, 0x452, 0x71E, 0xD50, 0x59E, 0x510, 0x5FE, 0x754, 0x092}},
    {0x78F4, {0x000, 0x0E8, 0xF2C, 0x4AA, 0x444, 0x7BA, 0xD00, 0x57C, 0x544, 0x57C, 0x728, 0x0FE}},
    {0x78F7, {0x000, 0xF54, 0x410, 0x4FE, 0x410, 0x754, 0xD00, 0x56E, 0x5B4, 0x5FE, 0x724, 0x044}},
    {0x78FA, {0x000, 0xF28, 0x4FE, 0x428, 0x4FE, 0x700, 0x57C, 0xD54, 0x57C, 0x554, 0x77C, 0x082}},
    {0x7901, {0x000, 0xFA4, 0x27E, 0x2C8, 0x47E, 0x748, 0xD7E, 0x548, 0x57E, 0x500, 0x7AA, 0x0AA}},
    {0x7905, {0x000, 0xF44, 0x2F4, 0x2A6, 0x4EA, 0x71A, 0xDEA, 0x52A, 0x574, 0x5C4, 0x74A, 0x0CA}},
    {0x7913, {0x000, 0xFFE, 0x254, 0x27C, 0x454, 0x77C, 0xD00, 0x5FE, 0x554, 0x57C, 0x754, 0x0FE}},
    {0x791E, {0x000, 0xF44, 0x2EE, 0x244, 0x4FE, 0x782, 0x57C, 0xD28, 0x55A, 0x5B4, 0x754, 0x0A2}},
    {0x7924, {0x000, 0xF44, 0x2EE, 0x244, 0x46E, 0x7AA, 0xD44, 0x5BA, 0x500, 0x5FE, 0x754, 0x0B2}},
    {0x7934, {0x000, 0xF24, 0x2FE, 0x208, 0x47E, 0x72A, 0xDBE, 0x52A, 0x584, 0x73E, 0x084, 0x12C}},
    {0x793A, {0x000, 0x7FC, 0x000, 0x000, 0x000, 0xFFE, 0x040, 0x040, 0x444, 0x444, 0x842, 0x1C0}},
    {0x793B, {0x000, 0x040, 0x040, 0x7F8, 0x010, 0x020, 0x040, 0x0D8, 0x344, 0xC42, 0x040, 0x040}},
    {0x793C, {0x000, 0x210, 0xF90, 0x090, 0x090, 0x110, 0x210, 0x712, 0xA92, 0x212, 0x212, 0x21E}},
    {0x793E, {0x000, 0x208, 0xF88, 0x088, 0x13E, 0x108, 0x208, 0x708, 0xA88, 0x208, 0x208, 0x23E}},
    {0x7940, {0x000, 0xFBE, 0x022, 0x022, 0xFA2, 0x222, 0xABE, 0xAA0, 0xAA0, 0xAA2, 0xAA2, 0x23E}},
    {0x7941, {0x000, 0x23C, 0xFA4, 0x0A4, 0x128, 0x224, 0x722, 0xAA2, 0x222, 0x22C, 0x220, 0x220}},
    {0x7946, {0x000, 0xF7C, 0x010, 0x010, 0xF90, 0x27C, 0xA10, 0xA90, 0xAA8, 0xA28, 0x244, 0x282}},
    {0x7948, {0x000, 0x40C, 0xE70, 0x240, 0x240, 0x47E, 0x648, 0xC48, 0x448, 0x448, 0x488, 0x488}},
    {0x7949, {0x000, 0x410, 0xE90, 0x290, 0x290, 0x49E, 0x690, 0xC90, 0x490, 0x490, 0x490, 0x5FE}},
    {0x7953, {0x000, 0xF94, 0x012, 0x07E, 0xF90, 0x210, 0xA94, 0xAB4, 0xAA8, 0xA48, 0xA14, 0x222}},
    {0x7956, {0x000, 0x47C, 0xE44, 0x244, 0x27C, 0x444, 0x644, 0xD7C, 0x444, 0x444, 0x444, 0x4FE}},
    {0x7957, {0x000, 0xF06, 0x078, 0x048, 0xF48, 0x27E, 0xA48, 0xA48, 0xA44, 0xA76, 0xAC2, 0x23C}},
    {0x795A, {0x000, 0xF90, 0x01E, 0x028, 0xFA8, 0x24E, 0xA88, 0xA88, 0xA8E, 0xA88, 0xA88, 0x208}},
    {0x795B, {0x000, 0x708, 0x008, 0xF9C, 0x208, 0xABE, 0xA88, 0xA88, 0xA90, 0xA94, 0x21E, 0x272}},
    {0x795C, {0x000, 0xF88, 0x008, 0x008, 0xFBE, 0x208, 0xA88, 0xABE, 0xAA2, 0xAA2, 0x222, 0x23E}},
    {0x795D, {0x000, 0x4FC, 0xE84, 0x284, 0x284, 0x4FC, 0x648, 0xD48, 0x448, 0x48A, 0x48A, 0x50E}},
    {0x795E, {0x000, 0x208, 0xFBE, 0x0AA, 0x0AA, 0x13E, 0x2AA, 0x6AA, 0xA3E, 0x208, 0x208, 0x208}},
    {0x795F, {0x000, 0x444, 0x7FC, 0x842, 0xFFE, 0x000, 0x7FC, 0x000, 0xFFE, 0x040, 0x248, 0xCC6}},
    {0x7960, {0x000, 0xFBE, 0x002, 0x03A, 0xF82, 0x202, 0xABA, 0xAAA, 0xAAA, 0xABA, 0xA82, 0x20E}},
    {0x7962, {0x000, 0xF20, 0x020, 0x03E, 0xF4A, 0x208, 0xAAC, 0xAAA, 0xACA, 0xA8A, 0xA08, 0x218}},
    {0x7965, {0x000, 0x444, 0xE28, 0x2FE, 0x210, 0x210, 0x4FE, 0x610, 0xD10, 0x4FE, 0x410, 0x410}},
    {0x7967, {0x000, 0xF28, 0x028, 0x0AA, 0xF6C, 0x268, 0xA2C, 0xA6A, 0xAA8, 0xA28, 0x24A, 0x38E}},
    {0x7968, {0x000, 0xFFE, 0x0A0, 0x7FC, 0x4A4, 0x7FC, 0x000, 0x7FC, 0x000, 0xFFE, 0x248, 0xCC6}},
    {0x796D, {0x000, 0x7AE, 0x4A2, 0xA94, 0x508, 0x204, 0xDFA, 0x000, 0x7FC, 0x040, 0x248, 0xCC6}},
    {0x796F, {0x000, 0x410, 0x21E, 0xF90, 0x17E, 0x242, 0x752, 0xAD2, 0x252, 0x210, 0x224, 0x2C2}},
    {0x7977, {0x000, 0x420, 0xEFE, 0x220, 0x2FE, 0x420, 0x6FE, 0xC44, 0x4FE, 0x444, 0x4A4, 0x40C}},
    {0x7978, {0x000, 0x47C, 0xE44, 0x244, 0x27C, 0x410, 0x6FE, 0xD92, 0x4AA, 0x4C6, 0x482, 0x486}},
    {0x797A, {0x000, 0xF24, 0x07E, 0x024, 0xFBC, 0x224, 0xABC, 0xAA4, 0xAFE, 0xA80, 0x224, 0x242}},
    {0x7980, {0x000, 0x040, 0xFFE, 0x514, 0x5F4, 0x404, 0x7FC, 0x000, 0xFFE, 0x040, 0x248, 0xCC6}},
    {0x7981, {0x000, 0x208, 0xFBE, 0x71C, 0xAAA, 0x208, 0x7FC, 0x000, 0xFFE, 0x040, 0x248, 0xCC6}},
    {0x7984, {0x000, 0x4FC, 0xE04, 0x2FC, 0x204, 0x5FE, 0x610, 0xC92, 0x454, 0x410, 0x454, 0x4B2}},
    {0x7985, {0x000, 0x452, 0xE04, 0x2FE, 0x292, 0x4FE, 0x492, 0xEFE, 0x410, 0x4FE, 0x410, 0x410}},
    {0x798A, {0x000, 0xF5E, 0x0EA, 0x04A, 0xFEA, 0x24A, 0xAF2, 0xA56, 0xA10, 0xAFE, 0xA28, 0x2C6}},
    {0x798F, {0x000, 0x4FE, 0xE00, 0x2FE, 0x282, 0x4FE, 0x600, 0xCFE, 0x492, 0x4FE, 0x492, 0x4FE}},
    {0x799A, {0x000, 0xF22, 0x014, 0xFBE, 0x208, 0xABE, 0xA88, 0xA88, 0xABE, 0xA80, 0xA54, 0x28A}},
    {0x79A7, {0x000, 0xF10, 0x0FE, 0x010, 0xFFE, 0x244, 0xA44, 0xA7C, 0xA28, 0xAFE, 0xA44, 0x27C}},
    {0x79B3, {0x000, 0xF10, 0x0FE, 0x054, 0xFFC, 0x228, 0xB7C, 0xB28, 0xAFE, 0xA2A, 0xAC4, 0x272}},
    {0x79B9, {0x000, 0x00E, 0xFF0, 0x040, 0x7FC, 0x444, 0x7FC, 0x040, 0xFFE, 0x852, 0xBEA, 0x806}},
    {0x79BA, {0x000, 0x7FC, 0x444, 0x7FC, 0x444, 0x7FC, 0x040, 0xFFE, 0x892, 0x912, 0xBEA, 0x806}},
    {0x79BB, {0x000, 0x040, 0xFFE, 0x110, 0x4E4, 0x514, 0x7FC, 0x080, 0xFFE, 0x912, 0xBEA, 0x80E}},
    {0x79BD, {0x000, 0x040, 0x1B0, 0xE4E, 0x3F8, 0x514, 0x4E4, 0x514, 0xFFE, 0x912, 0xBEA, 0x806}},
    {0x79BE, {0x000, 0x038, 0x3C0, 0x040, 0x040, 0xFFE, 0x0E0, 0x150, 0x248, 0x444, 0x842, 0x040}},
    {0x79C0, {0x000, 0x7FC, 0x040, 0xFFE, 0x150, 0x248, 0xC46, 0x7F8, 0x108, 0x10E, 0x202, 0xC0E}},
    {0x79C1, {0x000, 0x190, 0xE10, 0x210, 0xF90, 0x220, 0x220, 0x724, 0x6A4, 0xA42, 0x24E, 0x2F2}},
    {0x79C3, {0x000, 0x01C, 0x3E0, 0x040, 0xFFE, 0x150, 0x248, 0xC46, 0x1F0, 0x112, 0x112, 0xE1E}},
    {0x79C6, {0x000, 0x1BE, 0xE08, 0x208, 0x208, 0xF88, 0x23E, 0x608, 0x708, 0xA88, 0x208, 0x208}},
    {0x79C9, {0x000, 0x00C, 0x7F0, 0x040, 0x7FC, 0x044, 0xFFE, 0x044, 0x7FC, 0x150, 0x248, 0xC46}},
    {0x79CB, {0x000, 0x190, 0xE10, 0x254, 0xFD4, 0x254, 0x210, 0x728, 0x6A8, 0xA44, 0x244, 0x282}},
    {0x79CD, {0x000, 0x610, 0xC10, 0x4FE, 0xE92, 0x492, 0x492, 0xEFE, 0xD10, 0x410, 0x410, 0x410}},
    {0x79D1, {0x000, 0x184, 0xE24, 0x214, 0xF84, 0x224, 0x214, 0x706, 0x69C, 0xA64, 0x204, 0x204}},
    {0x79D2, {0x000, 0x310, 0xE54, 0x254, 0xF54, 0x292, 0x710, 0x6B4, 0xA04, 0x208, 0x210, 0x260}},
    {0x79D5, {0x000, 0x348, 0xE48, 0x248, 0xF4A, 0x26C, 0x648, 0x748, 0xA48, 0x24A, 0x26A, 0x2CE}},
    {0x79D8, {0x000, 0x620, 0xC14, 0x414, 0xE24, 0x424, 0x4A8, 0xEAA, 0xCB2, 0x52A, 0x468, 0x4B8}},
    {0x79DF, {0x000, 0x37C, 0xE44, 0x244, 0xF7C, 0x244, 0x244, 0x77C, 0x644, 0xA44, 0x244, 0x2FE}},
    {0x79E3, {0x000, 0x310, 0xE10, 0x2FE, 0xF10, 0x210, 0x67C, 0x710, 0xA38, 0x254, 0x292, 0x210}},
    {0x79E4, {0x000, 0x33E, 0xE08, 0x22A, 0xFAA, 0x22A, 0x208, 0x73E, 0x688, 0xA08, 0x208, 0x208}},
    {0x79E6, {0x000, 0x040, 0xFFE, 0x080, 0x7FC, 0x110, 0xFFE, 0x2E8, 0x444, 0xBFA, 0x150, 0x64C}},
    {0x79E7, {0x000, 0x310, 0xE7C, 0x254, 0xF54, 0x254, 0x754, 0x6FE, 0xA28, 0x228, 0x244, 0x282}},
    {0x79E9, {0x000, 0x310, 0xE50, 0x27C, 0xF90, 0x210, 0x2FE, 0x710, 0x628, 0xA28, 0x244, 0x282}},
    {0x79EB, {0x000, 0x128, 0xE24, 0x220, 0x2FE, 0xF20, 0x2A8, 0x6A8, 0x7A8, 0xAAA, 0x32E, 0x220}},
    {0x79ED, {0x000, 0x188, 0xE0E, 0x238, 0xFA8, 0x248, 0x67E, 0x70A, 0xA9A, 0xA2A, 0x24E, 0x208}},
    {0x79EF, {0x000, 0x100, 0xE7C, 0x244, 0xF44, 0x244, 0x244, 0x77C, 0x600, 0xA44, 0x244, 0x282}},
    {0x79F0, {0x000, 0x1A0, 0xE3E, 0x222, 0xFA8, 0x248, 0x22A, 0x72A, 0x6AA, 0xA2A, 0x208, 0x218}},
    {0x79F8, {0x000, 0x610, 0xCFE, 0x410, 0xE10, 0x4FE, 0x400, 0xEFE, 0xC82, 0x482, 0x482, 0x4FE}},
    {0x79FB, {0x000, 0x320, 0xE3C, 0x244, 0xFA8, 0x210, 0x760, 0x69E, 0xA22, 0x254, 0x208, 0x270}},
    {0x79FD, {0x000, 0x292, 0xC92, 0x4FE, 0x410, 0xF3E, 0x442, 0x4A2, 0xE14, 0x508, 0x410, 0x4E0}},
    {0x7A00, {0x000, 0x366, 0xE18, 0x266, 0xF90, 0x27E, 0x228, 0x77E, 0x6AA, 0xA2A, 0x22E, 0x208}},
    {0x7A02, {0x000, 0x310, 0xE7C, 0x244, 0xFFC, 0x244, 0x67C, 0x752, 0xAD4, 0xA48, 0x274, 0x2C2}},
    {0x7A03, {0x000, 0x30E, 0xE74, 0x252, 0xF88, 0x23E, 0x704, 0x688, 0xAFE, 0xA08, 0x208, 0x238}},
    {0x7A06, {0x000, 0x1BC, 0xE24, 0x224, 0xFA4, 0x23C, 0x600, 0x77E, 0xAC2, 0xA42, 0x242, 0x27E}},
    {0x7A0B, {0x000, 0x37C, 0xE44, 0x244, 0xF7C, 0x200, 0x2FE, 0x710, 0x6FE, 0xA10, 0x210, 0x2FE}},
    {0x7A0D, {0x000, 0x692, 0xC54, 0x410, 0xEFE, 0x482, 0x4FE, 0xE82, 0xCFE, 0x482, 0x482, 0x48E}},
    {0x7A0E, {0x000, 0x344, 0xE28, 0x27C, 0xFC4, 0x244, 0x27C, 0x728, 0x6A8, 0xA2A, 0x24A, 0x28E}},
    {0x7A14, {0x000, 0x390, 0xE28, 0x2C6, 0xFB8, 0x200, 0x77C, 0x684, 0xA08, 0x220, 0x2AA, 0x2BA}},
    {0x7A17, {0x000, 0x620, 0xCFE, 0x492, 0xEFE, 0x492, 0x4FE, 0xE08, 0xC48, 0x5FE, 0x408, 0x408}},
    {0x7A1A, {0x000, 0x324, 0xE28, 0x27E, 0xF48, 0x2C8, 0x27E, 0x748, 0x67E, 0xA48, 0x248, 0x27E}},
    {0x7A1E, {0x000, 0x17C, 0xE54, 0x27C, 0xFD4, 0x27C, 0x610, 0x6FE, 0xB38, 0xA54, 0x292, 0x210}},
    {0x7A20, {0x000, 0x3FE, 0xE92, 0x2BA, 0xF92, 0x2BA, 0x692, 0x782, 0xABA, 0x2AA, 0x2BA, 0x286}},
    {0x7A23, {0x000, 0x406, 0x738, 0x908, 0xFBE, 0xA88, 0xF98, 0xA9C, 0xFAA, 0x02A, 0x188, 0xE08}},
    {0x7A33, {0x000, 0x13C, 0xE44, 0x2FE, 0xF02, 0x2FE, 0x202, 0x7FE, 0x600, 0xA54, 0x2CA, 0x37A}},
    {0x7A37, {0x000, 0x37C, 0xE54, 0x27C, 0xF54, 0x27C, 0x72A, 0x6CE, 0xA3C, 0x264, 0x218, 0x2E6}},
    {0x7A39, {0x000, 0x14C, 0xE70, 0x242, 0xF3E, 0x224, 0x6BC, 0x7A4, 0xABC, 0xAA4, 0x2FE, 0x244}},
    {0x7A3B, {0x000, 0x37E, 0xE54, 0x28A, 0xF00, 0x266, 0x642, 0x742, 0xA66, 0x242, 0x242, 0x27E}},
    {0x7A3C, {0x000, 0x110, 0xEFE, 0x282, 0xF7C, 0x210, 0x76A, 0x61C, 0xA6C, 0x21A, 0x268, 0x230}},
    {0x7A3D, {0x000, 0x624, 0xCFE, 0x448, 0xE8E, 0x4F8, 0x482, 0xEFE, 0xC44, 0x47C, 0x444, 0x47C}},
    {0x7A3F, {0x000, 0x610, 0xCFE, 0x444, 0xE7C, 0x400, 0x4FE, 0xE82, 0xCBA, 0x4AA, 0x4BA, 0x486}},
    {0x7A46, {0x000, 0x320, 0xEFE, 0x282, 0xFFE, 0x210, 0x29A, 0x770, 0x604, 0xA78, 0x202, 0x27C}},
    {0x7A51, {0x000, 0x310, 0xEFE, 0x292, 0xF54, 0x2FE, 0x600, 0x7FE, 0xAAA, 0xABA, 0x282, 0x2FE}},
    {0x7A57, {0x000, 0x310, 0xEFE, 0x254, 0xF7C, 0x254, 0x67C, 0x714, 0xAFA, 0x208, 0x2A2, 0x2BC}},
    {0x7A70, {0x000, 0x310, 0xEFE, 0x254, 0xF7C, 0x228, 0x77C, 0x628, 0xAFE, 0xA2A, 0x2C4, 0x272}},
    {0x7A74, {0x000, 0x040, 0xFFE, 0x802, 0x802, 0x912, 0x110, 0x110, 0x208, 0x208, 0x404, 0x802}},
    {0x7A76, {0x000, 0x040, 0xFFE, 0x8A2, 0x124, 0x63C, 0x080, 0xFF8, 0x088, 0x08A, 0x10A, 0xE0E}},
    {0x7A77, {0x000, 0x040, 0xFFE, 0x912, 0x60C, 0x882, 0x7FC, 0x084, 0x104, 0x104, 0x204, 0xC1C}},
    {0x7A78, {0x000, 0x040, 0xFFE, 0x8A2, 0x124, 0x63C, 0x080, 0x0F8, 0x708, 0x090, 0x060, 0xF80}},
    {0x7A79, {0x000, 0x040, 0xFFE, 0x8A2, 0x73C, 0x000, 0xFFC, 0x004, 0x7FE, 0x002, 0x002, 0x01E}},
    {0x7A7A, {0x000, 0x040, 0xFFE, 0x8A2, 0x8A2, 0x124, 0x63C, 0x000, 0x7FC, 0x040, 0x040, 0xFFE}},
    {0x7A7F, {0x000, 0x040, 0xFFE, 0x8A2, 0x73C, 0x000, 0x7FC, 0x408, 0xFFE, 0x028, 0x0C8, 0x718}},
    {0x7A80, {0x000, 0x040, 0xFFE, 0x922, 0x6A4, 0x0FC, 0xF80, 0x488, 0x488, 0x7F8, 0x082, 0x07E}},
    {0x7A81, {0x000, 0x040, 0xFFE, 0x8A2, 0x124, 0x63C, 0x040, 0xFFE, 0x0A0, 0x110, 0x208, 0xC06}},
    {0x7A83, {0x000, 0x040, 0xFFE, 0x8A2, 0x0A4, 0x73C, 0x000, 0x43E, 0xF92, 0x412, 0x492, 0x7A6}},
    {0x7A84, {0x000, 0x040, 0xFFE, 0x922, 0x63C, 0x100, 0x1FE, 0x280, 0x4FC, 0x080, 0x0FC, 0x080}},
    {0x7A86, {0x000, 0x040, 0xFFE, 0x922, 0x624, 0x3DC, 0x040, 0x7F8, 0x008, 0x430, 0x6C0, 0x9FE}},
    {0x7A88, {0x000, 0x040, 0xFFE, 0x8A2, 0x73C, 0x000, 0x410, 0x57E, 0xD12, 0x212, 0x4A2, 0xF46}},
    {0x7A8D, {0x000, 0x040, 0xFFE, 0x912, 0x60C, 0x802, 0x77C, 0x220, 0x27E, 0x302, 0xE02, 0x03C}},
    {0x7A91, {0x000, 0x040, 0xFFE, 0x912, 0x208, 0xE06, 0x3FC, 0x440, 0xFFE, 0x040, 0x444, 0x7FC}},
    {0x7A92, {0x000, 0x040, 0xFFE, 0x8A2, 0x318, 0xFFE, 0x108, 0x7F4, 0x040, 0x7FC, 0x040, 0xFFE}},
    {0x7A95, {0x000, 0x040, 0xFFE, 0x8A2, 0x73C, 0x000, 0xCA6, 0x0A0, 0x2A8, 0xCA6, 0x122, 0xE3E}},
    {0x7A96, {0x000, 0x040, 0xFFE, 0x912, 0x65C, 0x3FC, 0x440, 0xFFE, 0x040, 0x7FC, 0x404, 0x7FC}},
    {0x7A97, {0x000, 0x040, 0xFFE, 0x912, 0x61C, 0x080, 0x7FC, 0x494, 0x714, 0x4E4, 0x514, 0x7FC}},
    {0x7A98, {0x000, 0x040, 0xFFE, 0x912, 0x7FC, 0x084, 0xFFE, 0x104, 0x7FE, 0x302, 0xD02, 0x1FE}},
    {0x7A9C, {0x000, 0x040, 0xFFE, 0x912, 0x208, 0xC46, 0x3F8, 0x248, 0x7FC, 0x444, 0x7FC, 0x040}},
    {0x7A9D, {0x000, 0x040, 0xFFE, 0xA0A, 0x7FC, 0xA0A, 0x3F8, 0x040, 0xFFE, 0x8A2, 0x8A2, 0x916}},
    {0x7A9F, {0x000, 0x040, 0xFFE, 0x8A2, 0x124, 0x7FE, 0x402, 0x7FE, 0x524, 0x5FC, 0xA22, 0xBFE}},
    {0x7AA0, {0x000, 0x040, 0xFFC, 0x924, 0x3FA, 0xE4E, 0x3F8, 0x248, 0xFFE, 0x150, 0x248, 0xC46}},
    {0x7AA5, {0x000, 0x040, 0xFFE, 0xA0A, 0x404, 0xA7E, 0x744, 0x254, 0x754, 0x254, 0x528, 0x8C4}},
    {0x7AA6, {0x000, 0x040, 0xFFE, 0xA4A, 0x5F4, 0x040, 0xFFE, 0x522, 0x2A0, 0xFFE, 0x090, 0x70E}},
    {0x7AA8, {0x000, 0x040, 0xFFE, 0x912, 0x64C, 0x3F8, 0x110, 0xFFE, 0x208, 0x3F8, 0x208, 0x3F8}},
    {0x7AAC, {0x000, 0x040, 0xFFE, 0x952, 0x6AE, 0x318, 0xCF6, 0x792, 0x4A4, 0x7C8, 0x4A4, 0x592}},
    {0x7AAD, {0x000, 0x040, 0xFFE, 0x912, 0x64C, 0x150, 0xFFE, 0x248, 0xC46, 0x7FC, 0x110, 0x6EC}},
    {0x7AB3, {0x000, 0x080, 0xFFC, 0x924, 0x222, 0xC9E, 0x774, 0x554, 0x554, 0x554, 0x554, 0xBBA}},
    {0x7ABF, {0x000, 0x040, 0xFFE, 0x922, 0x23C, 0xEC4, 0xA38, 0xCD6, 0xA50, 0xABC, 0xE10, 0x8FE}},
    {0x7ACB, {0x000, 0x040, 0xFFE, 0x000, 0x208, 0x208, 0x108, 0x110, 0x110, 0x110, 0x020, 0xFFE}},
    {0x7AD6, {0x000, 0x97E, 0x942, 0x924, 0x918, 0x966, 0x000, 0x040, 0xFFE, 0x208, 0x110, 0xFFE}},
    {0x7AD9, {0x000, 0x208, 0x208, 0xF8E, 0x008, 0x888, 0x888, 0x4BE, 0x522, 0x522, 0x1A2, 0xE3E}},
    {0x7ADE, {0x000, 0x040, 0x7FC, 0x208, 0xFFE, 0x000, 0x7FC, 0x404, 0x7FC, 0x0A0, 0x122, 0xE3E}},
    {0x7ADF, {0x000, 0x040, 0x7FC, 0x110, 0xFFE, 0x404, 0x7FC, 0x404, 0x7FC, 0x120, 0x222, 0xC3E}},
    {0x7AE0, {0x000, 0x040, 0x7FC, 0x110, 0xFFE, 0x404, 0x7FC, 0x404, 0x7FC, 0x040, 0xFFE, 0x040}},
    {0x7AE3, {0x000, 0x420, 0x444, 0xEFA, 0x02A, 0xACE, 0xA20, 0xA3C, 0xAC4, 0x328, 0xC10, 0x0EE}},
    {0x7AE5, {0x000, 0x040, 0x7FC, 0x110, 0xFFE, 0x444, 0x7FC, 0x444, 0x7FC, 0x040, 0x040, 0xFFE}},
    {0x7AE6, {0x000, 0x410, 0x4FE, 0xE10, 0x07C, 0xA54, 0xA54, 0xA7C, 0xA10, 0xA38, 0x354, 0xC92}},
    {0x7AED, {0x000, 0x07C, 0x444, 0x47C, 0xF44, 0x07C, 0xA20, 0xAFE, 0xA4A, 0x34A, 0xC56, 0x07E}},
    {0x7AEF, {0x000, 0x492, 0xE92, 0x0FE, 0xA00, 0xAFE, 0xA10, 0xAFE, 0x2AA, 0x4AA, 0xEAA, 0x086}},
    {0x7AF9, {0x000, 0x420, 0x420, 0x7BE, 0xA48, 0xA48, 0x208, 0x208, 0x208, 0x208, 0x208, 0x238}},
    {0x7AFA, {0x000, 0x420, 0x7BE, 0xA48, 0x000, 0x000, 0x000, 0x7FC, 0x000, 0x000, 0x000, 0xFFE}},
    {0x7AFD, {0x000, 0x420, 0x7BE, 0x948, 0x000, 0x7FC, 0x040, 0x040, 0xFFE, 0x040, 0x040, 0x0C0}},
    {0x7AFF, {0x000, 0x420, 0x7BE, 0xA48, 0x000, 0x7FC, 0x040, 0x040, 0xFFE, 0x040, 0x040, 0x040}},
    {0x7B03, {0x000, 0x420, 0x7BE, 0x548, 0x804, 0x7F0, 0x010, 0x210, 0x3FE, 0x002, 0x7E2, 0x00E}},
    {0x7B04, {0x000, 0x420, 0x7BE, 0x548, 0x804, 0x7FC, 0x110, 0x110, 0xFFE, 0x110, 0x210, 0xC10}},
    {0x7B06, {0x000, 0x420, 0x7BE, 0xA48, 0x000, 0xFFE, 0x842, 0x842, 0xFFE, 0x800, 0x802, 0xFFE}},
    {0x7B08, {0x000, 0x420, 0x7BE, 0x948, 0x084, 0xFF0, 0x210, 0x3FC, 0x284, 0x248, 0x430, 0x9CE}},
    {0x7B0A, {0x000, 0x420, 0x7BE, 0xA48, 0x002, 0x7FC, 0x448, 0x448, 0x448, 0x444, 0x444, 0x842}},
    {0x7B0B, {0x000, 0x420, 0x7BE, 0xA48, 0xFFC, 0x084, 0xFFE, 0x084, 0xFFC, 0x100, 0x200, 0xC00}},
    {0x7B0F, {0x000, 0x420, 0x7BE, 0xA48, 0x104, 0x400, 0x7FC, 0x524, 0x924, 0x244, 0x244, 0x49C}},
    {0x7B11, {0x000, 0x420, 0x7BE, 0xA44, 0x006, 0x7F8, 0x040, 0x040, 0xFFE, 0x0A0, 0x318, 0xC06}},
    {0x7B14, {0x000, 0x420, 0x7BE, 0xA48, 0x03C, 0x7C0, 0x078, 0x3C0, 0x07E, 0xFC0, 0x042, 0x07E}},
    {0x7B15, {0x000, 0x420, 0x7BE, 0xA48, 0x104, 0x3F8, 0x208, 0x248, 0x248, 0x0A2, 0x122, 0xE3E}},
    {0x7B19, {0x000, 0x420, 0x7BE, 0x948, 0x000, 0x440, 0x7FC, 0x840, 0x7FC, 0x040, 0x040, 0xFFE}},
    {0x7B1B, {0x000, 0x420, 0x7BE, 0xA48, 0x040, 0x7FC, 0x444, 0x444, 0x7FC, 0x444, 0x444, 0x7FC}},
    {0x7B1E, {0x000, 0x420, 0x7BE, 0xA48, 0x100, 0x204, 0xFFA, 0x000, 0x7FC, 0x404, 0x404, 0x7FC}},
    {0x7B20, {0x000, 0x420, 0x7BE, 0xA48, 0x104, 0x040, 0x7FC, 0x000, 0x208, 0x208, 0x010, 0xFFE}},
    {0x7B24, {0x000, 0x420, 0x7BE, 0x948, 0x000, 0x7FC, 0x084, 0x718, 0x000, 0x3FC, 0x204, 0x3FC}},
    {0x7B25, {0x000, 0x420, 0x7BE, 0xA48, 0xFFE, 0x002, 0x7FA, 0x002, 0x7F2, 0x412, 0x7F2, 0x00E}},
    {0x7B26, {0x000, 0x420, 0x7BE, 0x948, 0x200, 0x208, 0x5FE, 0x408, 0xC88, 0x448, 0x408, 0x438}},
    {0x7B28, {0x000, 0x420, 0x7BE, 0xA48, 0x000, 0x040, 0xFFE, 0x150, 0x248, 0xC46, 0x1F0, 0x040}},
    {0x7B2A, {0x000, 0x420, 0x7BE, 0x548, 0x804, 0x3F8, 0x208, 0x3F8, 0x208, 0x3F8, 0x000, 0xFFE}},
    {0x7B2B, {0x000, 0x420, 0x7BE, 0x948, 0x040, 0x078, 0x7C0, 0x440, 0x7FC, 0x0C4, 0x344, 0xC58}},
    {0x7B2C, {0x000, 0x420, 0x7BE, 0xA48, 0xFFC, 0x044, 0x7FC, 0x440, 0x7FE, 0x142, 0x24E, 0xC40}},
    {0x7B2E, {0x000, 0x420, 0x7BE, 0x948, 0x200, 0x3FE, 0x440, 0x87C, 0x040, 0x07C, 0x040, 0x040}},
    {0x7B31, {0x000, 0x420, 0x7BE, 0x948, 0x200, 0x3FC, 0x404, 0xBE4, 0x224, 0x224, 0x3E4, 0x01C}},
    {0x7B33, {0x000, 0x410, 0x7DE, 0x928, 0x284, 0x200, 0xFBC, 0x2A4, 0x2A4, 0x4A4, 0x4A4, 0x9BC}},
    {0x7B38, {0x000, 0x420, 0x7BE, 0x948, 0x000, 0x7FC, 0x400, 0x5F8, 0x508, 0x5F8, 0x400, 0x7FC}},
    {0x7B3A, {0x000, 0x420, 0x7BE, 0xA48, 0x090, 0x7FC, 0x080, 0x7FC, 0x050, 0x020, 0x0D2, 0xF0E}},
    {0x7B3C, {0x000, 0x420, 0x7BE, 0xA48, 0x100, 0x108, 0xFFE, 0x140, 0x14C, 0x270, 0x2C2, 0xC7E}},
    {0x7B3E, {0x000, 0x420, 0x7BE, 0x948, 0x420, 0x2FC, 0x024, 0xE24, 0x244, 0x298, 0x300, 0xCFE}},
    {0x7B45, {0x000, 0x420, 0x7BE, 0x948, 0x000, 0x440, 0x7FC, 0x840, 0xFFE, 0x120, 0x222, 0xC3E}},
    {0x7B47, {0x000, 0x420, 0x7BE, 0x948, 0x000, 0xFBE, 0x222, 0x22C, 0x222, 0x3A2, 0xE3C, 0x020}},
    {0x7B49, {0x000, 0x420, 0x7BE, 0x948, 0x7FC, 0x040, 0xFFE, 0x008, 0xFFE, 0x208, 0x108, 0x038}},
    {0x7B4B, {0x000, 0x420, 0x7BE, 0xA48, 0x010, 0x7BE, 0x492, 0x792, 0x492, 0x792, 0x4A2, 0x9A6}},
    {0x7B4C, {0x000, 0x420, 0x7BE, 0x948, 0x3C4, 0x0A0, 0x318, 0xDF6, 0x040, 0x7FC, 0x040, 0xFFE}},
    {0x7B4F, {0x000, 0x420, 0x7BE, 0x948, 0x224, 0x3FE, 0x420, 0xC24, 0x428, 0x412, 0x46A, 0x584}},
    {0x7B50, {0x000, 0x420, 0x7BE, 0x948, 0x000, 0x7FE, 0x420, 0x5FC, 0x420, 0x5FC, 0x400, 0x7FE}},
    {0x7B51, {0x000, 0x420, 0x7BE, 0xA48, 0x000, 0xF78, 0x248, 0x268, 0x258, 0x34A, 0xE4A, 0x08E}},
    {0x7B52, {0x000, 0x420, 0x7BE, 0x948, 0xFFE, 0x802, 0x9F2, 0x802, 0x9F2, 0x912, 0x9F2, 0x80E}},
    {0x7B54, {0x000, 0x420, 0x7BE, 0xA48, 0x0A0, 0x318, 0xDF6, 0x000, 0x7FC, 0x404, 0x404, 0x7FC}},
    {0x7B56, {0x000, 0x420, 0x7BE, 0xA48, 0xFFE, 0x040, 0x7FC, 0x444, 0x4EC, 0x150, 0x248, 0xC46}},
    {0x7B58, {0x000, 0x420, 0x7BE, 0x948, 0x000, 0x23E, 0xFA2, 0x222, 0x3A2, 0xE22, 0x222, 0x63E}},
    {0x7B5A, {0x000, 0x420, 0x7BE, 0x948, 0x420, 0x7A4, 0x438, 0x5A2, 0x61E, 0x040, 0xFFE, 0x040}},
    {0x7B5B, {0x000, 0x420, 0x7BE, 0xA48, 0x000, 0x2FE, 0xA10, 0xAFE, 0xA92, 0x292, 0x496, 0x410}},
    {0x7B5D, {0x000, 0x410, 0x7DE, 0x928, 0x240, 0x7F8, 0x048, 0xFFE, 0x048, 0x7F8, 0x040, 0x0C0}},
    {0x7B60, {0x000, 0x410, 0x79E, 0xA28, 0x104, 0x210, 0x21E, 0xFA2, 0x25A, 0x382, 0xE3A, 0x006}},
    {0x7B62, {0x000, 0x420, 0x7BE, 0x948, 0x000, 0x27C, 0xF54, 0x254, 0x37C, 0xE40, 0x242, 0x63E}},
    {0x7B6E, {0x000, 0x420, 0x7BE, 0xA48, 0x000, 0x7FC, 0x040, 0x248, 0x248, 0x554, 0x040, 0xFFE}},
    {0x7B71, {0x000, 0x420, 0x7BE, 0x944, 0x220, 0x23E, 0x544, 0xDA4, 0x528, 0x510, 0x528, 0x546}},
    {0x7B72, {0x000, 0x420, 0x7BE, 0x948, 0x000, 0x358, 0xC46, 0x3F8, 0x208, 0x3F8, 0x208, 0x218}},
    {0x7B75, {0x000, 0x420, 0x7BE, 0xA48, 0x002, 0xF7C, 0x210, 0x45E, 0xF50, 0x57E, 0x200, 0xDFE}},
    {0x7B77, {0x000, 0x420, 0x7BE, 0xA48, 0x420, 0x4FC, 0xE24, 0xC24, 0x5FE, 0x450, 0x488, 0x506}},
    {0x7B79, {0x000, 0x420, 0x7BE, 0xA48, 0x040, 0x7FC, 0x080, 0xFFE, 0x108, 0x3FC, 0x488, 0x858}},
    {0x7B7B, {0x000, 0x410, 0x79E, 0x924, 0xFFE, 0x248, 0x3F8, 0x248, 0x3F8, 0x140, 0x080, 0xF7E}},
    {0x7B7E, {0x000, 0x420, 0x7BE, 0xA48, 0x0A0, 0x318, 0xC06, 0x7FC, 0x484, 0x248, 0x248, 0xFFE}},
    {0x7B80, {0x000, 0x420, 0x7BE, 0xA48, 0x000, 0x5FE, 0x002, 0x5FA, 0x50A, 0x5FA, 0x50A, 0x5FE}},
    {0x7B85, {0x000, 0x410, 0x7DE, 0x924, 0x3F8, 0x248, 0x3F8, 0x248, 0x3F8, 0x000, 0xFFE, 0x110}},
    {0x7B8D, {0x000, 0x420, 0x7BE, 0x948, 0x2FE, 0x288, 0xFBE, 0x2AA, 0x3AA, 0xEAE, 0x288, 0x6FE}},
    {0x7B90, {0x000, 0x420, 0x7BE, 0x948, 0x040, 0x7FC, 0x040, 0xFFE, 0x248, 0x3F8, 0x208, 0x238}},
    {0x7B94, {0x000, 0x420, 0x7BE, 0x948, 0x420, 0x2FE, 0x882, 0x482, 0x0FE, 0x282, 0x482, 0x8FE}},
    {0x7B95, {0x000, 0x420, 0x7BE, 0x948, 0x404, 0xFFE, 0x404, 0x7FC, 0x404, 0xFFE, 0x208, 0xC06}},
    {0x7B97, {0x000, 0x420, 0x7BE, 0xA48, 0x7FC, 0x404, 0x7FC, 0x404, 0x7FC, 0x404, 0xFFE, 0x208}},
    {0x7B9C, {0x000, 0x420, 0x7BE, 0x948, 0x040, 0xFFE, 0x922, 0x23C, 0xC00, 0x3F8, 0x040, 0x7FC}},
    {0x7B9D, {0x000, 0x420, 0x7BE, 0x948, 0x224, 0xF7E, 0x224, 0x324, 0xE3C, 0x224, 0x224, 0x63C}},
    {0x7BA1, {0x000, 0x420, 0x7BE, 0xA48, 0xFFE, 0xA0A, 0xBFA, 0x200, 0x3FC, 0x204, 0x204, 0x3FC}},
    {0x7BA2, {0x000, 0x420, 0x7BE, 0x948, 0x040, 0xFFE, 0xA02, 0x3BC, 0x4A4, 0xAAC, 0x122, 0xE3E}},
    {0x7BA6, {0x000, 0x420, 0x7BE, 0x948, 0x040, 0x7FC, 0x040, 0xFFE, 0x208, 0x248, 0x0A0, 0xF1E}},
    {0x7BA7, {0x000, 0x420, 0x7BE, 0x948, 0x7FE, 0x420, 0x5FC, 0x4A8, 0x7FE, 0x450, 0x488, 0x7FE}},
    {0x7BA8, {0x000, 0x420, 0x7BE, 0xA48, 0x000, 0x27C, 0xF24, 0x218, 0x366, 0xE10, 0x27C, 0x610}},
    {0x7BA9, {0x000, 0x420, 0x7BE, 0xA48, 0x7FC, 0x4A4, 0x7FC, 0x100, 0x3FC, 0x488, 0x070, 0x7C0}},
    {0x7BAA, {0x000, 0x420, 0x7BE, 0xA48, 0x7FC, 0x444, 0x7FC, 0x444, 0x7FC, 0x040, 0xFFE, 0x040}},
    {0x7BAB, {0x000, 0x420, 0x7BE, 0x944, 0x3F8, 0x048, 0xFFE, 0x048, 0x3F8, 0x444, 0x554, 0xA4C}},
    {0x7BAC, {0x000, 0x410, 0x7DE, 0x924, 0x208, 0xFBE, 0x208, 0xFFE, 0x100, 0x3FC, 0xD04, 0x1FC}},
    {0x7BAD, {0x000, 0x420, 0x7BE, 0xA48, 0x110, 0xFFE, 0x454, 0x7D4, 0x454, 0x7D4, 0x454, 0x5CC}},
    {0x7BB1, {0x000, 0x420, 0x7BE, 0xA48, 0x000, 0x27E, 0xFC2, 0x27E, 0x742, 0x6FE, 0xA42, 0x27E}},
    {0x7BB4, {0x000, 0x420, 0x7BE, 0x948, 0x024, 0x7FE, 0x420, 0x5D4, 0x414, 0x5C8, 0x54A, 0x9D6}},
    {0x7BB8, {0x000, 0x420, 0x7BE, 0x948, 0x042, 0x7F4, 0x048, 0xFFE, 0x204, 0xFFC, 0x204, 0x3FC}},
    {0x7BC1, {0x000, 0x420, 0x7BE, 0xA48, 0x080, 0x3F8, 0x208, 0x7FC, 0x040, 0x3F8, 0x040, 0xFFE}},
    {0x7BC6, {0x000, 0x420, 0x7BE, 0xA48, 0x3FC, 0x408, 0xFFE, 0x2C4, 0xD68, 0x2D0, 0xD48, 0x2C6}},
    {0x7BC7, {0x000, 0x420, 0x7BE, 0x948, 0xFFE, 0x404, 0x7FC, 0x400, 0x7FE, 0x652, 0xBFE, 0xA56}},
    {0x7BCC, {0x000, 0x420, 0x7BC, 0x948, 0x37C, 0x204, 0x5FE, 0xC40, 0x47C, 0x490, 0x5FE, 0x444}},
    {0x7BD1, {0x000, 0x420, 0x7BE, 0x944, 0x3F8, 0x248, 0xFFE, 0x208, 0x248, 0x248, 0x0A0, 0x71C}},
    {0x7BD3, {0x000, 0x420, 0x7BE, 0xA48, 0x150, 0xFFE, 0x150, 0x248, 0x080, 0xFFE, 0x110, 0xEFC}},
    {0x7BD9, {0x000, 0x420, 0x7BE, 0x948, 0x7FE, 0x110, 0xFFE, 0x802, 0xBFA, 0xA0A, 0xBFA, 0x806}},
    {0x7BDA, {0x000, 0x420, 0x7BE, 0x948, 0x7FE, 0x450, 0x5DC, 0x450, 0x5DC, 0x450, 0x490, 0x7FE}},
    {0x7BDD, {0x000, 0x420, 0x7BE, 0x948, 0x7FC, 0x110, 0xFFE, 0x248, 0xFFE, 0x248, 0xFFE, 0x208}},
    {0x7BE1, {0x000, 0x420, 0x7BE, 0xA48, 0x3F8, 0x208, 0x3F8, 0x208, 0xFFE, 0x494, 0x514, 0xBEA}},
    {0x7BE5, {0x000, 0x420, 0x7BE, 0x948, 0xFFE, 0x0A0, 0x7FC, 0x4A4, 0xFFE, 0x150, 0x248, 0xC46}},
    {0x7BE6, {0x000, 0x420, 0x7BE, 0x944, 0x7F8, 0x528, 0x4C8, 0x7F8, 0x224, 0x3B8, 0x222, 0xFDE}},
    {0x7BEA, {0x000, 0x420, 0x7BC, 0xA50, 0x7FC, 0x440, 0x5FE, 0x572, 0x5C4, 0x53C, 0x952, 0xA9E}},
    {0x7BEE, {0x000, 0x420, 0x7BE, 0xA48, 0x120, 0x93E, 0x948, 0x900, 0x7FC, 0x4A4, 0x4A4, 0xFFE}},
    {0x7BF1, {0x000, 0x420, 0x7BE, 0xA48, 0xFFE, 0x514, 0x4E4, 0x514, 0xFFE, 0x912, 0xBEA, 0x80E}},
    {0x7BF7, {0x000, 0x420, 0x7BE, 0x948, 0x0FC, 0xD88, 0x470, 0x5DC, 0x420, 0x5FC, 0x420, 0xBFE}},
    {0x7BFC, {0x000, 0x410, 0x7DE, 0x924, 0x040, 0x5F6, 0x912, 0x9F2, 0xD16, 0x1F0, 0x0A2, 0xF3E}},
    {0x7BFE, {0x000, 0x420, 0x7BC, 0x948, 0x7FC, 0x4A4, 0x7FC, 0x048, 0x7FC, 0x528, 0x4B2, 0xBCE}},
    {0x7C07, {0x000, 0x420, 0x7BE, 0x948, 0x220, 0xFBE, 0x440, 0x73E, 0x548, 0x53E, 0x914, 0xB22}},
    {0x7C0B, {0x000, 0x420, 0x7BE, 0x948, 0x3F8, 0x208, 0x3FA, 0x224, 0x7FC, 0x556, 0x554, 0xFFE}},
    {0x7C0C, {0x000, 0x420, 0x7BE, 0xA48, 0x100, 0xFE8, 0x10E, 0x7D2, 0x568, 0x7C8, 0x394, 0xD62}},
    {0x7C0F, {0x000, 0x420, 0x7BC, 0x950, 0x7FE, 0x4A4, 0x7FC, 0x520, 0x5E6, 0x538, 0x9E2, 0xB1E}},
    {0x7C16, {0x000, 0x420, 0x7BE, 0xA48, 0x906, 0xD58, 0xB90, 0xFDE, 0x914, 0xB94, 0xD54, 0xFE4}},
    {0x7C1F, {0x000, 0x420, 0x7BE, 0x948, 0xFFE, 0x4A4, 0x7FC, 0x208, 0x3F8, 0x208, 0xFFE, 0x040}},
    {0x7C26, {0x000, 0x420, 0x7BE, 0xA48, 0xFA8, 0x514, 0x248, 0xDF6, 0x110, 0x1F0, 0x0A0, 0xFFE}},
    {0x7C27, {0x000, 0x420, 0x7BE, 0xA08, 0x7FC, 0x208, 0xFFE, 0x444, 0x7FC, 0x444, 0x7FC, 0xC06}},
    {0x7C2A, {0x000, 0x420, 0x7BE, 0xA48, 0x3DE, 0x528, 0xFFE, 0x318, 0x5AE, 0xBF8, 0x208, 0x3F8}},
    {0x7C38, {0x000, 0x420, 0x7BE, 0x948, 0x4BE, 0xFEA, 0x4A8, 0x7BE, 0x4A2, 0xFF2, 0x4AC, 0x852}},
    {0x7C3F, {0x000, 0x420, 0x7BE, 0x948, 0x024, 0xBFE, 0x524, 0x9FC, 0x524, 0x3FE, 0x448, 0x818}},
    {0x7C40, {0x000, 0x420, 0x7BE, 0x948, 0x47E, 0xE8A, 0x4AA, 0x4F6, 0x654, 0xC7C, 0x454, 0xC7C}},
    {0x7C41, {0x000, 0x420, 0x7BE, 0x948, 0x210, 0xF9C, 0x224, 0xFFE, 0xAA2, 0xFAA, 0x708, 0xAB6}},
    {0x7C4D, {0x000, 0x420, 0x7BE, 0x948, 0x224, 0x77E, 0x224, 0x77E, 0x224, 0xFBC, 0x724, 0xABC}},
    {0x7C73, {0x000, 0x444, 0x244, 0x248, 0x040, 0xFFE, 0x150, 0x150, 0x248, 0x444, 0x842, 0x040}},
    {0x7C74, {0x000, 0x3C0, 0x0A0, 0x318, 0xC06, 0x248, 0x150, 0x040, 0xFFE, 0x040, 0x358, 0xC46}},
    {0x7C7B, {0x000, 0x444, 0x248, 0xFFE, 0x040, 0x358, 0xC06, 0x040, 0xFFE, 0x0A0, 0x318, 0xC06}},
    {0x7C7C, {0x000, 0x208, 0xA88, 0xAAA, 0x22A, 0xFAA, 0x22A, 0x72A, 0x6AA, 0xAAA, 0xA2A, 0x23E}},
    {0x7C7D, {0x000, 0x23E, 0xA82, 0xA84, 0x208, 0xF88, 0x27E, 0x708, 0x688, 0xA88, 0xA08, 0x218}},
    {0x7C89, {0x000, 0x214, 0xA94, 0xA94, 0x222, 0xF80, 0x23E, 0x712, 0x692, 0xA92, 0xA22, 0x246}},
    {0x7C91, {0x000, 0x23E, 0xAAA, 0xAAA, 0x22A, 0xFAA, 0x23E, 0x720, 0x6A0, 0xAA2, 0xA22, 0x23E}},
    {0x7C92, {0x000, 0x208, 0xABE, 0xA80, 0x222, 0xFA2, 0x212, 0x712, 0x692, 0xA94, 0xA04, 0x23E}},
    {0x7C95, {0x000, 0x208, 0xABE, 0xAA2, 0x222, 0xFA2, 0x222, 0x73E, 0x6A2, 0xAA2, 0xA22, 0x23E}},
    {0x7C97, {0x000, 0x23C, 0xAA4, 0xAA4, 0x23C, 0xFA4, 0x224, 0x73C, 0x6A4, 0xAA4, 0xA24, 0x27E}},
    {0x7C98, {0x000, 0x208, 0xA88, 0xA8E, 0x208, 0xF88, 0x23E, 0x722, 0x6A2, 0xAA2, 0xA22, 0x23E}},
    {0x7C9C, {0x000, 0x444, 0x7FC, 0x842, 0x842, 0xFFE, 0x248, 0x150, 0xFFE, 0x040, 0x358, 0xC46}},
    {0x7C9D, {0x000, 0x27E, 0xB40, 0xA7E, 0x248, 0xFC8, 0x24E, 0x74A, 0x6CA, 0xA52, 0xA92, 0x2A6}},
    {0x7C9E, {0x000, 0x2FE, 0xB28, 0xA28, 0x2FE, 0xFAA, 0x2AA, 0x6AA, 0x7AE, 0xAC2, 0xA82, 0x2FE}},
    {0x7C9F, {0x000, 0xFFE, 0x0A0, 0xFFE, 0x8A2, 0xFFE, 0x248, 0x150, 0xFFE, 0x150, 0xE4E, 0x040}},
    {0x7CA2, {0x000, 0x040, 0xE7E, 0x092, 0x228, 0xCC6, 0x000, 0x248, 0xFFE, 0x150, 0xE4E, 0x040}},
    {0x7CA4, {0x000, 0x080, 0x7FC, 0x554, 0x7FC, 0x4E4, 0x554, 0xFFE, 0x100, 0x3F8, 0x008, 0x038}},
    {0x7CA5, {0x000, 0xC46, 0x552, 0x552, 0xC46, 0x9F4, 0x844, 0xCE6, 0x552, 0x552, 0x552, 0xC46}},
    {0x7CAA, {0x000, 0x248, 0x150, 0xFFE, 0x150, 0xE4E, 0x110, 0x7FC, 0x110, 0xFFE, 0x110, 0x60C}},
    {0x7CAE, {0x000, 0x210, 0xB7C, 0xA44, 0x27C, 0xF44, 0x244, 0x77C, 0x648, 0xA4A, 0x244, 0x2F2}},
    {0x7CB1, {0x000, 0x6FC, 0x024, 0xCA6, 0x124, 0x44C, 0x800, 0x248, 0xFFE, 0x150, 0xE4E, 0x040}},
    {0x7CB2, {0x000, 0x1DE, 0x502, 0x7D4, 0xA48, 0x194, 0xE22, 0x040, 0x248, 0xFFE, 0x150, 0xE4E}},
    {0x7CB3, {0x000, 0x23E, 0xA88, 0xABE, 0x22A, 0xFBE, 0x22A, 0x73E, 0x688, 0xAA8, 0xA18, 0x266}},
    {0x7CB9, {0x000, 0x210, 0xAFE, 0xA00, 0x244, 0xF44, 0x2AA, 0x710, 0x6FE, 0xA10, 0x210, 0x210}},
    {0x7CBC, {0x000, 0x52A, 0x34A, 0xFEA, 0x554, 0x934, 0x228, 0x754, 0x9F4, 0x54A, 0x3EA, 0xC4A}},
    {0x7CBD, {0x000, 0x210, 0xAFE, 0xA82, 0x27C, 0xF00, 0x2FE, 0x710, 0x654, 0xA54, 0x292, 0x230}},
    {0x7CBE, {0x000, 0x210, 0xB7C, 0xA10, 0x27C, 0xF10, 0x2FE, 0x744, 0x67C, 0xA44, 0x27C, 0x244}},
    {0x7CC1, {0x000, 0x210, 0xB24, 0xA7A, 0x210, 0xFFE, 0x224, 0x74A, 0x6B0, 0xA84, 0xA18, 0x260}},
    {0x7CC5, {0x000, 0x27C, 0xB08, 0xA7E, 0x21A, 0xF68, 0x218, 0x710, 0x6FE, 0xA38, 0x2D6, 0x210}},
    {0x7CC7, {0x000, 0x220, 0xB5C, 0xAC4, 0x27E, 0xF50, 0x25C, 0x668, 0x75E, 0xAC8, 0xA54, 0x262}},
    {0x7CC8, {0x000, 0x27E, 0xB12, 0xA5C, 0x250, 0xF7E, 0x2A4, 0x63C, 0x724, 0xABC, 0xA24, 0x22C}},
    {0x7CCA, {0x000, 0x24E, 0xB4A, 0xAEA, 0x24E, 0xF4A, 0x24A, 0x6EE, 0x6AA, 0xAAA, 0x2AA, 0x2EA}},
    {0x7CCC, {0x000, 0x244, 0xB76, 0xA94, 0x260, 0xF3E, 0x2C0, 0x67C, 0x744, 0xA7C, 0xA44, 0x27C}},
    {0x7CCD, {0x000, 0x244, 0xB28, 0xAFE, 0x244, 0xF44, 0x2AA, 0x6AA, 0x744, 0xA44, 0xAAA, 0x2EE}},
    {0x7CD5, {0x000, 0x214, 0xABE, 0xA88, 0x208, 0xFBE, 0x208, 0x708, 0x6BE, 0xA80, 0xA2A, 0x22A}},
    {0x7CD6, {0x000, 0x208, 0xB7E, 0xA48, 0x27E, 0xF4A, 0x27E, 0x74A, 0x67E, 0xA62, 0x2A2, 0x2BE}},
    {0x7CD7, {0x000, 0x210, 0xB7C, 0xA44, 0x27C, 0xF44, 0x27C, 0x614, 0x77E, 0xA28, 0x244, 0x282}},
    {0x7CD9, {0x000, 0x288, 0xA28, 0xBBE, 0x288, 0xEBE, 0x280, 0x6BE, 0x6A2, 0xABE, 0x280, 0x37E}},
    {0x7CDC, {0x000, 0x020, 0x7FE, 0x488, 0x7DE, 0x488, 0x6AA, 0x400, 0x524, 0x7FE, 0x8A8, 0xB26}},
    {0x7CDF, {0x000, 0x228, 0xBFE, 0xAAA, 0x2FE, 0xFAA, 0x2FE, 0x744, 0x67C, 0xA44, 0x244, 0x27C}},
    {0x7CE0, {0x000, 0x210, 0xAFE, 0xA90, 0x2FC, 0xF94, 0x2FC, 0x694, 0x6FC, 0xA92, 0x2D4, 0x2B2}},
    {0x7CE8, {0x000, 0x2DC, 0xA54, 0xA5C, 0x2C8, 0xEBE, 0x2AA, 0x6FE, 0x748, 0xACA, 0xA4E, 0x2DA}},
    {0x7CEF, {0x000, 0x2FE, 0xB10, 0xAFE, 0x292, 0xF54, 0x2FE, 0x710, 0x6FE, 0xAAA, 0x2AA, 0x286}},
    {0x7CF8, {0x000, 0x080, 0x108, 0x610, 0x120, 0x0C8, 0x304, 0xFFA, 0x040, 0x444, 0x444, 0x842}},
    {0x7CFB, {0x000, 0x01C, 0x7E0, 0x088, 0x330, 0x0C4, 0x304, 0xFFA, 0x042, 0x248, 0xC46, 0x040}},
    {0x7D0A, {0x000, 0x040, 0xFFE, 0x208, 0x1F0, 0xE0E, 0x090, 0x320, 0x0C4, 0xFFA, 0x248, 0xC46}},
    {0x7D20, {0x000, 0x040, 0xFFE, 0x040, 0x7FC, 0x040, 0xFFE, 0x330, 0x0C4, 0xFFA, 0x248, 0xC46}},
    {0x7D22, {0x000, 0x040, 0xFFE, 0x040, 0xFFE, 0x842, 0x99A, 0x660, 0x184, 0xFFA, 0x248, 0xC46}},
    {0x7D27, {0x000, 0x4BE, 0x4A2, 0x49C, 0x4A2, 0x048, 0x190, 0x660, 0x084, 0xFFA, 0x248, 0xCC6}},
    {0x7D2B, {0x000, 0x112, 0x5DC, 0x512, 0xFDE, 0x080, 0x30C, 0x0F0, 0x304, 0xFFA, 0x248, 0xC46}},
    {0x7D2F, {0x000, 0x7FC, 0x444, 0x7FC, 0x444, 0x7FC, 0x110, 0x660, 0x184, 0xFFA, 0x248, 0xC46}},
    {0x7D6E, {0x000, 0x21E, 0xFD2, 0x452, 0x392, 0xC5E, 0x090, 0x320, 0x0C4, 0xFFA, 0x248, 0xC46}},
    {0x7D77, {0x000, 0x210, 0xF7C, 0x254, 0x324, 0xE56, 0x282, 0x710, 0x0A4, 0xFFA, 0x248, 0xCC6}},
    {0x7DA6, {0x000, 0x110, 0x7FC, 0x110, 0x1F0, 0x110, 0xFFE, 0x494, 0x92A, 0x7F4, 0x150, 0x64C}},
    {0x7DAE, {0x000, 0x790, 0x43E, 0x7E4, 0x498, 0x7A6, 0x480, 0x914, 0x0AE, 0xFF2, 0x248, 0xC46}},
    {0x7E3B, {0x000, 0x040, 0x7FE, 0x490, 0x7FE, 0x494, 0x6D6, 0x510, 0x4AE, 0x7F2, 0x8A8, 0xB26}},
    {0x7E41, {0x000, 0x408, 0xFEE, 0x55A, 0xFEA, 0x544, 0x7CA, 0x230, 0x1C4, 0xFFA, 0x248, 0xC46}},
    {0x7E47, {0x000, 0x20C, 0x7F8, 0x948, 0x4B2, 0x314, 0xC0A, 0x7DE, 0x908, 0xFEA, 0x54A, 0x7C8}},
    {0x7E82, {0x000, 0x420, 0x7BE, 0x948, 0x7FC, 0x404, 0xFFE, 0x544, 0x892, 0x3E8, 0x150, 0x64C}},
    {0x7E9B, {0x000, 0x3F8, 0x040, 0x7FC, 0x248, 0xFFC, 0x490, 0x7FC, 0xA94, 0xFC8, 0x71E, 0xAAA}},
    {0x7E9F, {0x000, 0x040, 0x090, 0x120, 0x3C0, 0x080, 0x138, 0x3C0, 0x000, 0x03C, 0x7C0, 0x000}},
    {0x7EA0, {0x000, 0x202, 0x422, 0x8A2, 0xF22, 0x222, 0x422, 0x9A2, 0xE26, 0x03A, 0x1A2, 0xE02}},
    {0x7EA1, {0x000, 0x400, 0x57C, 0x910, 0xE10, 0x410, 0x8FE, 0xF10, 0x010, 0x310, 0xC10, 0x030}},
    {0x7EA2, {0x000, 0x400, 0x4FE, 0x810, 0xE10, 0x410, 0x410, 0x810, 0xE10, 0x010, 0x210, 0xCFE}},
    {0x7EA3, {0x000, 0x408, 0x508, 0x908, 0xEFE, 0x408, 0x808, 0xF48, 0x028, 0x308, 0xC08, 0x018}},
    {0x7EA4, {0x000, 0x20C, 0x470, 0x910, 0xE10, 0x210, 0x4FE, 0x910, 0xE10, 0x010, 0x110, 0xE10}},
    {0x7EA5, {0x000, 0x420, 0x520, 0x93C, 0xE40, 0x480, 0x878, 0xF10, 0x020, 0x342, 0xC42, 0x03E}},
    {0x7EA6, {0x000, 0x220, 0x43E, 0x922, 0xE42, 0x202, 0x422, 0x912, 0xE12, 0x002, 0x102, 0xE1E}},
    {0x7EA7, {0x000, 0x5F8, 0x488, 0x888, 0xE90, 0x4BC, 0x484, 0x884, 0xEC8, 0x0A8, 0x310, 0xD6E}},
    {0x7EA8, {0x000, 0x420, 0x520, 0x920, 0xEF8, 0x428, 0x828, 0xF68, 0x02A, 0x35A, 0xC46, 0x082}},
    {0x7EA9, {0x000, 0x410, 0x508, 0x97E, 0xE40, 0x440, 0x840, 0xF40, 0x040, 0x340, 0xC80, 0x080}},
    {0x7EAA, {0x000, 0x27E, 0x402, 0x902, 0xE02, 0x27E, 0x442, 0x940, 0xE40, 0x042, 0x142, 0xE7E}},
    {0x7EAB, {0x000, 0x4FE, 0x422, 0x822, 0xE22, 0x4A2, 0x522, 0x842, 0xE42, 0x042, 0x282, 0xC8E}},
    {0x7EAC, {0x000, 0x410, 0x4FE, 0x810, 0xE10, 0x4FE, 0x410, 0x810, 0xEFE, 0x012, 0x216, 0xC10}},
    {0x7EAD, {0x000, 0x400, 0x57C, 0x900, 0xE00, 0x4FE, 0x820, 0xF20, 0x024, 0x344, 0xC4E, 0x0F2}},
    {0x7EAF, {0x000, 0x410, 0x4FE, 0x810, 0xE92, 0x492, 0x492, 0x892, 0xEFE, 0x010, 0x212, 0xC1E}},
    {0x7EB0, {0x000, 0x448, 0x548, 0x948, 0xE4A, 0x47C, 0x848, 0xF48, 0x048, 0x35A, 0xC6A, 0x046}},
    {0x7EB1, {0x000, 0x420, 0x4A4, 0x8A4, 0xEA4, 0x522, 0x522, 0x820, 0xE04, 0x008, 0x230, 0xDC0}},
    {0x7EB2, {0x000, 0x4FE, 0x482, 0x882, 0xECA, 0x4AA, 0x492, 0x8AA, 0xECA, 0x082, 0x282, 0xC86}},
    {0x7EB3, {0x000, 0x410, 0x4FE, 0x892, 0xE92, 0x492, 0x4AA, 0x8AA, 0xEC6, 0x082, 0x282, 0xC86}},
    {0x7EB5, {0x000, 0x488, 0x488, 0x888, 0xE88, 0x488, 0x488, 0x888, 0xE88, 0x154, 0x554, 0xA22}},
    {0x7EB6, {0x000, 0x420, 0x430, 0x848, 0xE84, 0x502, 0x480, 0x88C, 0xEF0, 0x082, 0x282, 0xCFE}},
    {0x7EB7, {0x000, 0x228, 0x428, 0x944, 0xE44, 0x282, 0x47C, 0x924, 0xE24, 0x024, 0x144, 0xE9C}},
    {0x7EB8, {0x000, 0x40E, 0x4F0, 0x890, 0xE90, 0x490, 0x4FE, 0x890, 0xE90, 0x08A, 0x28A, 0xCE4}},
    {0x7EB9, {0x000, 0x420, 0x5FE, 0x884, 0xE84, 0x484, 0x448, 0x848, 0xE28, 0x010, 0x228, 0xCC6}},
    {0x7EBA, {0x000, 0x210, 0x47E, 0x920, 0xE20, 0x23E, 0x422, 0x922, 0xE42, 0x042, 0x142, 0xE8E}},
    {0x7EBD, {0x000, 0x4FC, 0x444, 0x844, 0xE44, 0x444, 0x4FE, 0x844, 0xE44, 0x044, 0x244, 0xCFE}},
    {0x7EBE, {0x000, 0x47C, 0x504, 0x968, 0xE10, 0x4FE, 0x812, 0xF14, 0x010, 0x310, 0xC10, 0x030}},
    {0x7EBF, {0x000, 0x428, 0x424, 0x9FE, 0xE20, 0x420, 0x5FE, 0x810, 0xE14, 0x008, 0x21A, 0xCE4}},
    {0x7EC0, {0x000, 0x444, 0x544, 0x9FE, 0xE44, 0x444, 0x844, 0xF7C, 0x044, 0x344, 0xC44, 0x07C}},
    {0x7EC1, {0x000, 0x454, 0x554, 0x954, 0xEFE, 0x454, 0x854, 0xF54, 0x05C, 0x340, 0xC40, 0x07E}},
    {0x7EC2, {0x000, 0x428, 0x524, 0x920, 0xEFE, 0x420, 0x83E, 0xF22, 0x054, 0x348, 0xC94, 0x122}},
    {0x7EC3, {0x000, 0x440, 0x5FC, 0x840, 0xEF0, 0x450, 0x450, 0x890, 0xEFC, 0x010, 0x254, 0xCB2}},
    {0x7EC4, {0x000, 0x4FC, 0x484, 0x884, 0xEFC, 0x484, 0x484, 0x8FC, 0xE84, 0x084, 0x284, 0xDFE}},
    {0x7EC5, {0x000, 0x410, 0x410, 0x8FE, 0xE92, 0x492, 0x4FE, 0x892, 0xE92, 0x0FE, 0x210, 0xC10}},
    {0x7EC6, {0x000, 0x4FE, 0x492, 0x892, 0xE92, 0x492, 0x4FE, 0x892, 0xE92, 0x092, 0x292, 0xCFE}},
    {0x7EC7, {0x000, 0x4FE, 0x482, 0x882, 0xE82, 0x482, 0x4FE, 0x800, 0xE44, 0x044, 0x282, 0xC82}},
    {0x7EC8, {0x000, 0x440, 0x47C, 0x884, 0xE48, 0x430, 0x448, 0x9A6, 0xE10, 0x040, 0x220, 0xC10}},
    {0x7EC9, {0x000, 0x420, 0x53C, 0x944, 0xE88, 0x47E, 0x802, 0xF02, 0x07E, 0x302, 0xC02, 0x07E}},
    {0x7ECA, {0x000, 0x492, 0x454, 0x810, 0xEFE, 0x410, 0x410, 0x810, 0xEFE, 0x010, 0x210, 0xC10}},
    {0x7ECB, {0x000, 0x428, 0x528, 0x9FE, 0xE2A, 0x4FE, 0x8A8, 0xEFE, 0x02A, 0x32A, 0xC4C, 0x188}},
    {0x7ECC, {0x000, 0x410, 0x552, 0x952, 0xE52, 0x47E, 0x810, 0xF52, 0x052, 0x352, 0xC52, 0x07E}},
    {0x7ECD, {0x000, 0x4FE, 0x422, 0x822, 0xE42, 0x48E, 0x400, 0x8FE, 0xE82, 0x082, 0x282, 0xCFE}},
    {0x7ECE, {0x000, 0x4FE, 0x482, 0x844, 0xE38, 0x4C6, 0x410, 0x8FE, 0xE10, 0x0FE, 0x210, 0xC10}},
    {0x7ECF, {0x000, 0x4FE, 0x404, 0x808, 0xE10, 0x428, 0x4C6, 0x800, 0xEFE, 0x010, 0x210, 0xCFE}},
    {0x7ED0, {0x000, 0x410, 0x510, 0x920, 0xE28, 0x444, 0x8FA, 0xE00, 0x07C, 0x344, 0xC44, 0x07C}},
    {0x7ED1, {0x000, 0x24E, 0x4EA, 0x84A, 0xE4A, 0x2EC, 0x44A, 0x84A, 0xEEA, 0x04A, 0x24E, 0xC88}},
    {0x7ED2, {0x000, 0x428, 0x424, 0x9FE, 0xE20, 0x4A4, 0x494, 0x9D4, 0xE88, 0x088, 0x294, 0xD22}},
    {0x7ED3, {0x000, 0x410, 0x4FE, 0x810, 0xE10, 0x4FE, 0x400, 0x8FE, 0xE82, 0x082, 0x282, 0xCFE}},
    {0x7ED4, {0x000, 0x410, 0x4FE, 0x928, 0xE44, 0x4BA, 0x800, 0xEFE, 0x020, 0x33C, 0xC44, 0x018}},
    {0x7ED5, {0x000, 0x420, 0x43E, 0x8E0, 0xE14, 0x40A, 0x4F4, 0x800, 0xEFE, 0x048, 0x24A, 0xC86}},
    {0x7ED7, {0x000, 0x420, 0x55E, 0x980, 0xE20, 0x45E, 0x9C4, 0xE44, 0x044, 0x344, 0xC44, 0x04C}},
    {0x7ED8, {0x000, 0x430, 0x448, 0x884, 0xF7A, 0x400, 0x400, 0x9FE, 0xE20, 0x044, 0x284, 0xCFA}},
    {0x7ED9, {0x000, 0x210, 0x428, 0x944, 0xE82, 0x27C, 0x400, 0x97C, 0xE44, 0x044, 0x144, 0xE7C}},
    {0x7EDA, {0x000, 0x480, 0x4FE, 0x902, 0xEFA, 0x48A, 0x48A, 0x8FA, 0xE8A, 0x08A, 0x2FA, 0xC0E}},
    {0x7EDB, {0x000, 0x420, 0x53C, 0x944, 0xEA8, 0x410, 0x8EE, 0xE10, 0x07C, 0x350, 0xC7E, 0x010}},
    {0x7EDC, {0x000, 0x440, 0x47E, 0x842, 0xEA4, 0x418, 0x4E6, 0x800, 0xEFE, 0x082, 0x282, 0xCFE}},
    {0x7EDD, {0x000, 0x47C, 0x484, 0x8FE, 0xE92, 0x492, 0x492, 0x8FE, 0xE80, 0x082, 0x282, 0xCFE}},
    {0x7EDE, {0x000, 0x410, 0x4FE, 0x800, 0xE44, 0x482, 0x444, 0x844, 0xE28, 0x010, 0x228, 0xCC6}},
    {0x7EDF, {0x000, 0x420, 0x5FE, 0x820, 0xE44, 0x484, 0x5FA, 0x848, 0xE48, 0x04A, 0x28A, 0xD0E}},
    {0x7EE0, {0x000, 0x4FE, 0x510, 0x97C, 0xE54, 0x47C, 0x854, 0xF7C, 0x010, 0x350, 0xC20, 0x0DE}},
    {0x7EE1, {0x000, 0x492, 0x454, 0x910, 0xE7C, 0x444, 0x87C, 0xF44, 0x07C, 0x344, 0xC44, 0x04C}},
    {0x7EE2, {0x000, 0x27E, 0x442, 0x97E, 0xE00, 0x27E, 0x442, 0x97E, 0xE42, 0x07E, 0x142, 0xE4E}},
    {0x7EE3, {0x000, 0x40E, 0x4F0, 0x810, 0xEFE, 0x454, 0x492, 0x8FC, 0xE24, 0x02E, 0x242, 0xC9E}},
    {0x7EE5, {0x000, 0x40E, 0x5F2, 0x924, 0xE94, 0x420, 0x5FE, 0x844, 0xE84, 0x048, 0x230, 0xDCE}},
    {0x7EE6, {0x000, 0x420, 0x47E, 0x884, 0xE48, 0x430, 0x5CE, 0x810, 0xEFE, 0x010, 0x254, 0xCB2}},
    {0x7EE7, {0x000, 0x488, 0x4AA, 0x8AA, 0xE88, 0x4BE, 0x488, 0x8AA, 0xEAA, 0x088, 0x280, 0xCFE}},
    {0x7EE8, {0x000, 0x444, 0x528, 0x97C, 0xE14, 0x47C, 0x890, 0xEFE, 0x032, 0x352, 0xC96, 0x010}},
    {0x7EE9, {0x000, 0x410, 0x4FE, 0x810, 0xEFE, 0x410, 0x4FE, 0x882, 0xE92, 0x092, 0x228, 0xCC6}},
    {0x7EEA, {0x000, 0x420, 0x4FA, 0x824, 0xE28, 0x5FE, 0x420, 0x9FE, 0xE82, 0x0FE, 0x282, 0xCFE}},
    {0x7EEB, {0x000, 0x410, 0x57C, 0x910, 0xEFE, 0x428, 0x8C6, 0xF10, 0x03C, 0x364, 0xC18, 0x0E6}},
    {0x7EED, {0x000, 0x410, 0x4FE, 0x810, 0xEFE, 0x452, 0x4B0, 0x850, 0xEFE, 0x028, 0x244, 0xC82}},
    {0x7EEE, {0x000, 0x410, 0x57C, 0x910, 0xE28, 0x444, 0x8FE, 0xF04, 0x074, 0x354, 0xC74, 0x00C}},
    {0x7EEF, {0x000, 0x428, 0x528, 0x9EE, 0xE28, 0x428, 0x8EE, 0xE28, 0x028, 0x2EE, 0xC28, 0x028}},
    {0x7EF0, {0x000, 0x410, 0x41E, 0x810, 0xEFE, 0x482, 0x4FE, 0x882, 0xEFE, 0x010, 0x2FE, 0xC10}},
    {0x7EF1, {0x000, 0x492, 0x554, 0x910, 0xEFE, 0x482, 0x8BA, 0xFAA, 0x0AA, 0x3BA, 0xC82, 0x08E}},
    {0x7EF2, {0x000, 0x47C, 0x544, 0x97C, 0xE44, 0x47C, 0x800, 0xF4A, 0x06C, 0x348, 0xC6A, 0x046}},
    {0x7EF3, {0x000, 0x4FE, 0x482, 0x8FE, 0xE10, 0x4FE, 0x492, 0x8FE, 0xE92, 0x0FC, 0x212, 0xC1E}},
    {0x7EF4, {0x000, 0x248, 0x47E, 0x9C8, 0xE48, 0x27E, 0x448, 0x948, 0xE7E, 0x048, 0x148, 0xE7E}},
    {0x7EF5, {0x000, 0x410, 0x4FE, 0x882, 0xEFE, 0x482, 0x4FE, 0x810, 0xEFE, 0x092, 0x292, 0xC96}},
    {0x7EF6, {0x000, 0x40C, 0x5F2, 0x954, 0xE28, 0x4FE, 0x882, 0xE7C, 0x024, 0x328, 0xC10, 0x0EE}},
    {0x7EF7, {0x000, 0x4EE, 0x4AA, 0x8AA, 0xEEE, 0x4AA, 0x4AA, 0x8EE, 0xEAA, 0x0AA, 0x2AA, 0xCAA}},
    {0x7EF8, {0x000, 0x4FE, 0x492, 0x8BA, 0xE92, 0x4BA, 0x482, 0x8BA, 0xEAA, 0x0BA, 0x282, 0xC86}},
    {0x7EFA, {0x000, 0x444, 0x574, 0x996, 0xE54, 0x424, 0x850, 0xE8E, 0x078, 0x348, 0xC48, 0x078}},
    {0x7EFB, {0x000, 0x492, 0x454, 0x97C, 0xE20, 0x4FE, 0x844, 0xEBE, 0x024, 0x32C, 0xC22, 0x01E}},
    {0x7EFC, {0x000, 0x410, 0x4FE, 0x882, 0xEBA, 0x400, 0x400, 0x8FE, 0xE10, 0x054, 0x292, 0xC30}},
    {0x7EFD, {0x000, 0x410, 0x4FE, 0x882, 0xE00, 0x4FE, 0x410, 0x810, 0xE9C, 0x090, 0x290, 0xD7E}},
    {0x7EFE, {0x000, 0x410, 0x4FE, 0x982, 0xE7C, 0x444, 0x87C, 0xF40, 0x07C, 0x344, 0xC44, 0x07C}},
    {0x7EFF, {0x000, 0x4FC, 0x404, 0x8FC, 0xE04, 0x5FE, 0x524, 0x8A8, 0xE70, 0x0A8, 0x326, 0xC60}},
    {0x7F00, {0x000, 0x2EE, 0x422, 0x8AA, 0xE44, 0x2AA, 0x400, 0x8EE, 0xE22, 0x0AA, 0x044, 0xEAA}},
    {0x7F01, {0x000, 0x42A, 0x454, 0x8A8, 0xE54, 0x42A, 0x800, 0xEFE, 0x092, 0x2FE, 0xC92, 0x0FE}},
    {0x7F02, {0x000, 0x444, 0x4FE, 0x844, 0xE7C, 0x410, 0x8FE, 0xE92, 0x0FE, 0x210, 0xDFE, 0x010}},
    {0x7F03, {0x000, 0x440, 0x54E, 0x94A, 0xEFA, 0x44E, 0x86A, 0xEDA, 0x14E, 0x44A, 0x84A, 0x04E}},
    {0x7F04, {0x000, 0x414, 0x410, 0x8FE, 0xE90, 0x4F4, 0x494, 0x8F4, 0xEA8, 0x0AA, 0x2EA, 0xD14}},
    {0x7F05, {0x000, 0x5FE, 0x420, 0x9FE, 0xF4A, 0x54A, 0x57A, 0x94A, 0xF7A, 0x14A, 0x34A, 0xDFE}},
    {0x7F06, {0x000, 0x2A8, 0x4AE, 0x9B4, 0xEA2, 0x27C, 0x444, 0x954, 0xE54, 0x054, 0x128, 0xEC6}},
    {0x7F07, {0x000, 0x47C, 0x544, 0x97C, 0xE44, 0x47C, 0x900, 0xEFE, 0x010, 0x25C, 0xCD0, 0x13E}},
    {0x7F08, {0x000, 0x408, 0x5C8, 0x94C, 0xF5A, 0x5E8, 0x94A, 0xF4A, 0x1CC, 0x348, 0xD50, 0x1E0}},
    {0x7F09, {0x000, 0x27C, 0x444, 0x97C, 0xE00, 0x2FE, 0x444, 0x97C, 0xE44, 0x07E, 0x144, 0xE04}},
    {0x7F0B, {0x000, 0x410, 0x57C, 0x954, 0xE7C, 0x410, 0x8FE, 0xE00, 0x07C, 0x244, 0xC10, 0x0EE}},
    {0x7F0C, {0x000, 0x47C, 0x554, 0x954, 0xE7C, 0x454, 0x854, 0xF7C, 0x008, 0x22A, 0xCA6, 0x0BC}},
    {0x7F0D, {0x000, 0x40C, 0x570, 0x910, 0xEFE, 0x454, 0x9FE, 0xE54, 0x054, 0x2FE, 0xC10, 0x07C}},
    {0x7F0E, {0x000, 0x4DC, 0x494, 0x894, 0xED4, 0x4B6, 0x4C0, 0x8BE, 0xED4, 0x088, 0x294, 0xCA2}},
    {0x7F0F, {0x000, 0x47E, 0x448, 0x8BE, 0xEAA, 0x5BE, 0x8AA, 0xEBE, 0x088, 0x2A8, 0xC90, 0x0EE}},
    {0x7F11, {0x000, 0x440, 0x47C, 0x884, 0xEFE, 0x590, 0x89C, 0xEA8, 0x0FE, 0x288, 0xC94, 0x0A2}},
    {0x7F12, {0x000, 0x484, 0x448, 0x81E, 0xE12, 0x5DE, 0x850, 0xE5E, 0x052, 0x25E, 0xCC0, 0x13E}},
    {0x7F13, {0x000, 0x20E, 0x4F2, 0x954, 0xEFE, 0x210, 0x4FE, 0x920, 0xE7E, 0x054, 0x288, 0xD36}},
    {0x7F14, {0x000, 0x410, 0x4FE, 0x844, 0xE28, 0x4FE, 0x482, 0x810, 0xEFE, 0x092, 0x296, 0xC10}},
    {0x7F15, {0x000, 0x492, 0x454, 0x8FE, 0xE54, 0x492, 0x420, 0x8FE, 0xE44, 0x048, 0x230, 0xCCC}},
    {0x7F16, {0x000, 0x4FE, 0x400, 0x8FE, 0xE82, 0x4FE, 0x480, 0x8FE, 0xEAA, 0x0FE, 0x2AA, 0xCAA}},
    {0x7F17, {0x000, 0x2FC, 0x484, 0x8FC, 0xE90, 0x4FC, 0x88A, 0xEFE, 0x044, 0x37C, 0xC44, 0x07C}},
    {0x7F18, {0x000, 0x440, 0x47E, 0x884, 0xEFC, 0x408, 0x5FE, 0x850, 0xEB4, 0x158, 0x296, 0xD30}},
    {0x7F19, {0x000, 0x4FE, 0x428, 0x8AA, 0xE6C, 0x4FE, 0x800, 0xE7C, 0x044, 0x27C, 0xC44, 0x07C}},
    {0x7F1A, {0x000, 0x214, 0x4FE, 0x954, 0xE7C, 0x254, 0x47C, 0x954, 0xE08, 0x0FE, 0x108, 0xE58}},
    {0x7F1B, {0x000, 0x4FE, 0x480, 0x8FE, 0xEAA, 0x4A4, 0x8B2, 0xE84, 0x0FE, 0x2A4, 0xC94, 0x30C}},
    {0x7F1C, {0x000, 0x410, 0x4FE, 0x920, 0xE7C, 0x444, 0x87C, 0xF44, 0x07C, 0x344, 0xCFE, 0x182}},
    {0x7F1D, {0x000, 0x288, 0x45E, 0x932, 0xE0C, 0x2D2, 0x448, 0x95C, 0xE48, 0x05C, 0x148, 0xEBE}},
    {0x7F1F, {0x000, 0x420, 0x510, 0x9FE, 0xE44, 0x47C, 0x800, 0xEFE, 0x082, 0x2BA, 0xCAA, 0x0BE}},
    {0x7F20, {0x000, 0x410, 0x4FE, 0x8AA, 0xEBE, 0x4AA, 0x4AA, 0x8BE, 0xE88, 0x0BE, 0x288, 0xD7E}},
    {0x7F21, {0x000, 0x410, 0x4FE, 0x828, 0xE92, 0x4AA, 0x8FE, 0xE10, 0x0FE, 0x292, 0xCAA, 0x0B6}},
    {0x7F22, {0x000, 0x444, 0x428, 0x8FE, 0xE00, 0x428, 0x844, 0xE82, 0x07C, 0x254, 0xC54, 0x1FE}},
    {0x7F23, {0x000, 0x488, 0x450, 0x9FE, 0xE50, 0x5FC, 0x854, 0xDFE, 0x054, 0x5FC, 0x8D8, 0x156}},
    {0x7F24, {0x000, 0x410, 0x4FE, 0x882, 0xE0C, 0x470, 0x840, 0xE7C, 0x050, 0x2FE, 0xC44, 0x082}},
    {0x7F25, {0x000, 0x4FE, 0x428, 0x8FE, 0xEAA, 0x4FE, 0x800, 0xE7C, 0x000, 0x2FE, 0xC54, 0x0B2}},
    {0x7F26, {0x000, 0x47C, 0x544, 0x97C, 0xE44, 0x4FE, 0x8AA, 0xEFE, 0x044, 0x228, 0xC10, 0x0EE}},
    {0x7F27, {0x000, 0x47C, 0x554, 0x97C, 0xE54, 0x47C, 0x810, 0xF64, 0x028, 0x2FE, 0xC54, 0x0B2}},
    {0x7F28, {0x000, 0x4EE, 0x4AA, 0x8AA, 0xE44, 0x4AA, 0x410, 0x8FE, 0xE24, 0x048, 0x230, 0xCCE}},
    {0x7F29, {0x000, 0x420, 0x5FE, 0x902, 0xEBE, 0x488, 0x5BE, 0x8A2, 0xEBE, 0x0A2, 0x2A2, 0xCBE}},
    {0x7F2A, {0x000, 0x2FE, 0x45A, 0x936, 0x65A, 0x412, 0x828, 0xB44, 0xC9A, 0x060, 0x30C, 0xC30}},
    {0x7F2B, {0x000, 0x454, 0x4A8, 0x87C, 0xE54, 0x47C, 0x854, 0xE7C, 0x010, 0x2FE, 0xC38, 0x1D6}},
    {0x7F2C, {0x000, 0x49E, 0x484, 0x9E8, 0xE9E, 0x492, 0x9D2, 0xE12, 0x1C8, 0x348, 0xD54, 0x1E2}},
    {0x7F2D, {0x000, 0x410, 0x4FE, 0x8AA, 0xE44, 0x4BA, 0x828, 0xE38, 0x028, 0x238, 0xC54, 0x0B2}},
    {0x7F2E, {0x000, 0x428, 0x4FE, 0x810, 0xEFE, 0x410, 0x4FE, 0x854, 0xEFE, 0x044, 0x244, 0xC7C}},
    {0x7F2F, {0x000, 0x444, 0x428, 0x8FE, 0xE92, 0x4D6, 0x8BA, 0xEFE, 0x044, 0x27C, 0xC44, 0x07C}},
    {0x7F30, {0x000, 0x4FE, 0x554, 0x97C, 0xE54, 0x4FE, 0x800, 0xF7C, 0x054, 0x27C, 0xC54, 0x0FE}},
    {0x7F31, {0x000, 0x508, 0x4BE, 0x82A, 0xE3E, 0x588, 0x8BE, 0xE94, 0x09E, 0x292, 0xCD2, 0x13E}},
    {0x7F32, {0x000, 0x438, 0x528, 0x938, 0xE00, 0x4EE, 0x8AA, 0xEEE, 0x010, 0x2FE, 0xC38, 0x0D6}},
    {0x7F33, {0x000, 0x4FE, 0x4AA, 0x8FE, 0xE00, 0x4FE, 0x844, 0xE7C, 0x010, 0x22A, 0xC64, 0x1B2}},
    {0x7F34, {0x000, 0x488, 0x5E8, 0x93E, 0xFEA, 0x52A, 0x5EA, 0x88A, 0xFE4, 0x084, 0x2EA, 0xD2A}},
    {0x7F35, {0x000, 0x554, 0x5FE, 0xA44, 0xFFE, 0x4D4, 0x966, 0xE00, 0x07C, 0x244, 0xC10, 0x0EE}},
    {0x7F36, {0x000, 0x200, 0x3FC, 0x440, 0x840, 0x040, 0xFFE, 0x040, 0x444, 0x444, 0x444, 0x7FC}},
    {0x7F38, {0x000, 0x400, 0x7BE, 0xA08, 0x208, 0xF88, 0x208, 0xA88, 0xA88, 0xA88, 0xA88, 0xFBE}},
    {0x7F3A, {0x000, 0x810, 0xFBC, 0xA14, 0x214, 0x214, 0xF94, 0x23E, 0xA90, 0xAA8, 0xAA8, 0xFC4}},
    {0x7F42, {0x000, 0xFBE, 0x8A2, 0x208, 0xDB6, 0x200, 0x3F8, 0x440, 0xFFE, 0x040, 0x444, 0x7FC}},
    {0x7F44, {0x000, 0x238, 0xFAA, 0x27E, 0xFA4, 0xA98, 0xFA6, 0x9F8, 0x240, 0xFFE, 0x444, 0x7FC}},
    {0x7F45, {0x000, 0x81E, 0xF90, 0xA7E, 0x252, 0x25C, 0xFC0, 0x25C, 0xAAA, 0xABE, 0xA88, 0xF98}},
    {0x7F50, {0x000, 0x824, 0xF7E, 0xA24, 0x25A, 0x27E, 0xFA8, 0x27E, 0xAA8, 0xABE, 0xAA8, 0xFBE}},
    {0x7F51, {0x000, 0xFFE, 0x802, 0x88A, 0xAAA, 0x912, 0x912, 0x912, 0xAAA, 0xAAA, 0x802, 0x80E}},
    {0x7F54, {0x000, 0xFFE, 0xA0A, 0x912, 0xFFE, 0x842, 0xFFE, 0xA02, 0xA02, 0xBFA, 0x802, 0x80E}},
    {0x7F55, {0x000, 0xFFE, 0x922, 0x124, 0x63C, 0x000, 0x7FC, 0x040, 0x040, 0xFFE, 0x040, 0x040}},
    {0x7F57, {0x000, 0xFFE, 0x912, 0x912, 0xFFE, 0x000, 0x200, 0x3FC, 0xC84, 0x048, 0x030, 0x7C0}},
    {0x7F58, {0x000, 0xFFE, 0x912, 0xFFE, 0x000, 0xFFE, 0x0C0, 0x0E0, 0x158, 0x246, 0xC40, 0x040}},
    {0x7F5A, {0x000, 0xFFE, 0x912, 0xFFE, 0x000, 0x704, 0x024, 0x724, 0x224, 0x224, 0x304, 0x61C}},
    {0x7F5F, {0x000, 0xFFC, 0x924, 0x924, 0xFFC, 0x080, 0xFFC, 0x080, 0x7F8, 0x408, 0x408, 0x7F8}},
    {0x7F61, {0x000, 0xFFC, 0x924, 0xFFC, 0x000, 0xFFC, 0x040, 0x240, 0x278, 0x240, 0x240, 0xFFC}},
    {0x7F62, {0x000, 0xFFE, 0x912, 0x912, 0xFFE, 0x040, 0x7FC, 0x040, 0xFFE, 0x100, 0x204, 0xFFA}},
    {0x7F68, {0x000, 0x7FC, 0x4A4, 0x7FC, 0x100, 0xFFE, 0x248, 0x7FC, 0xA4A, 0x3F8, 0x042, 0x07E}},
    {0x7F69, {0x000, 0x7FC, 0x4A4, 0x7FC, 0x080, 0x0FE, 0x080, 0x7FC, 0x404, 0xFFE, 0x040, 0x040}},
    {0x7F6A, {0x000, 0xFFE, 0x912, 0xFFE, 0x110, 0xF1E, 0x110, 0xF1E, 0x110, 0xF1E, 0x110, 0x210}},
    {0x7F6E, {0x000, 0xFFE, 0x912, 0xFFE, 0x040, 0xFFE, 0x040, 0xBFC, 0xA04, 0xBFC, 0xA04, 0xFFE}},
    {0x7F71, {0x000, 0xFFE, 0x912, 0xFFE, 0x040, 0xFFE, 0x040, 0x7FC, 0x4A4, 0x5F4, 0x444, 0x45C}},
    {0x7F72, {0x000, 0x7FC, 0x4A4, 0x7FC, 0x040, 0x7F4, 0x048, 0xFFE, 0x104, 0x3FC, 0xD04, 0x1FC}},
    {0x7F74, {0x000, 0xFFE, 0x912, 0xFFE, 0x040, 0x3F8, 0x040, 0xFFE, 0x110, 0x3F8, 0x892, 0x892}},
    {0x7F79, {0x000, 0xFFE, 0x912, 0xFFE, 0x248, 0xAFE, 0xA90, 0xBFE, 0xA90, 0x2FE, 0x290, 0x2FE}},
    {0x7F7E, {0x000, 0x7FC, 0x4A4, 0x7FC, 0x358, 0x6EC, 0xA4A, 0x3F8, 0x110, 0x1F0, 0x110, 0x1F0}},
    {0x7F81, {0x000, 0xFFE, 0x912, 0xFFE, 0x280, 0x7DC, 0x284, 0x394, 0x7DE, 0x542, 0xFFA, 0x106}},
    {0x7F8A, {0x000, 0x208, 0x110, 0xFFE, 0x040, 0x040, 0x7FC, 0x040, 0x040, 0xFFE, 0x040, 0x040}},
    {0x7F8C, {0x000, 0x110, 0xFFE, 0x040, 0x040, 0xFFE, 0x040, 0x040, 0xFFE, 0x0A0, 0x322, 0xC3E}},
    {0x7F8E, {0x000, 0x318, 0xFFE, 0x040, 0x7FC, 0x040, 0xFFE, 0x040, 0xFFE, 0x0A0, 0x318, 0xC06}},
    {0x7F94, {0x000, 0x110, 0x7FC, 0x040, 0x040, 0x3F8, 0x040, 0x040, 0xFFE, 0x000, 0x524, 0x892}},
    {0x7F9A, {0x000, 0x518, 0x024, 0xF42, 0x23C, 0x200, 0xF7E, 0x212, 0x212, 0xF12, 0x216, 0x410}},
    {0x7F9D, {0x000, 0x886, 0x578, 0xFC8, 0x248, 0xFFE, 0x248, 0x3C8, 0xE74, 0x2C4, 0x402, 0x8F8}},
    {0x7F9E, {0x000, 0x110, 0xFFE, 0x040, 0x7FE, 0x040, 0xFFE, 0x124, 0x2FE, 0xC44, 0x044, 0x3FE}},
    {0x7F9F, {0x000, 0x880, 0x53E, 0xF84, 0x208, 0xF94, 0x222, 0x380, 0xE3E, 0x208, 0x408, 0x87E}},
    {0x7FA1, {0x000, 0x208, 0xFFE, 0x040, 0x7FC, 0x040, 0xFFE, 0x440, 0x27E, 0x092, 0x228, 0xCC6}},
    {0x7FA4, {0x000, 0x022, 0xF94, 0x2BE, 0xFC8, 0x288, 0xFBE, 0x408, 0x788, 0xCBE, 0x488, 0x788}},
    {0x7FA7, {0x000, 0x890, 0x524, 0xFFA, 0x228, 0xFAA, 0x24E, 0x3A0, 0xE3C, 0x2E4, 0x418, 0x8E6}},
    {0x7FAF, {0x000, 0xAFC, 0x084, 0xEFC, 0x484, 0x4FC, 0xE40, 0x4FE, 0x512, 0xEAA, 0x482, 0x8F6}},
    {0x7FB0, {0x000, 0x552, 0x252, 0xF7E, 0x220, 0xF7E, 0x228, 0x328, 0xE5A, 0x24C, 0x492, 0x822}},
    {0x7FB2, {0x000, 0x110, 0xFFE, 0x040, 0x7FC, 0x228, 0xFFE, 0x720, 0xA92, 0xFD4, 0x08A, 0x3B6}},
    {0x7FB8, {0x000, 0xFFE, 0x400, 0x7FE, 0x204, 0x3FC, 0xEAE, 0xA0A, 0xEEA, 0xA4E, 0xEEA, 0xA52}},
    {0x7FB9, {0x000, 0x110, 0x7FC, 0x040, 0xFFE, 0x4A4, 0x208, 0xFFE, 0x040, 0xFFE, 0x1B0, 0xE0E}},
    {0x7FBC, {0x000, 0x7FE, 0x402, 0x7FE, 0x488, 0x5FC, 0x420, 0x7FE, 0x420, 0x554, 0xBFE, 0x888}},
    {0x7FBD, {0x000, 0xFBE, 0x082, 0x8A2, 0x492, 0x28A, 0x082, 0x28A, 0x28A, 0x492, 0x8A2, 0x38E}},
    {0x7FBF, {0x000, 0xFBE, 0x28A, 0xDB6, 0x28A, 0xCB2, 0x186, 0x110, 0xFFE, 0x110, 0x210, 0x410}},
    {0x7FC1, {0x000, 0x110, 0x288, 0xD16, 0x3E8, 0x000, 0xFBE, 0x082, 0xCB2, 0x082, 0x28A, 0xDB6}},
    {0x7FC5, {0x000, 0x4EE, 0xE22, 0x466, 0x4AA, 0xE22, 0x266, 0xAAA, 0xA22, 0x466, 0x400, 0xBFE}},
    {0x7FCA, {0x000, 0x2EE, 0x222, 0xF66, 0x1AA, 0x522, 0x522, 0x566, 0x1AA, 0xE22, 0x022, 0x066}},
    {0x7FCC, {0x000, 0xFBE, 0x082, 0xCB2, 0x28A, 0xCB2, 0x186, 0x040, 0xFFE, 0x208, 0x110, 0xFFE}},
    {0x7FCE, {0x000, 0x27E, 0x512, 0x892, 0x036, 0x75A, 0x012, 0xFB6, 0x4DA, 0x492, 0x592, 0x436}},
    {0x7FD4, {0x000, 0xAEE, 0x022, 0xEAA, 0x466, 0x422, 0xE22, 0x466, 0x4AA, 0xE22, 0x422, 0x866}},
    {0x7FD5, {0x000, 0x1F0, 0xE0E, 0x7FC, 0x404, 0x7FC, 0x000, 0xFBE, 0x492, 0x9A6, 0x28A, 0xDB6}},
    {0x7FD8, {0x000, 0x5BE, 0xE12, 0x5B6, 0x212, 0xD92, 0x012, 0xFB6, 0x512, 0x536, 0x900, 0x8FE}},
    {0x7FDF, {0x000, 0xFBE, 0x28A, 0x596, 0xAAA, 0x596, 0x220, 0x7FE, 0xA20, 0x3FE, 0x220, 0x3FE}},
    {0x7FE0, {0x000, 0xFBE, 0x492, 0x28A, 0x596, 0x040, 0xFFE, 0x208, 0x554, 0xFFE, 0x040, 0x040}},
    {0x7FE1, {0x000, 0x0A0, 0xFBE, 0x0A0, 0xFBE, 0x0A0, 0x100, 0xFBE, 0x492, 0x9A6, 0x28A, 0xDB6}},
    {0x7FE5, {0x000, 0x104, 0xFE8, 0x110, 0xFFE, 0x090, 0x17C, 0x244, 0xFFE, 0x596, 0xAAA, 0x596}},
    {0x7FE6, {0x000, 0xFDC, 0xA36, 0xB9C, 0x914, 0xFC8, 0xA94, 0xFFE, 0x492, 0x9A6, 0x28A, 0xDB6}},
    {0x7FE9, {0x000, 0xF7E, 0x812, 0xF36, 0x95A, 0xF12, 0x812, 0xFB6, 0xADA, 0xF92, 0xA92, 0xAB6}},
    {0x7FEE, {0x000, 0xF7E, 0x012, 0xF36, 0x95A, 0xF92, 0xA92, 0xDB6, 0x8DA, 0xF92, 0xA92, 0x9B6}},
    {0x7FF0, {0x000, 0x218, 0xFA4, 0x242, 0xFB6, 0x89A, 0xFB6, 0x892, 0xF92, 0x236, 0xF9A, 0x236}},
    {0x7FF1, {0x000, 0x27E, 0xF92, 0x8DA, 0xFB6, 0x892, 0xF92, 0x212, 0xFB6, 0x55A, 0xA92, 0x236}},
    {0x7FF3, {0x000, 0xFB8, 0xD2A, 0xFDE, 0x934, 0xA88, 0xFB6, 0x000, 0xFBE, 0x596, 0xAAA, 0x596}},
    {0x7FFB, {0x000, 0x77E, 0xA92, 0xF92, 0x75A, 0xAB6, 0x212, 0xF92, 0xAB6, 0xFDA, 0xA92, 0xFB6}},
    {0x7FFC, {0x000, 0xFBE, 0x492, 0x28A, 0xDB6, 0x7FC, 0x444, 0x7FC, 0x444, 0xFFE, 0x208, 0xC06}},
    {0x8000, {0x000, 0x236, 0xA92, 0xAB6, 0xA92, 0x236, 0xF94, 0x53E, 0x568, 0x53E, 0x5A8, 0x93E}},
    {0x8001, {0x000, 0x040, 0x7FA, 0x044, 0x048, 0xFFE, 0x060, 0x186, 0xFF8, 0x102, 0x102, 0x1FE}},
    {0x8003, {0x000, 0x082, 0x7F4, 0x088, 0xFFE, 0x060, 0x180, 0xFFE, 0x200, 0x3FC, 0x004, 0x03C}},
    {0x8004, {0x000, 0x082, 0x7F4, 0x098, 0xFFE, 0x184, 0xEFC, 0x070, 0xF80, 0x0FC, 0xF82, 0x0FE}},
    {0x8005, {0x000, 0x040, 0x7F2, 0x044, 0x048, 0xFFE, 0x080, 0x3FC, 0xE04, 0x3FC, 0x204, 0x3FC}},
    {0x8006, {0x000, 0x040, 0x7FA, 0x04C, 0xFFE, 0x060, 0x186, 0xEF8, 0x082, 0x7FE, 0x404, 0x7FC}},
    {0x800B, {0x000, 0x108, 0xFD0, 0x120, 0xFFE, 0x148, 0x252, 0xFFE, 0x110, 0x7EC, 0x040, 0xFFE}},
    {0x800C, {0x000, 0xFFE, 0x040, 0x080, 0xFFE, 0x912, 0x912, 0x912, 0x912, 0x912, 0x912, 0x806}},
    {0x800D, {0x000, 0xFFE, 0x080, 0xFFE, 0x912, 0x916, 0x080, 0xFFE, 0x108, 0x210, 0x1E0, 0xE1E}},
    {0x8010, {0x000, 0xFE4, 0x104, 0x21E, 0xFE4, 0xAA4, 0xAA4, 0xAB4, 0xAA4, 0xAA4, 0xAA4, 0x86C}},
    {0x8012, {0x000, 0x040, 0x078, 0x7C0, 0x040, 0x7FC, 0x040, 0xFFE, 0x0E0, 0x150, 0x248, 0xC46}},
    {0x8014, {0x000, 0x200, 0x3BC, 0xE04, 0x208, 0xF88, 0x23E, 0xF88, 0x208, 0x708, 0xA88, 0x218}},
    {0x8015, {0x000, 0x224, 0xFA4, 0x27E, 0xFA4, 0x224, 0xFA4, 0x27E, 0x724, 0x724, 0xAA4, 0x244}},
    {0x8016, {0x000, 0x210, 0x310, 0xE54, 0x252, 0xF92, 0x210, 0xFB4, 0x208, 0x710, 0xAA0, 0x240}},
    {0x8017, {0x000, 0x206, 0xFB8, 0x208, 0xF8E, 0x238, 0xF88, 0x20E, 0x738, 0x70A, 0xA8A, 0x20E}},
    {0x8018, {0x000, 0x2BC, 0xF00, 0x200, 0xF80, 0x27E, 0xF90, 0x210, 0x714, 0x724, 0xAAA, 0x272}},
    {0x8019, {0x000, 0x23E, 0xFAA, 0x22A, 0xFAA, 0x22A, 0xFBE, 0x220, 0xFA0, 0x222, 0x722, 0xABE}},
    {0x801C, {0x000, 0x200, 0x37C, 0xE44, 0x244, 0xF7C, 0x240, 0xF7E, 0x242, 0x742, 0xA42, 0x27E}},
    {0x8020, {0x000, 0x210, 0x328, 0xE44, 0x282, 0xF38, 0x200, 0xF7C, 0x244, 0x744, 0xA44, 0x27C}},
    {0x8022, {0x000, 0x224, 0x27E, 0xF24, 0x200, 0xF7E, 0x242, 0xF10, 0x23E, 0x712, 0xA92, 0x226}},
    {0x8025, {0x000, 0x292, 0x354, 0xE10, 0x2FE, 0xF82, 0x2BA, 0xFAA, 0x2AA, 0x7BA, 0xA82, 0x286}},
    {0x8026, {0x000, 0x27C, 0x3D4, 0xE7C, 0x254, 0xFFC, 0x210, 0xFFE, 0x292, 0x69A, 0xBAA, 0x286}},
    {0x8027, {0x000, 0x24A, 0x22C, 0xF7E, 0x218, 0xF2C, 0x24A, 0xF10, 0x27E, 0x724, 0xA98, 0x266}},
    {0x8028, {0x000, 0x4FE, 0x680, 0xCFE, 0x4AA, 0xEB4, 0x4E2, 0xE84, 0x4FE, 0xEA4, 0xD14, 0x50C}},
    {0x8029, {0x000, 0x228, 0x328, 0xEFE, 0x228, 0xFFE, 0x210, 0xF7C, 0x254, 0x7FE, 0xA44, 0x24C}},
    {0x802A, {0x000, 0x410, 0x4FE, 0xE44, 0x428, 0xEFE, 0x492, 0xEFE, 0x420, 0xE3E, 0xD42, 0x44E}},
    {0x8031, {0x000, 0x210, 0x3FE, 0xEA4, 0x2FE, 0xFAC, 0x2B6, 0xFFE, 0x290, 0x7BC, 0xAE4, 0x33C}},
    {0x8033, {0x000, 0xFFE, 0x208, 0x208, 0x3F8, 0x208, 0x208, 0x3F8, 0x208, 0x20E, 0xFF8, 0x008}},
    {0x8035, {0x000, 0xFFE, 0x488, 0x488, 0x788, 0x488, 0x488, 0x788, 0x488, 0x588, 0xE88, 0x098}},
    {0x8036, {0x000, 0xFDE, 0x492, 0x492, 0x792, 0x494, 0x492, 0x792, 0x492, 0x4D6, 0xF90, 0x090}},
    {0x8037, {0x000, 0x040, 0xFFE, 0x110, 0xFFE, 0x208, 0x3F8, 0x208, 0x3F8, 0x20E, 0xFF8, 0x008}},
    {0x8038, {0x000, 0x110, 0x110, 0x2A8, 0x444, 0x822, 0xFFE, 0x208, 0x3F8, 0x208, 0xFFE, 0x008}},
    {0x803B, {0x000, 0xFC8, 0x488, 0x4A8, 0x7A8, 0x4AE, 0x7A8, 0x4A8, 0x4A8, 0x7A8, 0xCA8, 0x0FE}},
    {0x803D, {0x000, 0xF90, 0x57E, 0x552, 0x752, 0x510, 0x510, 0x718, 0x528, 0x5AA, 0xF2A, 0x14E}},
    {0x803F, {0x000, 0xF88, 0x508, 0x52A, 0x72A, 0x52A, 0x708, 0x514, 0x594, 0x722, 0xD22, 0x141}},
    {0x8042, {0x000, 0xFFE, 0x208, 0x3F8, 0x208, 0x3FE, 0xE08, 0x000, 0xFBE, 0x8A2, 0x71C, 0x8A2}},
    {0x8043, {0x000, 0xF90, 0x57C, 0x554, 0x77C, 0x554, 0x754, 0x5FE, 0x544, 0xF44, 0x144, 0x14C}},
    {0x8046, {0x000, 0xF90, 0x528, 0x744, 0x5BA, 0x500, 0x77E, 0x512, 0x512, 0xF16, 0x110, 0x110}},
    {0x804A, {0x000, 0xF2E, 0xACA, 0xA8A, 0xEAA, 0xAAA, 0xAAA, 0xEAA, 0xAEA, 0xA2E, 0xE48, 0x288}},
    {0x804B, {0x000, 0x088, 0xFFE, 0x0A4, 0x338, 0xCE2, 0xFFE, 0x208, 0x3F8, 0x208, 0xFFE, 0x008}},
    {0x804C, {0x000, 0xF7E, 0x542, 0x542, 0x742, 0x542, 0x57E, 0x700, 0x524, 0x524, 0xF42, 0x142}},
    {0x804D, {0x000, 0xF90, 0x57E, 0x542, 0x700, 0x57E, 0x708, 0x508, 0x588, 0x708, 0xD08, 0x118}},
    {0x8052, {0x000, 0xFC4, 0x4B8, 0x488, 0x788, 0x4FE, 0x488, 0x788, 0x4BE, 0x5A2, 0xEA2, 0x0BE}},
    {0x8054, {0x000, 0xF44, 0x528, 0x5FE, 0x710, 0x510, 0x7FE, 0x510, 0x528, 0x728, 0x944, 0x182}},
    {0x8058, {0x000, 0xF90, 0x57C, 0x554, 0x77C, 0x554, 0x7FE, 0x520, 0x53E, 0x702, 0xD02, 0x10E}},
    {0x805A, {0x000, 0xFFE, 0x442, 0x7D4, 0x448, 0x7D4, 0xC62, 0x210, 0xC62, 0x1D4, 0x248, 0xC46}},
    {0x8069, {0x000, 0xF90, 0x57C, 0x754, 0x57C, 0x510, 0x7FE, 0x544, 0x554, 0x7D4, 0xD28, 0x1C6}},
    {0x806A, {0x000, 0xFA2, 0x494, 0x4BE, 0x7A2, 0x4A2, 0x4A2, 0x7BE, 0x480, 0x4AA, 0xFA0, 0x0AE}},
    {0x8071, {0x000, 0x210, 0xFBE, 0x264, 0xF94, 0x288, 0x5B4, 0xBFE, 0x208, 0x3F8, 0x21E, 0xFE8}},
    {0x807F, {0x000, 0x040, 0x3F8, 0x048, 0xFFE, 0x048, 0x3F8, 0x040, 0x7FC, 0x040, 0xFFE, 0x040}},
    {0x8080, {0x000, 0x040, 0x040, 0x3F8, 0x048, 0xFFE, 0x048, 0x3F8, 0x040, 0x040, 0x040, 0x040}},
    {0x8083, {0x000, 0x040, 0x7FC, 0x044, 0xFFE, 0x044, 0x7FC, 0x040, 0x4E4, 0x554, 0x844, 0x844}},
    {0x8084, {0x000, 0x910, 0xE7C, 0x814, 0x97E, 0xF14, 0x87C, 0xF90, 0xA7C, 0xF90, 0x27E, 0xD90}},
    {0x8086, {0x000, 0x790, 0x47C, 0x714, 0x47E, 0x714, 0x47C, 0xF90, 0x27C, 0x410, 0x97E, 0xE90}},
    {0x8087, {0x000, 0xFD0, 0x49E, 0x7A4, 0x418, 0x866, 0x7FC, 0x044, 0xFFE, 0x044, 0xFFE, 0x040}},
    {0x8089, {0x000, 0x040, 0xFFE, 0x842, 0x842, 0x8B2, 0xB0A, 0x842, 0x842, 0x8B2, 0xB0A, 0x806}},
    {0x808B, {0x000, 0xF10, 0x910, 0x97E, 0xF12, 0x912, 0x912, 0xF12, 0x912, 0x922, 0x922, 0xB46}},
    {0x808C, {0x000, 0xF78, 0x948, 0x948, 0xF48, 0x948, 0x948, 0xF48, 0x948, 0x94A, 0x94A, 0xB4E}},
    {0x8093, {0x000, 0x040, 0xFFE, 0x400, 0x7FC, 0x000, 0x7FC, 0x404, 0x7FC, 0x404, 0x7FC, 0x404}},
    {0x8096, {0x000, 0x444, 0x248, 0x040, 0x7FC, 0x404, 0x7FC, 0x404, 0x7FC, 0x404, 0x404, 0x41C}},
    {0x8098, {0x000, 0xF04, 0x904, 0x97E, 0xF04, 0x904, 0x944, 0xF24, 0x924, 0x904, 0x904, 0xB1C}},
    {0x809A, {0x000, 0x788, 0x488, 0x488, 0x788, 0x4BE, 0x488, 0x788, 0x488, 0x488, 0x888, 0x9BE}},
    {0x809B, {0x000, 0x7BE, 0x488, 0x488, 0x788, 0x488, 0x488, 0x788, 0x488, 0x488, 0x888, 0x9BE}},
    {0x809C, {0x000, 0x788, 0x490, 0x4A0, 0x7C4, 0x488, 0x490, 0x7A2, 0x484, 0x488, 0x890, 0x9A0}},
    {0x809D, {0x000, 0x7BE, 0x488, 0x488, 0x788, 0x488, 0x4BE, 0x788, 0x488, 0x488, 0x888, 0x988}},
    {0x809F, {0x000, 0xF3C, 0x900, 0x900, 0xD7E, 0xB10, 0x920, 0xB7C, 0xD04, 0x904, 0x904, 0xB18}},
    {0x80A0, {0x000, 0xF7C, 0x908, 0x910, 0xF20, 0x97E, 0x92A, 0xF4A, 0x952, 0x912, 0x922, 0xB4E}},
    {0x80A1, {0x000, 0xE78, 0xA48, 0xA4A, 0xE8E, 0xA00, 0xAFC, 0xE44, 0xA28, 0xA10, 0xA28, 0xAC6}},
    {0x80A2, {0x000, 0xF10, 0x9FE, 0x910, 0xF10, 0x97C, 0x904, 0xF44, 0x928, 0x910, 0x928, 0xBC6}},
    {0x80A4, {0x000, 0xF10, 0x910, 0x97C, 0xF10, 0x910, 0x9FE, 0xF10, 0x910, 0x928, 0x944, 0xB82}},
    {0x80A5, {0x000, 0xEFE, 0xA92, 0xA92, 0xE92, 0xA92, 0xAFE, 0xE80, 0xA80, 0xA82, 0xA82, 0xAFE}},
    {0x80A9, {0x000, 0xFFE, 0x000, 0x7FE, 0x402, 0x7FE, 0x504, 0x5FC, 0x504, 0x5FC, 0x904, 0x90C}},
    {0x80AA, {0x000, 0xF10, 0x9FE, 0x920, 0xF20, 0x920, 0x93E, 0xF22, 0x922, 0x922, 0x942, 0xB4E}},
    {0x80AB, {0x000, 0x710, 0x51C, 0x570, 0x710, 0x554, 0x554, 0x754, 0x57C, 0x510, 0x912, 0xB0E}},
    {0x80AD, {0x000, 0xE70, 0xA10, 0xAFE, 0xE92, 0xA92, 0xAAA, 0xEAA, 0xAC6, 0xA82, 0xA82, 0xA86}},
    {0x80AE, {0x000, 0xF10, 0x97E, 0x900, 0xF3C, 0x924, 0x924, 0xF24, 0x924, 0x924, 0x944, 0xB46}},
    {0x80AF, {0x000, 0x27C, 0x240, 0xFFE, 0x000, 0x7FC, 0x404, 0x7FC, 0x404, 0x7FC, 0x404, 0x41C}},
    {0x80B1, {0x000, 0xF20, 0x9FE, 0x920, 0xF20, 0x928, 0x928, 0xF28, 0x948, 0x954, 0x956, 0xBBA}},
    {0x80B2, {0x000, 0x040, 0xFFE, 0x204, 0xFFA, 0x000, 0x7FC, 0x404, 0x7FC, 0x404, 0x7FC, 0x404}},
    {0x80B4, {0x000, 0x318, 0x0E0, 0x318, 0xFFE, 0x100, 0x3FC, 0x604, 0xBFC, 0x204, 0x3FC, 0x204}},
    {0x80B7, {0x000, 0xF20, 0x920, 0x93E, 0xD52, 0xB94, 0x910, 0xB10, 0xD28, 0x928, 0x944, 0xB82}},
    {0x80BA, {0x000, 0xE10, 0xAFE, 0xA00, 0xE10, 0xAFE, 0xA92, 0xE92, 0xA92, 0xA92, 0xA96, 0xA10}},
    {0x80BC, {0x000, 0x728, 0x528, 0x528, 0x77C, 0x528, 0x528, 0x7FE, 0x528, 0x528, 0x948, 0xB48}},
    {0x80BD, {0x000, 0x710, 0x510, 0x510, 0x7FE, 0x510, 0x510, 0x728, 0x528, 0x544, 0x9A4, 0xB12}},
    {0x80BE, {0x000, 0x97E, 0x942, 0x924, 0x918, 0x966, 0x000, 0x7FC, 0x404, 0x7FC, 0x404, 0x40C}},
    {0x80BF, {0x000, 0xE10, 0xA10, 0xAFE, 0xE92, 0xA92, 0xA92, 0xEFE, 0xA10, 0xA10, 0xA10, 0xA10}},
    {0x80C0, {0x000, 0xF22, 0x924, 0x928, 0xF20, 0x9FE, 0x920, 0xF30, 0x928, 0x924, 0x922, 0xB30}},
    {0x80C1, {0x000, 0xE40, 0xA40, 0xAF8, 0xE48, 0xA48, 0xACC, 0xF4A, 0xA48, 0xA48, 0xA88, 0xA98}},
    {0x80C2, {0x000, 0x710, 0x510, 0x57E, 0x752, 0x57E, 0x552, 0x77E, 0x510, 0x510, 0x910, 0xB10}},
    {0x80C3, {0x000, 0xFFE, 0x842, 0xFFE, 0x842, 0xFFE, 0x404, 0x7FC, 0x404, 0x7FC, 0x404, 0x41C}},
    {0x80C4, {0x000, 0x040, 0xFFE, 0x842, 0xFFE, 0x842, 0xFFE, 0x404, 0x7FC, 0x404, 0x7FC, 0x404}},
    {0x80C6, {0x000, 0xF7C, 0x944, 0x944, 0xF7C, 0x944, 0x944, 0xF44, 0x97C, 0x900, 0x900, 0xBFE}},
    {0x80CC, {0x000, 0x126, 0xF38, 0x122, 0xF3E, 0x100, 0x7FC, 0x404, 0x7FC, 0x404, 0x7FC, 0x404}},
    {0x80CD, {0x000, 0x70E, 0x574, 0x554, 0x754, 0x554, 0x554, 0x754, 0x554, 0x552, 0x99A, 0xB2A}},
    {0x80CE, {0x000, 0xF10, 0x910, 0x920, 0xF24, 0x97A, 0x900, 0xF7E, 0x942, 0x942, 0x942, 0xB7E}},
    {0x80D6, {0x000, 0xE10, 0xA92, 0xA52, 0xE54, 0xA10, 0xAFE, 0xE10, 0xA10, 0xAFE, 0xA10, 0xA10}},
    {0x80D7, {0x000, 0x710, 0x528, 0x544, 0x792, 0x520, 0x548, 0x792, 0x524, 0x548, 0x910, 0xB20}},
    {0x80D9, {0x000, 0x720, 0x520, 0x53E, 0x750, 0x590, 0x51C, 0x710, 0x51C, 0x510, 0x910, 0xB10}},
    {0x80DA, {0x000, 0xEFE, 0xA10, 0xA10, 0xE38, 0xA56, 0xA90, 0xE10, 0xA10, 0xA10, 0xA00, 0xAFE}},
    {0x80DB, {0x000, 0xEFE, 0xA92, 0xA92, 0xEFE, 0xA92, 0xA92, 0xE92, 0xAFE, 0xA10, 0xA10, 0xA10}},
    {0x80DC, {0x000, 0xF50, 0x950, 0x97E, 0xF90, 0x910, 0x910, 0xF7C, 0x910, 0x910, 0x910, 0xBFE}},
    {0x80DD, {0x000, 0xF06, 0x978, 0x948, 0xF48, 0x97E, 0x948, 0xF48, 0x94A, 0x96A, 0x9C4, 0xB38}},
    {0x80DE, {0x000, 0xF40, 0x97E, 0x982, 0xF7A, 0x90A, 0x90A, 0xF7A, 0x94E, 0x940, 0x942, 0xB7E}},
    {0x80E1, {0x000, 0x21E, 0x212, 0xF92, 0x21E, 0x212, 0x212, 0xF9E, 0x892, 0x892, 0x8A2, 0xFA6}},
    {0x80E4, {0x000, 0x488, 0x4A8, 0x548, 0x488, 0x528, 0x7F8, 0x528, 0x5EA, 0x52A, 0x9EA, 0x92E}},
    {0x80E5, {0x000, 0xFFE, 0x042, 0x278, 0x640, 0x9FE, 0x208, 0x3F8, 0x208, 0x3F8, 0x208, 0x218}},
    {0x80E7, {0x000, 0x750, 0x548, 0x5FE, 0x750, 0x554, 0x554, 0x758, 0x550, 0x572, 0x952, 0xB8E}},
    {0x80E8, {0x000, 0x720, 0x520, 0x5FE, 0x720, 0x548, 0x548, 0x77E, 0x508, 0x52C, 0x94A, 0xB5A}},
    {0x80E9, {0x000, 0x720, 0x520, 0x53C, 0x720, 0x5FE, 0x520, 0x738, 0x524, 0x520, 0x920, 0xB20}},
    {0x80EA, {0x000, 0x710, 0x51E, 0x510, 0x77E, 0x542, 0x57E, 0x740, 0x540, 0x540, 0x980, 0xB00}},
    {0x80EB, {0x000, 0x77C, 0x504, 0x508, 0x718, 0x524, 0x5C2, 0x700, 0x57C, 0x510, 0x910, 0xBFE}},
    {0x80EC, {0x000, 0x200, 0xFBC, 0x494, 0x508, 0x294, 0x462, 0x7FC, 0x4C4, 0x524, 0x4D4, 0x524}},
    {0x80ED, {0x000, 0xEFE, 0xA92, 0xA92, 0xEFE, 0xA92, 0xA92, 0xEAA, 0xAAA, 0xAC6, 0xA82, 0xAFE}},
    {0x80EF, {0x000, 0xE10, 0xAFE, 0xA28, 0xE44, 0xABA, 0xA00, 0xEFE, 0xA40, 0xA7E, 0xA02, 0xA0E}},
    {0x80F0, {0x000, 0xE10, 0xAFE, 0xA10, 0xEFE, 0xA12, 0xAFE, 0xE90, 0xAFE, 0xA12, 0xA28, 0xAC6}},
    {0x80F1, {0x000, 0xE10, 0xA92, 0xA52, 0xE54, 0xA10, 0xAFE, 0xE28, 0xA28, 0xA2A, 0xA4A, 0xA8E}},
    {0x80F2, {0x000, 0x710, 0x510, 0x5FE, 0x720, 0x540, 0x568, 0x712, 0x524, 0x548, 0x914, 0xB62}},
    {0x80F3, {0x000, 0xF20, 0x93C, 0x944, 0xFA8, 0x910, 0x928, 0xFC6, 0x97C, 0x944, 0x944, 0xB7C}},
    {0x80F4, {0x000, 0xEFE, 0xA82, 0xABA, 0xE82, 0xABA, 0xAAA, 0xEAA, 0xAAA, 0xABA, 0xA82, 0xA86}},
    {0x80F6, {0x000, 0xE10, 0xAFE, 0xA00, 0xE44, 0xA82, 0xA44, 0xE44, 0xA28, 0xA10, 0xA28, 0xAC6}},
    {0x80F8, {0x000, 0xE80, 0xAFE, 0xB02, 0xE8A, 0xADA, 0xAAA, 0xEDA, 0xA8A, 0xAFA, 0xA02, 0xA0E}},
    {0x80FA, {0x000, 0xF10, 0x97E, 0x942, 0xF10, 0x97E, 0x924, 0xF24, 0x924, 0x918, 0x924, 0xB42}},
    {0x80FC, {0x000, 0xF42, 0x924, 0x97E, 0xF24, 0x924, 0x924, 0xF7E, 0x924, 0x924, 0x924, 0xB44}},
    {0x80FD, {0x000, 0x212, 0x49C, 0xF50, 0x012, 0xFDE, 0x840, 0xFD2, 0x85C, 0xFD0, 0x852, 0x8DE}},
    {0x8102, {0x000, 0xF46, 0x978, 0x942, 0xF42, 0x97E, 0x900, 0xF7E, 0x942, 0x97E, 0x942, 0xB7E}},
    {0x8106, {0x000, 0xE7C, 0xA84, 0xAFE, 0xE80, 0xABC, 0xAA4, 0xEA4, 0xAAC, 0xAA0, 0xAA2, 0xB3E}},
    {0x8109, {0x000, 0xF10, 0x908, 0x970, 0xF12, 0x9D4, 0x958, 0xF54, 0x954, 0x992, 0x912, 0xB30}},
    {0x810A, {0x000, 0x040, 0xE4E, 0x0A0, 0xEAE, 0x110, 0x3F8, 0xE0E, 0x3F8, 0x208, 0x3F8, 0x208}},
    {0x810D, {0x000, 0x710, 0x518, 0x524, 0x742, 0x53C, 0x500, 0x77E, 0x510, 0x524, 0x94E, 0xB72}},
    {0x810E, {0x000, 0x74C, 0x530, 0x528, 0x7C4, 0x510, 0x5FE, 0x710, 0x554, 0x552, 0x992, 0xB30}},
    {0x810F, {0x000, 0xE10, 0xAFE, 0xA80, 0xE90, 0xA90, 0xAFC, 0xE90, 0xA90, 0xA90, 0xA90, 0xB7E}},
    {0x8110, {0x000, 0xE10, 0xAFE, 0xA44, 0xEAA, 0xA10, 0xA28, 0xEC6, 0xA44, 0xA44, 0xA84, 0xA84}},
    {0x8111, {0x000, 0xE10, 0xAFE, 0xA00, 0xEAA, 0xAAA, 0xA92, 0xE92, 0xAAA, 0xAAA, 0xA82, 0xAFE}},
    {0x8112, {0x000, 0x710, 0x594, 0x554, 0x758, 0x5FE, 0x538, 0x754, 0x554, 0x592, 0x992, 0xB10}},
    {0x8113, {0x000, 0xE10, 0xAFE, 0xA92, 0xE92, 0xA20, 0xA22, 0xE54, 0xBC8, 0xA48, 0xA54, 0xA62}},
    {0x8114, {0x000, 0x040, 0xFFE, 0x318, 0x514, 0x040, 0x7FC, 0x444, 0x5B4, 0x444, 0x5B4, 0x40C}},
    {0x8116, {0x000, 0xF10, 0x97E, 0x910, 0xF7E, 0x942, 0x93C, 0xF08, 0x97E, 0x908, 0x908, 0xB38}},
    {0x8118, {0x000, 0x710, 0x5FE, 0x582, 0x700, 0x57C, 0x500, 0x7FE, 0x528, 0x528, 0x92A, 0xB4E}},
    {0x811A, {0x000, 0xE4E, 0xA4A, 0xAEA, 0xE4A, 0xA4A, 0xAEA, 0xE4A, 0xAAA, 0xAAE, 0xAE8, 0xA08}},
    {0x811E, {0x000, 0x710, 0x554, 0x554, 0x754, 0x5BA, 0x592, 0x710, 0x57C, 0x510, 0x910, 0xBFE}},
    {0x812C, {0x000, 0x71C, 0x560, 0x5A4, 0x792, 0x57C, 0x508, 0x710, 0x5FE, 0x510, 0x910, 0xB30}},
    {0x812F, {0x000, 0xE14, 0xAFE, 0xA10, 0xEFE, 0xA92, 0xAFE, 0xE92, 0xAFE, 0xA92, 0xA92, 0xA96}},
    {0x8131, {0x000, 0xF42, 0x924, 0x97E, 0xF42, 0x942, 0x97E, 0xF28, 0x928, 0x92A, 0x92A, 0xB4E}},
    {0x8132, {0x000, 0x77E, 0x542, 0x542, 0x77E, 0x548, 0x548, 0x77A, 0x55C, 0x55A, 0x96A, 0xB98}},
    {0x8136, {0x000, 0x77C, 0x544, 0x544, 0x77C, 0x510, 0x57E, 0x752, 0x55A, 0x566, 0x942, 0xB46}},
    {0x8138, {0x000, 0xF08, 0x914, 0x922, 0xF41, 0x93E, 0x901, 0xF11, 0x94A, 0x920, 0x903, 0xB7C}},
    {0x813E, {0x000, 0xE20, 0xAFE, 0xA92, 0xEFE, 0xA92, 0xAFE, 0xE20, 0xA48, 0xAFE, 0xA08, 0xA08}},
    {0x8146, {0x000, 0xE28, 0xAFE, 0xAAA, 0xEFE, 0xAAA, 0xAAA, 0xEFE, 0xAAA, 0xBFE, 0xA44, 0xA82}},
    {0x8148, {0x000, 0x710, 0x5FE, 0x510, 0x77C, 0x510, 0x5FE, 0x744, 0x57C, 0x544, 0x97C, 0xB44}},
    {0x814A, {0x000, 0xF24, 0x97E, 0x924, 0xF24, 0x97E, 0x900, 0xF7E, 0x942, 0x97E, 0x942, 0xB7E}},
    {0x814B, {0x000, 0xE10, 0xAFE, 0xA00, 0xE50, 0xA5E, 0xA92, 0xFAA, 0xAD4, 0xA88, 0xA94, 0xAA2}},
    {0x814C, {0x000, 0x710, 0x5FE, 0x524, 0x752, 0x5FC, 0x554, 0x77C, 0x554, 0x57C, 0x912, 0xB1E}},
    {0x8150, {0x000, 0x020, 0x7FE, 0x484, 0x57E, 0x704, 0x52C, 0x5FE, 0x532, 0x54A, 0x932, 0x94A}},
    {0x8151, {0x000, 0xE10, 0xAFE, 0xA80, 0xE94, 0xAAE, 0xAE4, 0xEB4, 0xAAC, 0xAA4, 0xAA4, 0xAAC}},
    {0x8153, {0x000, 0xE28, 0xAEE, 0xA28, 0xE28, 0xAEE, 0xA28, 0xE28, 0xAEE, 0xA28, 0xA28, 0xA48}},
    {0x8154, {0x000, 0xE10, 0xAFE, 0xAAA, 0xE28, 0xA2A, 0xACE, 0xE00, 0xA7C, 0xA10, 0xA10, 0xAFE}},
    {0x8155, {0x000, 0xE10, 0xAFE, 0xA82, 0xE00, 0xAEE, 0xAAA, 0xF2A, 0xAAE, 0xA48, 0xA4A, 0xA8E}},
    {0x8159, {0x000, 0x720, 0x510, 0x5FE, 0x702, 0x57C, 0x500, 0x7FE, 0x510, 0x554, 0x992, 0xBB2}},
    {0x815A, {0x000, 0x720, 0x510, 0x5FE, 0x702, 0x57C, 0x510, 0x750, 0x55C, 0x550, 0x9B0, 0xB1E}},
    {0x8160, {0x000, 0xE20, 0xAFC, 0xA20, 0xEFC, 0xA48, 0xBFE, 0xE84, 0xB7A, 0xA10, 0xAFE, 0xA44}},
    {0x8165, {0x000, 0xEFE, 0xA82, 0xAFE, 0xE82, 0xAFE, 0xA90, 0xEFE, 0xB10, 0xA7C, 0xA10, 0xAFE}},
    {0x8167, {0x000, 0x770, 0x528, 0x544, 0x7BA, 0x500, 0x5EA, 0x72A, 0x5F4, 0x534, 0x9EA, 0xB2A}},
    {0x8169, {0x000, 0x710, 0x5FE, 0x510, 0x77E, 0x542, 0x56A, 0x77E, 0x552, 0x57A, 0x952, 0xB56}},
    {0x816D, {0x000, 0x7EE, 0x5AA, 0x5EE, 0x700, 0x57C, 0x500, 0x7FE, 0x520, 0x53C, 0x944, 0xB18}},
    {0x816E, {0x000, 0xEFE, 0xA92, 0xAFE, 0xE92, 0xAFE, 0xA20, 0xE10, 0xA24, 0xAA2, 0xAAA, 0xA38}},
    {0x8170, {0x000, 0xEFE, 0xA28, 0xAFE, 0xEAA, 0xAFE, 0xA10, 0xEFE, 0xA24, 0xA68, 0xA1C, 0xAE2}},
    {0x8171, {0x000, 0xE08, 0xADE, 0xA4A, 0xE5E, 0xA8A, 0xA9E, 0xE48, 0xA5E, 0xAC8, 0xA40, 0xABE}},
    {0x8174, {0x000, 0x730, 0x556, 0x552, 0x776, 0x552, 0x552, 0x77E, 0x510, 0x528, 0x544, 0xB82}},
    {0x8179, {0x000, 0xE40, 0xA7E, 0xAC4, 0xE7C, 0xA44, 0xA7C, 0xE20, 0xA3C, 0xAC4, 0xA38, 0xAC6}},
    {0x817A, {0x000, 0xE10, 0xAFE, 0xA82, 0xEFE, 0xA82, 0xAFE, 0xE10, 0xAD4, 0xA56, 0xA54, 0xAB2}},
    {0x817B, {0x000, 0xE0A, 0xA08, 0xBFE, 0xE08, 0xBF8, 0xA08, 0xEE8, 0xAA8, 0xAAA, 0xA4A, 0xAA4}},
    {0x817C, {0x000, 0xEFE, 0xA10, 0xA20, 0xEFE, 0xAAA, 0xABA, 0xEAA, 0xAAA, 0xABA, 0xAAA, 0xAFE}},
    {0x817D, {0x000, 0xF7C, 0x944, 0x97C, 0xD44, 0xB7C, 0x900, 0xB7C, 0xD54, 0x954, 0x954, 0xBFE}},
    {0x817E, {0x000, 0xE92, 0xA54, 0xAFE, 0xE28, 0xAFE, 0xA44, 0xEFE, 0xA44, 0xA7E, 0xA02, 0xAF6}},
    {0x817F, {0x000, 0xEBC, 0xAA4, 0xA3C, 0xE24, 0xBBC, 0xAA8, 0xEAA, 0xAA4, 0xAF2, 0xA80, 0xB7E}},
    {0x8180, {0x000, 0xE10, 0xAFE, 0xA44, 0xEFE, 0xA82, 0xA10, 0xEFE, 0xA40, 0xA7E, 0xA42, 0xA86}},
    {0x8182, {0x000, 0x220, 0xFBE, 0x444, 0x7BA, 0x4A4, 0x9BA, 0x000, 0x7FC, 0x404, 0x7FC, 0x404}},
    {0x8188, {0x000, 0x77E, 0x500, 0x53C, 0x724, 0x57E, 0x552, 0x76E, 0x542, 0x57E, 0x952, 0xB56}},
    {0x818A, {0x000, 0xE14, 0xAFE, 0xA10, 0xEFE, 0xA92, 0xAFE, 0xE92, 0xA04, 0xAFE, 0xA44, 0xA0C}},
    {0x818F, {0x000, 0x040, 0xFFE, 0x404, 0xFFE, 0xA0A, 0x7FC, 0x404, 0x7FC, 0x404, 0x7FC, 0x40C}},
    {0x8191, {0x000, 0x710, 0x5FE, 0x582, 0x718, 0x560, 0x540, 0x77C, 0x548, 0x5FE, 0x924, 0xB42}},
    {0x8198, {0x000, 0xEFE, 0xA28, 0xAFE, 0xEAA, 0xAFE, 0xA00, 0xEFE, 0xA00, 0xAFE, 0xA54, 0xAB2}},
    {0x819B, {0x000, 0xE92, 0xA54, 0xAFE, 0xE82, 0xA7C, 0xA44, 0xE7C, 0xA10, 0xA7C, 0xA10, 0xAFE}},
    {0x819C, {0x000, 0xE28, 0xAFE, 0xA28, 0xE7C, 0xA44, 0xA7C, 0xE44, 0xAFE, 0xA10, 0xA28, 0xAC6}},
    {0x819D, {0x000, 0xE10, 0xAFE, 0xA38, 0xE54, 0xA92, 0xA28, 0xEC6, 0xA10, 0xAD6, 0xA10, 0xAB6}},
    {0x81A3, {0x000, 0xE10, 0xAFE, 0xAAA, 0xE48, 0xAFE, 0xA24, 0xE7A, 0xA10, 0xA7C, 0xA10, 0xAFE}},
    {0x81A6, {0x000, 0x792, 0x554, 0x5FE, 0x738, 0x554, 0x592, 0x774, 0x5DE, 0x534, 0x95E, 0xB84}},
    {0x81A8, {0x000, 0xE42, 0xAE2, 0xA44, 0xEEA, 0xA02, 0xAE4, 0xEA8, 0xAE2, 0xA02, 0xAA4, 0xAE8}},
    {0x81AA, {0x000, 0xF10, 0x97C, 0x928, 0xDFE, 0xB12, 0x97C, 0xB54, 0xD10, 0x97C, 0x944, 0xB7C}},
    {0x81B3, {0x000, 0xE28, 0xAFE, 0xA10, 0xE7C, 0xA10, 0xAFE, 0xE54, 0xAFE, 0xA44, 0xA44, 0xA7C}},
    {0x81BA, {0x000, 0x020, 0x7FE, 0x4A4, 0x57E, 0x7C8, 0x57E, 0x548, 0x57E, 0x484, 0x8FC, 0x884}},
    {0x81BB, {0x000, 0xE10, 0xBFE, 0xAAA, 0xEBA, 0xAFE, 0xA00, 0xE7C, 0xA44, 0xA7C, 0xA44, 0xAFE}},
    {0x81C0, {0x000, 0x7DC, 0x476, 0x7DC, 0x554, 0x7C8, 0xA56, 0x7FC, 0x404, 0x7FC, 0x404, 0x41C}},
    {0x81C1, {0x000, 0xF08, 0x97E, 0x962, 0xD54, 0xB7E, 0x954, 0xB7E, 0xD54, 0x97C, 0x9B4, 0xB56}},
    {0x81C2, {0x000, 0x788, 0x4BE, 0x794, 0x6BE, 0xA88, 0x7FC, 0x404, 0x7FC, 0x404, 0x7FC, 0x404}},
    {0x81C3, {0x000, 0xE10, 0xBFE, 0xAA4, 0xF7E, 0xAA4, 0xB3E, 0xEA4, 0xA3E, 0xAA4, 0xAA4, 0xB3E}},
    {0x81C6, {0x000, 0xE10, 0xA7C, 0xA28, 0xEFE, 0xA44, 0xA7C, 0xE44, 0xA7C, 0xA12, 0xAA4, 0xABC}},
    {0x81CA, {0x000, 0x77C, 0x544, 0x57C, 0x7EE, 0x5AA, 0x5EE, 0x710, 0x5FE, 0x538, 0x954, 0xB92}},
    {0x81CC, {0x000, 0xE44, 0xBF4, 0xA4E, 0xEE4, 0xA04, 0xAEE, 0xEAA, 0xAEA, 0xA04, 0xAAA, 0xBFA}},
    {0x81E3, {0x000, 0xFFE, 0x840, 0x840, 0xFFC, 0x804, 0x804, 0x804, 0xFFC, 0x840, 0x840, 0xFFE}},
    {0x81E7, {0x000, 0x00A, 0x3FE, 0xA08, 0xAF8, 0xEA8, 0x2FA, 0xE9A, 0xAF4, 0xAA4, 0x2FC, 0x412}},
    {0x81EA, {0x000, 0x0C0, 0x7FC, 0x404, 0x404, 0x7FC, 0x404, 0x404, 0x7FC, 0x404, 0x404, 0x7FC}},
    {0x81EC, {0x000, 0x080, 0x3F8, 0x208, 0x3F8, 0x208, 0x3F8, 0x040, 0xFFE, 0x0E0, 0x358, 0xC46}},
    {0x81ED, {0x000, 0x080, 0x7FC, 0x404, 0x7FC, 0x404, 0x7FC, 0x404, 0xFFE, 0x0A0, 0x318, 0xC06}},
    {0x81F3, {0x000, 0xFFE, 0x080, 0x108, 0x204, 0xFFA, 0x040, 0x040, 0x7FC, 0x040, 0x040, 0xFFE}},
    {0x81F4, {0x000, 0xFA0, 0x23E, 0x224, 0x4A4, 0xF54, 0x214, 0x208, 0xF88, 0x214, 0x394, 0xE22}},
    {0x81FB, {0x000, 0xE10, 0x4FE, 0x810, 0xAFE, 0xE10, 0x4FE, 0xE44, 0x4BA, 0x410, 0x6FE, 0xC54}},
    {0x81FC, {0x000, 0x180, 0xE1E, 0x802, 0x802, 0x802, 0xFBE, 0x802, 0x802, 0x802, 0x802, 0xFFE}},
    {0x81FE, {0x000, 0x140, 0x65C, 0x444, 0x75C, 0x444, 0x444, 0x75C, 0x040, 0x0A0, 0x318, 0xC06}},
    {0x8200, {0x000, 0x01E, 0xFE4, 0x484, 0x248, 0x248, 0x080, 0xF3E, 0x802, 0xFBE, 0x802, 0xFFE}},
    {0x8201, {0x000, 0x080, 0x73C, 0x404, 0x7BC, 0x404, 0x7FC, 0x000, 0x208, 0xFFE, 0x208, 0x408}},
    {0x8202, {0x000, 0x040, 0xFFE, 0x080, 0x7FC, 0x110, 0xFFE, 0x308, 0x60C, 0xBBA, 0x208, 0x3F8}},
    {0x8204, {0x000, 0x180, 0x63C, 0x404, 0x7BC, 0x404, 0x7FC, 0x100, 0x3FC, 0x004, 0x554, 0x8AC}},
    {0x8205, {0x000, 0xFBE, 0x802, 0xFFE, 0x444, 0x7FC, 0x444, 0x7FC, 0x040, 0xFFE, 0x082, 0xF1E}},
    {0x8206, {0x000, 0x64C, 0x4E4, 0x75C, 0x484, 0x4E4, 0x75C, 0x4E4, 0x444, 0xFFE, 0x208, 0xC06}},
    {0x820C, {0x000, 0x00C, 0x7F0, 0x040, 0x040, 0xFFE, 0x040, 0x040, 0x7FC, 0x404, 0x404, 0x7FC}},
    {0x820D, {0x000, 0x040, 0x0A0, 0x318, 0xC06, 0x3F8, 0x040, 0xFFE, 0x040, 0x7FC, 0x404, 0x7FC}},
    {0x8210, {0x000, 0x186, 0xE38, 0x228, 0x228, 0xFBE, 0x228, 0x228, 0xFA8, 0x8AA, 0x8AA, 0xFF4}},
    {0x8212, {0x000, 0x23E, 0x502, 0x894, 0x708, 0x23E, 0xF8A, 0x20C, 0xF88, 0x888, 0x888, 0xF98}},
    {0x8214, {0x000, 0x2FC, 0xC20, 0x420, 0x5FE, 0xE50, 0x488, 0x526, 0xE20, 0xAB4, 0xB2A, 0xE60}},
    {0x821B, {0x000, 0x208, 0x3C8, 0x27E, 0x448, 0xA48, 0x1A8, 0x0A8, 0x128, 0x13E, 0x208, 0xC08}},
    {0x821C, {0x000, 0x00E, 0xFF0, 0x248, 0xFFE, 0x802, 0x404, 0x7BE, 0x8A4, 0x6A4, 0x17E, 0x604}},
    {0x821E, {0x000, 0x400, 0x7FE, 0xAA8, 0xFFE, 0x2A8, 0xFFE, 0x408, 0x7BE, 0x8A8, 0x57E, 0xE08}},
    {0x821F, {0x000, 0x080, 0x7FC, 0x404, 0x484, 0x444, 0x404, 0xFFE, 0x404, 0x484, 0x444, 0x80C}},
    {0x8221, {0x000, 0x200, 0x7DE, 0x548, 0x548, 0x448, 0xFE8, 0x548, 0x548, 0x548, 0x448, 0x9DE}},
    {0x8222, {0x000, 0x208, 0x788, 0x4AA, 0x6AA, 0x4AA, 0x5EA, 0xEAA, 0x6AA, 0x6AA, 0x4AA, 0x9BE}},
    {0x8223, {0x000, 0x210, 0x7AA, 0x4AA, 0x6A2, 0x4A2, 0xF94, 0x494, 0x688, 0x488, 0x494, 0x9A2}},
    {0x8228, {0x000, 0x200, 0x7BE, 0x4A0, 0x6A0, 0x4BE, 0x5EA, 0xEAA, 0x6A4, 0x6A4, 0x4CA, 0x992}},
    {0x822A, {0x000, 0x210, 0x77E, 0x500, 0x738, 0x528, 0xFA8, 0x528, 0x728, 0x52A, 0x54A, 0x94E}},
    {0x822B, {0x000, 0x208, 0x788, 0x4BE, 0x690, 0x490, 0xFDE, 0x492, 0x692, 0x492, 0x8A2, 0x9A6}},
    {0x822C, {0x000, 0x21C, 0x794, 0x494, 0x694, 0x4A6, 0xFC0, 0x4BE, 0x682, 0x494, 0x488, 0x9B6}},
    {0x822D, {0x000, 0x228, 0x7A8, 0x4A8, 0x6A8, 0x4BE, 0x5E8, 0xEA8, 0x4A8, 0x6A8, 0x4BA, 0x9AE}},
    {0x822F, {0x000, 0x208, 0x788, 0x4BE, 0x6AA, 0x4AA, 0x5EA, 0xEAA, 0x4BE, 0x688, 0x488, 0x988}},
    {0x8230, {0x000, 0x200, 0x77C, 0x544, 0x754, 0x554, 0xFD4, 0x554, 0x754, 0x512, 0x52A, 0x94E}},
    {0x8231, {0x000, 0x210, 0x7A8, 0x4C4, 0x682, 0x4BC, 0xFA4, 0x4A4, 0x6AC, 0x4A0, 0x4A2, 0x9BE}},
    {0x8233, {0x000, 0x208, 0x788, 0x4BE, 0x6AA, 0x4AA, 0xFEA, 0x4BE, 0x6AA, 0x4AA, 0x8AA, 0x9BE}},
    {0x8234, {0x000, 0x220, 0x7A0, 0x4BE, 0x6A8, 0x4C8, 0x58E, 0xE88, 0x68E, 0x688, 0x488, 0x988}},
    {0x8235, {0x110, 0x210, 0x7FE, 0x482, 0x6A2, 0x4A0, 0xFA6, 0x4B8, 0x6A0, 0x4A0, 0x8A2, 0x9BE}},
    {0x8236, {0x000, 0x208, 0x790, 0x4BE, 0x6A2, 0x4A2, 0xFE2, 0x4BE, 0x6A2, 0x4A2, 0x4A2, 0x9BE}},
    {0x8237, {0x000, 0x210, 0x77E, 0x510, 0x724, 0x544, 0xFA8, 0x528, 0x710, 0x510, 0x524, 0x97A}},
    {0x8238, {0x000, 0x400, 0xF7E, 0x904, 0xD04, 0x974, 0xBD4, 0xD54, 0xD74, 0xD04, 0x904, 0xB1C}},
    {0x8239, {0x000, 0x23C, 0x7A4, 0x4A4, 0x6A4, 0x4C2, 0xF80, 0x4BC, 0x6A4, 0x4A4, 0x4A4, 0x9BC}},
    {0x823B, {0x000, 0x208, 0x78E, 0x488, 0x6BE, 0x4A2, 0xFA2, 0x4BE, 0x6A0, 0x4A0, 0x4C0, 0x980}},
    {0x823E, {0x000, 0x27E, 0x7A8, 0x4A8, 0x6FE, 0x4AA, 0xFAA, 0x4AA, 0x6CE, 0x482, 0x482, 0x9FE}},
    {0x8244, {0x000, 0x208, 0x7AC, 0x4CA, 0x688, 0x4BE, 0x5E2, 0xEBE, 0x6A2, 0x6BE, 0x4A2, 0x9A6}},
    {0x8247, {0x000, 0x2E2, 0x72C, 0x544, 0x744, 0x56E, 0xFA4, 0x524, 0x7A4, 0x54E, 0x540, 0xBBE}},
    {0x8249, {0x000, 0x23E, 0x7A2, 0x4BE, 0x6A4, 0x4B8, 0x5EE, 0xEB8, 0x6AE, 0x6B8, 0x4AA, 0x9C6}},
    {0x824B, {0x000, 0x23E, 0x784, 0x488, 0x6FE, 0x488, 0x5D8, 0xE80, 0x6BE, 0x6AA, 0x4AA, 0x9FE}},
    {0x824F, {0x000, 0x222, 0x794, 0x4BE, 0x688, 0x4BE, 0x5E2, 0xEBE, 0x6A2, 0x6BE, 0x4A2, 0x9BE}},
    {0x8258, {0x000, 0x410, 0x776, 0x552, 0x776, 0x552, 0xFF6, 0x500, 0x77E, 0x524, 0x518, 0xB66}},
    {0x825A, {0x000, 0x428, 0xF28, 0x9FE, 0xDAA, 0x9FE, 0xBAA, 0xDFE, 0xD44, 0xD7C, 0x944, 0xB7C}},
    {0x825F, {0x000, 0x210, 0x77C, 0x528, 0x7FE, 0x554, 0xF7C, 0x554, 0x77C, 0x510, 0x910, 0xBFE}},
    {0x8268, {0x000, 0x224, 0x77E, 0x524, 0x77E, 0x542, 0xFBC, 0x510, 0x76A, 0x51C, 0x96A, 0xB18}},
    {0x826E, {0x000, 0x7FC, 0x404, 0x404, 0x7FC, 0x404, 0x404, 0x7FC, 0x442, 0x424, 0x598, 0xE06}},
    {0x826F, {0x000, 0x040, 0x7FC, 0x404, 0x7FC, 0x404, 0x7FC, 0x440, 0x422, 0x414, 0x4C8, 0xF06}},
    {0x8270, {0x000, 0x07C, 0xF44, 0x17C, 0x944, 0x97C, 0x552, 0x554, 0x248, 0x248, 0x544, 0x862}},
    {0x8272, {0x000, 0x200, 0x3FC, 0x404, 0xFFE, 0x442, 0x442, 0x7FE, 0x400, 0x402, 0x402, 0x7FE}},
    {0x8273, {0x000, 0x440, 0x47C, 0xE84, 0x5FE, 0x492, 0xE92, 0x492, 0x4FE, 0xE80, 0x482, 0x4FE}},
    {0x8274, {0x000, 0x29E, 0x2A2, 0xFFE, 0x2AA, 0xFEA, 0xAAA, 0xFFE, 0x2A0, 0x2E2, 0x4A2, 0x8BE}},
    {0x8279, {0x000, 0x000, 0x000, 0x208, 0x208, 0x208, 0xFFE, 0x208, 0x208, 0x208, 0x000, 0x000}},
    {0x827A, {0x000, 0x110, 0xFFE, 0x110, 0x000, 0x7FC, 0x008, 0x030, 0x0C0, 0x304, 0x404, 0x3F8}},
    {0x827D, {0x000, 0x208, 0xFFE, 0x208, 0x080, 0x080, 0xFF8, 0x088, 0x088, 0x10A, 0x20A, 0xC0E}},
    {0x827E, {0x000, 0x110, 0xFFE, 0x110, 0x000, 0x208, 0x110, 0x0A0, 0x040, 0x0A0, 0x318, 0xC06}},
    {0x827F, {0x000, 0x208, 0xFFE, 0x208, 0x000, 0x7FC, 0x108, 0x110, 0x23E, 0x202, 0x402, 0x83E}},
    {0x8282, {0x000, 0x110, 0xFFE, 0x110, 0x000, 0x7FC, 0x084, 0x084, 0x084, 0x0BC, 0x080, 0x080}},
    {0x8284, {0x000, 0x208, 0xFFE, 0x208, 0x080, 0x080, 0xFF8, 0x108, 0x308, 0x10A, 0x28A, 0xC4E}},
    {0x8288, {0x000, 0x150, 0xF5E, 0x150, 0x040, 0x7FC, 0x040, 0x040, 0xFFE, 0x040, 0x040, 0x040}},
    {0x828A, {0x000, 0x208, 0xFFE, 0x208, 0x03C, 0x7C0, 0x040, 0x040, 0xFFE, 0x040, 0x040, 0x040}},
    {0x828B, {0x000, 0x110, 0xFFE, 0x110, 0x000, 0x7FC, 0x040, 0x040, 0xFFE, 0x040, 0x040, 0x1C0}},
    {0x828D, {0x000, 0x110, 0xFFE, 0x110, 0x400, 0x7FC, 0x404, 0x884, 0x044, 0x044, 0x004, 0x03C}},
    {0x828E, {0x000, 0x208, 0xFFE, 0x208, 0x7FC, 0x004, 0x7FC, 0x400, 0x7FC, 0x004, 0x004, 0x07C}},
    {0x828F, {0x000, 0x208, 0xFFE, 0x208, 0x000, 0x040, 0x040, 0x7FC, 0x040, 0x040, 0x040, 0xFFE}},
    {0x8291, {0x000, 0x208, 0xFFE, 0x208, 0x000, 0x7FC, 0x004, 0x7FC, 0x400, 0x402, 0x402, 0x7FE}},
    {0x8292, {0x000, 0x110, 0xFFE, 0x110, 0x040, 0x040, 0xFFE, 0x400, 0x400, 0x400, 0x400, 0x7FC}},
    {0x8297, {0x000, 0x208, 0xFFE, 0x208, 0x040, 0x190, 0x0A4, 0x048, 0x3F8, 0x010, 0x060, 0x780}},
    {0x8298, {0x000, 0x208, 0xFFE, 0x208, 0x000, 0x410, 0x410, 0x79E, 0x410, 0x410, 0x492, 0x79E}},
    {0x8299, {0x000, 0x208, 0xFFE, 0x208, 0x040, 0x7FC, 0x040, 0x040, 0xFFE, 0x0A0, 0x318, 0xC06}},
    {0x829C, {0x000, 0x110, 0xFFE, 0x110, 0x000, 0x7FC, 0x040, 0x040, 0xFFE, 0x090, 0x112, 0xE1E}},
    {0x829D, {0x000, 0x110, 0xFFE, 0x110, 0x040, 0x7FC, 0x008, 0x010, 0x060, 0x180, 0x600, 0x9FE}},
    {0x829F, {0x000, 0x208, 0xFFE, 0x208, 0x1F0, 0x20A, 0xE0E, 0x3F8, 0x208, 0x110, 0x0E0, 0xF1E}},
    {0x82A1, {0x000, 0x208, 0xFFE, 0x208, 0x100, 0x3FC, 0x444, 0x040, 0x0A0, 0x110, 0x208, 0xC06}},
    {0x82A4, {0x000, 0x208, 0xFFE, 0x208, 0x000, 0xFD0, 0x090, 0x110, 0x1D0, 0xF10, 0x112, 0x31E}},
    {0x82A5, {0x000, 0x110, 0xFFE, 0x110, 0x040, 0x0A0, 0x318, 0xC06, 0x110, 0x110, 0x110, 0x210}},
    {0x82A6, {0x000, 0x110, 0xFFE, 0x110, 0xFFE, 0x000, 0x7FC, 0x404, 0x7FC, 0x400, 0x400, 0x800}},
    {0x82A8, {0x000, 0x208, 0xFFE, 0x208, 0xFFC, 0x208, 0x210, 0x3FC, 0x284, 0x248, 0x430, 0x5CE}},
    {0x82A9, {0x000, 0x208, 0xFFE, 0x208, 0x040, 0x1B0, 0xE0E, 0x1F0, 0x000, 0x3F8, 0x008, 0x070}},
    {0x82AA, {0x000, 0x208, 0xFFE, 0x208, 0x038, 0x7C0, 0x440, 0x7FC, 0x440, 0x422, 0x7D2, 0xC0E}},
    {0x82AB, {0x000, 0x208, 0xFFE, 0x208, 0x000, 0x7FC, 0x000, 0xFFE, 0x120, 0x120, 0x222, 0xC3E}},
    {0x82AC, {0x000, 0x110, 0xFFE, 0x110, 0x0A0, 0x318, 0xC06, 0x3F8, 0x088, 0x088, 0x108, 0x638}},
    {0x82AD, {0x000, 0x110, 0xFFE, 0x110, 0x000, 0x7FC, 0x444, 0x444, 0x7FC, 0x400, 0x402, 0x7FE}},
    {0x82AE, {0x000, 0x208, 0xFFE, 0x208, 0x040, 0xFFE, 0x842, 0x842, 0x8A2, 0xB1A, 0x802, 0x806}},
    {0x82AF, {0x000, 0x110, 0xFFE, 0x110, 0x040, 0x120, 0x524, 0x524, 0x502, 0x50A, 0x90A, 0x1F8}},
    {0x82B0, {0x000, 0x208, 0xFFE, 0x208, 0x040, 0xFFE, 0x040, 0x7FC, 0x208, 0x110, 0x0E0, 0xF1E}},
    {0x82B1, {0x000, 0x110, 0xFFE, 0x110, 0x000, 0x240, 0x446, 0xC78, 0x440, 0x442, 0x442, 0x47E}},
    {0x82B3, {0x000, 0x110, 0xFFE, 0x110, 0x040, 0xFFE, 0x200, 0x200, 0x3FC, 0x404, 0x404, 0x81C}},
    {0x82B4, {0x000, 0x208, 0xFFE, 0x208, 0x000, 0x200, 0x3FE, 0x492, 0x892, 0x122, 0x242, 0x09E}},
    {0x82B7, {0x000, 0x208, 0xFFE, 0x208, 0x040, 0x040, 0x240, 0x27E, 0x240, 0x240, 0x240, 0xFFE}},
    {0x82B8, {0x000, 0x208, 0xFFE, 0x208, 0x000, 0x7FC, 0x000, 0x000, 0xFFE, 0x100, 0x208, 0xFF6}},
    {0x82B9, {0x000, 0x110, 0xFFE, 0x110, 0x00C, 0x7F0, 0x400, 0x400, 0x7FE, 0x420, 0x420, 0x820}},
    {0x82BD, {0x000, 0x110, 0xFFE, 0x110, 0x7FE, 0x208, 0x208, 0xFFE, 0x048, 0x088, 0x308, 0xC38}},
    {0x82BE, {0x000, 0x208, 0xFFE, 0x208, 0x040, 0xFFE, 0x040, 0xFFE, 0x842, 0x842, 0x84E, 0x040}},
    {0x82C1, {0x000, 0x208, 0xFFE, 0x208, 0x000, 0x110, 0x110, 0x110, 0x2A8, 0x2A8, 0x444, 0x882}},
    {0x82C4, {0x000, 0x208, 0xFFE, 0x208, 0x040, 0x020, 0xFFE, 0x040, 0x060, 0x050, 0x048, 0x040}},
    {0x82C7, {0x000, 0x110, 0xFFE, 0x110, 0x040, 0xFFE, 0x040, 0x7FC, 0x040, 0xFFE, 0x042, 0x05E}},
    {0x82C8, {0x000, 0x208, 0xFFE, 0x208, 0x000, 0x7FE, 0x440, 0x7FC, 0x444, 0x444, 0x884, 0x91C}},
    {0x82CA, {0x000, 0x208, 0xFFE, 0x208, 0x000, 0x7FE, 0x400, 0x5FC, 0x504, 0x53C, 0x902, 0x9FE}},
    {0x82CB, {0x000, 0x208, 0xFFE, 0x208, 0x000, 0x7FC, 0x404, 0x444, 0x444, 0x0A0, 0x122, 0xE3E}},
    {0x82CC, {0x000, 0x208, 0xFFE, 0x208, 0x004, 0x238, 0x3C0, 0x200, 0xFFE, 0x220, 0x2D8, 0x306}},
    {0x82CD, {0x000, 0x110, 0xFFE, 0x110, 0x0E0, 0x318, 0xC06, 0x3F8, 0x208, 0x238, 0x204, 0x3FC}},
    {0x82CE, {0x000, 0x208, 0xFFE, 0x208, 0x080, 0x040, 0xFFE, 0x802, 0x802, 0x000, 0x000, 0xFFE}},
    {0x82CF, {0x000, 0x210, 0xFFE, 0x210, 0x080, 0x7F8, 0x088, 0x088, 0x48C, 0x90A, 0x108, 0x638}},
    {0x82D1, {0x000, 0x110, 0xFFE, 0x110, 0x400, 0x7BC, 0x4A4, 0xAA4, 0x12C, 0x120, 0x222, 0x43E}},
    {0x82D2, {0x000, 0x208, 0xFFE, 0x208, 0x040, 0x7FC, 0x444, 0x7FC, 0x444, 0xFFE, 0x404, 0x40C}},
    {0x82D3, {0x000, 0x208, 0xFFE, 0x248, 0x0A0, 0x358, 0xC26, 0x3F8, 0x008, 0x0B0, 0x040, 0x020}},
    {0x82D4, {0x000, 0x110, 0xFFE, 0x110, 0x204, 0x404, 0xFFA, 0x000, 0x7FC, 0x404, 0x404, 0x7FC}},
    {0x82D5, {0x000, 0x208, 0xFFE, 0x208, 0x080, 0xFFE, 0x102, 0xE0E, 0x000, 0xFFE, 0x802, 0xFFE}},
    {0x82D7, {0x000, 0x110, 0xFFE, 0x110, 0x000, 0x7FC, 0x444, 0x444, 0x7FC, 0x444, 0x444, 0x7FC}},
    {0x82D8, {0x000, 0x208, 0xFFE, 0x208, 0x000, 0xFFE, 0x802, 0xBFA, 0xA0A, 0xBFA, 0x802, 0x80E}},
    {0x82DB, {0x000, 0x110, 0xFFE, 0x110, 0x000, 0xFFE, 0x004, 0x7E4, 0x424, 0x7E4, 0x004, 0x01C}},
    {0x82DC, {0x000, 0x208, 0xFFE, 0x208, 0x000, 0xFFE, 0x802, 0xFFE, 0x802, 0xFFE, 0x802, 0xFFE}},
    {0x82DE, {0x000, 0x110, 0xFFE, 0x110, 0x400, 0x7FC, 0x804, 0x7E4, 0x424, 0x7EC, 0x402, 0x7FE}},
    {0x82DF, {0x000, 0x110, 0xFFE, 0x110, 0x400, 0x7FE, 0x402, 0xBF2, 0x212, 0x212, 0x3F2, 0x00E}},
    {0x82E0, {0x000, 0x208, 0xFFE, 0x208, 0x7FC, 0x404, 0x7FC, 0x440, 0x7FC, 0x420, 0x7D2, 0xC0E}},
    {0x82E1, {0x000, 0x208, 0xFFE, 0x208, 0x000, 0x488, 0x448, 0x408, 0x488, 0x718, 0xC24, 0x0C2}},
    {0x82E3, {0x000, 0x208, 0xFFE, 0x208, 0x000, 0x7FE, 0x400, 0x7FC, 0x404, 0x7FC, 0x400, 0x7FE}},
    {0x82E4, {0x000, 0x208, 0xFFE, 0x208, 0x000, 0x7FC, 0x020, 0x040, 0x1D8, 0xE46, 0x040, 0xFFE}},
    {0x82E5, {0x000, 0x110, 0xFFE, 0x110, 0x040, 0xFFE, 0x080, 0x100, 0x3FC, 0xE04, 0x204, 0x3FC}},
    {0x82E6, {0x000, 0x110, 0xFFE, 0x110, 0x040, 0xFFE, 0x040, 0x040, 0x7FC, 0x404, 0x404, 0x7FC}},
    {0x82EB, {0x000, 0x110, 0xFFE, 0x110, 0x040, 0x078, 0x040, 0x040, 0x7FC, 0x404, 0x404, 0x7FC}},
    {0x82EF, {0x000, 0x110, 0xFFE, 0x110, 0x040, 0xFFE, 0x150, 0x248, 0x248, 0x444, 0x9F2, 0x040}},
    {0x82F1, {0x000, 0x110, 0xFFE, 0x110, 0x040, 0x7FC, 0x444, 0x444, 0xFFE, 0x0A0, 0x318, 0xC06}},
    {0x82F4, {0x000, 0x208, 0xFFE, 0x208, 0x000, 0x7FC, 0x404, 0x7FC, 0x404, 0x7FC, 0x404, 0xFFE}},
    {0x82F7, {0x000, 0x208, 0xFFE, 0x208, 0x000, 0x208, 0xFFE, 0x208, 0x3F8, 0x208, 0x208, 0x3F8}},
    {0x82F9, {0x000, 0x110, 0xFFE, 0x110, 0x000, 0x7FC, 0x040, 0x248, 0x150, 0xFFE, 0x040, 0x040}},
    {0x82FB, {0x000, 0x208, 0xFFE, 0x208, 0x000, 0x208, 0x5FE, 0xC08, 0x488, 0x448, 0x408, 0x438}},
    {0x8301, {0x000, 0x110, 0xFFE, 0x110, 0x040, 0x444, 0x444, 0x7FC, 0x040, 0x842, 0x842, 0xFFE}},
    {0x8302, {0x000, 0x110, 0xFFE, 0x110, 0x044, 0x7FE, 0x440, 0x424, 0x428, 0x412, 0x82A, 0x8C4}},
    {0x8303, {0x000, 0x110, 0xFFE, 0x110, 0x400, 0x2FC, 0x884, 0x484, 0x09C, 0x480, 0x482, 0x8FE}},
    {0x8304, {0x000, 0x110, 0xFFE, 0x110, 0x200, 0xFDE, 0x252, 0x252, 0x252, 0x452, 0x452, 0x9DE}},
    {0x8305, {0x000, 0x110, 0x7FE, 0x110, 0x7F8, 0x050, 0x020, 0xFFE, 0x0A2, 0x322, 0xC24, 0x0E0}},
    {0x8306, {0x000, 0x208, 0xFFE, 0x208, 0x180, 0x63C, 0x4A4, 0x4A4, 0x5A4, 0xEAC, 0x120, 0x620}},
    {0x8307, {0x000, 0x208, 0xFFE, 0x208, 0x084, 0xFFE, 0x100, 0x1FE, 0x284, 0xC48, 0x030, 0x7CE}},
    {0x8308, {0x000, 0x208, 0xFFE, 0x208, 0x000, 0x120, 0x520, 0x5E6, 0x538, 0x520, 0x5E2, 0xE3E}},
    {0x8309, {0x000, 0x208, 0xFFE, 0x208, 0x040, 0xFFE, 0x040, 0x7FC, 0x150, 0x150, 0x248, 0xC46}},
    {0x830C, {0x000, 0x208, 0xFFE, 0x208, 0x000, 0x210, 0x410, 0xCFE, 0x410, 0x410, 0x410, 0x4FE}},
    {0x830E, {0x000, 0x110, 0xFFE, 0x110, 0x7FC, 0x110, 0x0E0, 0x318, 0xC46, 0x3F8, 0x040, 0x7FC}},
    {0x830F, {0x000, 0x208, 0xFFE, 0x208, 0x090, 0x088, 0xFFE, 0x148, 0x150, 0x262, 0x4C2, 0x97E}},
    {0x8311, {0x000, 0x208, 0xFFE, 0x248, 0x7F8, 0x488, 0x458, 0x400, 0x7FC, 0x004, 0xFE4, 0x01C}},
    {0x8314, {0x000, 0x208, 0xFFE, 0x208, 0x000, 0xFFE, 0x842, 0x040, 0x7FC, 0x040, 0x040, 0xFFE}},
    {0x8315, {0x000, 0x208, 0xFFE, 0x208, 0xFFE, 0x802, 0x7F8, 0x088, 0x08A, 0x7FA, 0x086, 0x082}},
    {0x8317, {0x000, 0x208, 0xFFE, 0x208, 0x1FC, 0x604, 0x118, 0x0E0, 0xFFC, 0x204, 0x204, 0x3FC}},
    {0x831A, {0x000, 0x208, 0xFFE, 0x208, 0x180, 0x63C, 0x424, 0x7A4, 0x424, 0x424, 0x5AC, 0x620}},
    {0x831B, {0x000, 0x208, 0xFFE, 0x208, 0x7FC, 0x404, 0x7FC, 0x404, 0x7FE, 0x424, 0x498, 0xF06}},
    {0x831C, {0x000, 0x208, 0xFFE, 0x208, 0xFFE, 0x110, 0xFFE, 0x912, 0x912, 0xF1E, 0x802, 0xFFE}},
    {0x8327, {0x000, 0x110, 0xFFE, 0x110, 0x040, 0x7FC, 0x444, 0x444, 0x7FC, 0x048, 0x048, 0xFF6}},
    {0x8328, {0x000, 0x110, 0xFFE, 0x110, 0x840, 0x47E, 0x042, 0x092, 0x410, 0x428, 0x444, 0x882}},
    {0x832B, {0x000, 0x110, 0xFFE, 0x110, 0x400, 0x210, 0x8FE, 0x480, 0x080, 0x280, 0x480, 0x8FE}},
    {0x832C, {0x000, 0x110, 0xFFE, 0x110, 0x040, 0xFFE, 0x080, 0x110, 0x2FE, 0xE10, 0x210, 0x2FE}},
    {0x832D, {0x000, 0x208, 0xFFE, 0x208, 0x040, 0xFFE, 0x208, 0xD16, 0x2A0, 0x440, 0x1B0, 0xE0E}},
    {0x832F, {0x000, 0x208, 0xFFE, 0x208, 0x000, 0x214, 0x412, 0xCFE, 0x410, 0x428, 0x444, 0x482}},
    {0x8331, {0x000, 0x208, 0xFFE, 0x208, 0x440, 0x7FC, 0x840, 0x040, 0xFFE, 0x150, 0x248, 0xC46}},
    {0x8333, {0x000, 0x208, 0xFFE, 0x208, 0x400, 0x2FE, 0x810, 0x410, 0x110, 0x210, 0x410, 0x8FE}},
    {0x8334, {0x000, 0x208, 0xFFE, 0x208, 0x000, 0xFFE, 0x802, 0xBFA, 0xA0A, 0xBFA, 0x802, 0xFFE}},
    {0x8335, {0x000, 0x110, 0xFFE, 0x110, 0x000, 0x7FC, 0x444, 0x5F4, 0x444, 0x4A4, 0x514, 0x7FC}},
    {0x8336, {0x000, 0x110, 0xFFE, 0x110, 0x040, 0x1B0, 0xE4E, 0x040, 0x7FC, 0x040, 0x248, 0xC46}},
    {0x8338, {0x000, 0x110, 0xFFE, 0x110, 0xFFE, 0x404, 0x7FC, 0x404, 0x7FC, 0x406, 0xFFC, 0x004}},
    {0x8339, {0x000, 0x110, 0xFFE, 0x110, 0x200, 0xFDE, 0x252, 0x452, 0x692, 0x112, 0x292, 0xC5E}},
    {0x833A, {0x000, 0x208, 0xFFE, 0x208, 0x040, 0xFFE, 0x108, 0x218, 0xFE4, 0x120, 0x222, 0xC3E}},
    {0x833C, {0x000, 0x208, 0xFFE, 0x208, 0xFFE, 0x802, 0xBFA, 0x802, 0xBFA, 0xA0A, 0xBFA, 0x80E}},
    {0x8340, {0x000, 0x208, 0xFFE, 0x208, 0x7FE, 0x802, 0x7F2, 0x412, 0x7F2, 0x412, 0x7F2, 0x00E}},
    {0x8343, {0x000, 0x208, 0xFFE, 0x208, 0x0E0, 0x110, 0x208, 0xDF6, 0x040, 0x3F8, 0x040, 0x7FC}},
    {0x8346, {0x000, 0x444, 0xFF4, 0x454, 0x014, 0xFD4, 0x494, 0x494, 0xFD4, 0x494, 0x484, 0x89C}},
    {0x8347, {0x000, 0x208, 0xFFE, 0x208, 0x000, 0x27E, 0x400, 0xAFE, 0x408, 0xC08, 0x408, 0x438}},
    {0x8349, {0x000, 0x110, 0xFFE, 0x110, 0x7FC, 0x404, 0x7FC, 0x404, 0x7FC, 0x040, 0xFFE, 0x040}},
    {0x834F, {0x000, 0x208, 0xFFE, 0x208, 0x000, 0x2FE, 0x410, 0x410, 0xDFE, 0x410, 0x410, 0x4FE}},
    {0x8350, {0x000, 0x110, 0xFFE, 0x150, 0xFFE, 0x100, 0x278, 0x608, 0xAFE, 0x210, 0x210, 0x230}},
    {0x8351, {0x000, 0x208, 0xFFE, 0x248, 0xFFC, 0x044, 0x7FC, 0x440, 0x7FE, 0x042, 0x0A4, 0xF1E}},
    {0x8352, {0x000, 0x110, 0xFFE, 0x110, 0x040, 0xFFE, 0x200, 0x3FC, 0x248, 0x248, 0x24A, 0xC4E}},
    {0x8354, {0x000, 0x110, 0xFFE, 0x150, 0x3F8, 0x088, 0x330, 0x208, 0xFBE, 0x28A, 0x492, 0x9A6}},
    {0x835A, {0x000, 0x110, 0xFFE, 0x110, 0x040, 0x7FC, 0x248, 0x150, 0xFFE, 0x0A0, 0x318, 0xC06}},
    {0x835B, {0x000, 0x208, 0xFFE, 0x288, 0x0FE, 0xF90, 0x062, 0x79E, 0x000, 0xFFE, 0x110, 0xE1E}},
    {0x835C, {0x000, 0x208, 0xFFE, 0x208, 0x420, 0x7BC, 0x422, 0x7BE, 0x040, 0xFFE, 0x040, 0x040}},
    {0x835E, {0x000, 0x208, 0xFFE, 0x208, 0x030, 0x3C0, 0x080, 0xFFE, 0x208, 0xD16, 0x110, 0x210}},
    {0x835F, {0x000, 0x208, 0xFFE, 0x248, 0x0A0, 0x318, 0xCE6, 0x000, 0x7FC, 0x080, 0x108, 0x7F4}},
    {0x8360, {0x000, 0x208, 0xFFE, 0x208, 0x040, 0xFFE, 0x110, 0x0E0, 0xF1E, 0x110, 0x210, 0x410}},
    {0x8361, {0x000, 0x110, 0xFFE, 0x110, 0x4FC, 0x208, 0x810, 0x47E, 0x02A, 0x24A, 0x492, 0x82E}},
    {0x8363, {0x000, 0x110, 0xFFE, 0x110, 0x000, 0xFFE, 0x802, 0x040, 0x7FC, 0x0E0, 0x358, 0xC46}},
    {0x8364, {0x000, 0x110, 0xFFE, 0x110, 0xFFE, 0x882, 0x7FC, 0x120, 0x3F8, 0x020, 0x7FC, 0x020}},
    {0x8365, {0x000, 0x208, 0xFFE, 0x208, 0x000, 0xFFE, 0x842, 0x748, 0x150, 0x150, 0x248, 0xCC6}},
    {0x8366, {0x000, 0x208, 0xFFE, 0x208, 0x000, 0xFFE, 0xA42, 0x3FC, 0x440, 0xFFE, 0x040, 0x040}},
    {0x8367, {0x000, 0x110, 0xFFE, 0x110, 0x000, 0xFFE, 0x842, 0x248, 0x450, 0x0A0, 0x318, 0xC06}},
    {0x8368, {0x000, 0x208, 0xFFE, 0x208, 0x7FC, 0x004, 0x7FC, 0x004, 0xFFE, 0x210, 0x110, 0x030}},
    {0x8369, {0x000, 0x208, 0xFFE, 0x208, 0x7FC, 0x404, 0x7FC, 0x408, 0x4C8, 0x424, 0x984, 0x862}},
    {0x836A, {0x000, 0x208, 0xFFE, 0x208, 0x000, 0xF88, 0x108, 0x22C, 0x3AA, 0xE4A, 0x208, 0x618}},
    {0x836B, {0x000, 0x110, 0xFFE, 0x110, 0x000, 0x7BC, 0x4A4, 0x53C, 0x4A4, 0x4BC, 0x724, 0x44C}},
    {0x836C, {0x000, 0x208, 0xFFE, 0x208, 0xFFE, 0x142, 0x4C4, 0x240, 0xFFE, 0x0A0, 0x318, 0xC06}},
    {0x836D, {0x000, 0x208, 0xFFE, 0x208, 0x400, 0x8FE, 0xE10, 0x410, 0x810, 0xE10, 0x010, 0xEFE}},
    {0x836E, {0x000, 0x208, 0xFFE, 0x208, 0x400, 0x808, 0xEFE, 0x408, 0x848, 0xE28, 0x008, 0xE38}},
    {0x836F, {0x000, 0x110, 0xFFE, 0x110, 0x420, 0x93E, 0x642, 0x412, 0x98A, 0xE02, 0x182, 0xE0C}},
    {0x8377, {0x000, 0x110, 0xFFE, 0x110, 0x000, 0x2FE, 0x404, 0xCF4, 0x494, 0x4F4, 0x404, 0x41C}},
    {0x8378, {0x000, 0x208, 0xFFE, 0x248, 0x7FC, 0x040, 0xFFE, 0x802, 0x3F0, 0x020, 0xFFE, 0x0C0}},
    {0x837B, {0x000, 0x208, 0xFFE, 0x208, 0x500, 0x210, 0x692, 0xA54, 0x610, 0xA28, 0x244, 0x482}},
    {0x837C, {0x000, 0x208, 0xFFE, 0x208, 0x0E0, 0x318, 0xDF6, 0x040, 0x7FC, 0x040, 0x248, 0xCC6}},
    {0x837D, {0x000, 0x208, 0xFFE, 0x208, 0xFFC, 0x484, 0x248, 0xFFE, 0x110, 0x320, 0x0E0, 0xF1E}},
    {0x8385, {0x000, 0x208, 0xFFE, 0x208, 0x000, 0x210, 0x4FE, 0xC44, 0x444, 0x428, 0x428, 0x4FE}},
    {0x8386, {0x000, 0x110, 0xFFE, 0x110, 0x044, 0xFFE, 0x444, 0x7FC, 0x444, 0x7FC, 0x444, 0x45C}},
    {0x8389, {0x000, 0x110, 0xFFE, 0x110, 0x0C2, 0x712, 0x112, 0xFD2, 0x392, 0x552, 0x902, 0x106}},
    {0x838E, {0x000, 0x110, 0xFFE, 0x110, 0x420, 0x2A4, 0x8A4, 0x52A, 0x068, 0x410, 0x420, 0x9C0}},
    {0x8392, {0x000, 0x208, 0xFFE, 0x208, 0x000, 0x7FC, 0x404, 0x7FC, 0x000, 0xFFE, 0x802, 0xFFE}},
    {0x8393, {0x000, 0x208, 0xFFE, 0x208, 0x7FE, 0x800, 0x7FC, 0x444, 0xFFE, 0x444, 0x7FE, 0x004}},
    {0x8398, {0x000, 0x208, 0xFFE, 0x208, 0x040, 0x7FC, 0x208, 0x110, 0xFFE, 0x040, 0x7FC, 0x040}},
    {0x839B, {0x000, 0x208, 0xFFE, 0x208, 0xF0C, 0x170, 0x210, 0x7FE, 0x910, 0x57C, 0x200, 0xDFE}},
    {0x839C, {0x000, 0x208, 0xFFE, 0x208, 0x000, 0x520, 0x53C, 0xD64, 0x524, 0x518, 0x528, 0x4C6}},
    {0x839E, {0x000, 0x208, 0xFFE, 0x248, 0xFFE, 0x802, 0xBFA, 0x000, 0xFFE, 0x110, 0x112, 0xE1E}},
    {0x83A0, {0x000, 0x208, 0xFFE, 0x208, 0x7FC, 0x040, 0xFFE, 0x248, 0xDE6, 0x0BC, 0x104, 0xE1C}},
    {0x83A8, {0x000, 0x208, 0xFFE, 0x248, 0x7FC, 0x404, 0x7FC, 0x404, 0x7FC, 0x428, 0x590, 0xE0E}},
    {0x83A9, {0x000, 0x208, 0xFFE, 0x208, 0x07C, 0x7C8, 0x424, 0xBF8, 0x010, 0xFFE, 0x040, 0x0C0}},
    {0x83AA, {0x000, 0x208, 0xFFE, 0x208, 0xFA8, 0x224, 0xFFE, 0x220, 0x392, 0xE14, 0x20A, 0x676}},
    {0x83AB, {0x000, 0x110, 0xFFE, 0x110, 0x7FC, 0x404, 0x7FC, 0x404, 0xFFE, 0x0A0, 0x318, 0xC06}},
    {0x83B0, {0x000, 0x208, 0xFFE, 0x208, 0x000, 0x210, 0x21E, 0xFAA, 0x248, 0x208, 0x394, 0xC62}},
    {0x83B1, {0x000, 0x110, 0xFFE, 0x110, 0x040, 0xFFE, 0x444, 0x248, 0xFFE, 0x150, 0xE4E, 0x040}},
    {0x83B2, {0x000, 0x110, 0xFFE, 0x110, 0x840, 0x5FC, 0x0A0, 0xDFC, 0x420, 0x5FC, 0x420, 0xBFE}},
    {0x83B3, {0x000, 0x208, 0xFFE, 0x208, 0x000, 0xF08, 0x9FE, 0x908, 0xF48, 0x928, 0x908, 0xF18}},
    {0x83B4, {0x000, 0x208, 0xFFE, 0x208, 0x7FC, 0x404, 0x7FC, 0x040, 0xFFE, 0x8A2, 0xB1A, 0x806}},
    {0x83B6, {0x000, 0x208, 0xFFE, 0x248, 0x0A0, 0x318, 0xC06, 0x1F0, 0x488, 0x248, 0x010, 0xFFE}},
    {0x83B7, {0x000, 0x110, 0xFFE, 0x110, 0x900, 0x614, 0xC12, 0x2FE, 0x610, 0xA28, 0x244, 0xC82}},
    {0x83B8, {0x000, 0x208, 0xFFE, 0x208, 0x828, 0x624, 0xCFE, 0x228, 0x628, 0xA48, 0x24A, 0xC8E}},
    {0x83B9, {0x000, 0x110, 0xFFE, 0x110, 0xFFE, 0x802, 0x7FC, 0x040, 0x3F8, 0x050, 0x048, 0xFFE}},
    {0x83BA, {0x000, 0x208, 0xFFE, 0x208, 0xFFE, 0x882, 0x3F0, 0x250, 0x230, 0x3FC, 0x004, 0xFDC}},
    {0x83BC, {0x000, 0x208, 0xFFE, 0x208, 0x410, 0x97C, 0x610, 0x454, 0x954, 0xE7C, 0x112, 0xE1E}},
    {0x83BD, {0x000, 0x110, 0xFFE, 0x110, 0x040, 0xFFE, 0x1B0, 0xE0E, 0x110, 0xFFE, 0x110, 0x210}},
    {0x83C0, {0x000, 0x208, 0xFFE, 0x248, 0xFFE, 0xA02, 0x3BC, 0x4A4, 0xAAC, 0x120, 0x222, 0xC3E}},
    {0x83C1, {0x000, 0x208, 0xFFE, 0x208, 0x040, 0xFFE, 0x040, 0xFFE, 0x444, 0x7FC, 0x404, 0x41C}},
    {0x83C5, {0x000, 0x208, 0xFFE, 0x248, 0xFFE, 0x802, 0x3F8, 0x208, 0x3FC, 0x204, 0x204, 0x3FC}},
    {0x83C7, {0x000, 0x110, 0xFFE, 0x110, 0x000, 0x208, 0xFBE, 0x488, 0x93E, 0xE22, 0x322, 0xCBE}},
    {0x83CA, {0x000, 0x110, 0xFFE, 0x510, 0x7FE, 0x802, 0x492, 0x2A2, 0xFFA, 0x2A2, 0x492, 0x88E}},
    {0x83CC, {0x000, 0x110, 0xFFE, 0x110, 0x7FC, 0x404, 0x5F4, 0x444, 0x5F4, 0x4E4, 0x554, 0x7FC}},
    {0x83CF, {0x000, 0x110, 0xFFE, 0x110, 0x400, 0x2FE, 0x804, 0x4F4, 0x094, 0x2F4, 0x404, 0x80C}},
    {0x83D4, {0x000, 0x208, 0xFFE, 0x208, 0x7BE, 0x4A2, 0x7AE, 0x4A0, 0x7BE, 0x4B2, 0x4AC, 0x9D2}},
    {0x83D6, {0x000, 0x208, 0xFFE, 0x208, 0x7FC, 0x404, 0x404, 0xFFE, 0x802, 0xFFE, 0x802, 0xFFE}},
    {0x83D8, {0x000, 0x208, 0xFFE, 0x208, 0x000, 0x224, 0xFA4, 0x242, 0x710, 0x694, 0xA24, 0x27A}},
    {0x83DC, {0x000, 0x110, 0xFFE, 0x110, 0x00C, 0xFF0, 0x484, 0x248, 0xFFE, 0x150, 0x248, 0xC46}},
    {0x83DD, {0x000, 0x208, 0xFFE, 0x208, 0x000, 0x224, 0xF7E, 0x220, 0x324, 0xE54, 0x248, 0x6B6}},
    {0x83DF, {0x000, 0x208, 0xFFE, 0x208, 0x3F8, 0x408, 0xFFC, 0x444, 0x7FC, 0x128, 0x222, 0xC3E}},
    {0x83E0, {0x000, 0x110, 0xFFE, 0x110, 0x810, 0x5FE, 0x912, 0x5FC, 0x144, 0x528, 0x510, 0xAEE}},
    {0x83E1, {0x000, 0x208, 0xFFE, 0x208, 0x1F0, 0x010, 0xA2A, 0x952, 0x8E2, 0xB52, 0x8CA, 0xFFE}},
    {0x83E5, {0x000, 0x208, 0xFFE, 0x208, 0x006, 0x238, 0xFA0, 0x23E, 0x724, 0xAA4, 0xAA4, 0x244}},
    {0x83E9, {0x000, 0x110, 0xFFE, 0x110, 0x040, 0x7FC, 0x110, 0xFFE, 0x000, 0x7FC, 0x404, 0x7FC}},
    {0x83EA, {0x000, 0x208, 0xFFE, 0x248, 0xFFE, 0x802, 0x7FC, 0x080, 0x3FC, 0xE04, 0x204, 0x3FC}},
    {0x83F0, {0x000, 0x208, 0xFFE, 0x208, 0xF7E, 0x154, 0x254, 0x354, 0xE54, 0x254, 0x29A, 0x6B2}},
    {0x83F1, {0x000, 0x110, 0xFFE, 0x150, 0x7FC, 0x040, 0xFFE, 0x110, 0xEEE, 0x110, 0x0E0, 0xF1E}},
    {0x83F2, {0x000, 0x110, 0xFFE, 0x110, 0x0A0, 0xFBE, 0x0A0, 0xFBE, 0x0A0, 0x3BE, 0xCA0, 0x120}},
    {0x83F8, {0x000, 0x208, 0xFFE, 0x208, 0x000, 0x208, 0xFD4, 0x222, 0x388, 0x484, 0x490, 0x988}},
    {0x83F9, {0x000, 0x208, 0xFFE, 0x208, 0x400, 0x2FC, 0x884, 0x4FC, 0x084, 0x2FC, 0x484, 0x9FE}},
    {0x83FD, {0x000, 0x208, 0xFFE, 0x208, 0x000, 0x3BE, 0x212, 0xF92, 0x214, 0xA88, 0xA94, 0x622}},
    {0x8401, {0x000, 0x208, 0xFFE, 0x208, 0x110, 0x7FC, 0x110, 0x1F0, 0x110, 0xFFE, 0x208, 0xC06}},
    {0x8403, {0x000, 0x208, 0xFFE, 0x208, 0x040, 0xFFE, 0x208, 0xDB6, 0x040, 0xFFE, 0x040, 0x040}},
    {0x8404, {0x000, 0x110, 0xFFE, 0x510, 0x7FE, 0xA02, 0x3F2, 0x482, 0x7F2, 0x082, 0x492, 0x7F6}},
    {0x8406, {0x000, 0x208, 0xFFE, 0x248, 0x7FC, 0x444, 0x7FC, 0x484, 0x7FC, 0x120, 0xFFE, 0x020}},
    {0x840B, {0x000, 0x208, 0xFFE, 0x248, 0x7FC, 0x048, 0xFFE, 0x048, 0x7FE, 0x110, 0x0E0, 0x71E}},
    {0x840C, {0x000, 0x110, 0xFFE, 0x110, 0x000, 0xF3E, 0x922, 0xF3E, 0x922, 0x93E, 0xF22, 0x046}},
    {0x840D, {0x000, 0x110, 0xFFE, 0x110, 0x400, 0x2FE, 0x892, 0x454, 0x010, 0x4FE, 0x410, 0x810}},
    {0x840E, {0x000, 0x110, 0xFFE, 0x040, 0xFFE, 0x150, 0xE4E, 0x080, 0xFFE, 0x110, 0x0E0, 0xF1E}},
    {0x840F, {0x000, 0x208, 0xFFE, 0x208, 0x1FC, 0x204, 0xCC8, 0x71E, 0x402, 0x79E, 0x402, 0x7FE}},
    {0x8411, {0x000, 0x208, 0xFFE, 0x208, 0x110, 0x3FE, 0x620, 0xBFC, 0x220, 0x3FC, 0x220, 0x3FE}},
    {0x8418, {0x000, 0x208, 0xFFE, 0x208, 0x080, 0xFFE, 0x208, 0x5F4, 0x802, 0x7FC, 0x248, 0xCC6}},
    {0x841C, {0x000, 0x208, 0xFFE, 0x208, 0x000, 0x208, 0xF8E, 0xA88, 0xABE, 0xAA2, 0xBA2, 0x23E}},
    {0x841D, {0x000, 0x110, 0xFFE, 0x110, 0x7FC, 0x4A4, 0x7FC, 0x040, 0x0FC, 0x708, 0x0B0, 0xFC0}},
    {0x8424, {0x000, 0x110, 0xFFE, 0x110, 0xFFE, 0x842, 0xBFA, 0x248, 0x248, 0x3F8, 0x044, 0xFFA}},
    {0x8425, {0x000, 0x110, 0xFFE, 0x110, 0xFFE, 0xA0A, 0x3F8, 0x000, 0x7FC, 0x404, 0x404, 0x7FC}},
    {0x8426, {0x000, 0x208, 0xFFE, 0x208, 0xFFE, 0x882, 0x310, 0x124, 0xFFA, 0x040, 0x358, 0xCC6}},
    {0x8427, {0x000, 0x110, 0xFFE, 0x150, 0x3F8, 0x048, 0xFFE, 0x048, 0x7F8, 0x244, 0x2E4, 0xD54}},
    {0x8428, {0x000, 0x110, 0xFFE, 0x110, 0xE08, 0x97E, 0xA22, 0x914, 0x97E, 0xE40, 0x840, 0x880}},
    {0x8431, {0x000, 0x208, 0xFFE, 0x208, 0x040, 0xFFE, 0x802, 0x3F8, 0x208, 0x3F8, 0x208, 0xFFE}},
    {0x8438, {0x000, 0x208, 0xFFE, 0x208, 0x65C, 0x444, 0x75C, 0x444, 0x75C, 0x0A0, 0x318, 0xC06}},
    {0x843C, {0x000, 0x208, 0xFFE, 0x208, 0x7BC, 0x4A4, 0x4A4, 0xFFE, 0x200, 0x3FC, 0x004, 0x03C}},
    {0x843D, {0x000, 0x110, 0xFFE, 0x110, 0x440, 0x27C, 0x8C8, 0x430, 0x1CE, 0x4FC, 0x484, 0x8FC}},
    {0x8446, {0x000, 0x208, 0xFFE, 0x208, 0x000, 0x2FE, 0x482, 0xCFE, 0x410, 0x5FE, 0x454, 0x492}},
    {0x8451, {0x000, 0x208, 0xFFE, 0x208, 0x104, 0x7C4, 0x11E, 0xFE4, 0x114, 0x7D4, 0x104, 0xFEC}},
    {0x8457, {0x000, 0x110, 0xFFE, 0x150, 0x7FA, 0x04C, 0xFFE, 0x0C0, 0x3FC, 0xE04, 0x204, 0x3FC}},
    {0x8459, {0x000, 0x208, 0xFFE, 0x208, 0x000, 0x23E, 0xFA2, 0x23E, 0x722, 0xABE, 0xAA2, 0x23E}},
    {0x845A, {0x000, 0x208, 0xFFE, 0x208, 0xFFE, 0x208, 0x3F8, 0x208, 0xFFE, 0x4A0, 0x512, 0x7FE}},
    {0x845B, {0x000, 0x108, 0xFFE, 0x404, 0x7FC, 0x404, 0x7FE, 0x202, 0x512, 0x9E2, 0x112, 0x1F6}},
    {0x845C, {0x000, 0x208, 0xFFE, 0x208, 0x3BE, 0xE12, 0x392, 0xE26, 0x240, 0xFFE, 0x0A0, 0xF1E}},
    {0x8461, {0x000, 0x110, 0xFFE, 0x510, 0x7FE, 0x8A2, 0x7FA, 0x492, 0x7F2, 0x492, 0x7F2, 0x496}},
    {0x8463, {0x000, 0x110, 0xFFE, 0x110, 0x040, 0xFFE, 0x248, 0x3F8, 0x248, 0x7FC, 0x040, 0xFFE}},
    {0x8469, {0x000, 0x208, 0xFFE, 0x208, 0x47C, 0xF54, 0x954, 0x97C, 0xF40, 0x942, 0x942, 0xF7E}},
    {0x846B, {0x000, 0x110, 0xFFE, 0x110, 0x200, 0xFBE, 0x222, 0x23E, 0xFA2, 0x8BE, 0x8A2, 0xFC6}},
    {0x846C, {0x000, 0x110, 0xFFE, 0x110, 0xFFE, 0x220, 0xFBC, 0x4A2, 0xF3E, 0x108, 0xFFE, 0x208}},
    {0x846D, {0x000, 0x208, 0xFFE, 0x208, 0xFBC, 0x884, 0xFBC, 0x800, 0xFBC, 0x824, 0xF98, 0x866}},
    {0x8471, {0x000, 0x110, 0xFFE, 0x510, 0x7FC, 0x924, 0x324, 0x4D4, 0x10C, 0x040, 0x514, 0x9F2}},
    {0x8473, {0x000, 0x208, 0xFFE, 0x20A, 0x7FE, 0x410, 0x7F2, 0x494, 0x7D4, 0x548, 0x89A, 0xB66}},
    {0x8475, {0x000, 0x110, 0xFFE, 0x110, 0xFA8, 0x494, 0x308, 0xDF6, 0x040, 0x7FC, 0x0A0, 0xF1E}},
    {0x8476, {0x000, 0x208, 0xFFE, 0x208, 0x040, 0xFFE, 0x208, 0xFFE, 0x802, 0xBFA, 0x040, 0x0C0}},
    {0x8478, {0x000, 0x208, 0xFFE, 0x208, 0x7FC, 0x444, 0x7FC, 0x444, 0x7FC, 0x140, 0x52A, 0x9FA}},
    {0x847A, {0x000, 0x208, 0xFFE, 0x208, 0x7FC, 0x404, 0xFFE, 0x404, 0x7FC, 0x406, 0xFFC, 0x004}},
    {0x8482, {0x000, 0x110, 0xFFE, 0x040, 0x7FC, 0x110, 0xFFE, 0x842, 0x7FC, 0x444, 0x44C, 0x040}},
    {0x8487, {0x000, 0x208, 0xFFE, 0x208, 0x00A, 0xFFE, 0x808, 0xBEA, 0xA2A, 0xAA4, 0x884, 0xB6A}},
    {0x8488, {0x000, 0x208, 0xFFE, 0x208, 0x820, 0xF3C, 0x8A2, 0xFFE, 0x404, 0x7FC, 0x404, 0x7FC}},
    {0x8489, {0x000, 0x208, 0xFFE, 0x248, 0x7FC, 0x444, 0x7FC, 0x040, 0xFFE, 0x244, 0x090, 0xF0E}},
    {0x848B, {0x000, 0x110, 0xFFE, 0x110, 0x206, 0xAF8, 0x652, 0x204, 0x2FE, 0x644, 0xA24, 0x20C}},
    {0x848C, {0x000, 0x208, 0xFFE, 0x248, 0x7FC, 0x150, 0xE4E, 0x080, 0xFFE, 0x110, 0x0E0, 0xF1E}},
    {0x848E, {0x000, 0x208, 0xFFE, 0x208, 0x406, 0x2F8, 0x886, 0x4B8, 0x0A8, 0x2AA, 0x524, 0x93A}},
    {0x8497, {0x000, 0x208, 0xFFE, 0x228, 0x4F8, 0x288, 0x8F8, 0x488, 0x0FA, 0x294, 0x4E8, 0x986}},
    {0x8499, {0x000, 0x110, 0xFFE, 0x110, 0xFFE, 0x802, 0x7FC, 0x1C4, 0x668, 0x1B0, 0xE28, 0x1C6}},
    {0x849C, {0x000, 0x110, 0xFFE, 0x110, 0x000, 0x7BC, 0x000, 0xFFE, 0x110, 0x554, 0x554, 0xB32}},
    {0x84A1, {0x000, 0x208, 0xFFE, 0x208, 0x040, 0x7FC, 0x110, 0xFFE, 0xA02, 0x3FC, 0x204, 0x41C}},
    {0x84AF, {0x000, 0x282, 0xFEA, 0x28A, 0xEEA, 0xAAA, 0xEEA, 0xAAA, 0xEEA, 0xAAA, 0xAA2, 0xB66}},
    {0x84B2, {0x000, 0x110, 0xFFE, 0x124, 0xBFE, 0x020, 0x9FC, 0x124, 0x5FC, 0x524, 0x9FC, 0x924}},
    {0x84B4, {0x000, 0x208, 0xFFE, 0x208, 0x8BE, 0x522, 0xFFE, 0x222, 0xABE, 0xFA2, 0x222, 0xC46}},
    {0x84B8, {0x000, 0x110, 0xFFE, 0x110, 0x3F8, 0x032, 0xE4C, 0x248, 0xCC6, 0x3F8, 0x524, 0x892}},
    {0x84B9, {0x000, 0x110, 0xFFE, 0x110, 0xFFC, 0x124, 0xFFE, 0x124, 0xFFC, 0x130, 0x328, 0xD26}},
    {0x84BA, {0x000, 0x208, 0xFFE, 0x248, 0x3FE, 0xA80, 0x6FC, 0x320, 0x7FE, 0xA30, 0x248, 0x586}},
    {0x84BD, {0x000, 0x208, 0xFFE, 0x208, 0x7FC, 0x444, 0x7FC, 0x4A4, 0x514, 0x7FC, 0x524, 0x8F2}},
    {0x84BF, {0x000, 0x208, 0xFFE, 0x248, 0xFFE, 0x208, 0x3F8, 0x000, 0xFFE, 0xA0A, 0xBFA, 0x806}},
    {0x84C1, {0x000, 0x208, 0xFFE, 0x248, 0xFFE, 0x080, 0x7FC, 0x110, 0xFFE, 0x248, 0xDF6, 0x248}},
    {0x84C4, {0x000, 0x110, 0xFFE, 0x150, 0xFFE, 0x330, 0x0C4, 0xFFA, 0x444, 0x7FC, 0x444, 0x7FC}},
    {0x84C9, {0x000, 0x110, 0xFFE, 0x150, 0xFFE, 0x912, 0x64C, 0x1B0, 0xE0E, 0x3F8, 0x208, 0x3F8}},
    {0x84CA, {0x000, 0x208, 0xFFE, 0x208, 0x110, 0x248, 0xC96, 0x3E8, 0x000, 0xFBE, 0x596, 0xAAA}},
    {0x84CD, {0x000, 0x208, 0xFFE, 0x248, 0xFFE, 0x040, 0x188, 0xEF0, 0x082, 0x7FE, 0x404, 0x7FC}},
    {0x84D0, {0x000, 0x208, 0xFFE, 0x208, 0x7FE, 0x400, 0x7FE, 0x494, 0x5CE, 0x408, 0xBFE, 0x918}},
    {0x84D1, {0x000, 0x110, 0xFFE, 0x150, 0xFFE, 0x404, 0xFFE, 0x404, 0x7FC, 0x314, 0xD08, 0x3C6}},
    {0x84D3, {0x000, 0x208, 0xFFE, 0x208, 0x010, 0x2FE, 0x444, 0xC28, 0x4FE, 0x444, 0x444, 0x47C}},
    {0x84D6, {0x000, 0x110, 0xFFE, 0x150, 0x7FC, 0x4A4, 0x554, 0x7FC, 0x422, 0x7BC, 0x422, 0xFBE}},
    {0x84DD, {0x000, 0x110, 0xFFE, 0x110, 0xA20, 0xA7E, 0xA90, 0xA08, 0x000, 0x7FC, 0x4A4, 0xFFE}},
    {0x84DF, {0x000, 0x110, 0xFFE, 0x490, 0x902, 0x7D2, 0x552, 0x7D2, 0x552, 0x7D2, 0x002, 0xFCE}},
    {0x84E0, {0x000, 0x208, 0xFFE, 0x248, 0xFFE, 0x4A4, 0x514, 0x7FC, 0x040, 0xFFE, 0x8A2, 0x9D6}},
    {0x84E3, {0x000, 0x208, 0xFFE, 0x208, 0xFBE, 0x508, 0x23E, 0xFA2, 0x2AA, 0x22A, 0x214, 0x662}},
    {0x84E5, {0x000, 0x208, 0xFFE, 0x208, 0xFFE, 0x8A2, 0x110, 0x2E8, 0xC46, 0x7FC, 0x248, 0xFFE}},
    {0x84E6, {0x000, 0x208, 0xFFE, 0x2A8, 0x3F8, 0x208, 0xFFE, 0x248, 0x7FC, 0x80A, 0x3C8, 0x038}},
    {0x84EC, {0x000, 0x110, 0xFFE, 0x110, 0x478, 0x248, 0x830, 0x5CE, 0xC10, 0x5FE, 0x410, 0xBFE}},
    {0x84F0, {0x000, 0x208, 0xFFE, 0x208, 0x210, 0x45C, 0xA50, 0x4FE, 0xC10, 0x45C, 0x4D0, 0x53E}},
    {0x84FC, {0x000, 0x208, 0xFFE, 0x208, 0xFBE, 0x596, 0xAAA, 0x0E2, 0x318, 0xC46, 0x388, 0x070}},
    {0x84FF, {0x000, 0x208, 0xFFE, 0x248, 0xFFE, 0x802, 0x2FC, 0x220, 0x4FC, 0xC84, 0x484, 0x4FC}},
    {0x850C, {0x000, 0x208, 0xFFE, 0x208, 0xF90, 0x21E, 0xF92, 0xAAA, 0xF88, 0x208, 0x714, 0xAA2}},
    {0x8511, {0x000, 0x108, 0xFFE, 0x108, 0x7FC, 0x4A4, 0x7FC, 0x048, 0x7FE, 0x428, 0x512, 0x86E}},
    {0x8513, {0x000, 0x110, 0xFFE, 0x404, 0x7FC, 0x404, 0xFFE, 0x912, 0xFFE, 0x208, 0x1F0, 0xE0E}},
    {0x8517, {0x000, 0x110, 0xFFE, 0x150, 0x7FE, 0x488, 0x7FE, 0x488, 0x4F8, 0x400, 0x954, 0xA2A}},
    {0x851A, {0x000, 0x110, 0xFFE, 0x110, 0xFC4, 0x87E, 0xFC4, 0x814, 0xFD4, 0x914, 0xD44, 0xB1C}},
    {0x851F, {0x000, 0x208, 0xFFE, 0x208, 0x440, 0xF7E, 0x4A0, 0x77E, 0x588, 0x57E, 0x914, 0xB62}},
    {0x8521, {0x000, 0x110, 0xFFE, 0x110, 0x3BC, 0xCA4, 0x3F8, 0xE0E, 0x3F8, 0x040, 0x248, 0xCC6}},
    {0x852B, {0x000, 0x110, 0xFFE, 0x150, 0x27C, 0x240, 0xFFE, 0x100, 0x1F8, 0x200, 0x7FC, 0x954}},
    {0x852C, {0x000, 0x110, 0xFFE, 0x010, 0xF7E, 0x124, 0x27A, 0xB00, 0xA54, 0xA54, 0xB54, 0xC86}},
    {0x8537, {0x000, 0x110, 0xFFE, 0x040, 0x7FC, 0x248, 0x150, 0xFFE, 0x404, 0x5F4, 0x514, 0x7FC}},
    {0x8538, {0x000, 0x208, 0xFFE, 0x248, 0x5F6, 0x912, 0x9F2, 0xB12, 0xDF6, 0x0A0, 0x122, 0xE3E}},
    {0x8539, {0x000, 0x208, 0xFFE, 0x208, 0x510, 0x89E, 0x724, 0x014, 0xA94, 0x508, 0x0D4, 0xF22}},
    {0x853A, {0x000, 0x208, 0xFFE, 0x208, 0xBFE, 0x442, 0x8A2, 0x9FA, 0xB22, 0x9FA, 0x922, 0x9FE}},
    {0x853B, {0x000, 0x208, 0xFFE, 0x248, 0xFFE, 0x812, 0x71C, 0x010, 0xFFC, 0x524, 0x51A, 0x9EE}},
    {0x853C, {0x000, 0x110, 0xFFE, 0x110, 0xCFC, 0x0A4, 0xC94, 0x4FE, 0x592, 0x4AA, 0x6FA, 0xC06}},
    {0x853D, {0x000, 0x108, 0xFFE, 0x108, 0x220, 0xABE, 0x224, 0xFD4, 0xA94, 0xF88, 0xA94, 0xAA2}},
    {0x8543, {0x000, 0x110, 0xFFE, 0x110, 0x248, 0xFFE, 0x248, 0x7FC, 0xC46, 0x7FC, 0x444, 0x7FC}},
    {0x8548, {0x000, 0x208, 0xFFE, 0x208, 0xFFE, 0x4A4, 0x7FC, 0x208, 0x3F8, 0x208, 0xFFE, 0x040}},
    {0x8549, {0x000, 0x110, 0xFFE, 0x510, 0x7FE, 0xC20, 0x7FE, 0x420, 0x7FE, 0x420, 0x7FE, 0x892}},
    {0x854A, {0x000, 0x110, 0xFFE, 0x110, 0x040, 0x514, 0x9F2, 0x000, 0x108, 0xA52, 0xA52, 0xB9C}},
    {0x8556, {0x000, 0x208, 0xFFE, 0xA08, 0x4FC, 0xA80, 0x4FC, 0x884, 0xFFE, 0x150, 0x248, 0xC46}},
    {0x8559, {0x000, 0x208, 0xFFE, 0x248, 0xFFE, 0x444, 0x7FC, 0x044, 0x7FA, 0x020, 0x50A, 0x9FA}},
    {0x855E, {0x000, 0x208, 0xFFE, 0x208, 0x404, 0x7FC, 0x404, 0xFFE, 0x4A2, 0x794, 0x488, 0xFB6}},
    {0x8564, {0x000, 0x208, 0xFFE, 0x208, 0xFE4, 0x294, 0xE9E, 0x3A4, 0xD5E, 0x2C4, 0xCA4, 0x31E}},
    {0x8568, {0x000, 0x208, 0xFFE, 0x208, 0xFFE, 0xA90, 0xFDE, 0x922, 0xD48, 0xFC8, 0x914, 0xA22}},
    {0x8572, {0x000, 0x208, 0xFFE, 0x208, 0x446, 0x298, 0x7D0, 0x55E, 0x7D4, 0x554, 0xFE4, 0x124}},
    {0x8574, {0x000, 0x110, 0xFFE, 0x110, 0x43C, 0x924, 0x63C, 0x424, 0xA7C, 0xD54, 0x054, 0xEFE}},
    {0x8579, {0x000, 0x208, 0xFFE, 0x248, 0xFFE, 0x424, 0x948, 0x6FE, 0x848, 0xF7E, 0x248, 0xC7E}},
    {0x857A, {0x000, 0x208, 0xFFE, 0x208, 0x724, 0x57E, 0xFA0, 0x514, 0x714, 0x50A, 0xF9A, 0x124}},
    {0x857B, {0x000, 0x208, 0xFFE, 0x208, 0x780, 0x414, 0x7BE, 0x414, 0xFFE, 0x400, 0x914, 0xEA2}},
    {0x857E, {0x000, 0x110, 0xFFE, 0x110, 0xFFE, 0xB5A, 0x842, 0x7FC, 0x444, 0x7FC, 0x444, 0x7FC}},
    {0x8584, {0x000, 0x110, 0xFFE, 0x114, 0x5FE, 0x292, 0x8FE, 0x492, 0x0FE, 0x204, 0x5FE, 0x88C}},
    {0x8585, {0x000, 0x208, 0xFFE, 0x208, 0x47E, 0xF40, 0x57E, 0x954, 0xA52, 0xCBE, 0x604, 0x92C}},
    {0x8587, {0x000, 0x110, 0xFFE, 0x048, 0x55E, 0x9F2, 0x20A, 0x5EA, 0xC04, 0x5C4, 0x56A, 0x54A}},
    {0x858F, {0x000, 0x208, 0xFFE, 0x208, 0x7FC, 0x208, 0x3F8, 0x208, 0x3F8, 0x048, 0x924, 0x9FE}},
    {0x859B, {0x000, 0x110, 0xFFE, 0x110, 0x410, 0xF7C, 0x928, 0xF7E, 0x810, 0xF7C, 0x910, 0xF10}},
    {0x859C, {0x000, 0x110, 0xFFE, 0x110, 0x788, 0x4FE, 0x7A2, 0x414, 0x7FE, 0xA88, 0xABE, 0xB88}},
    {0x85A4, {0x000, 0x110, 0xFFE, 0x110, 0xF28, 0x4EE, 0x728, 0x9EE, 0x528, 0x2EE, 0x228, 0x4FE}},
    {0x85A8, {0x000, 0x208, 0xFFE, 0x208, 0x7FC, 0x4A4, 0xFFE, 0xA22, 0x3A4, 0xCB8, 0x322, 0xC3E}},
    {0x85AA, {0x000, 0x110, 0xFFE, 0x110, 0x206, 0xFB8, 0x520, 0xFBE, 0x224, 0xFA4, 0x724, 0xAC4}},
    {0x85AE, {0x000, 0x208, 0xFFE, 0x208, 0xA90, 0xF9E, 0x734, 0xA94, 0xF94, 0x508, 0x214, 0xDA2}},
    {0x85AF, {0x000, 0x110, 0xFFE, 0x4A4, 0x7FC, 0x042, 0x7F4, 0x048, 0xFFE, 0x204, 0xE04, 0x3FC}},
    {0x85B0, {0x000, 0x208, 0xFFE, 0x208, 0x7FC, 0x040, 0xFFE, 0x554, 0x7FC, 0x040, 0xFFE, 0x4A4}},
    {0x85B7, {0x000, 0x208, 0xFFE, 0x208, 0xFFE, 0x842, 0xB5A, 0x000, 0xFFE, 0x040, 0xFFE, 0x912}},
    {0x85B9, {0x000, 0x208, 0xFFE, 0x248, 0xFFE, 0x404, 0xFFE, 0x902, 0x208, 0x7F4, 0x040, 0xFFE}},
    {0x85C1, {0x000, 0x208, 0xFFE, 0x2A8, 0x040, 0xFFE, 0x912, 0x9F6, 0x040, 0xFFE, 0x150, 0xE4E}},
    {0x85C9, {0x000, 0x110, 0xFFE, 0x210, 0xFA4, 0x27E, 0x724, 0x27E, 0xFA4, 0x23C, 0x724, 0xABC}},
    {0x85CF, {0x000, 0x110, 0xFFE, 0x114, 0xBFE, 0xA90, 0xFD4, 0x254, 0xFD4, 0xA8A, 0xBCA, 0xA14}},
    {0x85D0, {0x000, 0x110, 0xFFE, 0x110, 0x3A0, 0xD7C, 0x5C4, 0xE7C, 0x544, 0xAFC, 0x4AA, 0x34E}},
    {0x85D3, {0x000, 0x110, 0xFFE, 0x4A2, 0x914, 0x7FE, 0x548, 0x7FE, 0x548, 0x7FE, 0x008, 0xFC8}},
    {0x85D5, {0x000, 0x110, 0xFFE, 0x254, 0xF7C, 0x254, 0xF7C, 0x210, 0xFFE, 0x692, 0xABA, 0x286}},
    {0x85DC, {0x000, 0x208, 0xFFE, 0x508, 0x21E, 0xFAA, 0x712, 0xAE6, 0x318, 0xC46, 0x150, 0x6CC}},
    {0x85E4, {0x000, 0x110, 0xFFE, 0x154, 0xEFE, 0xA28, 0xEFE, 0xA44, 0xE92, 0xA54, 0xA10, 0xAB2}},
    {0x85E9, {0x000, 0x110, 0xFFE, 0x110, 0x8A8, 0x5FC, 0x8A8, 0x5FC, 0x326, 0x5FC, 0x524, 0x9FC}},
    {0x85FB, {0x000, 0x110, 0xFFE, 0x088, 0xBFE, 0x252, 0xBDE, 0x020, 0x3FE, 0x4A8, 0x524, 0xA22}},
    {0x85FF, {0x000, 0x208, 0xFFE, 0x208, 0xFFE, 0xB5A, 0x040, 0x758, 0x3FC, 0x640, 0xBFC, 0x240}},
    {0x8605, {0x000, 0x208, 0xFFE, 0x2A8, 0x52E, 0xBF0, 0x55E, 0xDF4, 0x554, 0x7FC, 0x4A4, 0x51C}},
    {0x8611, {0x000, 0x110, 0xFFE, 0x150, 0x7FE, 0x5B4, 0x6D6, 0x5FC, 0x480, 0x5FC, 0xA84, 0x8FC}},
    {0x8616, {0x000, 0x110, 0xFFE, 0x214, 0x7BE, 0x488, 0x7BE, 0x4C8, 0xFFE, 0x150, 0xE4E, 0x040}},
    {0x8627, {0x000, 0x110, 0xFFE, 0x550, 0x3FC, 0x942, 0x57E, 0x150, 0xDAA, 0x55C, 0x52A, 0xBFE}},
    {0x8629, {0x000, 0x110, 0xFFE, 0x552, 0xFF4, 0x548, 0x7F6, 0x220, 0x14E, 0xFF2, 0x248, 0xC46}},
    {0x8638, {0x000, 0x208, 0xFFE, 0x214, 0xFBE, 0xAE8, 0xDBE, 0x8A8, 0xFBE, 0x000, 0x524, 0x892}},
    {0x863C, {0x000, 0x110, 0xFFE, 0x150, 0x7FE, 0x488, 0x7FE, 0x5AC, 0x6BA, 0x450, 0x9DE, 0xE50}},
    {0x864D, {0x000, 0x040, 0x07C, 0x040, 0x7FE, 0x402, 0x440, 0x44C, 0x470, 0x5C0, 0x842, 0x83E}},
    {0x864E, {0x000, 0x0FE, 0x080, 0x7FE, 0x482, 0x5F8, 0x484, 0x4FC, 0x400, 0x4F0, 0x892, 0xB9E}},
    {0x864F, {0x000, 0x0F8, 0x080, 0x7FE, 0x480, 0x5F8, 0x484, 0x4FC, 0x480, 0x5FC, 0x884, 0x91C}},
    {0x8650, {0x000, 0x0FE, 0x080, 0x7FE, 0x482, 0x5F8, 0x484, 0x5FE, 0x500, 0x5FC, 0x900, 0x9FE}},
    {0x8651, {0x000, 0x07E, 0x040, 0x7FE, 0x442, 0x5FC, 0x442, 0x47E, 0x400, 0x540, 0xB2A, 0xDFA}},
    {0x8654, {0x000, 0x0FE, 0x080, 0x7FE, 0x482, 0x784, 0x4FC, 0x420, 0x7FE, 0x488, 0x870, 0xB8E}},
    {0x865A, {0x000, 0x0FE, 0x080, 0x7FE, 0x482, 0x7F8, 0x484, 0x4FC, 0x450, 0x652, 0x954, 0xBFE}},
    {0x865E, {0x000, 0x07E, 0x040, 0x7FE, 0x442, 0x4FC, 0x548, 0x5FC, 0x404, 0x7FE, 0x888, 0xB06}},
    {0x8662, {0x000, 0x1DC, 0xE50, 0xAFE, 0x552, 0x15C, 0xFF2, 0x14E, 0x940, 0x554, 0x194, 0x326}},
    {0x866B, {0x000, 0x040, 0x040, 0xFFE, 0x842, 0x842, 0x842, 0xFFE, 0x044, 0x044, 0x05A, 0xFE2}},
    {0x866C, {0x000, 0x210, 0x210, 0xF90, 0xA90, 0xA90, 0xA90, 0xF90, 0x210, 0x292, 0x3D2, 0xE4E}},
    {0x866E, {0x000, 0x200, 0x238, 0xFA8, 0xAA8, 0xAA8, 0xAA8, 0xFA8, 0x228, 0x2AA, 0x3CA, 0xE8E}},
    {0x8671, {0x000, 0xFF8, 0x008, 0x068, 0xF88, 0x108, 0xFE8, 0x928, 0xFE8, 0x10A, 0x14A, 0xFA4}},
    {0x8679, {0x000, 0x200, 0x23E, 0xF88, 0xA88, 0xA88, 0xA88, 0xF88, 0x208, 0x288, 0x388, 0xEBE}},
    {0x867A, {0x000, 0xFD0, 0x510, 0x57C, 0x554, 0x554, 0x57C, 0x510, 0x51C, 0x574, 0x902, 0x8FE}},
    {0x867B, {0x000, 0x208, 0x208, 0xFFE, 0xAA0, 0xAA0, 0xAA0, 0xFA0, 0x220, 0x2A0, 0x3A0, 0xEBE}},
    {0x867C, {0x000, 0x210, 0x210, 0xF9E, 0xAA0, 0xAC0, 0xABC, 0xF88, 0x210, 0x2A2, 0x3A2, 0xE9E}},
    {0x867D, {0x000, 0x7FC, 0x404, 0x404, 0x7FC, 0x040, 0xFFE, 0x842, 0x842, 0xFFE, 0x044, 0xFFA}},
    {0x867E, {0x000, 0x2FE, 0x210, 0xF90, 0xA90, 0xA98, 0xA94, 0xF92, 0x210, 0x290, 0x290, 0xF50}},
    {0x867F, {0x000, 0x7FC, 0x080, 0x0F8, 0x108, 0x618, 0x040, 0x3F8, 0x248, 0x3F8, 0x044, 0xFFA}},
    {0x8680, {0x000, 0x810, 0xEFE, 0xA92, 0x092, 0x492, 0x492, 0x492, 0x4FE, 0x410, 0x414, 0x6FA}},
    {0x8681, {0x000, 0x210, 0x20A, 0xFAA, 0xAA2, 0xAA2, 0xAA2, 0xF94, 0x214, 0x288, 0x394, 0xEA2}},
    {0x8682, {0x000, 0x23C, 0x204, 0xFA4, 0xAA4, 0xAA4, 0xABE, 0xF82, 0x202, 0x2BA, 0x282, 0xF4E}},
    {0x868A, {0x000, 0x208, 0x208, 0xFBE, 0xA94, 0xA94, 0xA94, 0xF94, 0x208, 0x288, 0x394, 0xEA2}},
    {0x868B, {0x000, 0x218, 0x208, 0xF88, 0xABE, 0xAAA, 0xAAA, 0xFAA, 0x236, 0x2A2, 0x3A2, 0xEA6}},
    {0x868C, {0x000, 0x208, 0x208, 0xFBE, 0xA88, 0xA88, 0xABE, 0xF88, 0x208, 0x2BE, 0x388, 0xE88}},
    {0x868D, {0x000, 0x228, 0x228, 0xFA8, 0xAA8, 0xABA, 0xAAC, 0xFA8, 0x228, 0x22A, 0x3BA, 0xEE6}},
    {0x8693, {0x000, 0x23A, 0x20A, 0xF8A, 0xABA, 0xAA2, 0xAA2, 0xFBA, 0x20A, 0x28A, 0x38A, 0xEBA}},
    {0x8695, {0x000, 0xFFE, 0x080, 0x7FC, 0x110, 0x208, 0xC46, 0x7FC, 0x444, 0x7FC, 0x044, 0xFFA}},
    {0x869C, {0x000, 0x27E, 0x224, 0xFA4, 0xAA4, 0xAFE, 0xA84, 0xF8C, 0x214, 0x2A4, 0x284, 0xF5C}},
    {0x869D, {0x000, 0x20C, 0x270, 0xF90, 0xA9C, 0xAF0, 0xA90, 0xF9E, 0x270, 0x290, 0x392, 0xE9E}},
    {0x86A3, {0x000, 0x214, 0x214, 0xF94, 0xAA2, 0xAA2, 0xA88, 0xF88, 0x208, 0x292, 0x396, 0xEBA}},
    {0x86A4, {0x000, 0x7FC, 0x044, 0x518, 0x0E0, 0xF1E, 0x040, 0x7FC, 0x444, 0x7FC, 0x044, 0xFFA}},
    {0x86A7, {0x000, 0x208, 0x208, 0xF94, 0xAA2, 0xAC0, 0xA94, 0xF94, 0x214, 0x294, 0x3A4, 0xEC4}},
    {0x86A8, {0x000, 0x208, 0x208, 0xFBE, 0xA88, 0xA88, 0xAFE, 0xF88, 0x214, 0x214, 0x3A2, 0xEC2}},
    {0x86A9, {0x000, 0x444, 0x444, 0x7FC, 0x080, 0xFFE, 0x040, 0x7FC, 0x444, 0x7FC, 0x044, 0xFFA}},
    {0x86AA, {0x000, 0x204, 0x224, 0xF94, 0xA84, 0xAA4, 0xA94, 0xF84, 0x206, 0x2BC, 0x384, 0xE84}},
    {0x86AC, {0x000, 0x23E, 0x222, 0xFA2, 0xAAA, 0xAAA, 0xAAA, 0xF88, 0x20C, 0x294, 0x394, 0xEA6}},
    {0x86AF, {0x000, 0x206, 0x238, 0xFA0, 0xAA0, 0xABE, 0xAA4, 0xFA4, 0x224, 0x2A4, 0x3A4, 0xE7E}},
    {0x86B0, {0x000, 0x208, 0x208, 0xFBE, 0xAAA, 0xAAA, 0xAAA, 0xFBE, 0x22A, 0x2AA, 0x3AA, 0xEBE}},
    {0x86B1, {0x000, 0x220, 0x220, 0xFBE, 0xAA8, 0xAC8, 0xA8E, 0xF88, 0x208, 0x28E, 0x3C8, 0xE48}},
    {0x86B4, {0x000, 0x228, 0x248, 0xF48, 0xA9E, 0xA6A, 0xA2A, 0xA4A, 0xFBA, 0x2D2, 0x322, 0xE46}},
    {0x86B5, {0x000, 0x200, 0x27E, 0xF84, 0xABC, 0xAA4, 0xAA4, 0xFA4, 0x23C, 0x284, 0x384, 0xE8C}},
    {0x86B6, {0x000, 0x224, 0x224, 0xFA4, 0xAFE, 0xAA4, 0xAA4, 0xFBC, 0x224, 0x2A4, 0x3A4, 0xEBC}},
    {0x86BA, {0x000, 0x208, 0x208, 0xFBE, 0xAAA, 0xAAA, 0xAFE, 0xFAA, 0x22A, 0x2FE, 0x3A2, 0xEA6}},
    {0x86C0, {0x000, 0x210, 0x208, 0xFBE, 0xA88, 0xA88, 0xA88, 0xFBE, 0x208, 0x288, 0x288, 0xFBE}},
    {0x86C4, {0x000, 0x208, 0x208, 0xFBE, 0xA88, 0xA88, 0xA88, 0xFBE, 0x222, 0x2A2, 0x3A2, 0xEBE}},
    {0x86C6, {0x000, 0x23C, 0x224, 0xFA4, 0xABC, 0xAA4, 0xAA4, 0xFBC, 0x224, 0x2A4, 0x3A4, 0xE7E}},
    {0x86C7, {0x000, 0x208, 0x23E, 0xFA2, 0xAA2, 0xA90, 0xA92, 0xF94, 0x218, 0x292, 0x292, 0xF5E}},
    {0x86C9, {0x000, 0x218, 0x224, 0xFC2, 0xABC, 0xA80, 0xAFE, 0xF92, 0x212, 0x292, 0x396, 0xE90}},
    {0x86CA, {0x000, 0x040, 0x7FC, 0x444, 0x7FC, 0x044, 0xFFA, 0x000, 0x7FC, 0x4A4, 0x4A4, 0xFFE}},
    {0x86CB, {0x000, 0xFFE, 0x042, 0x478, 0x740, 0x8FE, 0x040, 0x7FC, 0x444, 0x7FC, 0x044, 0xFFA}},
    {0x86CE, {0x000, 0x23E, 0x220, 0xFBE, 0xAA8, 0xAAE, 0xAAA, 0xFAA, 0x22A, 0x24A, 0x392, 0xEA6}},
    {0x86CF, {0x000, 0x27E, 0x222, 0xF94, 0xA88, 0xA94, 0xAE2, 0xF88, 0x23E, 0x288, 0x388, 0xEFE}},
    {0x86D0, {0x000, 0x228, 0x228, 0xFFE, 0xAAA, 0xAAA, 0xAAA, 0xFFE, 0x2AA, 0x2AA, 0x3AA, 0xEFE}},
    {0x86D1, {0x000, 0x210, 0x224, 0xFFA, 0xA88, 0xAA8, 0xABE, 0xFC8, 0x208, 0x27E, 0x388, 0xE88}},
    {0x86D4, {0x000, 0x23E, 0x222, 0xFA2, 0xABA, 0xAAA, 0xAAA, 0xFAA, 0x23A, 0x2A2, 0x3A2, 0xEBE}},
    {0x86D8, {0x000, 0x222, 0x214, 0xFBE, 0xA88, 0xA88, 0xABE, 0xF88, 0x208, 0x2FE, 0x388, 0xE88}},
    {0x86D9, {0x000, 0x208, 0x23E, 0xF88, 0xA88, 0xABE, 0xA80, 0xF88, 0x23E, 0x288, 0x388, 0xEBE}},
    {0x86DB, {0x000, 0x208, 0x228, 0xFBE, 0xAC8, 0xA88, 0xABE, 0xF88, 0x21C, 0x29C, 0x3AA, 0xE88}},
    {0x86DE, {0x000, 0x206, 0x238, 0xF88, 0xA88, 0xABE, 0xA88, 0xF88, 0x23E, 0x2A2, 0x3A2, 0xEBE}},
    {0x86DF, {0x000, 0x208, 0x23E, 0xF80, 0xA94, 0xA94, 0xAA2, 0xF94, 0x214, 0x288, 0x394, 0xEA2}},
    {0x86E4, {0x000, 0x208, 0x214, 0xF94, 0xAA2, 0xA9C, 0xA80, 0xFBE, 0x222, 0x2A2, 0x3A2, 0xEBE}},
    {0x86E9, {0x000, 0xF78, 0x448, 0x468, 0x75A, 0xC86, 0x140, 0x7F8, 0x448, 0x7F8, 0x044, 0xFFA}},
    {0x86ED, {0x000, 0x23E, 0x208, 0xF88, 0xA94, 0xABA, 0xA88, 0xF88, 0x23E, 0x288, 0x388, 0xEBE}},
    {0x86EE, {0x000, 0x040, 0xFFE, 0x090, 0x494, 0x932, 0x040, 0x7FC, 0x444, 0x7FC, 0x044, 0xFFA}},
    {0x86F0, {0x000, 0x440, 0xEF8, 0x448, 0xECA, 0xCAE, 0x040, 0x7FC, 0x444, 0x7FC, 0x048, 0xFF6}},
    {0x86F1, {0x000, 0x208, 0x208, 0xFBE, 0xA88, 0xAAA, 0xA88, 0xFBE, 0x208, 0x294, 0x394, 0xEA2}},
    {0x86F2, {0x000, 0x210, 0x27E, 0xF94, 0xA8A, 0xAF6, 0xA80, 0xFFE, 0x228, 0x2A8, 0x3AA, 0xECE}},
    {0x86F3, {0x000, 0x220, 0x2BE, 0xFA8, 0xAA8, 0xABE, 0xAAA, 0xFAA, 0x2AA, 0x22E, 0x3A8, 0xEC8}},
    {0x86F4, {0x000, 0x208, 0x27E, 0xFA4, 0xA94, 0xA88, 0xA94, 0xFA2, 0x214, 0x294, 0x3A4, 0xEC4}},
    {0x86F8, {0x000, 0x22A, 0x22A, 0xF88, 0xABE, 0xAA2, 0xABE, 0xFA2, 0x23E, 0x222, 0x2A2, 0xF66}},
    {0x86F9, {0x000, 0x23C, 0x214, 0xF88, 0xABE, 0xAAA, 0xABE, 0xFAA, 0x23E, 0x2AA, 0x3AA, 0xEA6}},
    {0x86FE, {0x000, 0x2E8, 0x24A, 0xF48, 0xAFE, 0xA48, 0xA4A, 0xF6A, 0x2CC, 0x24A, 0x34A, 0xED4}},
    {0x8700, {0x000, 0x7FE, 0x492, 0x7FE, 0x200, 0x7FE, 0x882, 0x7F2, 0x492, 0x7F2, 0x0A2, 0x7D6}},
    {0x8702, {0x000, 0x21C, 0x234, 0xF88, 0xAB6, 0xA88, 0xABE, 0xF88, 0x23E, 0x288, 0x3BE, 0xE88}},
    {0x8703, {0x000, 0x7FE, 0x400, 0x7FE, 0x514, 0x588, 0xB46, 0x7FC, 0x444, 0x7FC, 0x044, 0xFFA}},
    {0x8707, {0x000, 0x20C, 0xFB0, 0x220, 0x3BE, 0xE24, 0x244, 0x7F8, 0x248, 0x3F8, 0x044, 0xFFA}},
    {0x8708, {0x000, 0x22E, 0x22A, 0xFAE, 0xAA0, 0xABE, 0xA8A, 0xF8A, 0x23E, 0x288, 0x394, 0xEA2}},
    {0x8709, {0x000, 0x202, 0x23C, 0xFAA, 0xA80, 0xABE, 0xA84, 0xF88, 0x23E, 0x288, 0x388, 0xE98}},
    {0x870A, {0x000, 0x212, 0x262, 0xFAA, 0xAFA, 0xAAA, 0xAAA, 0xFFA, 0x26A, 0x2AA, 0x3A2, 0xEA6}},
    {0x870D, {0x000, 0x208, 0x214, 0xFA2, 0xA9C, 0xA88, 0xABE, 0xF88, 0x22A, 0x2AA, 0x388, 0xE98}},
    {0x8712, {0x000, 0x272, 0x21C, 0xFA4, 0xAA4, 0xAB6, 0xA94, 0xF94, 0x254, 0x2AE, 0x3A0, 0xE5E}},
    {0x8713, {0x000, 0x206, 0x27C, 0xF94, 0xA94, 0xAAE, 0xAB4, 0xF94, 0x254, 0x2AE, 0x3B0, 0xECE}},
    {0x8715, {0x000, 0x222, 0x214, 0xFBE, 0xAA2, 0xAA2, 0xAA2, 0xAA2, 0xFBE, 0x214, 0x294, 0xF66}},
    {0x8717, {0x000, 0x2FE, 0x282, 0xF82, 0xAFE, 0xA90, 0xAFE, 0xA92, 0xFAA, 0x246, 0x382, 0xE8E}},
    {0x8718, {0x000, 0x240, 0x24E, 0xFFA, 0xAAA, 0xAAA, 0xAFA, 0xFAA, 0x22A, 0x2AA, 0x2DE, 0xF50}},
    {0x871A, {0x000, 0x0A0, 0xFBE, 0x0A0, 0x7BC, 0x0A0, 0xFFE, 0x444, 0x444, 0x7FC, 0x044, 0xFFA}},
    {0x871C, {0x000, 0x040, 0xFFE, 0x892, 0x568, 0x1FA, 0xE40, 0x7FC, 0x444, 0x7FC, 0x044, 0xFFA}},
    {0x871E, {0x000, 0x224, 0x224, 0xFFE, 0xAA4, 0xABC, 0xAA4, 0xFBC, 0x224, 0x2FE, 0x3A4, 0xEC2}},
    {0x8721, {0x000, 0x224, 0x27E, 0xFA4, 0xAA4, 0xAFE, 0xA80, 0xFFE, 0x242, 0x27E, 0x2C2, 0xF7E}},
    {0x8722, {0x000, 0x27E, 0x204, 0xF88, 0xAFE, 0xA88, 0xA98, 0xF80, 0x2FE, 0x2AA, 0x3AA, 0xEFE}},
    {0x8723, {0x000, 0x244, 0x228, 0xFFE, 0xA90, 0xAFC, 0xA90, 0xFFE, 0x228, 0x2A8, 0x3AA, 0xECE}},
    {0x8725, {0x000, 0x222, 0x22C, 0xFF8, 0xAA8, 0xAAE, 0xAAA, 0xFFA, 0x26A, 0x2AA, 0x3AA, 0xEB2}},
    {0x8729, {0x000, 0x2FE, 0x282, 0xF92, 0xABA, 0xA92, 0xABA, 0xF92, 0x2BA, 0x2AA, 0x3BA, 0xE86}},
    {0x872E, {0x000, 0x20A, 0x208, 0xFFE, 0xA08, 0xAE8, 0xAAA, 0xFEA, 0x204, 0x2E4, 0x38A, 0xEB2}},
    {0x8731, {0x000, 0x210, 0x23E, 0xFAA, 0xABE, 0xAAA, 0xABE, 0xF90, 0x224, 0x27E, 0x384, 0xE84}},
    {0x8734, {0x000, 0x23E, 0x222, 0xFBE, 0xAA2, 0xABE, 0xA90, 0xFBE, 0x256, 0x2AA, 0x392, 0xE86}},
    {0x8737, {0x000, 0x22A, 0x208, 0xFBE, 0xA94, 0xAFE, 0xAA4, 0xFBE, 0x264, 0x2AC, 0x3A2, 0xEBE}},
    {0x873B, {0x000, 0x208, 0x27E, 0xF88, 0xABE, 0xA88, 0xAFE, 0xFAA, 0x22A, 0x2BE, 0x3A2, 0xEA6}},
    {0x873E, {0x000, 0x23E, 0x22A, 0xFBE, 0xAAA, 0xABE, 0xA88, 0xFBE, 0x208, 0x29C, 0x3AA, 0xEC8}},
    {0x873F, {0x000, 0x208, 0x23E, 0xFA2, 0xA80, 0xABE, 0xAAA, 0xFEA, 0x21A, 0x298, 0x3AA, 0xECE}},
    {0x8747, {0x000, 0x23E, 0x222, 0xFBE, 0xA88, 0xABE, 0xAAA, 0xFBE, 0x22A, 0x2BE, 0x288, 0xF4E}},
    {0x8748, {0x000, 0x2FE, 0x282, 0xFBA, 0xA92, 0xA92, 0xABA, 0xF92, 0x296, 0x2BA, 0x382, 0xEFE}},
    {0x8749, {0x000, 0x222, 0x214, 0xFBE, 0xAAA, 0xABE, 0xAAA, 0xFAA, 0x23E, 0x208, 0x2BE, 0xF48}},
    {0x874C, {0x000, 0x214, 0x264, 0xFAC, 0xAF4, 0xAA4, 0xAAC, 0xFF4, 0x266, 0x2AC, 0x3A4, 0xEA4}},
    {0x874E, {0x000, 0x23E, 0x222, 0xFBE, 0xAA2, 0xABE, 0xA90, 0xFBE, 0x252, 0x2AA, 0x3C2, 0xE76}},
    {0x8753, {0x000, 0x278, 0x224, 0xFC2, 0xABC, 0xA80, 0xAEA, 0xFAA, 0x2F4, 0x2B4, 0x3EA, 0xEAA}},
    {0x8757, {0x000, 0x210, 0x23E, 0xFA2, 0xABE, 0xAA2, 0xABE, 0xF88, 0x23E, 0x288, 0x388, 0xEBE}},
    {0x8759, {0x000, 0x2FE, 0x200, 0xFFE, 0xA82, 0xAFE, 0xA80, 0xFFE, 0x2AA, 0x2FE, 0x3AA, 0xE86}},
    {0x8760, {0x000, 0x23E, 0x200, 0xFBE, 0xAA2, 0xABE, 0xA80, 0xFBE, 0x22A, 0x2BE, 0x3AA, 0xEBE}},
    {0x8763, {0x000, 0x248, 0x248, 0xFEE, 0xA90, 0xA8E, 0xAE2, 0xFA4, 0x2AE, 0x2A4, 0x2A4, 0xF6C}},
    {0x8764, {0x000, 0x258, 0x248, 0xF84, 0xAFE, 0xA28, 0xAFE, 0xFAA, 0x2CE, 0x2FE, 0x382, 0xEFE}},
    {0x8765, {0x000, 0xF90, 0x09E, 0x522, 0xFD4, 0x648, 0xAB6, 0x7F8, 0x488, 0x7F8, 0x084, 0xFFA}},
    {0x876E, {0x000, 0x220, 0x23E, 0xFE4, 0xABC, 0xAA4, 0xABC, 0xF90, 0x21C, 0x2A4, 0x398, 0xEE6}},
    {0x8770, {0x000, 0x220, 0x2FE, 0xF44, 0xA92, 0xA7C, 0xA10, 0xF7E, 0x210, 0x2BC, 0x390, 0xEFE}},
    {0x8774, {0x000, 0x22E, 0x22A, 0xFAA, 0xAFE, 0xAAA, 0xAAA, 0xFAE, 0x27A, 0x25A, 0x3D2, 0xE76}},
    {0x8776, {0x000, 0x22A, 0x27E, 0xFAA, 0xAAE, 0xAA0, 0xABE, 0xF88, 0x23E, 0x29C, 0x2AA, 0xF48}},
    {0x877B, {0x000, 0x210, 0x27E, 0xF90, 0xAFE, 0xAAA, 0xA92, 0xFFE, 0x292, 0x2BA, 0x392, 0xC96}},
    {0x877C, {0x000, 0x22A, 0x208, 0xFBE, 0xA9C, 0xAAA, 0xA94, 0xFBE, 0x214, 0x2B8, 0x38C, 0xEB2}},
    {0x877D, {0x000, 0x27C, 0x210, 0xF7C, 0xA20, 0xAFE, 0xA44, 0xFBA, 0x228, 0x2B8, 0x3A8, 0xEB8}},
    {0x877E, {0x000, 0x228, 0x27C, 0xFA8, 0xA80, 0xAFE, 0xA82, 0xF10, 0x2FE, 0x238, 0x354, 0xE92}},
    {0x8782, {0x000, 0x24E, 0x2EA, 0xFAA, 0xAEA, 0xAAC, 0xAAA, 0xFEA, 0x28A, 0x2DE, 0x3A8, 0xED8}},
    {0x8783, {0x000, 0x210, 0x2FE, 0xF44, 0xAA8, 0xAFE, 0xA92, 0xFBC, 0x210, 0x29E, 0x3D2, 0xE66}},
    {0x8785, {0x000, 0x208, 0x23E, 0xFA2, 0xABE, 0xAA2, 0xABE, 0xFA2, 0x23E, 0x288, 0x3B2, 0xE9C}},
    {0x8788, {0x000, 0x2FE, 0x290, 0xFBC, 0xAA4, 0xABC, 0xAA4, 0xFBC, 0x288, 0x2AC, 0x34A, 0xE18}},
    {0x878B, {0x000, 0x210, 0x256, 0xF92, 0xAD6, 0xA92, 0xAFE, 0xF90, 0x27C, 0x2A4, 0x398, 0xEE6}},
    {0x878D, {0x000, 0xF88, 0x508, 0x73E, 0x02A, 0xFAA, 0xAAA, 0xDBE, 0x888, 0xF8A, 0xA8E, 0xABA}},
    {0x8793, {0x000, 0x27C, 0x210, 0xF7C, 0xA28, 0xAFE, 0xA44, 0xFBA, 0x210, 0x27C, 0x3B8, 0xED6}},
    {0x8797, {0x000, 0x210, 0x2FE, 0xF94, 0xAFE, 0xA94, 0xAFC, 0xF90, 0x2BC, 0x2A4, 0x324, 0xE3C}},
    {0x879F, {0x000, 0x27E, 0x242, 0xFBC, 0xAA4, 0xABC, 0xAA4, 0xFBC, 0x210, 0x27E, 0x3A4, 0xE42}},
    {0x87A8, {0x000, 0x228, 0x27C, 0xFA8, 0xA80, 0xAFE, 0xAA8, 0xFFE, 0x2AA, 0x2D6, 0x382, 0xE8E}},
    {0x87AB, {0x000, 0x110, 0x7DE, 0x124, 0xFD4, 0x288, 0xAB6, 0x7FC, 0x444, 0x7FC, 0x044, 0xFFA}},
    {0x87AC, {0x000, 0x228, 0x2FE, 0xF28, 0xAFE, 0xAAA, 0xAFE, 0xFAA, 0x244, 0x27C, 0x344, 0xD7C}},
    {0x87AD, {0x000, 0x210, 0x2FE, 0xF6C, 0xA54, 0xA6C, 0xA44, 0xFFE, 0x2A2, 0x2DA, 0x3EA, 0xE86}},
    {0x87AF, {0x000, 0x210, 0xF9E, 0x224, 0xFD4, 0x488, 0x9B6, 0x7FC, 0x444, 0x7FC, 0x044, 0xFFA}},
    {0x87B3, {0x000, 0x292, 0x254, 0xFFE, 0xA82, 0xA7C, 0xA44, 0xF7C, 0x210, 0x27C, 0x310, 0xEFE}},
    {0x87B5, {0x000, 0x2FE, 0x228, 0xFFE, 0xAAA, 0xAFE, 0xA00, 0xFBC, 0x200, 0x2FE, 0x354, 0xEB2}},
    {0x87BA, {0x000, 0x23E, 0x22A, 0xFBE, 0xAAA, 0xABE, 0xA94, 0xFA8, 0x212, 0x2BE, 0x388, 0xEAA}},
    {0x87BD, {0x000, 0x1F8, 0x708, 0x0F0, 0x358, 0xCA6, 0x248, 0xFFE, 0xAAA, 0xFBE, 0x28A, 0xF7C}},
    {0x87C0, {0x000, 0x210, 0x2FE, 0xF10, 0xAAA, 0xA10, 0xAAA, 0xF38, 0x210, 0x2FE, 0x390, 0xE90}},
    {0x87C6, {0x000, 0x228, 0x2FE, 0xF28, 0xA7C, 0xA44, 0xA7C, 0xF44, 0x2FE, 0x210, 0x3A8, 0xEC6}},
    {0x87CA, {0x000, 0x7F8, 0x088, 0x050, 0xFFE, 0x1A2, 0x628, 0xFFE, 0xAAA, 0xFBE, 0x30C, 0xEBA}},
    {0x87CB, {0x000, 0x23E, 0x208, 0xFAA, 0xABE, 0xA9C, 0xAAA, 0xF80, 0x214, 0x2A2, 0x3A4, 0xEBC}},
    {0x87D1, {0x000, 0x210, 0x2FE, 0xF28, 0xAFE, 0xA44, 0xA7C, 0xF44, 0x27C, 0x290, 0x3FE, 0xE90}},
    {0x87D2, {0x000, 0x224, 0x27E, 0xFA4, 0xA92, 0xAFE, 0xA94, 0xFE2, 0x214, 0x2BE, 0x3D4, 0xE64}},
    {0x87D3, {0x000, 0x220, 0x238, 0xF48, 0xAFE, 0xA92, 0xAFE, 0xF28, 0x2DA, 0x234, 0x3D4, 0xE62}},
    {0x87DB, {0x000, 0x220, 0x3FA, 0xE24, 0xAF8, 0xA02, 0xFF4, 0x298, 0x2F2, 0x394, 0xC98, 0x1E0}},
    {0x87E0, {0x000, 0x23E, 0x208, 0xFAA, 0xABE, 0xA9C, 0xAAA, 0xFBE, 0x22A, 0x2BE, 0x3AA, 0xEBE}},
    {0x87E5, {0x000, 0x228, 0x2FE, 0xF28, 0xAFE, 0xA10, 0xA7C, 0xF54, 0x27C, 0x254, 0x37C, 0xEC6}},
    {0x87EA, {0x000, 0x210, 0x2FE, 0xF54, 0xA7C, 0xA54, 0xA7C, 0xF14, 0x2FA, 0x228, 0x3A6, 0xEBC}},
    {0x87EE, {0x000, 0x244, 0x228, 0xFFE, 0xA10, 0xAFE, 0xA54, 0xFFE, 0x200, 0x27C, 0x3C4, 0xE7C}},
    {0x87F9, {0x000, 0x77E, 0x912, 0xFA6, 0xAA8, 0xFBE, 0x8C8, 0x7FE, 0x444, 0x7FC, 0x044, 0xFFA}},
    {0x87FE, {0x000, 0x27C, 0x284, 0xFFE, 0xAA4, 0xADA, 0xA80, 0xFFE, 0x280, 0x2BC, 0x3A4, 0xEBC}},
    {0x8803, {0x000, 0xFFE, 0x400, 0x7FE, 0x204, 0x3FC, 0xE4E, 0xAEA, 0xEAA, 0xAEE, 0xE4A, 0xAE2}},
    {0x880A, {0x000, 0x208, 0x2FE, 0xF94, 0xAA8, 0xAFE, 0xAAA, 0xFFE, 0x2AA, 0x2FE, 0x36C, 0xEAA}},
    {0x8813, {0x000, 0x244, 0x2EE, 0xF44, 0xAFE, 0xA82, 0xA7C, 0xF28, 0x2DA, 0x234, 0x3D4, 0xEB2}},
    {0x8815, {0x000, 0x2FE, 0x210, 0xFFE, 0xA92, 0xA44, 0xAFE, 0xF10, 0x2FE, 0x2AA, 0x3AA, 0xE86}},
    {0x8816, {0x000, 0x224, 0x2FE, 0xF48, 0xAFE, 0xA48, 0xA7E, 0xFC8, 0x27E, 0x224, 0x398, 0xEE6}},
    {0x881B, {0x000, 0x228, 0x2FE, 0xF28, 0xAFE, 0xAAA, 0xAFE, 0xF08, 0x2FE, 0x28A, 0x3E4, 0xE9A}},
    {0x8821, {0x000, 0x7FC, 0x444, 0x7FC, 0x042, 0xFFE, 0xAAA, 0xFBE, 0x24A, 0xFFC, 0x4A4, 0xFFE}},
    {0x8822, {0x000, 0x7FC, 0x110, 0xFFE, 0x60C, 0xBFA, 0x208, 0xFFE, 0xAAA, 0xFBE, 0x24A, 0xFBC}},
    {0x8832, {0x000, 0x53E, 0x8AA, 0x73E, 0x010, 0x5BE, 0x84A, 0xFBE, 0xAAA, 0xABE, 0xBCA, 0xE36}},
    {0x8839, {0x000, 0x4E4, 0xA0A, 0xEEE, 0x404, 0xEEE, 0x4A4, 0x7FC, 0x444, 0x7FC, 0x044, 0xFFA}},
    {0x883C, {0x000, 0x2EE, 0x2AA, 0xFEE, 0xAAA, 0xAFE, 0xA50, 0xFFC, 0x250, 0x27C, 0x328, 0xED6}},
    {0x8840, {0x000, 0x020, 0x040, 0x7FC, 0x4A4, 0x4A4, 0x4A4, 0x4A4, 0x4A4, 0x4A4, 0x4A4, 0xFFE}},
    {0x8844, {0x000, 0x23C, 0x414, 0xF94, 0xA94, 0xA94, 0xABE, 0xA94, 0xAD4, 0xB14, 0xC14, 0x07E}},
    {0x8845, {0x000, 0x322, 0x7D4, 0x57E, 0x548, 0x548, 0x57E, 0x548, 0x548, 0x57E, 0x548, 0xFE8}},
    {0x884C, {0x000, 0x47C, 0x400, 0x800, 0x200, 0x2FE, 0x408, 0x408, 0xC08, 0x408, 0x408, 0x438}},
    {0x884D, {0x000, 0x49E, 0x440, 0xA00, 0x2BE, 0x444, 0x404, 0xC04, 0x444, 0x444, 0x484, 0x49C}},
    {0x8854, {0x000, 0x48E, 0x4E0, 0x900, 0x0EE, 0x444, 0x444, 0xCE4, 0x444, 0x444, 0x444, 0x46C}},
    {0x8857, {0x000, 0x44E, 0x5F0, 0xA40, 0x24E, 0x5F4, 0x444, 0xDF4, 0x444, 0x474, 0x5C4, 0x40C}},
    {0x8859, {0x000, 0x5EE, 0x480, 0x9E0, 0x2AE, 0x2A4, 0x5F4, 0xC04, 0x5E4, 0x524, 0x524, 0x5EC}},
    {0x8861, {0x000, 0x5EE, 0xA20, 0x3F0, 0x55E, 0x5F4, 0xD54, 0x5F4, 0x444, 0x5F4, 0x4A4, 0x51C}},
    {0x8862, {0x000, 0x5F6, 0x550, 0x9F0, 0x15E, 0x5F4, 0x4A4, 0x9F4, 0xB44, 0x9F4, 0x944, 0x9F4}},
    {0x8863, {0x000, 0x040, 0xFFE, 0x0A0, 0x0A2, 0x122, 0x114, 0x314, 0x508, 0x908, 0x164, 0x782}},
    {0x8864, {0x000, 0x040, 0x040, 0x3F0, 0x020, 0x040, 0x0D0, 0x160, 0x650, 0x048, 0x040, 0x040}},
    {0x8865, {0x000, 0x210, 0xF90, 0x090, 0x110, 0x118, 0x214, 0x692, 0xB12, 0x290, 0x210, 0x210}},
    {0x8868, {0x000, 0x040, 0xFFE, 0x040, 0x7FC, 0x040, 0xFFE, 0x0A0, 0x322, 0xE14, 0x2C8, 0x706}},
    {0x8869, {0x000, 0x200, 0x27E, 0xF0A, 0x126, 0x262, 0x6A2, 0xB14, 0x294, 0x208, 0x214, 0x262}},
    {0x886B, {0x000, 0x204, 0xF88, 0x0B0, 0x080, 0x104, 0x288, 0x730, 0xA82, 0x204, 0x218, 0x260}},
    {0x886C, {0x000, 0x408, 0xEFE, 0x208, 0x208, 0x548, 0x628, 0xD08, 0x408, 0x408, 0x408, 0x438}},
    {0x886E, {0x000, 0x040, 0xFFE, 0x514, 0xA4A, 0x484, 0x912, 0x3E8, 0x0A2, 0x314, 0xD08, 0x186}},
    {0x8870, {0x000, 0x040, 0xFFE, 0x000, 0x7FC, 0x404, 0xFFE, 0x404, 0x7FC, 0x116, 0xE08, 0x3C6}},
    {0x8872, {0x000, 0x470, 0x410, 0xEFE, 0x292, 0x292, 0x492, 0xEAA, 0x5C6, 0x482, 0x482, 0x486}},
    {0x8877, {0x000, 0x040, 0xFFE, 0x040, 0x7FC, 0x444, 0x7FC, 0x0A0, 0x322, 0xD14, 0x148, 0x386}},
    {0x887D, {0x000, 0x40C, 0xE70, 0x210, 0x210, 0x510, 0x6FE, 0xD10, 0x410, 0x410, 0x410, 0x47C}},
    {0x887E, {0x000, 0x0E0, 0x318, 0xCE6, 0x000, 0x7FC, 0x004, 0x048, 0xFFE, 0x314, 0xD48, 0x386}},
    {0x887F, {0x000, 0x410, 0xE28, 0x244, 0x2BA, 0x500, 0x600, 0xD7C, 0x404, 0x408, 0x408, 0x410}},
    {0x8881, {0x000, 0x040, 0x7FC, 0x040, 0xFFE, 0x404, 0x404, 0x7FC, 0x112, 0xE14, 0x2C8, 0x706}},
    {0x8882, {0x000, 0x410, 0xE7C, 0x214, 0x214, 0x514, 0x614, 0xD7E, 0x428, 0x428, 0x444, 0x482}},
    {0x8884, {0x000, 0x206, 0xFB8, 0x088, 0x108, 0x17F, 0x208, 0x708, 0xA94, 0x214, 0x222, 0x241}},
    {0x8885, {0x000, 0x080, 0x7F0, 0x510, 0x4B0, 0x7FC, 0x084, 0x04C, 0xFFE, 0x0A8, 0x310, 0xDCE}},
    {0x8888, {0x000, 0x200, 0xFBE, 0x2A2, 0x4A2, 0x9BE, 0x040, 0xFFE, 0x090, 0x314, 0xD08, 0x3C6}},
    {0x888B, {0x000, 0x114, 0x2FE, 0x610, 0xA0A, 0x206, 0x040, 0xFFE, 0x122, 0xE14, 0x208, 0x7C6}},
    {0x888D, {0x000, 0x440, 0xE7E, 0x282, 0x27A, 0x54A, 0x64A, 0xD7A, 0x446, 0x440, 0x442, 0x47E}},
    {0x8892, {0x000, 0x47C, 0xE44, 0x244, 0x27C, 0x544, 0x644, 0xD44, 0x47C, 0x400, 0x400, 0x4FE}},
    {0x8896, {0x000, 0x410, 0xE10, 0x2FE, 0x292, 0x592, 0x692, 0xDFE, 0x492, 0x492, 0x492, 0x4FE}},
    {0x889C, {0x000, 0x410, 0xEFE, 0x210, 0x210, 0x5FE, 0x610, 0xD54, 0x454, 0x454, 0x492, 0x492}},
    {0x88A2, {0x000, 0x410, 0x454, 0xF52, 0x192, 0x27C, 0x510, 0xE10, 0x57E, 0x410, 0x410, 0x410}},
    {0x88A4, {0x000, 0x040, 0xFFE, 0x000, 0x3F8, 0x090, 0xFFE, 0x242, 0x4C8, 0x328, 0xD10, 0x1CE}},
    {0x88AB, {0x000, 0x408, 0xE7E, 0x24A, 0x248, 0x57E, 0x642, 0xD62, 0x454, 0x448, 0x494, 0x4A2}},
    {0x88AD, {0x000, 0x088, 0xFFE, 0x110, 0xEA2, 0x37E, 0x040, 0xFFE, 0x140, 0xE24, 0x218, 0x366}},
    {0x88B1, {0x000, 0x42A, 0xE2A, 0x248, 0x2FE, 0x548, 0x648, 0xD48, 0x454, 0x454, 0x454, 0x462}},
    {0x88B7, {0x000, 0x410, 0xE28, 0x244, 0x2BA, 0x500, 0x600, 0xD7C, 0x444, 0x444, 0x444, 0x47C}},
    {0x88BC, {0x000, 0x420, 0x43C, 0xF44, 0x1A8, 0x210, 0x4EE, 0xD00, 0x67C, 0x544, 0x444, 0x47C}},
    {0x88C1, {0x000, 0x114, 0x7D2, 0x110, 0xFFE, 0x010, 0x114, 0xFF4, 0x294, 0x6A8, 0xA4A, 0x756}},
    {0x88C2, {0x000, 0xFC2, 0x412, 0x7D2, 0xC52, 0x286, 0x740, 0xFFE, 0x120, 0xE14, 0x2C8, 0x706}},
    {0x88C5, {0x000, 0x910, 0x5FE, 0x110, 0x310, 0xD7C, 0x040, 0xFFE, 0x122, 0xE14, 0x208, 0x786}},
    {0x88C6, {0x000, 0x408, 0x24A, 0xF2C, 0x108, 0x23E, 0x682, 0xB02, 0x2BE, 0x202, 0x202, 0x23E}},
    {0x88C9, {0x000, 0x400, 0x27C, 0xF44, 0x17C, 0x244, 0x6FC, 0xB42, 0x2D4, 0x248, 0x254, 0x262}},
    {0x88CE, {0x000, 0x200, 0x27C, 0xF44, 0x17C, 0x200, 0x68C, 0xB70, 0x290, 0x27C, 0x210, 0x2FE}},
    {0x88D2, {0x000, 0x040, 0xFFE, 0x000, 0x3BC, 0x404, 0x7BC, 0x404, 0x7FC, 0x0A0, 0x318, 0xDC6}},
    {0x88D4, {0x000, 0x040, 0xFFE, 0x314, 0xD08, 0x386, 0x7FC, 0x514, 0x61C, 0x5F4, 0x514, 0x5F4}},
    {0x88D5, {0x000, 0x444, 0xE44, 0x292, 0x228, 0x544, 0x682, 0xD7C, 0x444, 0x444, 0x444, 0x47C}},
    {0x88D8, {0x000, 0x048, 0xFFE, 0x040, 0x64C, 0x150, 0xECE, 0x040, 0xFFE, 0x314, 0xD08, 0x3C6}},
    {0x88D9, {0x000, 0x47E, 0xE12, 0x2FE, 0x212, 0x57E, 0x620, 0xD7E, 0x442, 0x4C2, 0x542, 0x47E}},
    {0x88DF, {0x000, 0x410, 0x254, 0x854, 0x4B2, 0x208, 0x4F0, 0x840, 0xFFE, 0x314, 0xD08, 0x3C6}},
    {0x88E2, {0x000, 0x488, 0x25E, 0xF48, 0x210, 0x2D4, 0x55E, 0xE44, 0x55E, 0x444, 0x4A0, 0x51E}},
    {0x88E3, {0x000, 0x410, 0x218, 0xF24, 0x142, 0x23C, 0x680, 0xB52, 0x2AA, 0x22A, 0x200, 0x27E}},
    {0x88E4, {0x000, 0x410, 0xEFE, 0x290, 0x2FE, 0x5A8, 0x6A8, 0xDFE, 0x488, 0x4FE, 0x508, 0x508}},
    {0x88E5, {0x000, 0x440, 0x42E, 0xE82, 0x2BA, 0x2AA, 0x4BA, 0xDAA, 0x6AA, 0x5BA, 0x482, 0x48E}},
    {0x88E8, {0x000, 0x420, 0xEFE, 0x292, 0x2FE, 0x592, 0x6FE, 0xD20, 0x448, 0x5FE, 0x408, 0x408}},
    {0x88F0, {0x000, 0x4FE, 0x422, 0xEAA, 0x244, 0x4AA, 0x600, 0xCFE, 0x62A, 0x4AA, 0x444, 0x4AA}},
    {0x88F1, {0x000, 0x410, 0xEFE, 0x210, 0x47C, 0x510, 0x6FE, 0xD10, 0x468, 0x4AA, 0x534, 0x462}},
    {0x88F3, {0x000, 0x248, 0xFFE, 0xA0A, 0x208, 0x3F8, 0x040, 0xFFE, 0x0A0, 0x314, 0xD08, 0x3C6}},
    {0x88F4, {0x000, 0x120, 0xF3E, 0x120, 0xF3E, 0x120, 0xF3E, 0x040, 0xFFE, 0x128, 0xE10, 0x3AE}},
    {0x88F8, {0x000, 0x4FE, 0xE92, 0x2FE, 0x292, 0x4FE, 0x510, 0xEFE, 0x554, 0x454, 0x492, 0x410}},
    {0x88F9, {0x000, 0x040, 0xFFE, 0x444, 0x7FC, 0x444, 0xFFE, 0x248, 0xCA6, 0x328, 0xDD0, 0x30E}},
    {0x88FC, {0x000, 0x27C, 0x244, 0xF7C, 0x144, 0x27C, 0x520, 0xE3E, 0x556, 0x4AA, 0x452, 0x42E}},
    {0x88FE, {0x000, 0x4FE, 0xE82, 0x2FE, 0x280, 0x588, 0x6BE, 0xD88, 0x488, 0x4BE, 0x522, 0x53E}},
    {0x8902, {0x000, 0x448, 0x4E8, 0xE48, 0x248, 0x5F8, 0x60C, 0xC4A, 0x6E8, 0x448, 0x478, 0x5C8}},
    {0x890A, {0x000, 0x40C, 0x4F0, 0xE80, 0x2FE, 0x282, 0x5FE, 0xE80, 0x5FE, 0x4AA, 0x4FE, 0x52A}},
    {0x8910, {0x000, 0x4FC, 0xE84, 0x2FC, 0x284, 0x5FC, 0x640, 0xDFE, 0x482, 0x4E2, 0x492, 0x4F6}},
    {0x8912, {0x000, 0x040, 0xFFE, 0x244, 0x47C, 0xC10, 0x4D6, 0x410, 0x0A2, 0x314, 0xD08, 0x3C6}},
    {0x8913, {0x000, 0x45E, 0xE52, 0x292, 0x29E, 0x588, 0x6BE, 0xD88, 0x49C, 0x49C, 0x4AA, 0x488}},
    {0x8919, {0x000, 0x42A, 0x4EC, 0xF2A, 0x1EE, 0x228, 0x6FC, 0xB44, 0x2FC, 0x244, 0x27C, 0x244}},
    {0x891A, {0x000, 0x420, 0xEFA, 0x224, 0x428, 0x5FE, 0xE24, 0x57E, 0x4A2, 0x53E, 0x422, 0x43E}},
    {0x891B, {0x000, 0x892, 0x454, 0xEFE, 0x254, 0x292, 0x424, 0xD7E, 0x624, 0x568, 0x418, 0x466}},
    {0x8921, {0x000, 0x244, 0x2EE, 0xF44, 0x110, 0x218, 0x524, 0xE5A, 0x500, 0x47C, 0x444, 0x47C}},
    {0x8925, {0x000, 0x4FE, 0xE80, 0x2FE, 0x2AA, 0x5A4, 0x6B2, 0xD84, 0x4FE, 0x4A4, 0x504, 0x50C}},
    {0x892A, {0x000, 0x49E, 0xE52, 0x29E, 0x252, 0x51E, 0x6D4, 0xD56, 0x454, 0x45A, 0x440, 0x4BE}},
    {0x892B, {0x000, 0x40E, 0x4F8, 0xE8E, 0x2B8, 0x4AC, 0x6BA, 0xCAE, 0x6A0, 0x4BC, 0x554, 0x566}},
    {0x8930, {0x000, 0x040, 0xFFE, 0x912, 0x7FC, 0x110, 0xFFE, 0x248, 0xDF6, 0x0A8, 0x390, 0xCCE}},
    {0x8934, {0x000, 0x828, 0x4AE, 0xEB0, 0x2A4, 0x422, 0x500, 0xEFE, 0x5AA, 0x4AA, 0x4AA, 0x5FE}},
    {0x8936, {0x000, 0x4EE, 0xE66, 0x2AA, 0x266, 0x5AA, 0x610, 0xDFE, 0x482, 0x4FE, 0x482, 0x4FE}},
    {0x8941, {0x000, 0x5C8, 0xE52, 0x27E, 0x2C8, 0x5BE, 0x6AA, 0xDEA, 0x47E, 0x448, 0x44A, 0x4FE}},
    {0x8944, {0x000, 0x040, 0xFFE, 0x4A4, 0x7FC, 0x110, 0x7FC, 0x120, 0xFFE, 0x314, 0xD48, 0x386}},
    {0x895E, {0x000, 0x788, 0x4BE, 0x794, 0x43E, 0x788, 0xCBE, 0x4C8, 0xFFE, 0x320, 0xD14, 0x38E}},
    {0x895F, {0x000, 0x444, 0xEEE, 0x244, 0x2EE, 0x544, 0x6FE, 0xD00, 0x4FE, 0x410, 0x454, 0x4B2}},
    {0x8966, {0x000, 0x4FE, 0xE10, 0x2FE, 0x292, 0x544, 0x6FE, 0xD10, 0x4FE, 0x4AA, 0x4AA, 0x486}},
    {0x897B, {0x000, 0x494, 0x5EE, 0xED4, 0x2AE, 0x4D4, 0x620, 0xDFE, 0x648, 0x5B6, 0x410, 0x430}},
    {0x897F, {0x000, 0xFFE, 0x110, 0x110, 0xFFE, 0x912, 0x912, 0x912, 0xA1E, 0xC02, 0x802, 0xFFE}},
    {0x8981, {0x000, 0xFFE, 0x0A0, 0x7FC, 0x4A4, 0x7FC, 0x080, 0xFFE, 0x108, 0x310, 0x0E0, 0xF1E}},
    {0x8983, {0x000, 0xFFE, 0x0A0, 0x7FC, 0x4A4, 0x7FC, 0x208, 0x3F8, 0x208, 0xFFE, 0x040, 0x040}},
    {0x8986, {0x000, 0xFFE, 0x4A4, 0x7FC, 0x280, 0x4FE, 0x984, 0x284, 0x4FC, 0xD88, 0x470, 0x58E}},
    {0x89C1, {0x000, 0x7FC, 0x404, 0x404, 0x444, 0x444, 0x444, 0x444, 0x040, 0x0A2, 0x322, 0xC3E}},
    {0x89C2, {0x000, 0x07C, 0xF44, 0x144, 0x954, 0x554, 0x254, 0x210, 0x520, 0x532, 0x852, 0x19E}},
    {0x89C4, {0x000, 0x27C, 0x244, 0xF44, 0x254, 0x254, 0xF54, 0x210, 0x210, 0x52A, 0x52A, 0x94E}},
    {0x89C5, {0x000, 0x01E, 0xFE4, 0x244, 0x128, 0x7FC, 0x404, 0x444, 0x444, 0x0A2, 0x322, 0xC3E}},
    {0x89C6, {0x000, 0x4FE, 0xE82, 0x292, 0x292, 0x492, 0x692, 0xC92, 0x4A8, 0x42A, 0x44A, 0x48E}},
    {0x89C7, {0x000, 0x23E, 0x222, 0x3A2, 0x22A, 0x22A, 0xF88, 0x890, 0x898, 0x8A8, 0x8AA, 0xFCE}},
    {0x89C8, {0x000, 0x520, 0x53E, 0x528, 0x544, 0x000, 0x7FC, 0x404, 0x444, 0x440, 0x1A2, 0xE1E}},
    {0x89C9, {0x000, 0x484, 0x248, 0xFFE, 0x802, 0x7FC, 0x404, 0x444, 0x444, 0x0A0, 0x122, 0xE1E}},
    {0x89CA, {0x000, 0x23E, 0xAA2, 0xAA2, 0xFAA, 0x02A, 0xFAA, 0x088, 0xF8C, 0x814, 0x994, 0xE26}},
    {0x89CB, {0x000, 0xFDE, 0x112, 0x552, 0x552, 0x552, 0xBA8, 0x928, 0x10C, 0x114, 0x1D4, 0xE26}},
    {0x89CC, {0x000, 0x23E, 0xFA2, 0x222, 0xFAA, 0x0AA, 0x52A, 0xB2A, 0x508, 0xFD4, 0x294, 0xC66}},
    {0x89CE, {0x000, 0x33E, 0x4A2, 0x862, 0x7AA, 0x02A, 0xEAA, 0xAAA, 0xEA8, 0xAAC, 0xEB4, 0xA66}},
    {0x89CF, {0x000, 0x53E, 0xFA2, 0x522, 0xFAA, 0x52A, 0xFEA, 0xA88, 0xF88, 0xA94, 0xFD4, 0x8A6}},
    {0x89D0, {0x000, 0x53E, 0xFA2, 0x522, 0xFAA, 0xAAA, 0xFAA, 0x22A, 0xF88, 0x214, 0x3A4, 0xC46}},
    {0x89D1, {0x000, 0x3BE, 0x222, 0xFA2, 0xA2A, 0xBAA, 0xE4A, 0x9C8, 0xAAC, 0xED4, 0xA94, 0xFE6}},
    {0x89D2, {0x000, 0x200, 0x3F8, 0x408, 0xFFC, 0x444, 0x7FC, 0x444, 0x7FC, 0x444, 0x444, 0x84C}},
    {0x89D6, {0x000, 0x410, 0x710, 0x97C, 0xF94, 0xA94, 0xF94, 0xAFE, 0xF90, 0x8A8, 0x8C4, 0x982}},
    {0x89DA, {0x000, 0x782, 0x8BE, 0x12A, 0xFAA, 0xAAA, 0xFAA, 0xAAA, 0xFAA, 0x8AA, 0x8AA, 0x9A2}},
    {0x89DC, {0x000, 0x124, 0x5F8, 0x522, 0xFFE, 0x110, 0x3FC, 0xC44, 0x7FC, 0x444, 0x7FC, 0x804}},
    {0x89DE, {0x000, 0x410, 0x71E, 0x920, 0xFDC, 0xA88, 0xF90, 0xABE, 0xFAA, 0xACA, 0xA92, 0x9A6}},
    {0x89E3, {0x000, 0x7BE, 0x892, 0x112, 0xFA6, 0xA80, 0xFA8, 0xABE, 0xF88, 0x8BE, 0x888, 0x988}},
    {0x89E5, {0x000, 0x410, 0x752, 0x934, 0xF90, 0xAFE, 0xFA8, 0xAA8, 0xFA8, 0x8A8, 0x8CA, 0x986}},
    {0x89E6, {0x000, 0x408, 0x708, 0x93E, 0xFAA, 0xAAA, 0xFAA, 0xABE, 0xF88, 0x88A, 0x88E, 0x9BA}},
    {0x89EB, {0x000, 0x408, 0x708, 0x97E, 0xF88, 0xABE, 0xFAA, 0xABE, 0xF88, 0x89C, 0x8AA, 0x9C8}},
    {0x89EF, {0x000, 0x422, 0x714, 0x93E, 0xFAA, 0xABE, 0xFAA, 0xABE, 0xF88, 0xAFE, 0xA88, 0x988}},
    {0x89F3, {0x000, 0x238, 0xFA8, 0x228, 0xFAA, 0xAA6, 0x740, 0x97E, 0xFA2, 0xA94, 0xF88, 0x8B6}},
    {0x8A00, {0x000, 0x7FC, 0x000, 0xFFE, 0x000, 0x7FC, 0x000, 0x7FC, 0x000, 0x7FC, 0x404, 0x7FC}},
    {0x8A07, {0x000, 0x200, 0x3FC, 0x404, 0xBE4, 0x004, 0x3E4, 0x004, 0x3E4, 0x224, 0x3E4, 0x01C}},
    {0x8A3E, {0x000, 0x120, 0x5E4, 0x538, 0x5E2, 0xE1E, 0x1F0, 0x000, 0xFFE, 0x208, 0x208, 0x3F8}},
    {0x8A48, {0x000, 0xFFE, 0x912, 0xFFE, 0x000, 0xFFE, 0x000, 0x7FC, 0x000, 0x7FC, 0x404, 0x7FC}},
    {0x8A79, {0x000, 0x1F8, 0x208, 0x7FE, 0xC88, 0x776, 0x400, 0x5FC, 0x400, 0x5FC, 0x904, 0x9FC}},
    {0x8A89, {0x000, 0x248, 0xFFE, 0x208, 0xC06, 0x3F8, 0x000, 0xFFE, 0x000, 0x7FC, 0x404, 0x7FC}},
    {0x8A8A, {0x000, 0x444, 0x248, 0x7FC, 0x100, 0xFFE, 0x248, 0x5F4, 0x802, 0x7FC, 0x404, 0x7FC}},
    {0x8A93, {0x000, 0x23E, 0xFA0, 0x23E, 0xFA4, 0x244, 0x000, 0xFFE, 0x000, 0x7FC, 0x404, 0x7FC}},
    {0x8B07, {0x000, 0x040, 0xFFE, 0x912, 0x7FC, 0x110, 0xFFE, 0x2E8, 0x404, 0xBFA, 0x208, 0x3F8}},
    {0x8B26, {0x000, 0x7DC, 0x114, 0x7FE, 0x554, 0x7C8, 0x814, 0xFFE, 0x000, 0x7FC, 0x404, 0x7FC}},
    {0x8B66, {0x000, 0x490, 0x7DE, 0xD74, 0x748, 0x0F6, 0x000, 0xFFE, 0x000, 0x7FC, 0x404, 0x7FC}},
    {0x8B6C, {0x000, 0x788, 0x4BE, 0x794, 0x414, 0xFBE, 0x488, 0xFFE, 0x000, 0x7FC, 0x404, 0x7FC}},
    {0x8BA0, {0x000, 0x1E0, 0x000, 0x000, 0x1C0, 0x040, 0x040, 0x040, 0x040, 0x050, 0x060, 0x040}},
    {0x8BA1, {0x000, 0x810, 0x410, 0x010, 0xC10, 0x4FE, 0x410, 0x410, 0x410, 0x410, 0x610, 0xC10}},
    {0x8BA2, {0x000, 0x8FE, 0x408, 0x008, 0xC08, 0x408, 0x408, 0x408, 0x408, 0x408, 0x608, 0xC78}},
    {0x8BA3, {0x000, 0x820, 0x420, 0x020, 0xC30, 0x428, 0x424, 0x422, 0x420, 0x420, 0x620, 0xC20}},
    {0x8BA4, {0x000, 0x810, 0x410, 0x010, 0xC10, 0x410, 0x428, 0x428, 0x428, 0x444, 0x644, 0xC82}},
    {0x8BA5, {0x000, 0x8F8, 0x488, 0x088, 0xC88, 0x488, 0x488, 0x488, 0x488, 0x48A, 0x68A, 0xC8E}},
    {0x8BA6, {0x000, 0x87C, 0x410, 0x010, 0xC10, 0x4FE, 0x410, 0x410, 0x410, 0x410, 0x610, 0xC10}},
    {0x8BA7, {0x000, 0x8FE, 0x410, 0x010, 0xC10, 0x410, 0x410, 0x410, 0x410, 0x410, 0x610, 0xCFE}},
    {0x8BA8, {0x000, 0x808, 0x408, 0x0FE, 0xC08, 0x408, 0x448, 0x428, 0x408, 0x408, 0x608, 0xC38}},
    {0x8BA9, {0x000, 0x820, 0x420, 0x020, 0xC20, 0x43E, 0x420, 0x420, 0x420, 0x420, 0x620, 0xDFE}},
    {0x8BAA, {0x000, 0x810, 0x410, 0x092, 0xC92, 0x492, 0x492, 0x492, 0x492, 0x492, 0x692, 0xCFE}},
    {0x8BAB, {0x000, 0x840, 0x440, 0x0FE, 0xD00, 0x4FC, 0x408, 0x410, 0x420, 0x442, 0x682, 0xCFE}},
    {0x8BAD, {0x000, 0x882, 0x492, 0x092, 0xC92, 0x492, 0x492, 0x492, 0x492, 0x492, 0x692, 0xD02}},
    {0x8BAE, {0x000, 0x820, 0x494, 0x094, 0xC84, 0x444, 0x448, 0x428, 0x410, 0x430, 0x648, 0xD86}},
    {0x8BAF, {0x000, 0x9F8, 0x408, 0x048, 0xC48, 0x5F8, 0x448, 0x448, 0x448, 0x44A, 0x64A, 0xC44}},
    {0x8BB0, {0x000, 0x8FC, 0x404, 0x004, 0xC04, 0x4FC, 0x480, 0x480, 0x480, 0x482, 0x682, 0xCFE}},
    {0x8BB2, {0x000, 0x844, 0x444, 0x1FE, 0xC44, 0x444, 0x444, 0x5FE, 0x444, 0x444, 0x644, 0xC84}},
    {0x8BB3, {0x000, 0x810, 0x4FE, 0x010, 0xCFE, 0x410, 0x4FE, 0x412, 0x412, 0x412, 0x616, 0xC10}},
    {0x8BB4, {0x000, 0x8FE, 0x480, 0x0A4, 0xC94, 0x488, 0x488, 0x494, 0x494, 0x4A4, 0x680, 0xCFE}},
    {0x8BB5, {0x000, 0x8FE, 0x480, 0x080, 0xCFE, 0x482, 0x482, 0x482, 0x4FE, 0x480, 0x680, 0xCFE}},
    {0x8BB6, {0x000, 0x8FE, 0x448, 0x048, 0xC88, 0x4FE, 0x408, 0x418, 0x428, 0x448, 0x688, 0xC18}},
    {0x8BB7, {0x000, 0x810, 0x410, 0x0FE, 0xC92, 0x492, 0x4AA, 0x4AA, 0x4C6, 0x482, 0x682, 0xC86}},
    {0x8BB8, {0x000, 0x840, 0x47C, 0x090, 0xC10, 0x410, 0x410, 0x5FE, 0x410, 0x410, 0x610, 0xC10}},
    {0x8BB9, {0x000, 0x828, 0x428, 0x048, 0xC4A, 0x4CC, 0x558, 0x448, 0x448, 0x44A, 0x64A, 0xC4E}},
    {0x8BBA, {0x000, 0x810, 0x428, 0x044, 0xC82, 0x400, 0x448, 0x450, 0x460, 0x442, 0x642, 0xC7E}},
    {0x8BBC, {0x000, 0x828, 0x428, 0x044, 0xC44, 0x492, 0x410, 0x420, 0x424, 0x444, 0x64A, 0xCF2}},
    {0x8BBD, {0x000, 0x8FC, 0x484, 0x094, 0xCD4, 0x4A4, 0x4A4, 0x4A4, 0x4D4, 0x494, 0x682, 0xD02}},
    {0x8BBE, {0x000, 0x87C, 0x444, 0x044, 0xCC6, 0x400, 0x4FE, 0x482, 0x444, 0x428, 0x610, 0xCEE}},
    {0x8BBF, {0x000, 0x810, 0x4FE, 0x020, 0xC20, 0x43E, 0x422, 0x422, 0x442, 0x442, 0x642, 0xC8E}},
    {0x8BC0, {0x000, 0x820, 0x420, 0x1FC, 0xC24, 0x424, 0x424, 0x5FE, 0x450, 0x450, 0x688, 0xD06}},
    {0x8BC1, {0x000, 0x800, 0x4FE, 0x010, 0xC10, 0x490, 0x49E, 0x490, 0x490, 0x490, 0x690, 0xDFE}},
    {0x8BC2, {0x000, 0x810, 0x410, 0x0FE, 0xC10, 0x410, 0x410, 0x4FE, 0x482, 0x482, 0x682, 0xCFE}},
    {0x8BC3, {0x000, 0x9FE, 0x404, 0x0F4, 0xC94, 0x494, 0x494, 0x494, 0x494, 0x4F4, 0x604, 0xC1C}},
    {0x8BC4, {0x000, 0x8FE, 0x410, 0x092, 0xC92, 0x454, 0x410, 0x4FE, 0x410, 0x410, 0x610, 0xC10}},
    {0x8BC5, {0x000, 0x8FC, 0x484, 0x084, 0xCFC, 0x484, 0x484, 0x4FC, 0x484, 0x484, 0x684, 0xDFE}},
    {0x8BC6, {0x000, 0x8FE, 0x482, 0x082, 0xC82, 0x482, 0x4FE, 0x400, 0x444, 0x444, 0x682, 0xC82}},
    {0x8BC8, {0x000, 0x880, 0x4FE, 0x0A0, 0xD20, 0x43E, 0x420, 0x420, 0x43E, 0x420, 0x620, 0xC20}},
    {0x8BC9, {0x000, 0x806, 0x478, 0x040, 0xC40, 0x47E, 0x448, 0x458, 0x44C, 0x48A, 0x688, 0xD08}},
    {0x8BCA, {0x000, 0x810, 0x428, 0x044, 0xC82, 0x410, 0x420, 0x448, 0x410, 0x464, 0x608, 0xC70}},
    {0x8BCB, {0x000, 0x806, 0x4F8, 0x088, 0xC88, 0x4FE, 0x488, 0x488, 0x488, 0x4AA, 0x6C6, 0xCA2}},
    {0x8BCC, {0x000, 0x820, 0x43C, 0x044, 0xC08, 0x4FE, 0x402, 0x402, 0x4FE, 0x402, 0x602, 0xCFE}},
    {0x8BCD, {0x000, 0x8FE, 0x402, 0x0FA, 0xC02, 0x4FA, 0x48A, 0x48A, 0x48A, 0x4FA, 0x602, 0xC0E}},
    {0x8BCE, {0x000, 0x892, 0x492, 0x092, 0xC92, 0x4FE, 0x410, 0x492, 0x492, 0x492, 0x692, 0xCFE}},
    {0x8BCF, {0x000, 0x8FE, 0x422, 0x022, 0xC42, 0x48E, 0x400, 0x4FE, 0x482, 0x482, 0x682, 0xCFE}},
    {0x8BD1, {0x000, 0x8FC, 0x444, 0x028, 0xC10, 0x428, 0x4C6, 0x410, 0x47C, 0x410, 0x6FE, 0xC10}},
    {0x8BD2, {0x000, 0xE10, 0x020, 0xC44, 0x484, 0x4FA, 0x400, 0x4FE, 0x482, 0x482, 0x682, 0xCFE}},
    {0x8BD3, {0x000, 0x8FE, 0x480, 0x0BE, 0xC88, 0x488, 0x4BE, 0x488, 0x488, 0x4BE, 0x680, 0xCFE}},
    {0x8BD4, {0x000, 0x810, 0x4FE, 0x010, 0xC7C, 0x410, 0x4FE, 0x410, 0x438, 0x454, 0x692, 0xC10}},
    {0x8BD5, {0x000, 0x80A, 0x408, 0x1FE, 0xC08, 0x4E8, 0x448, 0x448, 0x448, 0x44A, 0x66A, 0xCC4}},
    {0x8BD6, {0x000, 0x810, 0x47C, 0x010, 0xC10, 0x4FE, 0x410, 0x410, 0x47C, 0x410, 0x610, 0xCFE}},
    {0x8BD7, {0x000, 0x810, 0x47C, 0x010, 0xC10, 0x4FE, 0x404, 0x4FE, 0x404, 0x444, 0x624, 0xC0C}},
    {0x8BD8, {0x000, 0x810, 0x4FE, 0x010, 0xC10, 0x47C, 0x400, 0x4FE, 0x482, 0x482, 0x682, 0xCFE}},
    {0x8BD9, {0x000, 0x820, 0x420, 0x1FE, 0xC40, 0x448, 0x46A, 0x4AC, 0x5A8, 0x488, 0x614, 0xC62}},
    {0x8BDA, {0x000, 0x80A, 0x4FE, 0x088, 0xC88, 0x4E8, 0x4AA, 0x4AA, 0x4A4, 0x4E4, 0x68A, 0xCB2}},
    {0x8BDB, {0x000, 0x850, 0x450, 0x07C, 0xC90, 0x410, 0x4FE, 0x410, 0x438, 0x454, 0x692, 0xC10}},
    {0x8BDC, {0x000, 0x850, 0x47C, 0x090, 0xC10, 0x410, 0x4FE, 0x428, 0x428, 0x428, 0x62A, 0xCCE}},
    {0x8BDD, {0x000, 0x80C, 0x470, 0x010, 0xC10, 0x4FE, 0x410, 0x410, 0x4FE, 0x482, 0x682, 0xCFE}},
    {0x8BDE, {0x000, 0x9C6, 0x45C, 0x044, 0x094, 0xCD6, 0x454, 0x554, 0x494, 0x4FE, 0x400, 0xBFE}},
    {0x8BDF, {0x000, 0x8FE, 0x480, 0x080, 0xCFE, 0x480, 0x4BE, 0x4A2, 0x4A2, 0x4A2, 0x6A2, 0xD3E}},
    {0x8BE0, {0x000, 0x810, 0x428, 0x044, 0xC82, 0x47C, 0x410, 0x410, 0x47C, 0x410, 0x610, 0xCFE}},
    {0x8BE1, {0x000, 0x840, 0x478, 0x088, 0xDFE, 0x480, 0x4BC, 0x4A4, 0x4AC, 0x4A0, 0x6A2, 0xD3E}},
    {0x8BE2, {0x000, 0x840, 0x47E, 0x082, 0xD02, 0x47A, 0x44A, 0x47A, 0x44A, 0x47A, 0x602, 0xC0E}},
    {0x8BE3, {0x000, 0x884, 0x498, 0x0E2, 0xC82, 0x4FE, 0x400, 0x4FE, 0x482, 0x4FE, 0x682, 0xCFE}},
    {0x8BE4, {0x000, 0x820, 0x438, 0x048, 0xC10, 0x4FC, 0x414, 0x5FE, 0x414, 0x4FC, 0x610, 0xC70}},
    {0x8BE5, {0x000, 0x820, 0x410, 0x0FE, 0xC20, 0x444, 0x428, 0x412, 0x464, 0x408, 0x634, 0xCC2}},
    {0x8BE6, {0x000, 0x844, 0x428, 0x0FE, 0xC10, 0x410, 0x47C, 0x410, 0x410, 0x4FE, 0x610, 0xC10}},
    {0x8BE7, {0x000, 0x810, 0x4FE, 0x082, 0xC82, 0x41C, 0x470, 0x412, 0x41C, 0x570, 0x612, 0xC1E}},
    {0x8BE8, {0x000, 0x8FE, 0x482, 0x020, 0xCFE, 0x440, 0x490, 0x4FE, 0x410, 0x4FE, 0x610, 0xC10}},
    {0x8BE9, {0x000, 0x8EE, 0x422, 0x132, 0xCAA, 0x466, 0x422, 0x466, 0x5BA, 0x422, 0x622, 0xC66}},
    {0x8BEB, {0x000, 0x80A, 0x408, 0x1FE, 0xC08, 0x4A8, 0x5FA, 0x4AA, 0x4A4, 0x4A4, 0x60A, 0xC32}},
    {0x8BEC, {0x000, 0x8FE, 0x410, 0x010, 0xC54, 0x454, 0x454, 0x4BA, 0x492, 0x410, 0x610, 0xCFE}},
    {0x8BED, {0x000, 0x8FE, 0x410, 0x0FC, 0xC24, 0x444, 0x4FE, 0x400, 0x4FE, 0x482, 0x682, 0xCFE}},
    {0x8BEE, {0x000, 0x892, 0x454, 0x0FE, 0xC82, 0x482, 0x4FE, 0x482, 0x482, 0x4FE, 0x682, 0xC86}},
    {0x8BEF, {0x000, 0x8FC, 0x484, 0x084, 0xCFC, 0x400, 0x4FC, 0x410, 0x5FE, 0x410, 0x628, 0xCC6}},
    {0x8BF0, {0x000, 0x890, 0x490, 0x0FE, 0xD10, 0x410, 0x4FE, 0x400, 0x4FE, 0x482, 0x682, 0xCFE}},
    {0x8BF1, {0x000, 0x80C, 0x470, 0x010, 0xCFE, 0x454, 0x492, 0x400, 0x478, 0x42E, 0x622, 0xCCE}},
    {0x8BF2, {0x000, 0x840, 0x47E, 0x080, 0xD7C, 0x454, 0x444, 0x4FE, 0x454, 0x444, 0x67E, 0xC04}},
    {0x8BF3, {0x000, 0x820, 0x4BE, 0x044, 0xC44, 0x4A4, 0x43E, 0x424, 0x464, 0x4A4, 0x624, 0xCDE}},
    {0x8BF4, {0x000, 0x844, 0x428, 0x0FE, 0xC82, 0x482, 0x482, 0x4FE, 0x428, 0x428, 0x64A, 0xC8E}},
    {0x8BF5, {0x000, 0x8FC, 0x404, 0x028, 0xC10, 0x4FE, 0x492, 0x4FE, 0x492, 0x4FE, 0x692, 0xC96}},
    {0x8BF6, {0x000, 0x810, 0x420, 0x044, 0xCFA, 0x420, 0x43C, 0x450, 0x4FE, 0x410, 0x628, 0xCC6}},
    {0x8BF7, {0x000, 0x810, 0x4FE, 0x010, 0xC7C, 0x410, 0x4FE, 0x444, 0x47C, 0x444, 0x67C, 0xC44}},
    {0x8BF8, {0x000, 0x820, 0x4FA, 0x024, 0xDFE, 0x410, 0x420, 0x47E, 0x5C2, 0x47E, 0x642, 0xC7E}},
    {0x8BF9, {0x000, 0x9EE, 0x4AA, 0x0AA, 0xCEA, 0x4AA, 0x4AA, 0x4EA, 0x4A4, 0x4A4, 0x6EA, 0xC2A}},
    {0x8BFA, {0x000, 0x844, 0x4FE, 0x044, 0xC10, 0x4FE, 0x410, 0x420, 0x47E, 0x4A2, 0x622, 0xC3E}},
    {0x8BFB, {0x000, 0x810, 0x4FE, 0x010, 0xCFE, 0x482, 0x450, 0x490, 0x4FE, 0x410, 0x628, 0xCC6}},
    {0x8BFC, {0x000, 0x8FE, 0x420, 0x060, 0xD92, 0x4B2, 0x5DA, 0x454, 0x434, 0x4D2, 0x612, 0xC60}},
    {0x8BFD, {0x000, 0x828, 0x428, 0x0EE, 0xC28, 0x428, 0x4EE, 0x428, 0x428, 0x4EE, 0x628, 0xC28}},
    {0x8BFE, {0x000, 0x8FE, 0x492, 0x0FE, 0xC92, 0x4FE, 0x410, 0x4FE, 0x410, 0x454, 0x654, 0xC92}},
    {0x8BFF, {0x000, 0x80C, 0x470, 0x010, 0xCFE, 0x438, 0x4D6, 0x420, 0x4FE, 0x424, 0x618, 0xCE6}},
    {0x8C00, {0x000, 0x856, 0x492, 0x092, 0xCD6, 0x492, 0x492, 0x4FE, 0x410, 0x428, 0x644, 0xD82}},
    {0x8C01, {0x000, 0x828, 0x448, 0x0BE, 0xD88, 0x488, 0x4BE, 0x488, 0x4BE, 0x488, 0x688, 0xCBE}},
    {0x8C02, {0x000, 0x830, 0x448, 0x1A6, 0xC10, 0x4FC, 0x404, 0x408, 0x420, 0x450, 0x6CA, 0xD7A}},
    {0x8C03, {0x000, 0x8FE, 0x492, 0x0BA, 0xC92, 0x4FE, 0x482, 0x4BA, 0x4AA, 0x4AA, 0x6BA, 0xC86}},
    {0x8C04, {0x000, 0x820, 0x43C, 0x044, 0xC88, 0x420, 0x4CE, 0x482, 0x4EE, 0x482, 0x682, 0xCFE}},
    {0x8C05, {0x000, 0x810, 0x4FE, 0x000, 0xCFE, 0x482, 0x482, 0x4FE, 0x410, 0x454, 0x654, 0xCB2}},
    {0x8C06, {0x000, 0x810, 0x4FE, 0x044, 0xC7C, 0x400, 0x47C, 0x408, 0x410, 0x4FE, 0x610, 0xC30}},
    {0x8C07, {0x000, 0x810, 0x4FE, 0x044, 0xC44, 0x4AA, 0x4AA, 0x410, 0x410, 0x4FE, 0x610, 0xC10}},
    {0x8C08, {0x000, 0x810, 0x452, 0x094, 0xC10, 0x428, 0x4C6, 0x410, 0x452, 0x494, 0x628, 0xCC6}},
    {0x8C0A, {0x000, 0x810, 0x4FE, 0x082, 0xC7C, 0x444, 0x47C, 0x444, 0x47C, 0x444, 0x644, 0xCFE}},
    {0x8C0B, {0x000, 0x844, 0x4FE, 0x044, 0xC7C, 0x444, 0x47C, 0x410, 0x4FE, 0x454, 0x654, 0xC92}},
    {0x8C0C, {0x000, 0x844, 0x4FE, 0x044, 0xC7C, 0x444, 0x47C, 0x444, 0x5FE, 0x4A8, 0x6C4, 0xCFE}},
    {0x8C0D, {0x000, 0x8A4, 0x5FE, 0x0A4, 0xCBC, 0x480, 0x4FE, 0x410, 0x5FE, 0x454, 0x654, 0xC92}},
    {0x8C0E, {0x000, 0x844, 0x5FE, 0x044, 0xC10, 0x5FE, 0x480, 0x4FC, 0x400, 0x4A8, 0x6AA, 0xD2E}},
    {0x8C0F, {0x000, 0x810, 0x4FE, 0x010, 0xCFE, 0x4D6, 0x4BA, 0x492, 0x4FE, 0x438, 0x654, 0xC92}},
    {0x8C10, {0x000, 0x888, 0x4EE, 0x088, 0xCAA, 0x4CC, 0x410, 0x4FE, 0x482, 0x4FE, 0x682, 0xCFE}},
    {0x8C11, {0x000, 0x81C, 0x410, 0x0FE, 0xC92, 0x4B8, 0x492, 0x4BE, 0x4A0, 0x4FE, 0x6A0, 0xD3E}},
    {0x8C12, {0x000, 0x8FE, 0x482, 0x0FE, 0xC82, 0x4FE, 0x420, 0x47E, 0x592, 0x4AA, 0x682, 0xCF6}},
    {0x8C13, {0x000, 0x8FE, 0x492, 0x0FE, 0xC92, 0x4FE, 0x444, 0x47C, 0x444, 0x47C, 0x644, 0xC4C}},
    {0x8C14, {0x000, 0x8EE, 0x4AA, 0x0EE, 0xC00, 0x4FE, 0x400, 0x4FE, 0x420, 0x47C, 0x604, 0xC1C}},
    {0x8C15, {0x000, 0x810, 0x428, 0x044, 0xCBA, 0x400, 0x4E2, 0x4AA, 0x4EA, 0x4AA, 0x6E2, 0xCA6}},
    {0x8C16, {0x000, 0x80E, 0x4F2, 0x054, 0xC7C, 0x410, 0x4FE, 0x520, 0x47C, 0x5A4, 0x618, 0xC66}},
    {0x8C17, {0x000, 0x83C, 0x444, 0x0FE, 0xC92, 0x4FE, 0x428, 0x444, 0x4B2, 0x408, 0x660, 0xC1C}},
    {0x8C18, {0x000, 0x910, 0x49E, 0x02A, 0xC88, 0x494, 0x522, 0x400, 0x4FE, 0x482, 0x682, 0xCFE}},
    {0x8C19, {0x000, 0x810, 0x4FE, 0x044, 0xC28, 0x4FE, 0x400, 0x4FE, 0x482, 0x4FE, 0x682, 0xCFE}},
    {0x8C1A, {0x000, 0x810, 0x4FE, 0x044, 0xC28, 0x4FE, 0x480, 0x48C, 0x4B0, 0x480, 0x686, 0xD38}},
    {0x8C1B, {0x000, 0x810, 0x4FE, 0x044, 0xC28, 0x4FE, 0x492, 0x410, 0x4FE, 0x492, 0x696, 0xC10}},
    {0x8C1C, {0x000, 0x82A, 0x42A, 0x12A, 0xC88, 0x43E, 0x588, 0x4AA, 0x4AA, 0x4AA, 0x680, 0xD7E}},
    {0x8C1D, {0x000, 0x820, 0x4FE, 0x082, 0xCFE, 0x480, 0x4FE, 0x4AA, 0x4FE, 0x4AA, 0x6AA, 0xD2E}},
    {0x8C1F, {0x000, 0x848, 0x5FE, 0x048, 0xCFC, 0x484, 0x4FC, 0x484, 0x5FE, 0x430, 0x648, 0xD86}},
    {0x8C20, {0x000, 0x892, 0x454, 0x1FE, 0xD02, 0x4FC, 0x484, 0x4FC, 0x448, 0x448, 0x68A, 0xD0E}},
    {0x8C21, {0x000, 0x8FE, 0x492, 0x0FE, 0xC92, 0x4FE, 0x444, 0x492, 0x43C, 0x464, 0x618, 0xCE6}},
    {0x8C22, {0x000, 0x884, 0x5E4, 0x124, 0xDFE, 0x524, 0x5F4, 0x52C, 0x5E4, 0x464, 0x6A4, 0xD6C}},
    {0x8C23, {0x000, 0x80E, 0x4F2, 0x054, 0xC28, 0x440, 0x47C, 0x490, 0x5FE, 0x410, 0x692, 0xCFE}},
    {0x8C24, {0x000, 0x810, 0x4FE, 0x044, 0xCFE, 0x482, 0x410, 0x4FE, 0x440, 0x47E, 0x642, 0xC8E}},
    {0x8C25, {0x000, 0x884, 0x448, 0x1FE, 0xC00, 0x448, 0x586, 0x400, 0x5FC, 0x554, 0x754, 0xDFE}},
    {0x8C26, {0x000, 0x888, 0x450, 0x1FE, 0xC50, 0x5FC, 0x454, 0x5FE, 0x454, 0x5FC, 0x6D8, 0xD56}},
    {0x8C27, {0x000, 0x820, 0x414, 0x0AA, 0xD32, 0x464, 0x5BC, 0x400, 0x47C, 0x454, 0x654, 0xDFE}},
    {0x8C28, {0x000, 0x828, 0x4FE, 0x028, 0xC10, 0x47C, 0x454, 0x4FE, 0x410, 0x47C, 0x610, 0xCFE}},
    {0x8C29, {0x000, 0x87C, 0x444, 0x07C, 0xC44, 0x4FE, 0x4AA, 0x4FE, 0x444, 0x428, 0x610, 0xCEE}},
    {0x8C2A, {0x000, 0x810, 0x4FE, 0x044, 0xC28, 0x4FE, 0x492, 0x4BA, 0x492, 0x4BA, 0x6AA, 0xCBA}},
    {0x8C2B, {0x000, 0x848, 0x5FE, 0x120, 0xDEA, 0x52A, 0x5EA, 0x526, 0x400, 0x4FE, 0x622, 0xCCC}},
    {0x8C2C, {0x000, 0x9FE, 0x4AA, 0x066, 0xCAA, 0x418, 0x424, 0x5C2, 0x418, 0x460, 0x60C, 0xC70}},
    {0x8C2D, {0x000, 0x8FE, 0x428, 0x0FE, 0xCAA, 0x4FE, 0x444, 0x47C, 0x444, 0x4FE, 0x610, 0xC10}},
    {0x8C2E, {0x000, 0x9FE, 0x554, 0x1FE, 0xCCC, 0x576, 0x400, 0x4FC, 0x484, 0x4FC, 0x684, 0xCFC}},
    {0x8C2F, {0x000, 0x848, 0x4BE, 0x188, 0xCBE, 0x488, 0x4BE, 0x488, 0x4BE, 0x400, 0x654, 0xCAA}},
    {0x8C30, {0x000, 0x89E, 0x442, 0x112, 0xDFE, 0x552, 0x576, 0x55A, 0x57E, 0x512, 0x73A, 0xD56}},
    {0x8C31, {0x000, 0x844, 0x428, 0x1FE, 0xC28, 0x4AA, 0x428, 0x5FE, 0x444, 0x47C, 0x644, 0xC7C}},
    {0x8C32, {0x000, 0x8F8, 0x428, 0x0FE, 0xC52, 0x590, 0x4FE, 0x4AA, 0x4C6, 0x4BA, 0x6AA, 0xCBA}},
    {0x8C33, {0x000, 0x844, 0x5F6, 0x044, 0xDF4, 0x51E, 0x5B4, 0x554, 0x5F4, 0x55A, 0x7F2, 0xD52}},
    {0x8C34, {0x000, 0x808, 0x43E, 0x12A, 0xCBE, 0x408, 0x5BE, 0x494, 0x49E, 0x492, 0x6D2, 0xD3E}},
    {0x8C35, {0x000, 0x878, 0x488, 0x1FE, 0xCA4, 0x4D2, 0x488, 0x4FE, 0x480, 0x4BC, 0x6A4, 0xD3C}},
    {0x8C36, {0x000, 0x8A8, 0x4AC, 0x15A, 0xC08, 0x5FE, 0x4A8, 0x4BA, 0x5AA, 0x4B4, 0x6AC, 0xDD2}},
    {0x8C37, {0x000, 0x110, 0x208, 0xC46, 0x0A0, 0x110, 0x208, 0xFFE, 0x208, 0x208, 0x208, 0x3F8}},
    {0x8C41, {0x000, 0x214, 0xF94, 0xAA2, 0x708, 0x214, 0xFA2, 0x200, 0xFBE, 0x8A2, 0x8A2, 0xFBE}},
    {0x8C46, {0x000, 0xFFE, 0x000, 0x7FC, 0x404, 0x404, 0x7FC, 0x000, 0x208, 0x110, 0x000, 0xFFE}},
    {0x8C47, {0x000, 0x000, 0xF7C, 0x010, 0xF90, 0x890, 0x890, 0xF90, 0x510, 0x590, 0xE10, 0x07E}},
    {0x8C49, {0x000, 0x008, 0xF88, 0x03E, 0xF88, 0x888, 0x8FE, 0xFA2, 0x894, 0x508, 0x594, 0xE62}},
    {0x8C4C, {0x000, 0xE10, 0x0FE, 0xE82, 0xA40, 0xA6E, 0xEAA, 0x0AA, 0xA6A, 0xA48, 0x04A, 0xE8E}},
    {0x8C55, {0x000, 0xFFE, 0x040, 0x180, 0xE44, 0x068, 0x1B0, 0xE30, 0x068, 0x1A4, 0xE22, 0x0C0}},
    {0x8C5A, {0x000, 0xEFE, 0xA10, 0xAE0, 0xE12, 0xA34, 0xAD8, 0xE18, 0xA34, 0xAD4, 0xA12, 0xA60}},
    {0x8C61, {0x000, 0x3F8, 0x408, 0xFFC, 0x444, 0x7FC, 0x0C2, 0xF24, 0x0D8, 0xF34, 0x0D2, 0xF60}},
    {0x8C62, {0x000, 0x248, 0x7FC, 0x110, 0xFFE, 0x404, 0xBFA, 0x544, 0x268, 0x550, 0x248, 0xCC6}},
    {0x8C6A, {0x000, 0x040, 0xFFE, 0x404, 0x7FC, 0x000, 0xFFE, 0x942, 0x66C, 0x1B0, 0xE2E, 0x0C0}},
    {0x8C6B, {0x000, 0xF3C, 0x144, 0xAFE, 0x492, 0xFFE, 0x510, 0x46A, 0x59C, 0x46C, 0x58A, 0xC38}},
    {0x8C73, {0x000, 0x040, 0xFFE, 0x94A, 0xB5A, 0xDEE, 0xB5A, 0xDEE, 0x94A, 0xB5A, 0x842, 0xFFE}},
    {0x8C78, {0x000, 0x0F8, 0x720, 0x120, 0x138, 0x1C0, 0x660, 0x190, 0x628, 0x0C8, 0x710, 0x0E0}},
    {0x8C79, {0x000, 0x1A0, 0xF3E, 0x4A2, 0x342, 0xD12, 0x28A, 0xC8A, 0x182, 0x282, 0xC82, 0x30E}},
    {0x8C7A, {0x000, 0x184, 0xE04, 0x2BE, 0x904, 0x30C, 0xD8C, 0x294, 0xD94, 0x2A4, 0xC84, 0x31C}},
    {0x8C82, {0x000, 0x17E, 0xE12, 0x292, 0x922, 0x246, 0xD00, 0x2BE, 0xDA2, 0x2A2, 0xCA2, 0x33E}},
    {0x8C85, {0x000, 0x3A8, 0xD28, 0x5C8, 0xE7E, 0x2C8, 0x54C, 0x95A, 0x368, 0x548, 0x948, 0x648}},
    {0x8C89, {0x000, 0x120, 0xE3C, 0x544, 0x228, 0xC10, 0x228, 0xDC6, 0x37C, 0xD44, 0x144, 0x67C}},
    {0x8C8A, {0x000, 0x27E, 0xC10, 0x520, 0x27E, 0xE42, 0x342, 0xD7E, 0x342, 0xD42, 0x142, 0x67E}},
    {0x8C8C, {0x000, 0x120, 0xE7C, 0x544, 0xE7C, 0x244, 0xD7C, 0x128, 0x328, 0xD2A, 0x12A, 0x64E}},
    {0x8C94, {0x000, 0x390, 0xD7E, 0x5E6, 0xE5A, 0x266, 0xD7E, 0x148, 0x37A, 0xD4C, 0x17A, 0x6C6}},
    {0x8C98, {0x000, 0x128, 0xEFE, 0x528, 0x27C, 0xC44, 0x27C, 0xD44, 0x3FE, 0xD10, 0x128, 0x6C6}},
    {0x8D1D, {0x000, 0x7FC, 0x404, 0x404, 0x444, 0x444, 0x444, 0x444, 0x444, 0x0A0, 0x318, 0xC06}},
    {0x8D1E, {0x000, 0x040, 0x07C, 0x040, 0x7FC, 0x404, 0x444, 0x444, 0x444, 0x4A4, 0x318, 0xC06}},
    {0x8D1F, {0x000, 0x7F8, 0x408, 0x808, 0x7FC, 0x404, 0x444, 0x444, 0x444, 0x0A0, 0x318, 0xC06}},
    {0x8D21, {0x000, 0x7FC, 0x040, 0xFFE, 0x000, 0x7FC, 0x404, 0x444, 0x444, 0x444, 0x1B0, 0xE0E}},
    {0x8D22, {0x000, 0xF84, 0x884, 0x8BE, 0xA84, 0xA8C, 0xA8C, 0xA94, 0xA94, 0x224, 0x504, 0x89C}},
    {0x8D23, {0x000, 0x040, 0xFFE, 0x040, 0x7FC, 0x040, 0xFFE, 0x404, 0x444, 0x444, 0x1B0, 0xE0E}},
    {0x8D24, {0x000, 0x97E, 0x942, 0x93C, 0x942, 0x000, 0x7FC, 0x404, 0x444, 0x040, 0x1B0, 0xE0E}},
    {0x8D25, {0x000, 0xF90, 0x89E, 0x894, 0xAA4, 0xAA4, 0xA94, 0xA94, 0xA88, 0x208, 0x514, 0x8A2}},
    {0x8D26, {0x000, 0xFA4, 0x8A8, 0xAB0, 0xAA0, 0xAFE, 0xAA0, 0xAB0, 0xAA8, 0xAA4, 0x522, 0x8B0}},
    {0x8D27, {0x000, 0x124, 0xE38, 0x2E2, 0x23E, 0x000, 0x7FC, 0x404, 0x444, 0x444, 0x1B0, 0x60C}},
    {0x8D28, {0x000, 0x7FE, 0x420, 0x7FE, 0x420, 0x5FC, 0x504, 0x524, 0x524, 0x524, 0x850, 0xB8E}},
    {0x8D29, {0x000, 0xFBE, 0x8A0, 0x8A0, 0xABE, 0xAAA, 0xAAA, 0xAAA, 0x224, 0x524, 0x52A, 0x8AA}},
    {0x8D2A, {0x000, 0x040, 0x0A0, 0x318, 0xC46, 0x3F8, 0x010, 0x7FC, 0x444, 0x444, 0x1B0, 0xE0E}},
    {0x8D2B, {0x000, 0x0A0, 0x318, 0xC06, 0x7FC, 0x204, 0x408, 0x7FC, 0x444, 0x444, 0x1B0, 0xE0E}},
    {0x8D2C, {0x000, 0xF86, 0x8B8, 0x888, 0xABE, 0xA82, 0xA84, 0xA88, 0xA90, 0x220, 0x522, 0x89E}},
    {0x8D2D, {0x000, 0xFA0, 0x8A0, 0x8BE, 0xAC2, 0xA92, 0xA92, 0xAA2, 0xAAA, 0x27A, 0x502, 0x88E}},
    {0x8D2E, {0x000, 0xF90, 0x888, 0x880, 0xABE, 0xAA2, 0xAA2, 0xA80, 0xA80, 0xA80, 0x500, 0x8BE}},
    {0x8D2F, {0x000, 0x7FC, 0x444, 0xFFE, 0x444, 0x7FC, 0x000, 0x7FC, 0x444, 0x444, 0x1B0, 0xE0E}},
    {0x8D30, {0x000, 0x00A, 0xFFE, 0x008, 0xFE8, 0x008, 0xFE8, 0x828, 0x92A, 0x10A, 0x28A, 0xC64}},
    {0x8D31, {0x000, 0xF92, 0x890, 0x8FE, 0xA90, 0xAFE, 0xA90, 0xA94, 0xA94, 0x208, 0x50A, 0x8B4}},
    {0x8D32, {0x000, 0x040, 0x7FC, 0x150, 0xFFE, 0x110, 0x3F8, 0x208, 0x248, 0x248, 0x0B0, 0x70C}},
    {0x8D33, {0x000, 0x248, 0xFFE, 0x248, 0x278, 0x200, 0x3FC, 0x208, 0x248, 0x248, 0x0B0, 0x70C}},
    {0x8D34, {0x000, 0xF88, 0x888, 0x88E, 0xA88, 0xA88, 0xABE, 0xAA2, 0xAA2, 0x222, 0x522, 0x8BE}},
    {0x8D35, {0x000, 0x040, 0x7FC, 0x444, 0x7FC, 0x040, 0xFFE, 0x404, 0x444, 0x444, 0x1B0, 0xE0E}},
    {0x8D36, {0x000, 0xFFC, 0x884, 0x884, 0xA84, 0xAFC, 0xAA8, 0xAA8, 0x228, 0x428, 0x54A, 0x88E}},
    {0x8D37, {0x000, 0x124, 0x23E, 0xEE0, 0x23E, 0x000, 0x7FC, 0x404, 0x444, 0x444, 0x1B0, 0xE0E}},
    {0x8D38, {0x000, 0x3BE, 0xC12, 0x912, 0xEA6, 0x000, 0x7FC, 0x444, 0x444, 0x4A4, 0x318, 0xC06}},
    {0x8D39, {0x000, 0x120, 0xFFC, 0x124, 0xFFC, 0x920, 0xFFE, 0x20A, 0x64E, 0xA48, 0x0A0, 0x71C}},
    {0x8D3A, {0x000, 0x200, 0xFDE, 0x252, 0x452, 0x9DE, 0x000, 0x7FC, 0x444, 0x444, 0x1B0, 0xE0E}},
    {0x8D3B, {0x000, 0xF90, 0x890, 0x8A4, 0xAA2, 0xAFE, 0xA80, 0xABE, 0x222, 0x422, 0x522, 0x8BE}},
    {0x8D3C, {0x000, 0xF8A, 0x888, 0xAFE, 0xA88, 0xAA8, 0xAFA, 0xAAC, 0xAA8, 0xAA8, 0x53A, 0x8C4}},
    {0x8D3D, {0x000, 0x220, 0xF78, 0x228, 0xF6A, 0x256, 0x7FA, 0x208, 0x248, 0x248, 0x0B0, 0x70C}},
    {0x8D3E, {0x000, 0xFFE, 0x110, 0x7FC, 0x514, 0x7FC, 0x000, 0x7FC, 0x444, 0x444, 0x1B0, 0xE0E}},
    {0x8D3F, {0x000, 0xF88, 0x8FE, 0x890, 0xABE, 0xAE2, 0xABE, 0xAA2, 0xABE, 0x422, 0x522, 0x8A6}},
    {0x8D40, {0x000, 0x114, 0x5D8, 0x512, 0x5DE, 0xE00, 0x3F8, 0x208, 0x248, 0x240, 0x0B0, 0x70C}},
    {0x8D41, {0x000, 0x27C, 0x410, 0xCFE, 0x410, 0x47C, 0x000, 0x7FC, 0x444, 0x444, 0x1B0, 0xE0E}},
    {0x8D42, {0x000, 0xFA0, 0x8BE, 0x8C2, 0xAA4, 0xA98, 0xAE6, 0xA80, 0xABE, 0xAA2, 0x522, 0x8BE}},
    {0x8D43, {0x000, 0xF88, 0x8BE, 0xAA0, 0xAA8, 0xAA8, 0xABE, 0xAA8, 0xAA8, 0x228, 0x548, 0x89E}},
    {0x8D44, {0x000, 0x880, 0x4FE, 0x122, 0x450, 0xB8E, 0x000, 0x7FC, 0x444, 0x444, 0x1B0, 0xE0E}},
    {0x8D45, {0x000, 0xF90, 0x888, 0x8FE, 0xA90, 0xAA2, 0xA94, 0xA88, 0x212, 0x464, 0x50C, 0x8B2}},
    {0x8D46, {0x000, 0xFBE, 0x8A2, 0x8A2, 0xABE, 0xAA4, 0xAA4, 0xA42, 0x252, 0x408, 0x510, 0x888}},
    {0x8D47, {0x000, 0xF94, 0x892, 0x8FE, 0xA90, 0xAD2, 0xAB4, 0xA98, 0x234, 0x452, 0x510, 0x8B0}},
    {0x8D48, {0x000, 0xF7E, 0x940, 0x95C, 0x940, 0xA7E, 0xA54, 0xA56, 0x254, 0x554, 0x492, 0x89A}},
    {0x8D49, {0x000, 0x040, 0x7FC, 0x248, 0xFFE, 0x150, 0xE4E, 0x3F8, 0x208, 0x240, 0x0B0, 0x70C}},
    {0x8D4A, {0x000, 0xF90, 0x890, 0xAA8, 0xAC4, 0xABA, 0xA80, 0xAFE, 0xA90, 0x554, 0x492, 0x830}},
    {0x8D4B, {0x000, 0xFCA, 0x8A8, 0x888, 0xAFE, 0xA88, 0xA94, 0xA94, 0x25C, 0x454, 0x552, 0x8FA}},
    {0x8D4C, {0x000, 0xF92, 0x8FE, 0x892, 0xA94, 0xAFE, 0xA90, 0xABE, 0x262, 0x53E, 0x522, 0x8BE}},
    {0x8D4D, {0x000, 0x040, 0x7FC, 0x248, 0x554, 0xFFE, 0x802, 0x3F8, 0x248, 0x240, 0x0B0, 0x70C}},
    {0x8D4E, {0x000, 0xF90, 0x8BC, 0xA90, 0xAFE, 0xAD2, 0xAB2, 0xA90, 0xAFE, 0xA90, 0x528, 0x8C6}},
    {0x8D4F, {0x000, 0x248, 0xFFE, 0x802, 0xBFA, 0x208, 0x7FC, 0x404, 0x444, 0x444, 0x1B0, 0xE0E}},
    {0x8D50, {0x000, 0xFBE, 0x8A2, 0x8BE, 0xAA2, 0xABE, 0xA90, 0xA9E, 0x22A, 0x556, 0x52A, 0x896}},
    {0x8D53, {0x000, 0x040, 0x7FE, 0x420, 0x5FC, 0x424, 0x5FE, 0x444, 0x5FC, 0x524, 0x850, 0xB8E}},
    {0x8D54, {0x000, 0xF10, 0x9FE, 0x944, 0xD28, 0xDFE, 0xD00, 0xD7C, 0xD44, 0x444, 0xA44, 0x97C}},
    {0x8D55, {0x000, 0xFAA, 0x8AC, 0x888, 0xA94, 0xAA2, 0xA88, 0xAAA, 0x22C, 0x408, 0x514, 0x8A2}},
    {0x8D56, {0x000, 0x21C, 0xFA4, 0x23E, 0xFA2, 0xAA2, 0xAAA, 0xFAA, 0x22A, 0x714, 0xA94, 0xAA2}},
    {0x8D58, {0x000, 0x210, 0xF9E, 0x232, 0xF92, 0x48C, 0x892, 0x7FC, 0x444, 0x444, 0x0A0, 0xF1E}},
    {0x8D59, {0x000, 0xF8A, 0x8FE, 0x888, 0xABE, 0xAAA, 0xABE, 0xAAA, 0x204, 0x47E, 0x504, 0x8AC}},
    {0x8D5A, {0x000, 0xFA4, 0x8FE, 0xAA8, 0xAFE, 0xAAA, 0xAFE, 0xAAA, 0xAFE, 0xAA8, 0x56C, 0x8AA}},
    {0x8D5B, {0x000, 0x040, 0xFFE, 0x912, 0x7FC, 0x110, 0xFFE, 0x208, 0x64C, 0xA4A, 0x0A0, 0x71C}},
    {0x8D5C, {0x000, 0xF88, 0x93E, 0x908, 0xBBE, 0xA88, 0xABE, 0xA80, 0xBBE, 0x92A, 0x908, 0xFB6}},
    {0x8D5D, {0x000, 0x7FE, 0x4A8, 0x548, 0x7FE, 0x548, 0x57E, 0x400, 0x5FC, 0x524, 0x954, 0xB8E}},
    {0x8D5E, {0x000, 0x514, 0x79E, 0x924, 0xFFE, 0x314, 0xDA6, 0x000, 0x7FC, 0x444, 0x0A0, 0xF1E}},
    {0x8D60, {0x000, 0xFA4, 0x8FE, 0x892, 0xAD6, 0xA92, 0xAFE, 0xA44, 0xA44, 0x27C, 0x544, 0x97C}},
    {0x8D61, {0x000, 0xF3C, 0x944, 0x97E, 0xD54, 0xD62, 0xD48, 0xD7E, 0xD40, 0xD7E, 0x4A2, 0xBBE}},
    {0x8D62, {0x000, 0x040, 0xFFE, 0x400, 0x7FC, 0x000, 0xEEE, 0xAAA, 0xEAA, 0xAAA, 0xE4A, 0xAAA}},
    {0x8D63, {0x000, 0x208, 0xF9E, 0x532, 0xF8C, 0x8B2, 0xF9C, 0x888, 0xFBE, 0x222, 0xF88, 0x236}},
    {0x8D64, {0x000, 0x040, 0x7FC, 0x040, 0x040, 0xFFE, 0x110, 0x514, 0x512, 0x912, 0x210, 0x430}},
    {0x8D66, {0x000, 0x110, 0x7DE, 0x114, 0x124, 0xFE4, 0x294, 0xAD4, 0xAC8, 0xA88, 0x494, 0x5A2}},
    {0x8D67, {0x000, 0x23E, 0xFA2, 0x23E, 0xFA0, 0x520, 0x53E, 0xDAA, 0xDAA, 0x524, 0x924, 0xB2A}},
    {0x8D6B, {0x000, 0x208, 0xFBE, 0x208, 0x208, 0xFBE, 0x514, 0xD56, 0xD56, 0x514, 0x924, 0xB24}},
    {0x8D6D, {0x000, 0x210, 0xFBA, 0x214, 0xFFE, 0x510, 0xDA4, 0xDFE, 0x522, 0x53E, 0x922, 0xB3E}},
    {0x8D70, {0x000, 0x040, 0x7FC, 0x040, 0x040, 0xFFE, 0x040, 0x240, 0x27C, 0x240, 0x5C0, 0x87E}},
    {0x8D73, {0x000, 0x208, 0x228, 0xFA8, 0x228, 0xFA8, 0x228, 0xBAE, 0xA78, 0xA08, 0xE08, 0x9FE}},
    {0x8D74, {0x000, 0x108, 0xFE8, 0x108, 0x10C, 0xFEA, 0x10A, 0x508, 0x5E8, 0x508, 0xB00, 0x9FE}},
    {0x8D75, {0x000, 0x244, 0x244, 0xF28, 0x228, 0x210, 0xF28, 0x228, 0x244, 0xB44, 0xE00, 0x9FE}},
    {0x8D76, {0x000, 0x100, 0x13E, 0x788, 0x108, 0x7BE, 0x108, 0x108, 0x5C8, 0x508, 0x700, 0x8FE}},
    {0x8D77, {0x000, 0x11E, 0x7C2, 0x102, 0x102, 0xFDE, 0x110, 0x112, 0x5D2, 0x51E, 0xB00, 0x8FE}},
    {0x8D81, {0x000, 0x218, 0x224, 0xF42, 0x208, 0xFB4, 0x208, 0xBB2, 0xA04, 0xA38, 0xE00, 0x9FE}},
    {0x8D84, {0x000, 0x23C, 0xFA4, 0x224, 0x23C, 0xFA4, 0x23C, 0xA24, 0xBA4, 0xA7E, 0xE00, 0xBFE}},
    {0x8D85, {0x000, 0x23E, 0xF92, 0x212, 0x226, 0xF80, 0x23E, 0xA22, 0xBA2, 0xE3E, 0xA00, 0x9FE}},
    {0x8D8A, {0x000, 0x20A, 0xFBE, 0x228, 0x228, 0xFAA, 0x22A, 0x224, 0xBB6, 0xA6A, 0xE00, 0x9FE}},
    {0x8D8B, {0x000, 0x23C, 0xF44, 0x27E, 0x202, 0xF82, 0x27E, 0x202, 0x382, 0xA7E, 0xE00, 0xBFE}},
    {0x8D91, {0x000, 0x210, 0xF10, 0x2DE, 0x22A, 0xF08, 0x228, 0xA54, 0xB14, 0xA22, 0xE00, 0xBFE}},
    {0x8D94, {0x000, 0x2FA, 0x242, 0xF72, 0x252, 0xF5A, 0x2AA, 0xA2A, 0xB42, 0xA86, 0xE00, 0xBFE}},
    {0x8D9F, {0x000, 0x292, 0xF54, 0x2FE, 0x282, 0x2BA, 0xFAA, 0x2AA, 0x2BA, 0xA86, 0xE00, 0x9FE}},
    {0x8DA3, {0x000, 0x5F0, 0xEAE, 0x4E2, 0x4AA, 0xEEA, 0x4A4, 0x6E4, 0x5AA, 0xC2A, 0xC00, 0xBFE}},
    {0x8DB1, {0x000, 0x254, 0xF7E, 0x2A4, 0x2FE, 0xF54, 0x2AA, 0x27C, 0xB44, 0xA10, 0xE28, 0xBFE}},
    {0x8DB3, {0x000, 0x7FC, 0x404, 0x404, 0x404, 0x7FC, 0x040, 0x240, 0x27C, 0x540, 0x4C0, 0x83E}},
    {0x8DB4, {0x000, 0xFA4, 0x8A4, 0x8A4, 0xFA4, 0x224, 0x224, 0x3A4, 0xA24, 0xA24, 0xB42, 0xE42}},
    {0x8DB5, {0x000, 0xF90, 0x890, 0x8BE, 0xFA2, 0x242, 0xA02, 0xBBA, 0xA02, 0xA02, 0xB82, 0xE0C}},
    {0x8DB8, {0x000, 0xFFE, 0x080, 0x0FC, 0x104, 0x3F4, 0xE1C, 0x3F0, 0x040, 0x27C, 0x340, 0xCFE}},
    {0x8DBA, {0x000, 0xF88, 0x8BE, 0x888, 0xF88, 0x208, 0x23E, 0xB88, 0xA08, 0xA14, 0xB94, 0xE22}},
    {0x8DBC, {0x000, 0xFBE, 0x894, 0x894, 0xF94, 0x214, 0xA7E, 0xB94, 0xA14, 0xA24, 0xBA4, 0xE44}},
    {0x8DBE, {0x000, 0xF88, 0x888, 0x8A8, 0xFA8, 0x22E, 0x228, 0xBA8, 0xA28, 0xA28, 0xBA8, 0xE7E}},
    {0x8DBF, {0x000, 0xF7C, 0x924, 0x924, 0xF3E, 0x222, 0xA22, 0xBD4, 0xA54, 0xA48, 0xB94, 0xCA2}},
    {0x8DC3, {0x000, 0xF0C, 0x970, 0x910, 0xF10, 0x210, 0xAFE, 0xB10, 0xA10, 0xA28, 0xB28, 0xEC6}},
    {0x8DC4, {0x000, 0xF88, 0x898, 0x8A4, 0xFC2, 0x23C, 0xA24, 0xBA4, 0xA2C, 0xA20, 0xBA2, 0xE3E}},
    {0x8DC6, {0x000, 0xF10, 0x910, 0x924, 0xF26, 0x27A, 0x200, 0xB80, 0xA7E, 0xA42, 0xBC2, 0xE7E}},
    {0x8DCB, {0x000, 0xF24, 0x920, 0x9FE, 0xF20, 0x23E, 0x222, 0xB52, 0xA54, 0xA88, 0xB14, 0xE22}},
    {0x8DCC, {0x000, 0xF50, 0x950, 0x97C, 0xF90, 0x210, 0xAFE, 0xB10, 0xA28, 0xA28, 0xB44, 0xE82}},
    {0x8DCE, {0x000, 0xF10, 0x910, 0x97E, 0x942, 0xF42, 0x220, 0x3A4, 0xA38, 0xA22, 0xBA2, 0xC1E}},
    {0x8DCF, {0x000, 0xF40, 0x95E, 0x9F2, 0xF52, 0x252, 0x252, 0xB52, 0xA52, 0xA52, 0xB5E, 0xEB0}},
    {0x8DD1, {0x000, 0xF40, 0x97E, 0x982, 0x97A, 0xF4A, 0x24A, 0x27A, 0xB46, 0xA40, 0xB42, 0xE7E}},
    {0x8DD6, {0x000, 0xF00, 0x97E, 0x910, 0xF10, 0x23C, 0xA64, 0xBA4, 0xA24, 0xA24, 0xBA4, 0xC3C}},
    {0x8DD7, {0x000, 0xF24, 0x924, 0x944, 0xF7E, 0x2C4, 0x264, 0xBD4, 0xA54, 0xA44, 0xBC4, 0xC4C}},
    {0x8DDA, {0x000, 0xF7C, 0x954, 0x954, 0xF54, 0x254, 0x2FE, 0xB54, 0xA54, 0xA54, 0xB54, 0xE54}},
    {0x8DDB, {0x000, 0xF08, 0x97E, 0x94A, 0xF4A, 0x248, 0x27E, 0xB62, 0xA54, 0xA48, 0xB54, 0xEA2}},
    {0x8DDD, {0x000, 0xFBE, 0x8A0, 0x8A0, 0xFBE, 0x222, 0x222, 0xBA2, 0xA3E, 0xA20, 0xBA0, 0xE3E}},
    {0x8DDE, {0x000, 0xF06, 0x978, 0x940, 0xF50, 0x290, 0xAFE, 0xB10, 0xA54, 0xA92, 0xA10, 0xFB0}},
    {0x8DDF, {0x000, 0xF7C, 0x944, 0x97C, 0x944, 0xF44, 0x27C, 0xB52, 0xA54, 0xA48, 0xB74, 0xEC2}},
    {0x8DE3, {0x000, 0xF50, 0x950, 0x97C, 0xF90, 0x210, 0x2FE, 0xB28, 0xA28, 0xA2A, 0xB4A, 0xE8E}},
    {0x8DE4, {0x000, 0xF88, 0x8BE, 0x880, 0xF94, 0x222, 0xA00, 0xBA2, 0xA54, 0xA08, 0xB94, 0xC22}},
    {0x8DE8, {0x000, 0xF10, 0x9FE, 0x928, 0xF44, 0x2BA, 0xA00, 0xB7C, 0xA20, 0xA3C, 0xB04, 0xE1C}},
    {0x8DEA, {0x000, 0xF3E, 0x922, 0x944, 0xF7E, 0x240, 0x25E, 0xB52, 0xA56, 0xA50, 0xB52, 0xE9E}},
    {0x8DEB, {0x000, 0xF78, 0x248, 0x36A, 0xC8E, 0x7FC, 0x404, 0x7FC, 0x040, 0x47E, 0x440, 0xBFE}},
    {0x8DEC, {0x000, 0xF10, 0x97C, 0x910, 0xF10, 0x2FE, 0xA10, 0xB90, 0xA7C, 0xA10, 0xB90, 0xCFE}},
    {0x8DEF, {0x000, 0xF20, 0x93C, 0x944, 0xFA8, 0x210, 0xA28, 0xBC6, 0xA7C, 0xA44, 0xB44, 0xE7C}},
    {0x8DF3, {0x000, 0xF28, 0x9AA, 0x96C, 0xF28, 0x228, 0xA6C, 0xBAA, 0xA28, 0xA2A, 0xB4A, 0xE8E}},
    {0x8DF5, {0x000, 0xF14, 0x97E, 0x910, 0xF7E, 0x210, 0xA7E, 0xB10, 0xA14, 0xA08, 0xB1A, 0xE66}},
    {0x8DF7, {0x000, 0xF10, 0x91E, 0x970, 0xF14, 0x21A, 0xA66, 0xB00, 0xAFE, 0xA28, 0xB4A, 0xC8E}},
    {0x8DF8, {0x000, 0xF48, 0x94A, 0x97C, 0xF48, 0x25A, 0xA6E, 0xB10, 0xAFE, 0xA10, 0xB90, 0xC10}},
    {0x8DF9, {0x000, 0xF06, 0x9B8, 0x948, 0xF08, 0x23E, 0xAC8, 0xB48, 0xA48, 0xA48, 0xB60, 0xC9E}},
    {0x8DFA, {0x000, 0xF78, 0x948, 0x948, 0xF4E, 0x280, 0xA10, 0xB10, 0xAFE, 0xA10, 0xB54, 0xC92}},
    {0x8DFB, {0x000, 0xF90, 0x888, 0x8FE, 0xFA4, 0x218, 0xA66, 0xB80, 0xA24, 0xA24, 0xBA4, 0xC44}},
    {0x8DFD, {0x000, 0xF7C, 0x904, 0x97C, 0xF40, 0x242, 0xA3E, 0xB10, 0xA4A, 0xAA2, 0xB24, 0xC3C}},
    {0x8E05, {0x000, 0x206, 0xFB8, 0x220, 0xFBE, 0x224, 0x644, 0x3F8, 0x208, 0x3FC, 0x240, 0xDFE}},
    {0x8E09, {0x000, 0xF10, 0x97C, 0x944, 0xF7C, 0x244, 0x27C, 0xB52, 0xA54, 0xA48, 0xB64, 0xEC2}},
    {0x8E0A, {0x000, 0xF7E, 0x914, 0x908, 0xF7E, 0x252, 0xA7E, 0xB52, 0xA7E, 0xA52, 0xB52, 0xE56}},
    {0x8E0C, {0x000, 0xF08, 0x97E, 0x908, 0xF7E, 0x208, 0xAFE, 0xB10, 0xA7E, 0xA24, 0xB54, 0xC8C}},
    {0x8E0F, {0x000, 0xF10, 0x9D4, 0x956, 0xF54, 0x2B2, 0xA00, 0xB7C, 0xA44, 0xA7C, 0xB44, 0xE7C}},
    {0x8E14, {0x000, 0xF10, 0x91C, 0x910, 0xF7C, 0x244, 0x27C, 0xB44, 0xA7C, 0xA10, 0xB7E, 0xC10}},
    {0x8E1D, {0x000, 0xF7C, 0x954, 0x97C, 0xF54, 0x254, 0x27C, 0xB10, 0xAFE, 0xA54, 0xB54, 0xE92}},
    {0x8E1E, {0x000, 0xF7E, 0x942, 0x942, 0xF7E, 0x248, 0x27E, 0xB48, 0xA7E, 0xA62, 0xBA2, 0xEBE}},
    {0x8E1F, {0x000, 0x040, 0xF40, 0x97E, 0x9AA, 0xF2A, 0x2FA, 0x22A, 0xB2A, 0xA5A, 0xB4A, 0xE8E}},
    {0x8E22, {0x000, 0xF7C, 0x944, 0x97C, 0xF44, 0x27C, 0xA20, 0xB3E, 0xA56, 0xAAA, 0xB52, 0xE26}},
    {0x8E23, {0x000, 0xF10, 0x9FE, 0x944, 0xF44, 0x228, 0xAFE, 0xB00, 0xA7C, 0xA44, 0xB44, 0xE7C}},
    {0x8E29, {0x000, 0xE0E, 0xAF0, 0xA92, 0xE54, 0x410, 0x4FE, 0x610, 0x454, 0x454, 0x692, 0xC92}},
    {0x8E2A, {0x000, 0xF88, 0x8BE, 0x8A2, 0xF9C, 0x200, 0x23E, 0xB88, 0xA2A, 0xA2A, 0xBAA, 0xE18}},
    {0x8E2C, {0x000, 0xF86, 0x8F8, 0x888, 0xFFE, 0x290, 0xABE, 0xBA2, 0xAAA, 0xA88, 0xB14, 0xE62}},
    {0x8E2E, {0x000, 0xF08, 0x97E, 0x940, 0xF48, 0x24E, 0xA48, 0xB48, 0xABE, 0xAA2, 0xBA2, 0xEBE}},
    {0x8E2F, {0x000, 0xF1E, 0xAAA, 0xA0A, 0xEEC, 0x24A, 0xB4A, 0xAFA, 0xA4A, 0xA4C, 0xBA8, 0xC98}},
    {0x8E31, {0x000, 0xF08, 0x97E, 0x954, 0xF7E, 0x254, 0xA5C, 0xB40, 0xA7C, 0xA54, 0xB88, 0xCB6}},
    {0x8E35, {0x000, 0xF7C, 0x910, 0x9FE, 0xF54, 0x27C, 0x254, 0xB7C, 0xA10, 0xAFE, 0xB10, 0xEFE}},
    {0x8E39, {0x000, 0xF54, 0x954, 0x97C, 0xF00, 0x2FE, 0xA10, 0xBFE, 0xAAA, 0xAAA, 0xBAA, 0xC86}},
    {0x8E3A, {0x000, 0xF08, 0x91E, 0x9EA, 0xF3E, 0x24A, 0xA9E, 0xBE8, 0xA3E, 0xAA8, 0xB40, 0xCBE}},
    {0x8E3D, {0x000, 0xF0C, 0x970, 0x910, 0x97C, 0xF54, 0x27C, 0x310, 0xAFE, 0xA92, 0xB9A, 0xCB6}},
    {0x8E40, {0x000, 0xF54, 0x9FE, 0x954, 0x95C, 0xF40, 0x27E, 0xB10, 0xAFE, 0xA38, 0xB54, 0xC92}},
    {0x8E41, {0x000, 0xF3C, 0x940, 0x97C, 0xF44, 0x27C, 0xA40, 0xB7E, 0xAAA, 0xAFE, 0xBAA, 0xC86}},
    {0x8E42, {0x000, 0xF7C, 0x908, 0x97E, 0xF2A, 0x248, 0x218, 0xB10, 0xAFE, 0xA54, 0xB54, 0xE92}},
    {0x8E44, {0x000, 0xF10, 0x9FE, 0x944, 0xF28, 0x2FE, 0xA92, 0xB7C, 0xA54, 0xA54, 0xB5C, 0xE10}},
    {0x8E47, {0x000, 0x040, 0xFFE, 0x912, 0x7FC, 0x110, 0xFFE, 0x318, 0xD16, 0x1F0, 0x140, 0x6FC}},
    {0x8E48, {0x000, 0xF06, 0x978, 0x92A, 0xF40, 0x210, 0x266, 0xB42, 0xA66, 0xA42, 0xB42, 0xE7E}},
    {0x8E49, {0x000, 0xF24, 0x9FE, 0x910, 0xF7C, 0x210, 0x2FE, 0xB20, 0xA7E, 0xA88, 0xB08, 0xE7E}},
    {0x8E4A, {0x000, 0xF7E, 0x954, 0x920, 0xF68, 0x210, 0x224, 0xB7A, 0xA10, 0xA7C, 0xB28, 0xEC6}},
    {0x8E4B, {0x000, 0xF7E, 0x942, 0x97E, 0xF42, 0x27E, 0xA00, 0xBEE, 0xAAA, 0xA66, 0xBAA, 0xE66}},
    {0x8E51, {0x000, 0xFFE, 0x924, 0x93C, 0xF24, 0x27E, 0xB04, 0xAFE, 0xA2A, 0xAAA, 0xB44, 0xCAA}},
    {0x8E52, {0x000, 0xF28, 0x9FE, 0x928, 0xF00, 0x2FE, 0xA28, 0xBFE, 0xAAA, 0xAD6, 0xB82, 0xE86}},
    {0x8E59, {0x000, 0x014, 0xFFE, 0x910, 0xFD4, 0x90A, 0xD56, 0x7FC, 0x404, 0x7FC, 0x240, 0xDFE}},
    {0x8E66, {0x000, 0xE92, 0xA92, 0xAFE, 0xE00, 0x4EE, 0x4AA, 0x6EE, 0x4AA, 0x4EE, 0x6AA, 0xCAA}},
    {0x8E69, {0x000, 0x548, 0x92E, 0xFF2, 0xBAA, 0xD64, 0x92A, 0xBF8, 0x208, 0x3FC, 0x240, 0xDFE}},
    {0x8E6C, {0x000, 0xEFE, 0xA54, 0xAAA, 0xE44, 0x2BA, 0xA00, 0xB7C, 0xA44, 0xA7C, 0xB28, 0xEFE}},
    {0x8E6D, {0x000, 0xF24, 0x97E, 0x966, 0xF5A, 0x27E, 0xA00, 0xB7E, 0xA42, 0xA7E, 0xB42, 0xE7E}},
    {0x8E6F, {0x000, 0xF0C, 0x970, 0x954, 0xFFE, 0x238, 0xAD6, 0xB7C, 0xA54, 0xA7C, 0xB54, 0xC7C}},
    {0x8E70, {0x000, 0xEFE, 0xA80, 0xAF4, 0xE84, 0x2FE, 0xA94, 0xBF4, 0xAAC, 0xAA4, 0xB34, 0xCCC}},
    {0x8E72, {0x000, 0xF44, 0x9BA, 0x928, 0xFFE, 0x2AA, 0x2FE, 0xB82, 0xAFE, 0xA04, 0xAFE, 0xE4C}},
    {0x8E74, {0x000, 0xF4A, 0x9E8, 0x91E, 0xFE8, 0x2A8, 0xAE8, 0xB4C, 0xAEC, 0xA4C, 0xB54, 0xED6}},
    {0x8E76, {0x000, 0xFFE, 0x880, 0x8D8, 0xF8E, 0x2FA, 0x2AA, 0xBAC, 0xAF4, 0xAA4, 0xAAA, 0xF4A}},
    {0x8E7C, {0x000, 0xFAA, 0x928, 0x9FE, 0xF44, 0x2FE, 0x210, 0xB7C, 0xA10, 0xAFE, 0xB28, 0xEC6}},
    {0x8E7F, {0x000, 0xF10, 0x9FE, 0x9AA, 0x944, 0xF10, 0x27C, 0x354, 0xAFE, 0xA92, 0xBFE, 0xE10}},
    {0x8E81, {0x000, 0xF7C, 0x944, 0x97C, 0xF00, 0x2EE, 0x2AA, 0xBEE, 0xA10, 0xAFE, 0xB54, 0xE92}},
    {0x8E85, {0x000, 0xFFE, 0x8AA, 0x8FE, 0xFC0, 0x27E, 0x2A2, 0xBFA, 0xAAA, 0xAFA, 0xB2A, 0xEF6}},
    {0x8E87, {0x000, 0xF44, 0x9FE, 0x910, 0xF7C, 0x214, 0x2FE, 0xB14, 0xA3E, 0xAE2, 0xB22, 0xE3E}},
    {0x8E8F, {0x000, 0xE28, 0xAFE, 0xA28, 0xE9E, 0x252, 0xAAA, 0xBFE, 0xAAA, 0xABE, 0xBAA, 0xCBE}},
    {0x8E90, {0x000, 0xF54, 0x9A8, 0x954, 0xFFE, 0x2AA, 0xA92, 0xBFE, 0xAA8, 0xAF8, 0xBAA, 0xC56}},
    {0x8E94, {0x000, 0xFEE, 0x8AA, 0x8EE, 0xF82, 0x2AA, 0x2BE, 0xBEA, 0xABE, 0xAAA, 0xBAA, 0xEBE}},
    {0x8E9C, {0x000, 0xEA4, 0xAFE, 0xB24, 0xFFE, 0x26C, 0x2B6, 0xB7C, 0xA44, 0xA54, 0xB10, 0xCEE}},
    {0x8E9E, {0x000, 0xF5C, 0x9C6, 0x97C, 0xF44, 0x2BA, 0xAAA, 0xB28, 0xAFC, 0xA44, 0xB38, 0xCC6}},
    {0x8EAB, {0x000, 0x180, 0x7FC, 0x404, 0x7FC, 0x404, 0x7FC, 0x406, 0xFFC, 0x034, 0x1C4, 0xE1C}},
    {0x8EAC, {0x000, 0x11E, 0x7C2, 0x442, 0x7DE, 0x450, 0x7D0, 0x45E, 0xFC2, 0x142, 0xE42, 0x0CE}},
    {0x8EAF, {0x000, 0x23E, 0x7A0, 0x4AA, 0x7AA, 0x4A4, 0x7A4, 0x4E4, 0xFAA, 0x2AA, 0xCA0, 0x1BE}},
    {0x8EB2, {0x000, 0x23C, 0x7A4, 0x4A4, 0x7A4, 0x4C6, 0x790, 0x490, 0xFFE, 0x290, 0x4D4, 0x992}},
    {0x8EBA, {0x000, 0x492, 0xE54, 0xA10, 0xEFE, 0xA82, 0xEBA, 0xAAA, 0xFAA, 0x2BA, 0x682, 0xA8E}},
    {0x8ECE, {0x000, 0x040, 0xFFE, 0x248, 0x3F8, 0x248, 0x3F8, 0x040, 0xFFE, 0x208, 0x208, 0x3F8}},
    {0x8F66, {0x000, 0x080, 0xFFE, 0x100, 0x240, 0x440, 0xFFE, 0x040, 0x040, 0xFFE, 0x040, 0x040}},
    {0x8F67, {0x000, 0x440, 0xF40, 0x440, 0xA40, 0xA40, 0xF40, 0x242, 0x242, 0xF42, 0x242, 0x27E}},
    {0x8F68, {0x000, 0x220, 0xFA0, 0x478, 0x528, 0x928, 0xFA8, 0x128, 0x1A8, 0xF2A, 0x14A, 0x14E}},
    {0x8F69, {0x000, 0x400, 0xF7C, 0x410, 0xA10, 0xA10, 0xF10, 0x2FE, 0x210, 0xF10, 0x210, 0x210}},
    {0x8F6B, {0x000, 0x200, 0xFBE, 0x40A, 0x50A, 0x92A, 0xFAA, 0x14A, 0x192, 0xF12, 0x122, 0x14C}},
    {0x8F6C, {0x000, 0x410, 0xF7C, 0x410, 0xA10, 0xA7E, 0xF20, 0x27E, 0x204, 0xF28, 0x210, 0x208}},
    {0x8F6D, {0x000, 0x47E, 0xF40, 0x45E, 0x852, 0xA52, 0xF52, 0x256, 0x350, 0xE52, 0x292, 0x28E}},
    {0x8F6E, {0x000, 0x210, 0xF90, 0x428, 0x444, 0xA82, 0xF40, 0x24C, 0x270, 0xFC2, 0x242, 0x27E}},
    {0x8F6F, {0x000, 0x440, 0xF7E, 0x482, 0xA12, 0xA10, 0xF10, 0x228, 0x228, 0xF28, 0x244, 0x282}},
    {0x8F70, {0x000, 0x100, 0xFFE, 0x240, 0x7FC, 0x040, 0xFFE, 0x040, 0xFBE, 0x514, 0x208, 0xDB6}},
    {0x8F71, {0x000, 0x208, 0xF88, 0x408, 0x57E, 0x908, 0xF88, 0x13E, 0x1A2, 0xF22, 0x122, 0x13E}},
    {0x8F72, {0x000, 0x4FE, 0xF04, 0x474, 0x854, 0xA54, 0xF54, 0x254, 0x374, 0xE04, 0x204, 0x21C}},
    {0x8F73, {0x000, 0x410, 0xF1E, 0x410, 0x87E, 0xA42, 0xF42, 0x27E, 0x340, 0xE40, 0x280, 0x280}},
    {0x8F74, {0x000, 0x408, 0xF88, 0x43E, 0xA2A, 0xA2A, 0xFAA, 0x23E, 0x22A, 0xFAA, 0x22A, 0x23E}},
    {0x8F75, {0x000, 0x200, 0xFBE, 0x422, 0x522, 0x922, 0xFA2, 0x13E, 0x180, 0xF14, 0x122, 0x142}},
    {0x8F76, {0x000, 0x408, 0xF28, 0x428, 0x83E, 0xA48, 0xF08, 0x27E, 0x308, 0xE18, 0x224, 0x2C2}},
    {0x8F77, {0x000, 0x40C, 0xF70, 0x412, 0x894, 0xA58, 0xF10, 0x2FE, 0x310, 0xE10, 0x210, 0x270}},
    {0x8F78, {0x000, 0x410, 0xF28, 0x444, 0x892, 0xA20, 0xF48, 0x210, 0x364, 0xE08, 0x210, 0x260}},
    {0x8F79, {0x000, 0x406, 0xF38, 0x420, 0x828, 0xA48, 0xF7E, 0x208, 0x32C, 0xE4A, 0x28A, 0x218}},
    {0x8F7A, {0x000, 0x23E, 0xF8A, 0x40A, 0x512, 0x912, 0xFA6, 0x100, 0x1BE, 0xF22, 0x122, 0x13E}},
    {0x8F7B, {0x000, 0x43E, 0xF82, 0x404, 0x408, 0xA36, 0xF80, 0x23E, 0x208, 0xF88, 0x208, 0x23E}},
    {0x8F7C, {0x000, 0x40C, 0xF0A, 0x408, 0x8FE, 0xA08, 0xFE8, 0x248, 0x34A, 0xE6A, 0x2C6, 0x202}},
    {0x8F7D, {0x000, 0x114, 0xFD2, 0x110, 0xFFE, 0x210, 0xFD4, 0x514, 0xFC8, 0x10A, 0xFCA, 0x114}},
    {0x8F7E, {0x000, 0x4FE, 0xF10, 0x420, 0x844, 0xAFE, 0xF10, 0x210, 0x37C, 0xE10, 0x210, 0x2FE}},
    {0x8F7F, {0x000, 0x40E, 0xF70, 0x410, 0xA7E, 0xA24, 0xF66, 0x224, 0x224, 0xF24, 0x224, 0x224}},
    {0x8F81, {0x000, 0x410, 0xF28, 0x444, 0x882, 0xA7C, 0xF10, 0x210, 0x37C, 0xE10, 0x210, 0x2FE}},
    {0x8F82, {0x000, 0x210, 0xF9E, 0x422, 0x554, 0x908, 0xFB6, 0x100, 0x1BE, 0xF22, 0x122, 0x13E}},
    {0x8F83, {0x000, 0x408, 0xF7E, 0x400, 0xA24, 0xA42, 0xF24, 0x224, 0x214, 0xF08, 0x218, 0x266}},
    {0x8F84, {0x000, 0x4FE, 0xF54, 0x454, 0x874, 0xA54, 0xF74, 0x254, 0x35C, 0xE74, 0x2D4, 0x216}},
    {0x8F85, {0x000, 0x414, 0xF10, 0x4FE, 0x810, 0xAFE, 0xF92, 0x2FE, 0x392, 0xEFE, 0x292, 0x296}},
    {0x8F86, {0x000, 0x4FE, 0xF28, 0x4FE, 0xAAA, 0xAAA, 0xFAA, 0x2AA, 0x2D6, 0xF82, 0x282, 0x286}},
    {0x8F87, {0x000, 0x208, 0x71C, 0x208, 0xFBE, 0x514, 0xFFA, 0x240, 0x7F8, 0x040, 0xFFE, 0x040}},
    {0x8F88, {0x000, 0x0A0, 0xFBE, 0x0A0, 0xFBE, 0x0A0, 0xFFE, 0x240, 0x7FC, 0x040, 0xFFE, 0x040}},
    {0x8F89, {0x000, 0x27E, 0xA42, 0x710, 0x27E, 0xFA0, 0x548, 0x57E, 0x508, 0x57E, 0x988, 0x908}},
    {0x8F8A, {0x000, 0x47E, 0xF42, 0x47E, 0x842, 0xA7E, 0xF00, 0x248, 0x37E, 0xE48, 0x25A, 0x26E}},
    {0x8F8B, {0x000, 0x4FE, 0xF82, 0x4AA, 0x892, 0xAFE, 0xF92, 0x2FE, 0x3A2, 0xEBA, 0x282, 0x28E}},
    {0x8F8D, {0x000, 0x4FE, 0xF22, 0x4AA, 0x844, 0xAAA, 0xF00, 0x2FE, 0x32A, 0xEAA, 0x244, 0x2AA}},
    {0x8F8E, {0x000, 0x22A, 0xFD4, 0x454, 0x52A, 0x92A, 0xF80, 0x13E, 0x1AA, 0xF3E, 0x12A, 0x13E}},
    {0x8F8F, {0x000, 0x47C, 0xF10, 0x47C, 0x828, 0xAFE, 0xF44, 0x2BA, 0x310, 0xEFE, 0x228, 0x2C6}},
    {0x8F90, {0x000, 0x23E, 0xF80, 0x43E, 0x522, 0x93E, 0xF80, 0x13E, 0x1AA, 0xF3E, 0x12A, 0x13E}},
    {0x8F91, {0x000, 0x47C, 0xF44, 0x47C, 0xA00, 0xAFE, 0xF44, 0x27C, 0x244, 0xF7E, 0x244, 0x204}},
    {0x8F93, {0x000, 0x410, 0xF28, 0x444, 0xABA, 0xA00, 0xFE2, 0x2AA, 0x2EA, 0xFAA, 0x2E2, 0x2A6}},
    {0x8F94, {0x000, 0x444, 0x5F4, 0x888, 0xDFC, 0x444, 0x9F8, 0xE4E, 0x000, 0xFFE, 0x802, 0xFFE}},
    {0x8F95, {0x000, 0x410, 0xF7C, 0x410, 0xAFE, 0xA00, 0xFFE, 0x282, 0x2FE, 0xF54, 0x2C8, 0x266}},
    {0x8F96, {0x000, 0x410, 0xFFE, 0x492, 0xA7C, 0xA10, 0xF7C, 0x210, 0x2FE, 0xF82, 0x282, 0x2FE}},
    {0x8F97, {0x000, 0x47E, 0xF42, 0x442, 0xA7E, 0xA54, 0xF7E, 0x254, 0x27E, 0xF6A, 0x2A4, 0x2B2}},
    {0x8F98, {0x000, 0x410, 0xFFE, 0x4A8, 0x8FE, 0xAAA, 0xFFE, 0x280, 0x3AA, 0xEBC, 0x2AA, 0x33E}},
    {0x8F99, {0x000, 0x444, 0xEE8, 0x4AE, 0x9F2, 0xA0A, 0xEEA, 0x4AA, 0x4EA, 0xEA4, 0x4EA, 0x4AA}},
    {0x8F9A, {0x000, 0x492, 0xF54, 0x4FE, 0x838, 0xA54, 0xF92, 0x224, 0x37E, 0xED4, 0x23E, 0x2C4}},
    {0x8F9B, {0x000, 0x040, 0xFFE, 0x208, 0x110, 0xFFE, 0x040, 0x040, 0xFFE, 0x040, 0x040, 0x040}},
    {0x8F9C, {0x000, 0x040, 0xFFE, 0x040, 0x7FC, 0x404, 0x7FC, 0x040, 0xFFE, 0x110, 0xFFE, 0x040}},
    {0x8F9E, {0x000, 0x188, 0xE3E, 0x200, 0xF94, 0x200, 0x23E, 0xF88, 0x888, 0x8BE, 0x888, 0xF88}},
    {0x8F9F, {0x000, 0x788, 0x4BE, 0x494, 0x794, 0x414, 0x43E, 0x788, 0x688, 0x6BE, 0xA88, 0xB88}},
    {0x8FA3, {0x000, 0x210, 0xFFE, 0x010, 0x57C, 0x054, 0xFD4, 0x27C, 0x338, 0xE54, 0x292, 0x410}},
    {0x8FA8, {0x000, 0x424, 0xEAE, 0x0A0, 0xAAA, 0x0A0, 0xEAE, 0x4A4, 0x6A4, 0xC2E, 0x444, 0x844}},
    {0x8FA9, {0x000, 0x484, 0xE4E, 0x000, 0xAEA, 0x040, 0xE4E, 0x444, 0x64E, 0xC44, 0x464, 0x8C4}},
    {0x8FAB, {0x000, 0x444, 0xE4E, 0x080, 0xAEA, 0x040, 0xE4E, 0x484, 0x6E4, 0xC0E, 0x424, 0x8C4}},
    {0x8FB0, {0x000, 0x7FE, 0x400, 0x7FC, 0x400, 0x7FE, 0x510, 0x512, 0x514, 0x508, 0x964, 0xB82}},
    {0x8FB1, {0x000, 0x7FE, 0x400, 0x7FC, 0x400, 0x7FE, 0x508, 0xBC6, 0x008, 0xFFE, 0x208, 0x018}},
    {0x8FB6, {0x000, 0x800, 0x400, 0x000, 0x000, 0xC00, 0x400, 0x400, 0x400, 0x400, 0x400, 0xBFE}},
    {0x8FB9, {0x000, 0x840, 0x440, 0x1FE, 0x042, 0xC42, 0x442, 0x482, 0x482, 0x50E, 0x400, 0xBFE}},
    {0x8FBD, {0x000, 0x9FC, 0x408, 0x010, 0x020, 0xC20, 0x420, 0x420, 0x420, 0x460, 0x400, 0xBFE}},
    {0x8FBE, {0x000, 0x820, 0x420, 0x1FC, 0x020, 0xC50, 0x450, 0x488, 0x488, 0x504, 0x400, 0xBFE}},
    {0x8FC1, {0x000, 0x80C, 0x4F0, 0x010, 0x010, 0xDFE, 0x410, 0x410, 0x410, 0x410, 0x400, 0xBFE}},
    {0x8FC2, {0x000, 0x8FE, 0x410, 0x010, 0x010, 0xCFE, 0x410, 0x410, 0x410, 0x470, 0x400, 0xBFE}},
    {0x8FC4, {0x000, 0x880, 0x4FE, 0x100, 0x0FC, 0xC04, 0x418, 0x460, 0x482, 0x47E, 0x400, 0xBFE}},
    {0x8FC5, {0x000, 0xBF8, 0x408, 0x088, 0x088, 0xDE8, 0x488, 0x48A, 0x48A, 0x484, 0x400, 0xBFE}},
    {0x8FC7, {0x000, 0x808, 0x408, 0x1FE, 0x008, 0xC88, 0x448, 0x448, 0x408, 0x438, 0x400, 0xBFE}},
    {0x8FC8, {0x000, 0x9FE, 0x440, 0x040, 0x07E, 0xC42, 0x442, 0x482, 0x482, 0x50E, 0x400, 0xBFE}},
    {0x8FCE, {0x000, 0x85E, 0x592, 0x112, 0x112, 0xD12, 0x512, 0x552, 0x796, 0x410, 0x410, 0xBFE}},
    {0x8FD0, {0x000, 0x8FC, 0x400, 0x000, 0x1FE, 0xC20, 0x440, 0x444, 0x484, 0x5FA, 0x400, 0xBFE}},
    {0x8FD1, {0x000, 0x80C, 0x4F0, 0x080, 0x080, 0xCFE, 0x488, 0x488, 0x488, 0x508, 0x400, 0xBFE}},
    {0x8FD3, {0x000, 0x8FE, 0x448, 0x048, 0x088, 0xDFE, 0x418, 0x428, 0x5C8, 0x418, 0x400, 0xBFE}},
    {0x8FD4, {0x000, 0x8FE, 0x480, 0x080, 0x0FE, 0xCA2, 0x4A2, 0x494, 0x508, 0x536, 0x400, 0xBFE}},
    {0x8FD5, {0x000, 0x880, 0x4FE, 0x090, 0x110, 0xC10, 0x5FE, 0x410, 0x410, 0x410, 0x400, 0xBFE}},
    {0x8FD8, {0x000, 0x9FE, 0x410, 0x020, 0x060, 0xCA8, 0x526, 0x420, 0x420, 0x420, 0x400, 0xBFE}},
    {0x8FD9, {0x000, 0x820, 0x5FE, 0x084, 0x084, 0xC84, 0x448, 0x448, 0x430, 0x5CE, 0x400, 0xBFE}},
    {0x8FDB, {0x000, 0x848, 0x448, 0x1FE, 0x048, 0xC48, 0x5FE, 0x448, 0x448, 0x488, 0x400, 0xBFE}},
    {0x8FDC, {0x000, 0x8FC, 0x400, 0x000, 0x1FE, 0xC48, 0x448, 0x48A, 0x48A, 0x50E, 0x400, 0xBFE}},
    {0x8FDD, {0x000, 0x820, 0x5FE, 0x020, 0x0FC, 0xC20, 0x5FE, 0x422, 0x426, 0x420, 0x400, 0xBFE}},
    {0x8FDE, {0x000, 0x820, 0x5FC, 0x040, 0x0A0, 0xDFC, 0x420, 0x420, 0x5FC, 0x420, 0x400, 0xBFE}},
    {0x8FDF, {0x000, 0x8FC, 0x484, 0x084, 0x0FC, 0xC90, 0x490, 0x488, 0x508, 0x504, 0x400, 0xBFE}},
    {0x8FE2, {0x000, 0x9FC, 0x444, 0x084, 0x11C, 0xC00, 0x5FC, 0x504, 0x504, 0x5FC, 0x400, 0xBFE}},
    {0x8FE4, {0x000, 0x880, 0x4FC, 0x120, 0x0BC, 0xCE4, 0x5A4, 0x4AC, 0x4A2, 0x4FE, 0x400, 0xBFE}},
    {0x8FE5, {0x000, 0x9FC, 0x504, 0x104, 0x174, 0xD54, 0x554, 0x574, 0x504, 0x50C, 0x400, 0xBFE}},
    {0x8FE6, {0x000, 0x880, 0x48E, 0x3EA, 0x0AA, 0xCAA, 0x4AA, 0x4AA, 0x52A, 0x56E, 0x400, 0xBFE}},
    {0x8FE8, {0x000, 0x840, 0x448, 0x088, 0x1F4, 0xC00, 0x5FC, 0x504, 0x504, 0x5FC, 0x400, 0xBFE}},
    {0x8FE9, {0x000, 0x880, 0x4FE, 0x082, 0x110, 0xC10, 0x492, 0x492, 0x410, 0x470, 0x400, 0xBFE}},
    {0x8FEA, {0x000, 0x820, 0x420, 0x1FC, 0x124, 0xD24, 0x5FC, 0x524, 0x524, 0x5FC, 0x400, 0xBFE}},
    {0x8FEB, {0x000, 0x820, 0x440, 0x1FC, 0x104, 0xD04, 0x5FC, 0x504, 0x504, 0x5FC, 0x400, 0xBFE}},
    {0x8FED, {0x000, 0x810, 0x490, 0x0FE, 0x110, 0xC10, 0x4FE, 0x428, 0x444, 0x482, 0x400, 0xBFE}},
    {0x8FEE, {0x000, 0x840, 0x440, 0x0FE, 0x120, 0xC3C, 0x420, 0x43C, 0x420, 0x420, 0x400, 0xBFE}},
    {0x8FF0, {0x000, 0x824, 0x420, 0x1FC, 0x020, 0xC20, 0x4A8, 0x4A8, 0x524, 0x420, 0x400, 0xBFE}},
    {0x8FF3, {0x000, 0x8FC, 0x408, 0x010, 0x028, 0xDC6, 0x400, 0x5FE, 0x410, 0x5FE, 0x400, 0xBFE}},
    {0x8FF7, {0x000, 0x924, 0x4A8, 0x020, 0x1FC, 0xC20, 0x470, 0x4A8, 0x524, 0x420, 0x400, 0xBFE}},
    {0x8FF8, {0x000, 0x884, 0x448, 0x1FE, 0x048, 0xC48, 0x5FE, 0x448, 0x448, 0x488, 0x400, 0xBFE}},
    {0x8FF9, {0x000, 0x810, 0x4FE, 0x028, 0x028, 0xCAC, 0x4AA, 0x52A, 0x448, 0x458, 0x400, 0xBFE}},
    {0x8FFD, {0x000, 0x820, 0x4FE, 0x082, 0x0FE, 0xC80, 0x4FE, 0x482, 0x482, 0x4FE, 0x400, 0xBFE}},
    {0x9000, {0x000, 0x8FC, 0x484, 0x0FC, 0x084, 0xCFC, 0x4A2, 0x494, 0x488, 0x5E6, 0x400, 0xBFE}},
    {0x9001, {0x000, 0x888, 0x450, 0x1FC, 0x020, 0xC20, 0x5FC, 0x450, 0x488, 0x504, 0x400, 0xBFE}},
    {0x9002, {0x000, 0x81C, 0x5E0, 0x020, 0x1FC, 0xC20, 0x5FC, 0x504, 0x504, 0x5FC, 0x400, 0xBFE}},
    {0x9003, {0x000, 0x850, 0x554, 0x0D8, 0x050, 0xCD8, 0x554, 0x450, 0x452, 0x59E, 0x400, 0xBFE}},
    {0x9004, {0x000, 0x820, 0x47C, 0x1C4, 0x038, 0xDC6, 0x410, 0x4FC, 0x490, 0x5FE, 0x410, 0xBFE}},
    {0x9005, {0x000, 0x806, 0x4F8, 0x080, 0x0FE, 0xC80, 0x4BE, 0x4A2, 0x522, 0x53E, 0x400, 0xBFE}},
    {0x9006, {0x000, 0x904, 0x488, 0x3FE, 0x020, 0xD24, 0x524, 0x5FC, 0x420, 0x420, 0x440, 0xBFE}},
    {0x9009, {0x000, 0x8A0, 0x4FC, 0x120, 0x020, 0xDFE, 0x448, 0x448, 0x44A, 0x58E, 0x400, 0xBFE}},
    {0x900A, {0x000, 0x9E8, 0x428, 0x048, 0x05C, 0xC6A, 0x5C8, 0x448, 0x448, 0x4D8, 0x400, 0xBFE}},
    {0x900B, {0x000, 0x828, 0x5FC, 0x020, 0x1FC, 0xD24, 0x5FC, 0x524, 0x5FC, 0x524, 0x400, 0xBFE}},
    {0x900D, {0x000, 0x924, 0x4A8, 0x1FC, 0x104, 0xDFC, 0x504, 0x5FC, 0x504, 0x50C, 0x400, 0xBFE}},
    {0x900F, {0x000, 0x9FC, 0x420, 0x3FE, 0x0A8, 0xF26, 0x5F8, 0x48C, 0x484, 0x51C, 0x400, 0xBFE}},
    {0x9010, {0x000, 0x9FE, 0x420, 0x1D4, 0x038, 0xC50, 0x598, 0x434, 0x452, 0x590, 0x460, 0xBFE}},
    {0x9011, {0x000, 0x824, 0x5FE, 0x020, 0x124, 0xCA8, 0x420, 0x4A8, 0x524, 0x460, 0x400, 0xBFE}},
    {0x9012, {0x000, 0x888, 0x450, 0x1FC, 0x024, 0xDFC, 0x520, 0x5FC, 0x464, 0x5AC, 0x400, 0xBFE}},
    {0x9014, {0x000, 0x820, 0x4D8, 0x306, 0x0F8, 0xC20, 0x5FC, 0x420, 0x4A8, 0x564, 0x400, 0xBFE}},
    {0x9016, {0x000, 0x884, 0x448, 0x1FE, 0x048, 0xC48, 0x5FE, 0x448, 0x448, 0x488, 0x400, 0xBFE}},
    {0x9017, {0x000, 0x9FC, 0x400, 0x1FC, 0x104, 0xD04, 0x5FC, 0x488, 0x450, 0x5FC, 0x400, 0xBFE}},
    {0x901A, {0x000, 0x9FC, 0x448, 0x030, 0x1FC, 0xD24, 0x5FC, 0x524, 0x5FC, 0x524, 0x400, 0xBFE}},
    {0x901B, {0x000, 0x8BE, 0x448, 0x0C8, 0x148, 0xC7E, 0x4C8, 0x548, 0x448, 0x5BE, 0x400, 0xBFE}},
    {0x901D, {0x000, 0x89E, 0x5D0, 0x090, 0x09E, 0xCD4, 0x594, 0x494, 0x494, 0x5A4, 0x400, 0xBFE}},
    {0x901E, {0x000, 0x8FE, 0x482, 0x0FE, 0x000, 0xCFE, 0x410, 0x4FE, 0x410, 0x4FE, 0x400, 0xBFE}},
    {0x901F, {0x000, 0x820, 0x5FC, 0x020, 0x1FC, 0xD24, 0x5FC, 0x4A8, 0x4A8, 0x524, 0x400, 0xBFE}},
    {0x9020, {0x000, 0x8A0, 0x4FC, 0x120, 0x020, 0xDFC, 0x400, 0x5FC, 0x504, 0x5FC, 0x400, 0xBFE}},
    {0x9021, {0x000, 0x840, 0x484, 0x1FA, 0x054, 0xD9C, 0x478, 0x4C8, 0x430, 0x5CE, 0x400, 0xBFE}},
    {0x9022, {0x000, 0x820, 0x47C, 0x1C4, 0x038, 0x1C6, 0xC10, 0x47C, 0x410, 0x4FE, 0x410, 0xBFE}},
    {0x9026, {0x000, 0x9FC, 0x400, 0x1FC, 0x124, 0xD24, 0x5B4, 0x56C, 0x524, 0x524, 0x400, 0xBFE}},
    {0x902D, {0x000, 0x810, 0x5FE, 0x102, 0x0FC, 0xC84, 0x4FC, 0x480, 0x4FE, 0x482, 0x482, 0xBFE}},
    {0x902E, {0x000, 0x820, 0x5FC, 0x024, 0x3FE, 0xC24, 0x5FC, 0x524, 0x4A8, 0x726, 0x460, 0xBFE}},
    {0x902F, {0x000, 0x878, 0x448, 0x0F0, 0x010, 0xDFC, 0x420, 0x574, 0x4A8, 0x564, 0x400, 0xBFE}},
    {0x9035, {0x000, 0x820, 0x4F8, 0x020, 0x1FC, 0xC90, 0x52C, 0x4F8, 0x420, 0x5FC, 0x400, 0xBFE}},
    {0x9036, {0x000, 0x8F8, 0x420, 0x1FC, 0x070, 0xDAC, 0x420, 0x5FC, 0x448, 0x430, 0x4C8, 0xBFE}},
    {0x9038, {0x000, 0x8F8, 0x508, 0x1FC, 0x124, 0xD24, 0x5FC, 0x450, 0x454, 0x59C, 0x400, 0xBFE}},
    {0x903B, {0x000, 0x9FC, 0x554, 0x1FC, 0x040, 0xC78, 0x488, 0x550, 0x420, 0x4C0, 0x400, 0xBFE}},
    {0x903C, {0x000, 0x9FC, 0x400, 0x1FC, 0x104, 0xDFC, 0x400, 0x5FC, 0x524, 0x5FC, 0x524, 0xBFE}},
    {0x903E, {0x000, 0x870, 0x428, 0x044, 0x1BA, 0xC00, 0x5EA, 0x5AA, 0x574, 0x5AA, 0x56A, 0xBFE}},
    {0x9041, {0x000, 0x9FE, 0x510, 0x1FE, 0x110, 0xD7E, 0x542, 0x57E, 0x542, 0x57E, 0x400, 0xBFE}},
    {0x9042, {0x000, 0x848, 0x5FE, 0x020, 0x1D2, 0xC34, 0x5D8, 0x438, 0x5D4, 0x412, 0x460, 0xBFE}},
    {0x9044, {0x000, 0x924, 0x5FC, 0x000, 0x1FC, 0xC20, 0x5FC, 0x554, 0x554, 0x554, 0x400, 0xBFE}},
    {0x9047, {0x000, 0x8FE, 0x492, 0x0FE, 0x092, 0xCFE, 0x410, 0x4FE, 0x492, 0x4BA, 0x486, 0xBFE}},
    {0x904D, {0x000, 0x9FE, 0x484, 0x0FC, 0x080, 0xCFE, 0x4AA, 0x5FE, 0x5AA, 0x486, 0x400, 0xBFE}},
    {0x904F, {0x000, 0x9FC, 0x504, 0x1FC, 0x104, 0xDFE, 0x492, 0x52A, 0x482, 0x4F6, 0x400, 0xBFE}},
    {0x9050, {0x000, 0x9DC, 0x544, 0x1DC, 0x100, 0xDFC, 0x514, 0x5C8, 0x518, 0x524, 0x400, 0xBFE}},
    {0x9051, {0x000, 0x820, 0x4FC, 0x084, 0x0FC, 0xC84, 0x484, 0x5FE, 0x420, 0x5FE, 0x420, 0xBFE}},
    {0x9052, {0x000, 0x884, 0x448, 0x1FE, 0x048, 0xDFE, 0x54A, 0x5CE, 0x502, 0x57A, 0x502, 0xBFE}},
    {0x9053, {0x000, 0x848, 0x5FE, 0x020, 0x0FC, 0xC84, 0x4FC, 0x484, 0x4FC, 0x484, 0x484, 0xBFE}},
    {0x9057, {0x000, 0x820, 0x5FC, 0x124, 0x1FC, 0xC20, 0x5FC, 0x524, 0x524, 0x450, 0x488, 0xBFE}},
    {0x9058, {0x000, 0x848, 0x4FC, 0x048, 0x1FE, 0xCA4, 0x5FE, 0x4A4, 0x5FE, 0x484, 0x48C, 0xBFE}},
    {0x905B, {0x000, 0x840, 0x5BC, 0x114, 0x1D4, 0xD54, 0x42C, 0x5FC, 0x524, 0x5FC, 0x524, 0xBFE}},
    {0x9062, {0x000, 0x9F8, 0x568, 0x108, 0x060, 0xDFC, 0x4AC, 0x574, 0x4AC, 0x574, 0x400, 0xBFE}},
    {0x9063, {0x000, 0x9FC, 0x524, 0x3FE, 0x000, 0xDFC, 0x504, 0x5FC, 0x500, 0x5FC, 0x504, 0xBFE}},
    {0x9065, {0x000, 0x8FE, 0x400, 0x054, 0x0FE, 0xC10, 0x4FE, 0x410, 0x492, 0x4FE, 0x400, 0xBFE}},
    {0x9068, {0x000, 0x888, 0x5C8, 0x08E, 0x1F2, 0xC8A, 0x5EA, 0x484, 0x4E4, 0x52A, 0x452, 0xBFE}},
    {0x906D, {0x000, 0x850, 0x7FE, 0x154, 0x1FC, 0xD54, 0x5FC, 0x488, 0x4F8, 0x488, 0x488, 0xBFE}},
    {0x906E, {0x000, 0x810, 0x5FE, 0x100, 0x144, 0xDFE, 0x544, 0x57C, 0x600, 0x6AA, 0x400, 0xBFE}},
    {0x9074, {0x000, 0x892, 0x454, 0x1FE, 0x058, 0xC94, 0x4FE, 0x554, 0x43E, 0x4C4, 0x400, 0xBFE}},
    {0x9075, {0x000, 0x848, 0x5FE, 0x048, 0x1FE, 0xD4A, 0x58E, 0x502, 0x5FE, 0x444, 0x40C, 0xBFE}},
    {0x907D, {0x000, 0x87E, 0x440, 0x1FE, 0x142, 0xD7C, 0x510, 0x56A, 0x51C, 0x56A, 0x510, 0xBFE}},
    {0x907F, {0x000, 0x9C8, 0x57E, 0x154, 0x1D4, 0xD3E, 0x5C8, 0x75C, 0x548, 0x5C8, 0x400, 0xBFE}},
    {0x9080, {0x000, 0x888, 0x5EE, 0x12A, 0x1EA, 0xC9A, 0x5EA, 0x484, 0x4E4, 0x4AA, 0x56A, 0xBFE}},
    {0x9082, {0x000, 0x8EE, 0x52A, 0x1FA, 0x156, 0xDF4, 0x55E, 0x5F4, 0x51E, 0x534, 0x400, 0xBFE}},
    {0x9083, {0x000, 0x820, 0x5FC, 0x154, 0x098, 0xC50, 0x5FC, 0x424, 0x4D8, 0x434, 0x4D0, 0xBFE}},
    {0x9088, {0x000, 0x888, 0x53E, 0x2A2, 0x17E, 0xCE2, 0x57E, 0x4D4, 0x554, 0x5A6, 0x440, 0xBFE}},
    {0x908B, {0x000, 0x8A8, 0x550, 0x0A8, 0x1FC, 0xD54, 0x524, 0x5FC, 0x528, 0x5B8, 0x524, 0xBFE}},
    {0x9091, {0x000, 0x7FC, 0x404, 0x7FC, 0x000, 0xFFE, 0x842, 0x842, 0xFFE, 0x800, 0x802, 0xFFE}},
    {0x9093, {0x000, 0xFBE, 0x0A2, 0x0A2, 0x8A4, 0x8A4, 0x8A2, 0x4A2, 0x522, 0x23C, 0x520, 0x8A0}},
    {0x9095, {0x000, 0x248, 0x490, 0x248, 0x7F8, 0x408, 0xFFC, 0x844, 0xFFC, 0x800, 0x802, 0xFFE}},
    {0x9097, {0x000, 0x7DE, 0x112, 0x112, 0x114, 0xFF4, 0x112, 0x112, 0x112, 0x11C, 0x110, 0x110}},
    {0x9099, {0x000, 0x11E, 0x112, 0xFD2, 0x414, 0x414, 0x412, 0x412, 0x412, 0x41C, 0x7D0, 0x010}},
    {0x909B, {0x000, 0x03E, 0xFA2, 0x222, 0x224, 0x224, 0x222, 0x222, 0x222, 0x3BC, 0xE20, 0x020}},
    {0x909D, {0x000, 0x11E, 0x7D2, 0x412, 0x412, 0x414, 0x412, 0x412, 0x412, 0x416, 0x810, 0x810}},
    {0x90A1, {0x000, 0x21E, 0xFD2, 0x212, 0x214, 0x3D4, 0x252, 0x252, 0x252, 0x45C, 0x450, 0x9D0}},
    {0x90A2, {0x000, 0xFDE, 0x492, 0x492, 0x494, 0xFD4, 0x492, 0x492, 0x492, 0x49C, 0x490, 0x890}},
    {0x90A3, {0x000, 0xFDE, 0x252, 0x252, 0xFD4, 0x254, 0x252, 0xFD2, 0x252, 0x25C, 0x450, 0x9D0}},
    {0x90A6, {0x000, 0x11E, 0xFF2, 0x112, 0x114, 0x7D4, 0x112, 0x112, 0xFF2, 0x11C, 0x210, 0x410}},
    {0x90AA, {0x000, 0xFDE, 0x492, 0x492, 0x894, 0xFD4, 0x192, 0x292, 0x292, 0x49C, 0x890, 0x190}},
    {0x90AC, {0x000, 0x21E, 0x792, 0x492, 0x494, 0x594, 0x412, 0x7D2, 0x052, 0x35C, 0xC50, 0x1D0}},
    {0x90AE, {0x000, 0x21E, 0xFD2, 0xA52, 0xA54, 0xA54, 0xA52, 0xFD2, 0xA52, 0xA52, 0xA5C, 0xFD0}},
    {0x90AF, {0x000, 0x45E, 0x452, 0xFF2, 0x454, 0x454, 0x452, 0x7D2, 0x452, 0x45C, 0x450, 0x7D0}},
    {0x90B0, {0x000, 0x21E, 0x212, 0x492, 0x494, 0xF54, 0x012, 0x012, 0xFD2, 0x85C, 0x850, 0xFD0}},
    {0x90B1, {0x000, 0x0DE, 0x712, 0x412, 0x414, 0x7D4, 0x492, 0x492, 0x492, 0x49C, 0x490, 0xFD0}},
    {0x90B3, {0x000, 0xFDE, 0x112, 0x112, 0x394, 0x554, 0x912, 0x112, 0x112, 0x11C, 0x010, 0xFD0}},
    {0x90B4, {0x000, 0xFEE, 0x10A, 0xFEA, 0x92A, 0x92C, 0xAAA, 0xAAA, 0xC6A, 0x82E, 0x828, 0x868}},
    {0x90B5, {0x000, 0xFBE, 0x4A2, 0x4A2, 0x4A4, 0x9A4, 0x022, 0xFA2, 0x8A2, 0x8BC, 0x8A0, 0xFA0}},
    {0x90B6, {0x000, 0x28E, 0x28A, 0x28A, 0xEAA, 0x2CC, 0x28A, 0x28A, 0x68A, 0xAAE, 0x2A8, 0x2E8}},
    {0x90B8, {0x000, 0x0DE, 0x792, 0x492, 0x494, 0x7D4, 0x492, 0x492, 0x6B2, 0xCDC, 0x010, 0x7D0}},
    {0x90B9, {0x000, 0x41E, 0x792, 0x492, 0x914, 0xFD4, 0x052, 0x052, 0xFD2, 0x05C, 0x050, 0xFD0}},
    {0x90BA, {0x000, 0x29E, 0x292, 0x292, 0xAB4, 0xAB4, 0x6D2, 0x6D2, 0x292, 0x29C, 0x290, 0xFF0}},
    {0x90BB, {0x000, 0x11E, 0x292, 0x452, 0xA34, 0x114, 0x012, 0xFF2, 0x052, 0x29C, 0x110, 0x090}},
    {0x90BE, {0x000, 0x51E, 0x512, 0x7D2, 0x914, 0x114, 0xFF2, 0x112, 0x392, 0x55C, 0x930, 0x110}},
    {0x90C1, {0x000, 0x21E, 0xFD2, 0x212, 0x414, 0x7D4, 0xC52, 0x7D2, 0x452, 0x7DC, 0x450, 0x4D0}},
    {0x90C4, {0x000, 0xC9E, 0x312, 0xC92, 0x214, 0xFD4, 0x412, 0x512, 0xA12, 0x29C, 0x5D0, 0xE50}},
    {0x90C5, {0x000, 0xFDE, 0x212, 0x212, 0x4D4, 0xF54, 0x112, 0x112, 0xFD2, 0x11C, 0x1D0, 0xE10}},
    {0x90C7, {0x000, 0x21E, 0x212, 0x7D2, 0x854, 0x754, 0x552, 0x752, 0x552, 0x75C, 0x050, 0x1D0}},
    {0x90CA, {0x000, 0x11E, 0xFF2, 0x012, 0x454, 0x834, 0x452, 0x452, 0x292, 0x11C, 0x290, 0xC70}},
    {0x90CE, {0x000, 0x11E, 0x7D2, 0x452, 0x7D4, 0x454, 0x7D2, 0x412, 0x492, 0x49C, 0x550, 0xE50}},
    {0x90CF, {0x000, 0x21E, 0xFD2, 0x212, 0xA54, 0x694, 0x212, 0xFD2, 0x212, 0x51C, 0x490, 0x850}},
    {0x90D0, {0x000, 0x31E, 0x492, 0x852, 0x794, 0x014, 0x012, 0xFD2, 0x212, 0x49C, 0x490, 0xF50}},
    {0x90D1, {0x000, 0x8BE, 0x522, 0xFA2, 0x224, 0x224, 0xFA2, 0x222, 0x222, 0x53C, 0x520, 0x8A0}},
    {0x90D3, {0x000, 0xFDE, 0x852, 0x212, 0xFD4, 0x414, 0x912, 0xFD2, 0x112, 0x1DC, 0xF10, 0x110}},
    {0x90D7, {0x000, 0xCDE, 0x312, 0xCD2, 0x214, 0xFD4, 0x512, 0xFD2, 0x552, 0x55C, 0x5D0, 0x110}},
    {0x90DB, {0x000, 0x0DE, 0x752, 0x532, 0x894, 0x7D4, 0x092, 0x112, 0x1D2, 0xF1C, 0x110, 0x310}},
    {0x90DC, {0x000, 0x51E, 0x7D2, 0x912, 0x114, 0xFD4, 0x012, 0xFD2, 0x852, 0x85C, 0x850, 0xFD0}},
    {0x90DD, {0x000, 0x11E, 0x7D2, 0x112, 0x114, 0xFF4, 0x292, 0x6D2, 0xAB2, 0x29C, 0x490, 0x590}},
    {0x90E1, {0x000, 0xFDE, 0x252, 0xFF2, 0x254, 0xFD4, 0x412, 0x7D2, 0x452, 0xC5C, 0x450, 0x7D0}},
    {0x90E2, {0x000, 0xFDE, 0x852, 0xFD2, 0x014, 0xFD4, 0x112, 0x112, 0xFD2, 0x11C, 0x110, 0xFD0}},
    {0x90E6, {0x000, 0xFEE, 0x00A, 0xEEA, 0xAAA, 0xAAC, 0xAAA, 0xEEA, 0xAAA, 0xAAE, 0xAA8, 0xAA8}},
    {0x90E7, {0x000, 0xFBC, 0x8A4, 0xFA4, 0x028, 0xFA4, 0x8A2, 0xAA2, 0xAA2, 0xAAC, 0x520, 0x8A0}},
    {0x90E8, {0x000, 0x11E, 0xFF2, 0x452, 0x454, 0x294, 0xFF2, 0x012, 0x7D2, 0x45C, 0x450, 0x7D0}},
    {0x90EB, {0x000, 0x21E, 0xFD2, 0xA52, 0xFD4, 0xA54, 0xFD2, 0x292, 0x492, 0xFDC, 0x090, 0x090}},
    {0x90ED, {0x000, 0x11E, 0xFF2, 0x452, 0x7D4, 0x014, 0x7D2, 0x092, 0x172, 0xF9C, 0x110, 0x310}},
    {0x90EF, {0x000, 0x51E, 0x552, 0x952, 0x294, 0x454, 0x932, 0x552, 0x552, 0xA9C, 0x450, 0x850}},
    {0x90F4, {0x000, 0x24E, 0x24A, 0xFFA, 0x24A, 0x24C, 0x6EA, 0xB5A, 0x24A, 0x24E, 0x248, 0x248}},
    {0x90F8, {0x000, 0x44E, 0x28A, 0xFEA, 0x92A, 0xFEC, 0x92A, 0xFEA, 0x10A, 0xFEE, 0x108, 0x108}},
    {0x90FD, {0x000, 0x11E, 0x7D2, 0x152, 0x194, 0xFD4, 0x212, 0x7D2, 0xC52, 0x7DC, 0x450, 0x7D0}},
    {0x90FE, {0x000, 0xFEE, 0xA4A, 0xBCA, 0xA4A, 0xBCC, 0x90A, 0xFEA, 0xA4A, 0x98E, 0xA48, 0xFE8}},
    {0x9102, {0x000, 0xEEE, 0xAAA, 0xEEA, 0x00A, 0xFEC, 0x00A, 0xFEA, 0x40A, 0x7CE, 0x048, 0x3C8}},
    {0x9104, {0x000, 0xFEE, 0x28A, 0xFEA, 0xAAA, 0xCEC, 0x82A, 0xFEA, 0x10A, 0x7CE, 0x108, 0xFE8}},
    {0x9119, {0x000, 0xFEE, 0x82A, 0xFEA, 0x10A, 0xFEC, 0x00A, 0xFEA, 0xAAA, 0xBAE, 0x828, 0xFE8}},
    {0x911E, {0x000, 0x29E, 0xFF2, 0x292, 0x7D4, 0x552, 0xFF2, 0x112, 0xFF2, 0x11C, 0x1F0, 0xF10}},
    {0x9122, {0x000, 0xFDE, 0x112, 0x5D2, 0x514, 0xFD4, 0x412, 0x7D2, 0x812, 0xFDC, 0x550, 0xAD0}},
    {0x9123, {0x000, 0x11E, 0x7D2, 0x292, 0xFF4, 0x454, 0x7D2, 0x452, 0x7D2, 0x11C, 0xFF0, 0x110}},
    {0x912F, {0x000, 0x28E, 0xFEA, 0x10A, 0x7CA, 0x10C, 0xFEA, 0x54A, 0x38A, 0xFEE, 0x448, 0x7C8}},
    {0x9131, {0x000, 0x0DE, 0xF32, 0x552, 0xFF4, 0x394, 0x552, 0xFF2, 0x552, 0x7DC, 0x550, 0x7D0}},
    {0x9139, {0x000, 0xF0E, 0x5EA, 0x72A, 0x5AA, 0x74C, 0xDAA, 0x0CA, 0x71A, 0x9AE, 0x548, 0x928}},
    {0x9143, {0x000, 0xFEE, 0x10A, 0xFEA, 0x92A, 0xD6C, 0x00A, 0xFEA, 0xAAA, 0xAAE, 0xAA8, 0xFE8}},
    {0x9146, {0x000, 0xAAE, 0xFEA, 0xAAA, 0xFEA, 0xAAC, 0xFEA, 0x44A, 0x7CA, 0x28E, 0x288, 0xFE8}},
    {0x9149, {0x000, 0xFFE, 0x0A0, 0x7FC, 0x4A4, 0x4A4, 0x53C, 0x404, 0x404, 0x7FC, 0x404, 0x7FC}},
    {0x914A, {0x000, 0xFBE, 0x208, 0xF88, 0xA88, 0xA88, 0xA88, 0xD88, 0x888, 0xF88, 0x888, 0xF98}},
    {0x914B, {0x000, 0x208, 0x110, 0xFFE, 0x0A0, 0x7FC, 0x4A4, 0x53C, 0x404, 0x7FC, 0x404, 0x7FC}},
    {0x914C, {0x000, 0xF90, 0x210, 0xFBE, 0xAA2, 0xAC2, 0xA92, 0xD8A, 0x88A, 0xF82, 0x882, 0xF8E}},
    {0x914D, {0x000, 0xFDE, 0x202, 0xFC2, 0xA42, 0xA5E, 0xA50, 0xDD0, 0x852, 0xFD2, 0x852, 0xFDE}},
    {0x914E, {0x000, 0xF84, 0x204, 0xFBE, 0xA84, 0xAA4, 0xA94, 0xD94, 0x884, 0xF84, 0x884, 0xF9C}},
    {0x914F, {0x000, 0xF88, 0x228, 0xFAE, 0xABA, 0xAEA, 0xBAA, 0xCAE, 0x8A8, 0xFA2, 0x8A2, 0xF9E}},
    {0x9150, {0x000, 0xFBE, 0x208, 0xF88, 0xA88, 0xAFE, 0xB88, 0xC88, 0x888, 0xF88, 0x888, 0xF88}},
    {0x9152, {0x000, 0x8FE, 0x428, 0x028, 0x8FE, 0x4AA, 0x0AA, 0x0CE, 0x482, 0x4FE, 0x482, 0x8FE}},
    {0x9157, {0x000, 0xFA2, 0x222, 0xFB6, 0xAB6, 0xAAA, 0xAAA, 0xDAA, 0x8B6, 0xFB6, 0x8A2, 0xFBE}},
    {0x915A, {0x000, 0xFAC, 0x224, 0xFA4, 0xAC2, 0xAC2, 0xABC, 0xD94, 0x894, 0xF94, 0x8A4, 0xFCC}},
    {0x915D, {0x000, 0xFBC, 0x200, 0xF80, 0xA80, 0xAFE, 0xA90, 0xD90, 0x894, 0xFA4, 0x8A4, 0xFFA}},
    {0x915E, {0x000, 0xF88, 0x208, 0xFBE, 0xA88, 0xA88, 0xA88, 0xD94, 0x894, 0xF94, 0x8B2, 0xFAA}},
    {0x9161, {0x000, 0xF88, 0x23E, 0xFA2, 0xAA2, 0xA80, 0xBA0, 0xCA4, 0x8B8, 0xFA0, 0x8A2, 0xF9E}},
    {0x9162, {0x000, 0xF90, 0x210, 0xFBE, 0xAA8, 0xAC8, 0xD8E, 0x888, 0x88E, 0xF88, 0x888, 0xF88}},
    {0x9163, {0x000, 0xFA4, 0x224, 0xFFE, 0xAA4, 0xAA4, 0xAA4, 0xDBC, 0x8A4, 0xFA4, 0x8A4, 0xFBC}},
    {0x9164, {0x000, 0xF88, 0x208, 0xF88, 0xABE, 0xA88, 0xD88, 0xDBE, 0x8A2, 0xFA2, 0x8A2, 0xFBE}},
    {0x9165, {0x000, 0xFE6, 0x29C, 0xFE4, 0xAA4, 0xABE, 0xAA4, 0xC6C, 0x836, 0xFE4, 0x824, 0xFE4}},
    {0x9169, {0x000, 0xF90, 0x21E, 0xF92, 0xAA2, 0xA94, 0xA88, 0xD9E, 0x8B2, 0xF92, 0x892, 0xF9E}},
    {0x916A, {0x000, 0xF90, 0x21E, 0xFA2, 0xA94, 0xA88, 0xD94, 0x8A2, 0x89C, 0xF94, 0x894, 0xF9C}},
    {0x916C, {0x000, 0xFA2, 0x22A, 0xFAA, 0xAAA, 0xAAA, 0xAFE, 0xDAA, 0x8AA, 0xFAA, 0x8AA, 0xFA2}},
    {0x916E, {0x000, 0xFBE, 0x222, 0xFBA, 0xAA2, 0xABA, 0xAAA, 0xDAA, 0x8AA, 0xFBA, 0x8A2, 0xFA6}},
    {0x916F, {0x000, 0xFA4, 0x238, 0xFA0, 0xAA2, 0xA9E, 0xB80, 0xCBE, 0x8A2, 0xFBE, 0x8A2, 0xFBE}},
    {0x9170, {0x000, 0xFA8, 0x228, 0xFBE, 0xAC8, 0xA88, 0xBFE, 0xCA8, 0x8A8, 0xEA8, 0x8CA, 0xF8E}},
    {0x9171, {0x000, 0x490, 0x29E, 0x0AA, 0x184, 0x6B8, 0xFFE, 0x110, 0xFFE, 0x912, 0xAEA, 0xFFE}},
    {0x9172, {0x000, 0xFBE, 0x222, 0xFA2, 0xABE, 0xA80, 0xA86, 0xDB8, 0x888, 0xFFE, 0x888, 0xFBE}},
    {0x9174, {0x000, 0x010, 0xF98, 0x224, 0xFC2, 0xABC, 0xA88, 0xDBE, 0x888, 0xFAC, 0x8CA, 0xF98}},
    {0x9175, {0x000, 0xF88, 0x23C, 0xF8A, 0xABE, 0xA88, 0xA9E, 0xDA4, 0x888, 0xFBE, 0x888, 0xF98}},
    {0x9176, {0x000, 0xFA0, 0x23E, 0x240, 0xFBE, 0xAAA, 0xAFE, 0xDB4, 0x8A4, 0xFBE, 0x884, 0xF9C}},
    {0x9177, {0x000, 0xFA8, 0x23E, 0xFC8, 0xA88, 0xABE, 0xA80, 0xDBE, 0x8A2, 0xFA2, 0x8A2, 0xFBE}},
    {0x9178, {0x000, 0xF90, 0x224, 0xFFA, 0xAAA, 0xAAE, 0xAD0, 0xD9E, 0x8A2, 0xF94, 0x888, 0xFB6}},
    {0x9179, {0x000, 0xF8C, 0x232, 0xFAA, 0xAC8, 0xA84, 0xA84, 0xDFE, 0x8A4, 0xF94, 0x884, 0xF8C}},
    {0x917D, {0x000, 0xFBE, 0x214, 0xFB6, 0xA94, 0xABE, 0xBA0, 0xCA0, 0x8A0, 0xFA0, 0x8C0, 0xF80}},
    {0x917E, {0x000, 0xFBE, 0x200, 0xFEE, 0xAAA, 0xAAA, 0xBAA, 0xCEE, 0x8AA, 0xFAA, 0x8AA, 0xFAA}},
    {0x917F, {0x000, 0xF88, 0x23E, 0xFA2, 0xABE, 0xAA2, 0xABE, 0xDA8, 0x8AA, 0xFA4, 0x8A4, 0xFB2}},
    {0x9185, {0x000, 0xF88, 0x27E, 0xFA2, 0xA94, 0xA94, 0xBFE, 0xC80, 0x8BE, 0xFA2, 0x8A2, 0xFBE}},
    {0x9187, {0x000, 0xF88, 0x27E, 0xFA2, 0xABE, 0xA80, 0xABE, 0xD84, 0x888, 0xFBE, 0x888, 0xF98}},
    {0x9189, {0x000, 0xF88, 0x23E, 0xF80, 0xA94, 0xA94, 0xAAA, 0xD80, 0x888, 0xFBE, 0x888, 0xF88}},
    {0x918B, {0x000, 0xF94, 0x23E, 0xF94, 0xA94, 0xABE, 0xA80, 0xDBE, 0x8A2, 0xFBE, 0x8A2, 0xFBE}},
    {0x918C, {0x000, 0xFBE, 0x222, 0xFBE, 0xAA2, 0xABE, 0xB80, 0xCA8, 0x8BA, 0xEAC, 0x8BA, 0xFAE}},
    {0x918D, {0x000, 0xFBE, 0x222, 0xFBE, 0xAA2, 0xABE, 0xA80, 0xDBE, 0x888, 0xFAE, 0x8B8, 0xFAE}},
    {0x9190, {0x000, 0xFAE, 0x22A, 0xFFA, 0xAAE, 0xAAA, 0xAAA, 0xDFE, 0x88A, 0xF8A, 0x88A, 0xFFA}},
    {0x9191, {0x000, 0xFBE, 0x20A, 0xFAE, 0xAA8, 0xADE, 0xBA2, 0xCBE, 0x8A2, 0xFBE, 0x8A2, 0xFC6}},
    {0x9192, {0x000, 0xFBE, 0x222, 0xFBE, 0xAA2, 0xABE, 0xAA8, 0xDBE, 0x8C8, 0xFBE, 0x888, 0xFBE}},
    {0x919A, {0x000, 0xF48, 0x448, 0xF2A, 0xD5C, 0xD48, 0xD7E, 0xB48, 0x95C, 0xF6A, 0x948, 0xFBE}},
    {0x919B, {0x000, 0xFA4, 0x27E, 0xFA4, 0xA98, 0xAA4, 0xAC2, 0xDBC, 0x890, 0xFBC, 0x890, 0xFBE}},
    {0x91A2, {0x000, 0xF90, 0x27E, 0xFA0, 0xAFE, 0xAA2, 0xABE, 0xD80, 0x8FE, 0xFAA, 0x8AA, 0xFFE}},
    {0x91A3, {0x000, 0xF10, 0x2FE, 0xF94, 0xAFE, 0xA94, 0xBFC, 0xC90, 0x8FC, 0xF44, 0x944, 0xF7C}},
    {0x91AA, {0x000, 0xFB6, 0x25A, 0xFB6, 0xADA, 0xA92, 0xA98, 0xDA4, 0x8D2, 0xF88, 0x8B2, 0xF8C}},
    {0x91AD, {0x000, 0xFAA, 0x27E, 0xFA2, 0xA94, 0xABE, 0xB88, 0xCBE, 0x888, 0xFBE, 0x894, 0xFA2}},
    {0x91AE, {0x000, 0xFA8, 0x23E, 0xFE8, 0xABE, 0xAA8, 0xDBE, 0x8A8, 0x8BE, 0xF80, 0x8AA, 0xFCA}},
    {0x91AF, {0x000, 0xF10, 0x4FE, 0xF24, 0xD7C, 0xD54, 0xB54, 0x996, 0x900, 0xF7C, 0x954, 0xFFE}},
    {0x91B4, {0x000, 0xFAA, 0x23E, 0xFAA, 0xAAA, 0xABE, 0xA80, 0xDBE, 0x8A2, 0xFBE, 0x894, 0xFBE}},
    {0x91B5, {0x000, 0xF8E, 0x208, 0xFBE, 0xAAA, 0xAA8, 0xABE, 0xDA8, 0x8B6, 0xFAC, 0x8B6, 0xFC8}},
    {0x91BA, {0x000, 0xFBE, 0x208, 0xFBE, 0xAAA, 0xABE, 0xA88, 0xDBE, 0x888, 0xFBE, 0x880, 0xFAA}},
    {0x91C7, {0x000, 0x00C, 0xFF0, 0x484, 0x248, 0x000, 0x040, 0xFFE, 0x150, 0x248, 0xC46, 0x040}},
    {0x91C9, {0x000, 0x708, 0x208, 0xABE, 0x22A, 0xFAA, 0x22A, 0x73E, 0x6AA, 0xA2A, 0x22A, 0x23E}},
    {0x91CA, {0x000, 0x1BE, 0xE14, 0xA88, 0x736, 0xF88, 0x23E, 0x708, 0x708, 0xABE, 0x208, 0x208}},
    {0x91CC, {0x000, 0x7FC, 0x444, 0x444, 0x7FC, 0x444, 0x444, 0x7FC, 0x040, 0x7FC, 0x040, 0xFFE}},
    {0x91CD, {0x000, 0x7FC, 0x040, 0xFFE, 0x444, 0x7FC, 0x444, 0x7FC, 0x040, 0x7FC, 0x040, 0xFFE}},
    {0x91CE, {0x000, 0xFBE, 0xA82, 0xF94, 0xA88, 0xABE, 0xF8A, 0x20A, 0xF8C, 0x208, 0x388, 0xE18}},
    {0x91CF, {0x000, 0x7FC, 0x404, 0x7FC, 0x404, 0xFFE, 0x444, 0x7FC, 0x444, 0x7FC, 0x040, 0xFFE}},
    {0x91D1, {0x000, 0x040, 0x0A0, 0x318, 0xDF6, 0x040, 0x040, 0xFFE, 0x040, 0x444, 0x248, 0xFFE}},
    {0x91DC, {0x000, 0x318, 0xDB6, 0x040, 0x1B0, 0xE0E, 0x3F8, 0x040, 0xFFE, 0x040, 0x248, 0xFFE}},
    {0x9274, {0x000, 0x120, 0x53E, 0x548, 0x504, 0x1E0, 0x318, 0xDF6, 0x040, 0x7FC, 0x248, 0xFFE}},
    {0x928E, {0x000, 0xF78, 0x2A8, 0x26A, 0x356, 0xCE0, 0x318, 0xDF6, 0x040, 0x7FC, 0x248, 0xFFE}},
    {0x92AE, {0x000, 0x040, 0xFFE, 0x090, 0x494, 0xB32, 0x208, 0xDF6, 0x040, 0x7FC, 0x248, 0xFFE}},
    {0x92C8, {0x000, 0x4FC, 0xA20, 0x5FE, 0x050, 0x5AC, 0x910, 0x2E8, 0xC46, 0x3F8, 0x150, 0xFFE}},
    {0x933E, {0x000, 0x206, 0xFB8, 0x520, 0xFBE, 0x124, 0xF94, 0x2E8, 0xC46, 0x7FC, 0x248, 0xFFE}},
    {0x936A, {0x000, 0xF10, 0x51E, 0xFA4, 0x618, 0xAE6, 0x318, 0xDF6, 0x040, 0x7FC, 0x248, 0xFFE}},
    {0x938F, {0x000, 0x410, 0xAFE, 0x444, 0x2FA, 0xC54, 0x194, 0xEF6, 0x040, 0x7FC, 0x248, 0xFFE}},
    {0x93CA, {0x000, 0x210, 0xF9E, 0x224, 0xFD4, 0x488, 0x9F4, 0x842, 0x7FC, 0x248, 0x150, 0xFFE}},
    {0x93D6, {0x000, 0x040, 0x7FE, 0x4A4, 0x7FC, 0x512, 0x7DE, 0x420, 0x4F8, 0x726, 0x8A8, 0xBFE}},
    {0x943E, {0x000, 0x788, 0x4BE, 0x794, 0x43E, 0xB88, 0xABE, 0x3E8, 0xC46, 0x7FC, 0x248, 0xFFE}},
    {0x946B, {0x000, 0x0E0, 0x358, 0xDF6, 0x248, 0xFFE, 0x000, 0x71C, 0xAAA, 0x71C, 0xAAA, 0xFBE}},
    {0x9485, {0x000, 0x080, 0x0F8, 0x000, 0x0F8, 0x020, 0x020, 0x0F8, 0x020, 0x020, 0x020, 0x038}},
    {0x9486, {0x000, 0x420, 0x7A0, 0x820, 0x020, 0xFA0, 0x220, 0x220, 0xFA0, 0x222, 0x222, 0x3BE}},
    {0x9487, {0x000, 0x43E, 0x782, 0x804, 0x008, 0xF88, 0x210, 0x210, 0xFA0, 0x222, 0x222, 0x39E}},
    {0x9488, {0x000, 0x410, 0x710, 0x810, 0x010, 0xF7E, 0x410, 0x410, 0xF10, 0x410, 0x410, 0x710}},
    {0x9489, {0x000, 0x47E, 0x708, 0x808, 0x008, 0xF08, 0x408, 0x408, 0xF08, 0x408, 0x408, 0x738}},
    {0x948A, {0x000, 0x404, 0x7A4, 0x824, 0x024, 0xFA4, 0x224, 0x224, 0xFA4, 0x224, 0x204, 0x39C}},
    {0x948B, {0x000, 0x410, 0x790, 0x810, 0x010, 0xF98, 0x214, 0x212, 0xF90, 0x210, 0x210, 0x390}},
    {0x948C, {0x000, 0x43E, 0x782, 0x802, 0x002, 0xF84, 0x208, 0x208, 0xF88, 0x208, 0x208, 0x3B8}},
    {0x948D, {0x000, 0x408, 0x788, 0x808, 0x03E, 0xF88, 0x208, 0x208, 0xF88, 0x208, 0x208, 0x3BE}},
    {0x948E, {0x000, 0x404, 0x778, 0x810, 0x010, 0xF10, 0x4FE, 0x410, 0xF10, 0x410, 0x410, 0x710}},
    {0x948F, {0x000, 0x422, 0x72A, 0x82A, 0x02A, 0xF2A, 0x42A, 0x42A, 0xF2A, 0x42A, 0x44A, 0x742}},
    {0x9490, {0x000, 0x402, 0x78C, 0x830, 0x000, 0xF82, 0x20C, 0x230, 0xF80, 0x202, 0x20C, 0x3B0}},
    {0x9492, {0x000, 0x478, 0x648, 0x848, 0x048, 0xE68, 0x458, 0x448, 0xE48, 0x448, 0x48A, 0x68E}},
    {0x9493, {0x000, 0x440, 0x640, 0x87E, 0x082, 0xE02, 0x422, 0x412, 0xE12, 0x402, 0x402, 0x61E}},
    {0x9494, {0x000, 0x44E, 0x622, 0x882, 0x082, 0xE82, 0x482, 0x482, 0xE82, 0x482, 0x482, 0x686}},
    {0x9495, {0x000, 0x420, 0x77E, 0x824, 0x024, 0xF24, 0x444, 0x448, 0xF28, 0x410, 0x428, 0x744}},
    {0x9497, {0x000, 0x4FE, 0x682, 0x8A2, 0x092, 0xE44, 0x444, 0x428, 0xE28, 0x410, 0x428, 0x6C6}},
    {0x9499, {0x000, 0x47E, 0x710, 0x810, 0x01E, 0xF50, 0x450, 0x47E, 0xF02, 0x402, 0x402, 0x71E}},
    {0x949A, {0x000, 0x4FE, 0x608, 0x810, 0x030, 0xE54, 0x492, 0x410, 0xE10, 0x410, 0x410, 0x610}},
    {0x949B, {0x000, 0x410, 0x610, 0x8FE, 0x010, 0xE10, 0x410, 0x428, 0xE28, 0x444, 0x464, 0x692}},
    {0x949C, {0x000, 0x43E, 0x7A0, 0x820, 0x03E, 0xFA2, 0x222, 0x222, 0xFBE, 0x220, 0x220, 0x3BE}},
    {0x949D, {0x000, 0x410, 0x6FE, 0x810, 0x092, 0xE92, 0x492, 0x492, 0xEFE, 0x410, 0x412, 0x61E}},
    {0x949E, {0x000, 0x410, 0x654, 0x854, 0x054, 0xE92, 0x492, 0x410, 0xE02, 0x404, 0x418, 0x6E0}},
    {0x949F, {0x000, 0x410, 0x610, 0x8FE, 0x092, 0xE92, 0x492, 0x492, 0xEFE, 0x410, 0x410, 0x610}},
    {0x94A0, {0x000, 0x410, 0x6FE, 0x892, 0x092, 0xE92, 0x4AA, 0x4AA, 0xEC6, 0x482, 0x482, 0x686}},
    {0x94A1, {0x000, 0x43E, 0x7A2, 0x822, 0x02A, 0xFAA, 0x22A, 0x22A, 0xFAA, 0x208, 0x214, 0x3A2}},
    {0x94A2, {0x000, 0x4FE, 0x682, 0x8AA, 0x0AA, 0xEAA, 0x492, 0x4AA, 0xEAA, 0x4AA, 0x482, 0x686}},
    {0x94A3, {0x000, 0x406, 0x778, 0x840, 0x040, 0xF7E, 0x452, 0x452, 0xF54, 0x448, 0x494, 0x6A2}},
    {0x94A4, {0x000, 0x410, 0x628, 0x844, 0x092, 0xE08, 0x400, 0x4FE, 0xE02, 0x402, 0x404, 0x618}},
    {0x94A5, {0x000, 0x47C, 0x744, 0x844, 0x07C, 0xF44, 0x444, 0x47C, 0xF44, 0x444, 0x444, 0x74C}},
    {0x94A6, {0x000, 0x420, 0x73E, 0x842, 0x042, 0xF10, 0x410, 0x410, 0xF10, 0x428, 0x428, 0x746}},
    {0x94A7, {0x000, 0x420, 0x73E, 0x822, 0x042, 0xF12, 0x40A, 0x402, 0xF0A, 0x432, 0x402, 0x70E}},
    {0x94A8, {0x000, 0x410, 0x77C, 0x844, 0x044, 0xF4C, 0x440, 0x47E, 0xF02, 0x47A, 0x402, 0x71E}},
    {0x94A9, {0x000, 0x420, 0x73E, 0x822, 0x052, 0xF12, 0x422, 0x42A, 0xF4A, 0x476, 0x402, 0x70E}},
    {0x94AA, {0x000, 0x410, 0x77C, 0x800, 0x038, 0xF28, 0x428, 0x428, 0xF28, 0x428, 0x44A, 0x74E}},
    {0x94AB, {0x000, 0x410, 0x77E, 0x810, 0x010, 0xF1E, 0x412, 0x412, 0xF12, 0x422, 0x422, 0x74E}},
    {0x94AC, {0x000, 0x410, 0x610, 0x892, 0x092, 0xE92, 0x410, 0x410, 0xE28, 0x428, 0x444, 0x682}},
    {0x94AD, {0x000, 0x424, 0x714, 0x804, 0x024, 0xF14, 0x404, 0x47E, 0xF04, 0x404, 0x404, 0x704}},
    {0x94AE, {0x000, 0x8FC, 0xE44, 0x044, 0xE44, 0x444, 0x4FE, 0xE44, 0x444, 0x444, 0x444, 0x6FE}},
    {0x94AF, {0x000, 0x47E, 0x74A, 0x84A, 0x04A, 0xF4A, 0x27E, 0x240, 0xF40, 0x242, 0x242, 0x37E}},
    {0x94B0, {0x000, 0x4FE, 0x610, 0x810, 0x010, 0xEFE, 0x410, 0x410, 0xE14, 0x412, 0x410, 0x6FE}},
    {0x94B1, {0x000, 0x414, 0x712, 0x81E, 0x070, 0xF1E, 0x470, 0x412, 0xF14, 0x41A, 0x426, 0x742}},
    {0x94B2, {0x000, 0x47E, 0x708, 0x808, 0x028, 0xF28, 0x42E, 0x428, 0xF28, 0x428, 0x428, 0x77E}},
    {0x94B3, {0x000, 0x444, 0x744, 0x8FE, 0x044, 0xF44, 0x444, 0x47C, 0xF44, 0x444, 0x444, 0x77C}},
    {0x94B4, {0x000, 0x410, 0x610, 0x8FE, 0x010, 0xE10, 0x410, 0x4FE, 0xE82, 0x482, 0x482, 0x6FE}},
    {0x94B5, {0x000, 0x810, 0xE10, 0x0FE, 0xE54, 0x454, 0x454, 0xE54, 0x454, 0x492, 0x4BA, 0x692}},
    {0x94B6, {0x000, 0x47E, 0x704, 0x804, 0x074, 0xF54, 0x454, 0x454, 0xF74, 0x404, 0x404, 0x71C}},
    {0x94B7, {0x000, 0x47E, 0x740, 0x840, 0x05C, 0xF54, 0x454, 0x454, 0xF5C, 0x440, 0x440, 0x77E}},
    {0x94B8, {0x000, 0x410, 0x710, 0x87E, 0x020, 0xF28, 0x47E, 0x4AA, 0xF2A, 0x42A, 0x42E, 0x708}},
    {0x94B9, {0x000, 0x414, 0x712, 0x87E, 0x020, 0xF20, 0x43E, 0x422, 0xF54, 0x448, 0x454, 0x752}},
    {0x94BA, {0x000, 0x414, 0x712, 0x87E, 0x050, 0xF52, 0x452, 0x44C, 0xF68, 0x44A, 0x416, 0x762}},
    {0x94BB, {0x000, 0x410, 0x710, 0x81E, 0x010, 0xF10, 0x410, 0x47E, 0xF42, 0x442, 0x442, 0x77E}},
    {0x94BC, {0x000, 0x43E, 0x7A2, 0x822, 0x03E, 0xFA2, 0x222, 0x23E, 0xFA2, 0x222, 0x222, 0x3BE}},
    {0x94BD, {0x000, 0x47E, 0x742, 0x842, 0x042, 0xF7E, 0x442, 0x442, 0xF42, 0x47E, 0x400, 0x77E}},
    {0x94BE, {0x000, 0x4FE, 0x692, 0x892, 0x0FE, 0xE92, 0x492, 0x4FE, 0xE10, 0x410, 0x410, 0x610}},
    {0x94BF, {0x000, 0x4FE, 0x692, 0x892, 0x092, 0xE92, 0x4FE, 0x492, 0xE92, 0x492, 0x492, 0x6FE}},
    {0x94C0, {0x000, 0x410, 0x610, 0x8FE, 0x092, 0xE92, 0x492, 0x4FE, 0xE92, 0x492, 0x492, 0x6FE}},
    {0x94C1, {0x000, 0x450, 0x650, 0x87E, 0x090, 0xE10, 0x4FE, 0x410, 0xE10, 0x428, 0x428, 0x6C6}},
    {0x94C2, {0x000, 0x410, 0x77E, 0x842, 0x042, 0xF42, 0x47E, 0x442, 0xF42, 0x442, 0x442, 0x77E}},
    {0x94C3, {0x000, 0x430, 0x648, 0x884, 0x122, 0xE10, 0x400, 0x4FC, 0xE04, 0x428, 0x410, 0x608}},
    {0x94C4, {0x000, 0x4FE, 0x680, 0x890, 0x090, 0xEFE, 0x410, 0x454, 0xE54, 0x492, 0x492, 0x630}},
    {0x94C5, {0x000, 0x43C, 0x724, 0x824, 0x024, 0xF66, 0x400, 0x47E, 0xF42, 0x442, 0x442, 0x77E}},
    {0x94C6, {0x000, 0x420, 0x6CE, 0x88A, 0x0AA, 0xEAA, 0x4AA, 0x4AA, 0xEEA, 0x42E, 0x428, 0x6C8}},
    {0x94C8, {0x000, 0x410, 0x6FE, 0x810, 0x010, 0xEFE, 0x492, 0x492, 0xE92, 0x492, 0x496, 0x610}},
    {0x94C9, {0x000, 0x410, 0x708, 0x87E, 0x010, 0xF62, 0x424, 0x418, 0xF10, 0x424, 0x44E, 0x772}},
    {0x94CA, {0x000, 0x410, 0x6FE, 0x882, 0x082, 0xE00, 0x440, 0x446, 0xE78, 0x440, 0x442, 0x67E}},
    {0x94CB, {0x000, 0x420, 0x710, 0x814, 0x024, 0xF24, 0x42A, 0x46A, 0xF30, 0x420, 0x462, 0x71E}},
    {0x94CC, {0x000, 0x47E, 0x742, 0x842, 0x07E, 0xF40, 0x450, 0x452, 0xF5C, 0x450, 0x492, 0x69E}},
    {0x94CD, {0x000, 0x408, 0x77E, 0x84A, 0x048, 0xF7E, 0x452, 0x452, 0xF4C, 0x448, 0x454, 0x752}},
    {0x94CE, {0x000, 0x47E, 0x742, 0x824, 0x018, 0xF66, 0x408, 0x47E, 0xF08, 0x47E, 0x408, 0x708}},
    {0x94D0, {0x000, 0x410, 0x77A, 0x814, 0x07E, 0xF08, 0x410, 0x43E, 0xF50, 0x41E, 0x402, 0x71E}},
    {0x94D1, {0x000, 0x410, 0x712, 0x87A, 0x014, 0xF7E, 0x410, 0x420, 0xF64, 0x438, 0x422, 0x73E}},
    {0x94D2, {0x000, 0x47E, 0x724, 0x824, 0x03C, 0xF24, 0x424, 0x43C, 0xF24, 0x424, 0x47E, 0x704}},
    {0x94D5, {0x000, 0x408, 0x77E, 0x810, 0x03E, 0xF62, 0x4BE, 0x422, 0xF3E, 0x422, 0x422, 0x726}},
    {0x94D6, {0x000, 0x414, 0x612, 0x8FE, 0x088, 0xEEA, 0x4AA, 0x4AC, 0xEA8, 0x5CA, 0x496, 0x722}},
    {0x94D7, {0x000, 0x410, 0x77E, 0x810, 0x052, 0xF34, 0x410, 0x47E, 0xF10, 0x418, 0x424, 0x742}},
    {0x94D8, {0x000, 0x4FE, 0x7AA, 0x8AA, 0x0AC, 0xFFA, 0x42A, 0x46A, 0xF6A, 0x4AC, 0x428, 0x768}},
    {0x94D9, {0x000, 0x420, 0x73E, 0x864, 0x028, 0xF1A, 0x466, 0x400, 0xF7E, 0x428, 0x42A, 0x74E}},
    {0x94DB, {0x000, 0x408, 0x74A, 0x82C, 0x008, 0xF7E, 0x402, 0x402, 0xF7E, 0x402, 0x402, 0x77E}},
    {0x94DC, {0x000, 0x4FE, 0x682, 0x8BA, 0x082, 0xEBA, 0x4AA, 0x4AA, 0xEAA, 0x4BA, 0x482, 0x686}},
    {0x94DD, {0x000, 0x47E, 0x742, 0x842, 0x07E, 0xF00, 0x400, 0x47E, 0xF42, 0x442, 0x442, 0x77E}},
    {0x94DE, {0x000, 0x47C, 0x644, 0x844, 0x07C, 0xE10, 0x4FE, 0x492, 0xE92, 0x492, 0x496, 0x610}},
    {0x94DF, {0x000, 0x47E, 0x752, 0x852, 0x07E, 0xF52, 0x452, 0x45A, 0xF66, 0x442, 0x442, 0x77E}},
    {0x94E0, {0x000, 0x408, 0x7AA, 0x82A, 0x03E, 0xF80, 0x23E, 0x202, 0xFBE, 0x220, 0x222, 0x3BE}},
    {0x94E1, {0x000, 0x4F2, 0x68A, 0x88A, 0x0AA, 0xEAA, 0x4AA, 0x4AA, 0xE22, 0x422, 0x452, 0x68E}},
    {0x94E2, {0x000, 0x428, 0x728, 0x83E, 0x048, 0xF08, 0x47E, 0x408, 0xF1C, 0x42A, 0x448, 0x708}},
    {0x94E3, {0x000, 0x428, 0x728, 0x83E, 0x048, 0xF08, 0x47E, 0x428, 0xF28, 0x428, 0x44A, 0x74E}},
    {0x94E4, {0x000, 0x402, 0x6EC, 0x824, 0x024, 0xE4E, 0x464, 0x424, 0xEA4, 0x44E, 0x440, 0x6BE}},
    {0x94E5, {0x000, 0x406, 0x778, 0x808, 0x03E, 0xF08, 0x47E, 0x410, 0xF10, 0x424, 0x424, 0x77A}},
    {0x94E7, {0x000, 0x428, 0x64A, 0x8CC, 0x058, 0xE4A, 0x44E, 0x400, 0xE10, 0x4FE, 0x410, 0x610}},
    {0x94E8, {0x000, 0x410, 0x728, 0x844, 0x082, 0xF7C, 0x410, 0x410, 0xF7C, 0x410, 0x410, 0x6FE}},
    {0x94E9, {0x000, 0x442, 0x724, 0x818, 0x024, 0xF42, 0x404, 0x47E, 0xF24, 0x414, 0x404, 0x71C}},
    {0x94EA, {0x000, 0x410, 0x728, 0x844, 0x082, 0xF7C, 0x400, 0x47C, 0xF44, 0x444, 0x444, 0x77C}},
    {0x94EB, {0x000, 0x428, 0x628, 0x8AA, 0x06C, 0xE28, 0x428, 0x46C, 0xEAA, 0x428, 0x44A, 0x68E}},
    {0x94EC, {0x000, 0x420, 0x63C, 0x844, 0x0A8, 0xE10, 0x428, 0x4C6, 0xE7C, 0x444, 0x444, 0x67C}},
    {0x94ED, {0x000, 0x410, 0x71E, 0x822, 0x054, 0xF08, 0x410, 0x43E, 0xF62, 0x422, 0x422, 0x73E}},
    {0x94EE, {0x000, 0x420, 0x738, 0x848, 0x07C, 0xF14, 0x4FE, 0x414, 0xF7C, 0x410, 0x410, 0x730}},
    {0x94EF, {0x000, 0x420, 0x73C, 0x844, 0x07E, 0xF4A, 0x44A, 0x47E, 0xF40, 0x442, 0x442, 0x77E}},
    {0x94F0, {0x000, 0x410, 0x708, 0x87E, 0x024, 0xF42, 0x400, 0x444, 0xF44, 0x428, 0x410, 0x76E}},
    {0x94F1, {0x000, 0x410, 0x708, 0x87E, 0x010, 0xF28, 0x46A, 0x4AC, 0xF28, 0x424, 0x42C, 0x732}},
    {0x94F2, {0x000, 0x410, 0x6FE, 0x844, 0x028, 0xEFE, 0x480, 0x480, 0xE80, 0x480, 0x480, 0x680}},
    {0x94F3, {0x000, 0x410, 0x77E, 0x810, 0x010, 0xF24, 0x47A, 0x400, 0xF28, 0x428, 0x42A, 0x74E}},
    {0x94F4, {0x000, 0x4BC, 0x644, 0x808, 0x090, 0xE5E, 0x40A, 0x452, 0xE26, 0x48A, 0x492, 0x68C}},
    {0x94F5, {0x000, 0x420, 0x710, 0x87E, 0x042, 0xF10, 0x47E, 0x424, 0xF48, 0x430, 0x418, 0x764}},
    {0x94F6, {0x000, 0x47C, 0x744, 0x87C, 0x044, 0xF44, 0x47C, 0x452, 0xF54, 0x448, 0x454, 0x762}},
    {0x94F7, {0x000, 0x440, 0x64E, 0x8EA, 0x0AA, 0xEAA, 0x4AA, 0x4AA, 0xE4A, 0x44A, 0x4AA, 0x6AE}},
    {0x94F8, {0x000, 0x408, 0x77E, 0x808, 0x07E, 0xF08, 0x47E, 0x414, 0xF1E, 0x424, 0x454, 0x70C}},
    {0x94F9, {0x000, 0x424, 0x77E, 0x824, 0x000, 0xF7E, 0x442, 0x410, 0xF7E, 0x412, 0x422, 0x74E}},
    {0x94FA, {0x000, 0x414, 0x6FE, 0x810, 0x0FE, 0xE92, 0x4FE, 0x492, 0xEFE, 0x492, 0x492, 0x696}},
    {0x94FC, {0x000, 0x410, 0x6FE, 0x810, 0x092, 0xE54, 0x4FE, 0x410, 0xE54, 0x454, 0x492, 0x692}},
    {0x94FD, {0x000, 0x414, 0x712, 0x87E, 0x010, 0xF50, 0x428, 0x408, 0xF58, 0x44A, 0x456, 0x772}},
    {0x94FE, {0x000, 0x488, 0x65E, 0x808, 0x0D4, 0xE5E, 0x444, 0x444, 0xE5E, 0x444, 0x440, 0x6BE}},
    {0x94FF, {0x000, 0x4AE, 0x6AA, 0x8AA, 0x0A4, 0xE2A, 0x400, 0x410, 0xEFE, 0x410, 0x410, 0x6FE}},
    {0x9500, {0x000, 0x492, 0x654, 0x810, 0x0FE, 0xE82, 0x4FE, 0x482, 0xEFE, 0x482, 0x482, 0x68E}},
    {0x9501, {0x000, 0x492, 0x654, 0x810, 0x0FE, 0xE82, 0x492, 0x492, 0xE92, 0x410, 0x428, 0x6C6}},
    {0x9502, {0x000, 0x4FE, 0x692, 0x892, 0x0FE, 0xE92, 0x492, 0x4FE, 0xE10, 0x4FE, 0x410, 0x6FE}},
    {0x9503, {0x000, 0x47E, 0x742, 0x842, 0x07E, 0xF00, 0x47E, 0x410, 0xF7E, 0x410, 0x410, 0x77E}},
    {0x9504, {0x000, 0x4E8, 0x6A8, 0x8BE, 0x0EA, 0xEAA, 0x4AA, 0x4EA, 0xEAA, 0x4AA, 0x4AA, 0x6F6}},
    {0x9505, {0x000, 0x4FE, 0x682, 0x882, 0x0FE, 0xE10, 0x4FE, 0x492, 0xEAA, 0x4C6, 0x482, 0x686}},
    {0x9506, {0x000, 0x428, 0x728, 0x83E, 0x048, 0xF08, 0x47E, 0x400, 0xF7E, 0x442, 0x442, 0x77E}},
    {0x9507, {0x000, 0x418, 0x76C, 0x82A, 0x028, 0xF7E, 0x428, 0x43A, 0xF6C, 0x42A, 0x436, 0x762}},
    {0x9508, {0x000, 0x40C, 0x670, 0x810, 0x0FE, 0xE38, 0x454, 0x492, 0xEF8, 0x42E, 0x442, 0x68E}},
    {0x9509, {0x000, 0x410, 0x654, 0x854, 0x054, 0xEBA, 0x492, 0x410, 0xE7C, 0x410, 0x410, 0x6FE}},
    {0x950A, {0x000, 0x40E, 0x772, 0x854, 0x028, 0xF04, 0x404, 0x47E, 0xF24, 0x414, 0x404, 0x70C}},
    {0x950B, {0x000, 0x420, 0x63E, 0x844, 0x0A8, 0xE10, 0x4FE, 0x410, 0xE7C, 0x410, 0x4FE, 0x610}},
    {0x950C, {0x000, 0x410, 0x6FE, 0x844, 0x044, 0xE28, 0x4FE, 0x410, 0xE10, 0x4FE, 0x410, 0x610}},
    {0x950D, {0x000, 0x420, 0x610, 0x8FE, 0x024, 0xE4E, 0x4F2, 0x400, 0xE54, 0x454, 0x454, 0x696}},
    {0x950E, {0x000, 0x49E, 0x642, 0x882, 0x0FE, 0xEAA, 0x4AA, 0x4FE, 0xEAA, 0x4AA, 0x4AA, 0x6CA}},
    {0x950F, {0x000, 0x49E, 0x642, 0x802, 0x0BA, 0xEAA, 0x4AA, 0x4BA, 0xEAA, 0x4AA, 0x4BA, 0x686}},
    {0x9510, {0x000, 0x444, 0x728, 0x87C, 0x044, 0xF44, 0x444, 0x47C, 0xF28, 0x428, 0x42A, 0x74E}},
    {0x9511, {0x000, 0x444, 0x628, 0x8FE, 0x012, 0xEFE, 0x490, 0x4FE, 0xE12, 0x432, 0x4D6, 0x610}},
    {0x9512, {0x000, 0x410, 0x77E, 0x842, 0x07E, 0xF42, 0x442, 0x47E, 0xF48, 0x44A, 0x444, 0x76A}},
    {0x9513, {0x000, 0x47C, 0x604, 0x87C, 0x004, 0xEFE, 0x482, 0x47C, 0xE24, 0x428, 0x418, 0x666}},
    {0x9514, {0x000, 0x4FE, 0x682, 0x8FE, 0x080, 0xEFE, 0x482, 0x4BA, 0xEAA, 0x4BA, 0x482, 0x686}},
    {0x9515, {0x000, 0x4EE, 0x6A2, 0x8AE, 0x0AA, 0xECA, 0x4AA, 0x4AA, 0xEAE, 0x4E2, 0x482, 0x68E}},
    {0x9516, {0x000, 0x410, 0x6FE, 0x810, 0x07C, 0xE10, 0x4FE, 0x444, 0xE7C, 0x444, 0x47C, 0x644}},
    {0x9517, {0x000, 0x410, 0x77A, 0x814, 0x07E, 0xF10, 0x420, 0x47E, 0xF22, 0x43E, 0x422, 0x73E}},
    {0x9518, {0x000, 0x444, 0x6FE, 0x844, 0x010, 0xEFE, 0x410, 0x420, 0xE7E, 0x4A2, 0x422, 0x63E}},
    {0x9519, {0x000, 0x424, 0x6FE, 0x824, 0x024, 0xEFE, 0x400, 0x4FE, 0xE82, 0x4FE, 0x482, 0x6FE}},
    {0x951A, {0x000, 0x428, 0x6FE, 0x828, 0x000, 0xEFE, 0x492, 0x492, 0xEFE, 0x492, 0x492, 0x6FE}},
    {0x951B, {0x000, 0x420, 0x6FE, 0x844, 0x092, 0xE7C, 0x410, 0x424, 0xEFE, 0x424, 0x424, 0x6C4}},
    {0x951D, {0x000, 0x47E, 0x742, 0x87E, 0x042, 0xF7E, 0x400, 0x47E, 0xF04, 0x47E, 0x424, 0x70C}},
    {0x951E, {0x000, 0x4FE, 0x692, 0x8FE, 0x092, 0xEFE, 0x410, 0x4FE, 0xE54, 0x454, 0x492, 0x692}},
    {0x951F, {0x000, 0x47C, 0x744, 0x87C, 0x044, 0xF7C, 0x400, 0x44A, 0xF7C, 0x448, 0x45A, 0x76E}},
    {0x9521, {0x000, 0x47C, 0x744, 0x87C, 0x044, 0xF7C, 0x420, 0x43E, 0xF56, 0x42A, 0x452, 0x726}},
    {0x9522, {0x000, 0x4FE, 0x692, 0x892, 0x0FE, 0xE92, 0x4BA, 0x4AA, 0xEAA, 0x4BA, 0x482, 0x6FE}},
    {0x9523, {0x000, 0x4FE, 0x6AA, 0x8AA, 0x0FE, 0xE20, 0x43C, 0x424, 0xE64, 0x494, 0x408, 0x670}},
    {0x9524, {0x000, 0x4FE, 0x610, 0x8FE, 0x054, 0xE54, 0x4FE, 0x454, 0xE54, 0x4FE, 0x410, 0x6FE}},
    {0x9525, {0x000, 0x448, 0x648, 0x8BE, 0x188, 0xE88, 0x4BE, 0x488, 0xEBE, 0x488, 0x488, 0x6BE}},
    {0x9526, {0x000, 0x410, 0x6FE, 0x882, 0x0FE, 0xE82, 0x4FE, 0x410, 0xEFE, 0x492, 0x492, 0x696}},
    {0x9528, {0x000, 0x428, 0x6C8, 0x88E, 0x0FA, 0xEA0, 0x4A4, 0x4A4, 0xEA4, 0x4AA, 0x52A, 0x72A}},
    {0x9529, {0x000, 0x492, 0x654, 0x8FE, 0x020, 0xE7E, 0x484, 0x47A, 0xE48, 0x458, 0x444, 0x67C}},
    {0x952A, {0x000, 0x440, 0x67E, 0x8AA, 0x02A, 0xE52, 0x4A6, 0x400, 0xE20, 0x454, 0x4CA, 0x638}},
    {0x952B, {0x000, 0x410, 0x6FE, 0x844, 0x044, 0xEFE, 0x400, 0x4FE, 0xE82, 0x482, 0x482, 0x6FE}},
    {0x952C, {0x000, 0x454, 0x654, 0x810, 0x028, 0xEC6, 0x400, 0x454, 0xE54, 0x410, 0x428, 0x6C6}},
    {0x952D, {0x000, 0x410, 0x6FE, 0x882, 0x000, 0xE7C, 0x410, 0x410, 0xE5C, 0x450, 0x4B0, 0x69E}},
    {0x952E, {0x000, 0x410, 0x63C, 0x994, 0x0FE, 0xF14, 0x5BC, 0x490, 0xEFC, 0x590, 0x4D0, 0x73E}},
    {0x952F, {0x000, 0x47E, 0x742, 0x842, 0x07E, 0xF48, 0x47E, 0x448, 0xF7E, 0x462, 0x4A2, 0x6BE}},
    {0x9530, {0x000, 0x47C, 0x608, 0x810, 0x0FE, 0xE10, 0x430, 0x400, 0xEFE, 0x4AA, 0x4AA, 0x6FE}},
    {0x9531, {0x000, 0x42A, 0x654, 0x8A8, 0x054, 0xE2A, 0x400, 0x4FE, 0xE92, 0x4FE, 0x492, 0x6FE}},
    {0x9532, {0x000, 0x45E, 0x6EA, 0x84A, 0x0EA, 0xE52, 0x4E6, 0x450, 0xEFE, 0x410, 0x428, 0x6C6}},
    {0x9534, {0x000, 0x44A, 0x77C, 0x848, 0x05A, 0xF6E, 0x410, 0x47E, 0xF42, 0x47E, 0x442, 0x77E}},
    {0x9535, {0x000, 0x448, 0x64E, 0x852, 0x0CA, 0xE44, 0x458, 0x444, 0xEFE, 0x444, 0x454, 0x64C}},
    {0x9536, {0x000, 0x47C, 0x754, 0x87C, 0x054, 0xF54, 0x47C, 0x420, 0xF14, 0x462, 0x4A4, 0x73C}},
    {0x9537, {0x000, 0x4EE, 0x6AA, 0x8EE, 0x000, 0xE7C, 0x400, 0x4FE, 0xE20, 0x43C, 0x404, 0x61C}},
    {0x9538, {0x000, 0x40C, 0x670, 0x810, 0x0FE, 0xE10, 0x430, 0x4D6, 0xE92, 0x4D6, 0x492, 0x6FE}},
    {0x9539, {0x000, 0x424, 0x6C4, 0x844, 0x056, 0xEF4, 0x454, 0x444, 0xEE4, 0x55A, 0x44A, 0x64A}},
    {0x953A, {0x000, 0x40C, 0x6F0, 0x810, 0x0FE, 0xE54, 0x47C, 0x454, 0xE54, 0x4FE, 0x410, 0x6FE}},
    {0x953B, {0x000, 0x4DC, 0x694, 0x894, 0x0D4, 0xEB6, 0x4C0, 0x4BE, 0xED4, 0x488, 0x494, 0x6A2}},
    {0x953C, {0x000, 0x410, 0x656, 0x892, 0x0D6, 0xE92, 0x4FE, 0x410, 0xEFC, 0x444, 0x438, 0x6C6}},
    {0x953E, {0x000, 0x40E, 0x6F2, 0x854, 0x07C, 0xE10, 0x4FE, 0x420, 0xE3E, 0x452, 0x44C, 0x6B2}},
    {0x953F, {0x000, 0x410, 0x6FE, 0x800, 0x07C, 0xE44, 0x47C, 0x412, 0xE2C, 0x468, 0x4B4, 0x622}},
    {0x9540, {0x000, 0x410, 0x6FE, 0x8A4, 0x0FE, 0xEA4, 0x4BC, 0x480, 0xEBC, 0x494, 0x488, 0x6B6}},
    {0x9541, {0x000, 0x444, 0x628, 0x8FE, 0x010, 0xE7C, 0x410, 0x4FE, 0xE10, 0x4FE, 0x428, 0x6C6}},
    {0x9542, {0x000, 0x454, 0x610, 0x8FE, 0x010, 0xE44, 0x410, 0x4FE, 0xE28, 0x444, 0x438, 0x6C6}},
    {0x9544, {0x000, 0x428, 0x6FE, 0x82A, 0x0FE, 0xEA8, 0x4FE, 0x48A, 0xEAE, 0x4A8, 0x450, 0x68C}},
    {0x9545, {0x000, 0x4FE, 0x692, 0x8FE, 0x080, 0xEBE, 0x4A2, 0x4BE, 0xEA2, 0x4BE, 0x4A2, 0x6BE}},
    {0x9546, {0x000, 0x428, 0x6FE, 0x828, 0x07C, 0xE44, 0x47C, 0x444, 0xEFE, 0x410, 0x428, 0x6C6}},
    {0x9547, {0x000, 0x410, 0x6FE, 0x844, 0x07C, 0xE44, 0x47C, 0x444, 0xEFE, 0x400, 0x444, 0x682}},
    {0x9549, {0x000, 0x4FE, 0x600, 0x87C, 0x044, 0xE7C, 0x400, 0x4FE, 0xEAA, 0x492, 0x4BA, 0x696}},
    {0x954A, {0x000, 0x4FE, 0x644, 0x87C, 0x044, 0xE5E, 0x4E4, 0x400, 0xEEE, 0x42A, 0x444, 0x6AA}},
    {0x954C, {0x000, 0x424, 0x77E, 0x848, 0x07E, 0xF48, 0x47E, 0x400, 0xF7C, 0x416, 0x422, 0x746}},
    {0x954D, {0x000, 0x410, 0x6FE, 0x882, 0x0FE, 0xE82, 0x4FE, 0x410, 0xEFE, 0x454, 0x454, 0x692}},
    {0x954E, {0x000, 0x438, 0x644, 0x8BA, 0x000, 0xE7C, 0x444, 0x4FE, 0xE10, 0x4FE, 0x410, 0x630}},
    {0x954F, {0x000, 0x420, 0x6DE, 0x88A, 0x0AA, 0xED6, 0x400, 0x4FE, 0xE92, 0x4FE, 0x492, 0x6FE}},
    {0x9550, {0x000, 0x810, 0xEFE, 0x044, 0xE7C, 0x400, 0x4FE, 0xE82, 0x4BA, 0x4AA, 0x4BA, 0x686}},
    {0x9551, {0x000, 0x810, 0xEFE, 0x044, 0xEFE, 0x482, 0x410, 0xEFE, 0x440, 0x47E, 0x442, 0x68E}},
    {0x9552, {0x000, 0x482, 0x644, 0x8FE, 0x000, 0xE44, 0x482, 0x47C, 0xE54, 0x454, 0x454, 0x6FE}},
    {0x9553, {0x000, 0x410, 0x77E, 0x842, 0x03C, 0xF10, 0x422, 0x454, 0xF28, 0x45C, 0x42A, 0x758}},
    {0x9554, {0x000, 0x410, 0x77E, 0x842, 0x00C, 0xE70, 0x440, 0x47C, 0xE48, 0x4FE, 0x444, 0x682}},
    {0x9556, {0x000, 0x4FE, 0xE28, 0x0FE, 0xEAA, 0x4FE, 0x400, 0xE7C, 0x400, 0x4FE, 0x454, 0x692}},
    {0x9557, {0x000, 0x492, 0xE54, 0x0FE, 0xE82, 0x47C, 0x444, 0xE7C, 0x410, 0x47C, 0x410, 0x6FE}},
    {0x9558, {0x000, 0x47C, 0x644, 0x87C, 0x044, 0xEFE, 0x4AA, 0x4FE, 0xE44, 0x428, 0x410, 0x6EE}},
    {0x9559, {0x000, 0x4FE, 0x692, 0x8FE, 0x092, 0xEFE, 0x420, 0x444, 0xE2A, 0x4D0, 0x414, 0x6B2}},
    {0x955B, {0x000, 0x410, 0x6FE, 0x894, 0x0FE, 0xE94, 0x4FE, 0x492, 0xEFE, 0x492, 0x4FE, 0x692}},
    {0x955C, {0x000, 0x410, 0x6FE, 0x844, 0x028, 0xEFE, 0x444, 0x47C, 0xE44, 0x47C, 0x42A, 0x6CE}},
    {0x955D, {0x000, 0x410, 0xEFE, 0x044, 0xE28, 0x4FE, 0x492, 0xEFE, 0x492, 0x4BA, 0x4AA, 0x6BA}},
    {0x955E, {0x000, 0x488, 0x64E, 0x9F0, 0x088, 0xE8E, 0x4F4, 0x4A4, 0xEBE, 0x4A4, 0x4AA, 0x6B2}},
    {0x955F, {0x000, 0x488, 0x648, 0x9EE, 0x090, 0xEBE, 0x48A, 0x4C8, 0xF4E, 0x558, 0x558, 0x6EE}},
    {0x9561, {0x000, 0x4FE, 0xE28, 0x0FE, 0xEAA, 0x4FE, 0x444, 0xE7C, 0x444, 0x4FE, 0x410, 0x610}},
    {0x9562, {0x000, 0x5FE, 0x700, 0x9A4, 0x144, 0xFF6, 0x54A, 0x550, 0xFF4, 0x544, 0x54A, 0x692}},
    {0x9563, {0x000, 0x410, 0x67C, 0x8AA, 0x044, 0xEFE, 0x444, 0x47C, 0xE44, 0x47C, 0x454, 0x6B2}},
    {0x9564, {0x000, 0x4AA, 0x66C, 0x828, 0x0FE, 0xE44, 0x428, 0x4FE, 0xE10, 0x4FE, 0x428, 0x6C6}},
    {0x9565, {0x000, 0x438, 0x748, 0x8FC, 0x054, 0xF7C, 0x454, 0x4FE, 0xF44, 0x47C, 0x444, 0x77C}},
    {0x9566, {0x000, 0x448, 0x7F8, 0x8A8, 0x0EE, 0xE14, 0x5D4, 0x454, 0xEE8, 0x588, 0x494, 0x7A2}},
    {0x9567, {0x000, 0x4BE, 0x742, 0x912, 0x17E, 0xF12, 0x57E, 0x576, 0xF5A, 0x57E, 0x53A, 0x756}},
    {0x9568, {0x000, 0x444, 0x628, 0x8FE, 0x028, 0xEAA, 0x428, 0x4FE, 0xE44, 0x47C, 0x444, 0x67C}},
    {0x9569, {0x000, 0x410, 0x6FE, 0x8AA, 0x044, 0xE10, 0x47C, 0x454, 0xEFE, 0x492, 0x4FE, 0x610}},
    {0x956A, {0x000, 0x5DC, 0x654, 0x85C, 0x1C8, 0xF3E, 0x52A, 0x5EA, 0xE7E, 0x548, 0x44E, 0x6B2}},
    {0x956B, {0x000, 0x470, 0x614, 0x8AA, 0x044, 0xEBA, 0x400, 0x47C, 0xE44, 0x47C, 0x428, 0x6FE}},
    {0x956C, {0x000, 0x424, 0x6FE, 0x824, 0x07E, 0xEC8, 0x47E, 0x448, 0xE7E, 0x424, 0x418, 0x6E6}},
    {0x956D, {0x000, 0x4FE, 0x610, 0x8FE, 0x092, 0xED6, 0x400, 0x4FE, 0xE92, 0x4FE, 0x492, 0x6FE}},
    {0x956F, {0x000, 0x4FE, 0x6AA, 0x8FE, 0x040, 0xE7E, 0x4A2, 0x4FA, 0xEAA, 0x4FA, 0x42A, 0x6F6}},
    {0x9570, {0x000, 0x410, 0x6FE, 0x8C4, 0x0A8, 0xEFE, 0x4AA, 0x4FE, 0xEAA, 0x4FE, 0x4EC, 0x6AA}},
    {0x9571, {0x000, 0x410, 0x6FE, 0x828, 0x0FE, 0xE44, 0x47C, 0x444, 0xE7C, 0x454, 0x4CA, 0x67A}},
    {0x9572, {0x000, 0x410, 0x6FE, 0x882, 0x0FE, 0xEAA, 0x444, 0x4BA, 0xE00, 0x4FE, 0x454, 0x692}},
    {0x9573, {0x000, 0x410, 0x6FE, 0x8AA, 0x0FE, 0xEA8, 0x4BA, 0x4AC, 0xEBA, 0x4AE, 0x480, 0x6AA}},
    {0x9576, {0x000, 0x410, 0x6FE, 0x854, 0x07C, 0xE28, 0x4FE, 0x428, 0xEFE, 0x42A, 0x4C4, 0x672}},
    {0x957F, {0x000, 0x208, 0x230, 0x2C0, 0x200, 0xFFE, 0x200, 0x280, 0x240, 0x220, 0x218, 0x386}},
    {0x95E8, {0x000, 0x9FE, 0x402, 0x002, 0x802, 0x802, 0x802, 0x802, 0x802, 0x802, 0x802, 0x80E}},
    {0x95E9, {0x000, 0x9FE, 0x402, 0x002, 0x802, 0x802, 0xBFA, 0x802, 0x802, 0x802, 0x802, 0x80E}},
    {0x95EA, {0x000, 0x9FE, 0x402, 0x042, 0x842, 0x842, 0x8A2, 0x8A2, 0x912, 0xA0A, 0x802, 0x80E}},
    {0x95EB, {0x000, 0x9FE, 0x402, 0x1F2, 0x802, 0x802, 0x9F2, 0x802, 0x802, 0xBFA, 0x802, 0x80E}},
    {0x95ED, {0x000, 0x9FE, 0x402, 0x012, 0x812, 0xBFA, 0x832, 0x852, 0x892, 0xB12, 0x812, 0x876}},
    {0x95EE, {0x000, 0x9FE, 0x402, 0x002, 0x9F2, 0x912, 0x912, 0x912, 0x912, 0x9F2, 0x802, 0x80E}},
    {0x95EF, {0x000, 0x4FE, 0x202, 0x802, 0xBF2, 0x812, 0x912, 0x9FA, 0x80A, 0xBEA, 0x80A, 0x87A}},
    {0x95F0, {0x000, 0x9FE, 0x402, 0x3FA, 0x842, 0x842, 0xBFA, 0x842, 0x842, 0xBFA, 0x802, 0x80E}},
    {0x95F1, {0x000, 0x9FE, 0x402, 0x042, 0xBFA, 0x842, 0xBFA, 0x842, 0xBFA, 0x84A, 0x852, 0x84E}},
    {0x95F2, {0x000, 0x9FE, 0x402, 0x042, 0x842, 0xFFE, 0x8E2, 0x952, 0xA4A, 0xC46, 0x842, 0x80E}},
    {0x95F3, {0x000, 0x9FE, 0x402, 0x042, 0x842, 0xBFA, 0x882, 0x942, 0xA92, 0xD12, 0xBEA, 0x806}},
    {0x95F4, {0x000, 0x9FE, 0x402, 0x002, 0x9F2, 0x912, 0x912, 0x9F2, 0x912, 0x912, 0x9F2, 0x80E}},
    {0x95F5, {0x000, 0x9FE, 0x402, 0x042, 0xBFA, 0x912, 0x912, 0x8A2, 0x842, 0xBBA, 0x802, 0x80E}},
    {0x95F6, {0x000, 0x9FE, 0x402, 0x042, 0xBFA, 0x802, 0x9E2, 0x922, 0x92A, 0xA3A, 0x802, 0x80E}},
    {0x95F7, {0x000, 0x9FE, 0x402, 0x002, 0x942, 0x922, 0xB0A, 0xD16, 0x912, 0x9F2, 0x802, 0x80E}},
    {0x95F8, {0x000, 0x9FE, 0x402, 0x002, 0xBFA, 0xA4A, 0xBFA, 0xA4A, 0xBFA, 0x842, 0x842, 0x84E}},
    {0x95F9, {0x000, 0x9FE, 0x402, 0x042, 0xBFA, 0x842, 0xBFA, 0xA4A, 0xA4A, 0xA4A, 0xA5A, 0x84E}},
    {0x95FA, {0x000, 0x4FE, 0x202, 0x842, 0x9F2, 0x842, 0xBFA, 0x842, 0x9F2, 0x842, 0xBFA, 0x806}},
    {0x95FB, {0x000, 0x9FE, 0x402, 0x3FA, 0x912, 0x9F2, 0x912, 0x9F2, 0x91E, 0xBF2, 0x812, 0x80E}},
    {0x95FC, {0x000, 0x9FE, 0x402, 0x022, 0xA22, 0x8FA, 0xA22, 0xA52, 0xA8A, 0xDFE, 0x802, 0x80E}},
    {0x95FD, {0x000, 0x9FE, 0x402, 0x042, 0xBFA, 0xA4A, 0xA4A, 0xBFA, 0x842, 0x852, 0xBEA, 0x80E}},
    {0x95FE, {0x000, 0x9FE, 0x402, 0x1F2, 0x912, 0x9F2, 0x802, 0xBFA, 0xA0A, 0xBFA, 0x802, 0x80E}},
    {0x9600, {0x000, 0x9FE, 0x402, 0x12A, 0x926, 0xA3A, 0xEE2, 0xA2A, 0xA32, 0xA22, 0xA56, 0xA8A}},
    {0x9601, {0x000, 0x9FE, 0x482, 0x0F2, 0xB12, 0x8A2, 0x842, 0xBBA, 0x802, 0x9F2, 0x912, 0x9F6}},
    {0x9602, {0x000, 0x9FE, 0x402, 0x042, 0xBFA, 0x882, 0x912, 0x8A2, 0x84A, 0x992, 0x832, 0x9CE}},
    {0x9603, {0x000, 0x9FE, 0x402, 0x3FA, 0xA4A, 0xBFA, 0xA4A, 0xAEA, 0xB5A, 0xA4A, 0xBFA, 0x80E}},
    {0x9604, {0x000, 0x9FE, 0x402, 0x0F2, 0x912, 0xBFA, 0xA4A, 0xBFA, 0xA4A, 0xBFA, 0x84A, 0x876}},
    {0x9605, {0x000, 0x9FE, 0x402, 0x112, 0xBFA, 0xA0A, 0xA0A, 0xBFA, 0x8A2, 0x8AA, 0x92A, 0xA3E}},
    {0x9606, {0x000, 0x9FE, 0x402, 0x042, 0xBFA, 0xA0A, 0xBFA, 0xA0A, 0xBFA, 0xA52, 0xA22, 0xB96}},
    {0x9608, {0x000, 0x9FE, 0x402, 0x022, 0xBFA, 0x822, 0xBA2, 0xAAA, 0xBAA, 0x812, 0x8B6, 0xB4A}},
    {0x9609, {0x000, 0x9FE, 0x442, 0x3FE, 0x912, 0xFFE, 0xA4A, 0xBFA, 0xA4A, 0xBFA, 0x842, 0x876}},
    {0x960A, {0x000, 0x9FE, 0x402, 0x1F2, 0x912, 0x9F2, 0x912, 0xBFA, 0xA0A, 0xBFA, 0xA0A, 0xBFE}},
    {0x960B, {0x000, 0x9FE, 0x402, 0x13A, 0xA0A, 0xBBA, 0xA0A, 0xBFA, 0x8A2, 0x8AA, 0x92A, 0xA36}},
    {0x960C, {0x000, 0x9FE, 0x402, 0x03A, 0xBC2, 0x952, 0xBFA, 0xA0A, 0x9F2, 0x922, 0x8C2, 0xB36}},
    {0x960D, {0x000, 0x9FE, 0x412, 0x3E2, 0xA22, 0xBFA, 0xA16, 0xBFA, 0x912, 0x9F2, 0x912, 0x9F6}},
    {0x960E, {0x000, 0x9FE, 0x482, 0x0F2, 0x912, 0xA12, 0xBBA, 0xA0A, 0xBBA, 0xA0A, 0xBBA, 0x80E}},
    {0x960F, {0x000, 0x9FE, 0x402, 0x112, 0xBEA, 0x906, 0x9D2, 0x94A, 0x952, 0x94A, 0xA42, 0xACE}},
    {0x9610, {0x000, 0x9FE, 0x512, 0x0A2, 0xBFA, 0xA4A, 0xBFA, 0xA4A, 0xBFA, 0x842, 0xBFA, 0x846}},
    {0x9611, {0x000, 0x9FE, 0x402, 0x042, 0xBFA, 0x842, 0xBFA, 0xAEA, 0xA4A, 0xBFA, 0x952, 0xA4E}},
    {0x9612, {0x000, 0x9FE, 0x50A, 0x1FA, 0x90A, 0x9FA, 0x90A, 0x9FA, 0x852, 0xBFA, 0x8A2, 0xB1E}},
    {0x9614, {0x000, 0x9FE, 0x402, 0x01A, 0xCE2, 0xA22, 0xCFA, 0xA22, 0x8FA, 0xA8A, 0xCFA, 0x80E}},
    {0x9615, {0x000, 0x9FE, 0x402, 0x3B2, 0xAAA, 0x912, 0xA0A, 0x9F2, 0x842, 0xBFA, 0x8A2, 0xB16}},
    {0x9616, {0x000, 0x9FE, 0x442, 0x1F2, 0x842, 0xBFA, 0x912, 0xBEA, 0x802, 0xBFA, 0xAAA, 0xFFE}},
    {0x9617, {0x000, 0x9FE, 0x442, 0x1F2, 0x882, 0xBFA, 0xA0A, 0xBFA, 0xA0A, 0xFFE, 0x912, 0xA0E}},
    {0x9619, {0x000, 0x9FE, 0x402, 0x002, 0xAA2, 0xFBA, 0x90A, 0x952, 0xFD2, 0x912, 0x92A, 0xA2E}},
    {0x961A, {0x000, 0x9FE, 0x592, 0x092, 0xFFE, 0xAAA, 0xBAA, 0xAAA, 0xBAA, 0xAD2, 0xF92, 0x8AE}},
    {0x961C, {0x000, 0x080, 0x7FC, 0x404, 0x7FC, 0x400, 0x7FC, 0x404, 0x7FC, 0x040, 0xFFE, 0x040}},
    {0x961D, {0x000, 0x0F0, 0x090, 0x090, 0x090, 0x0A0, 0x090, 0x090, 0x090, 0x0B0, 0x080, 0x080}},
    {0x961F, {0x000, 0xF10, 0x910, 0x910, 0xA10, 0xA10, 0x910, 0x928, 0x928, 0xE44, 0x844, 0x882}},
    {0x9621, {0x000, 0xF0C, 0x970, 0x910, 0x910, 0xA10, 0x9FE, 0x910, 0x910, 0xB10, 0x810, 0x810}},
    {0x9622, {0x000, 0xF7E, 0x928, 0x928, 0x928, 0xA28, 0x928, 0x928, 0x928, 0xB4A, 0x84A, 0x88E}},
    {0x962A, {0x000, 0xEFE, 0xA80, 0xA80, 0xAFC, 0xCA4, 0xAA4, 0xAA4, 0xAA4, 0xE98, 0x924, 0x942}},
    {0x962E, {0x000, 0xF7C, 0x900, 0x900, 0x900, 0xAFE, 0x928, 0x928, 0x928, 0xB4A, 0x84A, 0x88E}},
    {0x9631, {0x000, 0xF24, 0x924, 0x97E, 0x924, 0xA24, 0x924, 0x97E, 0x924, 0xB24, 0x824, 0x844}},
    {0x9632, {0x000, 0xF10, 0x9FE, 0x920, 0x920, 0xA20, 0x93E, 0x922, 0x922, 0xB22, 0x842, 0x84E}},
    {0x9633, {0x000, 0xFBE, 0x8A2, 0x922, 0xA22, 0x922, 0x8BE, 0x8A2, 0x8A2, 0xF22, 0x822, 0x83E}},
    {0x9634, {0x000, 0xF7E, 0x942, 0x942, 0x97E, 0xA42, 0xA42, 0x97E, 0x942, 0x942, 0xE82, 0x88E}},
    {0x9635, {0x000, 0xE20, 0xAFE, 0xA40, 0xA50, 0xC90, 0xAFE, 0xA10, 0xA10, 0xCFE, 0x810, 0x810}},
    {0x9636, {0x000, 0xE10, 0xA28, 0xA44, 0xA82, 0xC44, 0xA44, 0xA44, 0xA44, 0xC44, 0x884, 0x884}},
    {0x963B, {0x000, 0xF7C, 0x944, 0x944, 0x97C, 0xA44, 0x944, 0x97C, 0x944, 0xB44, 0x844, 0x8FE}},
    {0x963C, {0x000, 0xF20, 0x93E, 0x960, 0x920, 0xA3E, 0x920, 0x920, 0x93E, 0xB20, 0x820, 0x820}},
    {0x963D, {0x000, 0xF10, 0x910, 0x91E, 0x910, 0xA10, 0x97E, 0x942, 0x942, 0xB42, 0x842, 0x87E}},
    {0x963F, {0x000, 0xF7E, 0x904, 0x904, 0x974, 0xA54, 0x954, 0x954, 0x974, 0xB04, 0x804, 0x81C}},
    {0x9640, {0x000, 0xE10, 0xAFE, 0xA82, 0xA00, 0xC40, 0xA42, 0xA4C, 0xA70, 0xE42, 0x842, 0x83E}},
    {0x9642, {0x000, 0xF08, 0x97E, 0x948, 0x948, 0xA7E, 0x952, 0x952, 0x952, 0xB54, 0x888, 0x8B6}},
    {0x9644, {0x000, 0xE44, 0xA44, 0xABE, 0xA84, 0xDA4, 0xA94, 0xA94, 0xA84, 0xE84, 0x884, 0x89C}},
    {0x9645, {0x000, 0xE7C, 0xA00, 0xA00, 0xAFE, 0xC10, 0xA54, 0xA54, 0xA54, 0xA92, 0xC92, 0x830}},
    {0x9646, {0x000, 0xE10, 0xAFE, 0xA10, 0xA10, 0xC10, 0xAFE, 0xA10, 0xA92, 0xA92, 0xC92, 0x8FE}},
    {0x9647, {0x000, 0xE48, 0xA44, 0xAFE, 0xA50, 0xC50, 0xA52, 0xA54, 0xA98, 0xAB2, 0xC92, 0x91E}},
    {0x9648, {0x000, 0xE10, 0xAFE, 0xA20, 0xA50, 0xC90, 0xAFE, 0xA10, 0xA54, 0xE54, 0x892, 0x8B2}},
    {0x9649, {0x000, 0xF7E, 0x904, 0x908, 0x910, 0xA6E, 0x900, 0x97E, 0x908, 0xB08, 0x808, 0x87E}},
    {0x964B, {0x000, 0xE7E, 0xA08, 0xABE, 0xAAA, 0xCAA, 0xAB6, 0xAA2, 0xAA2, 0xEA6, 0x880, 0x8FE}},
    {0x964C, {0x000, 0xEFE, 0xA10, 0xAFE, 0xA82, 0xC82, 0xA82, 0xAFE, 0xA82, 0xA82, 0xC82, 0x8FE}},
    {0x964D, {0x000, 0xE40, 0xA7C, 0xAC4, 0xA28, 0xC10, 0xAEE, 0xA10, 0xA7C, 0xE50, 0x8FE, 0x810}},
    {0x9650, {0x000, 0xEFC, 0xA84, 0xA84, 0xAFC, 0xC84, 0xA84, 0xAFC, 0xA90, 0xE8A, 0x8A4, 0x9C2}},
    {0x9654, {0x000, 0xF10, 0x97E, 0x910, 0x920, 0xA42, 0x97C, 0x908, 0x912, 0xB64, 0x808, 0x876}},
    {0x9655, {0x000, 0xE10, 0xAFE, 0xA10, 0xA92, 0xC54, 0xA10, 0xAFE, 0xA28, 0xC28, 0x844, 0x882}},
    {0x965B, {0x000, 0xE88, 0xA8A, 0xAEC, 0xA88, 0xCEA, 0xB8E, 0xA10, 0xAFE, 0xE10, 0x810, 0x8FE}},
    {0x965F, {0x000, 0xF10, 0x95E, 0x950, 0x950, 0xAFE, 0x910, 0x952, 0x992, 0xB04, 0x808, 0x8F0}},
    {0x9661, {0x000, 0xE10, 0xA7C, 0xA10, 0xA10, 0xCFE, 0xA10, 0xA10, 0xA5E, 0xE50, 0x8B0, 0x89E}},
    {0x9662, {0x000, 0xE10, 0xAFE, 0xA82, 0xA82, 0xC7C, 0xA00, 0xAFE, 0xA28, 0xE28, 0x84A, 0x88E}},
    {0x9664, {0x000, 0xF10, 0x928, 0x944, 0x982, 0xA7C, 0x910, 0x9FE, 0x910, 0xB54, 0x892, 0x830}},
    {0x9667, {0x000, 0xF7C, 0x944, 0x944, 0x97C, 0xA44, 0x944, 0x97C, 0x910, 0xB7C, 0x810, 0x8FE}},
    {0x9668, {0x000, 0xEFE, 0xA82, 0xAFE, 0xA00, 0xCFE, 0xA82, 0xA92, 0xA92, 0xC92, 0x828, 0x8C6}},
    {0x9669, {0x000, 0xE10, 0xA28, 0xA44, 0xA82, 0xCFE, 0xA00, 0xAA2, 0xA54, 0xE54, 0x800, 0x8FE}},
    {0x966A, {0x000, 0xE10, 0xAFE, 0xA44, 0xA28, 0xCFE, 0xA00, 0xA7C, 0xA44, 0xE44, 0x844, 0x87C}},
    {0x966C, {0x000, 0xFFE, 0xAA2, 0xAAA, 0xAEA, 0xCAA, 0xAAA, 0xAE4, 0xAA4, 0xEB4, 0x9EA, 0x82A}},
    {0x9672, {0x000, 0xE0E, 0xAF0, 0xA10, 0xAFE, 0xC54, 0xA54, 0xAFE, 0xA54, 0xEFE, 0x810, 0x8FE}},
    {0x9674, {0x000, 0xE30, 0xAFE, 0xA92, 0xAFE, 0xC92, 0xAFE, 0xA10, 0xA50, 0xEFE, 0x810, 0x810}},
    {0x9675, {0x000, 0xE10, 0xAFE, 0xA10, 0xAFE, 0xC2A, 0xACE, 0xA20, 0xA38, 0xEC8, 0x830, 0x9CE}},
    {0x9676, {0x000, 0xE80, 0xAFE, 0xB02, 0xA82, 0xCFA, 0xA22, 0xAFA, 0xA22, 0xEAA, 0x8FA, 0x806}},
    {0x9677, {0x000, 0xE40, 0xA7E, 0xA42, 0xA82, 0xC0E, 0xA20, 0xACE, 0xA82, 0xEEE, 0x882, 0x8FE}},
    {0x9685, {0x000, 0xEFE, 0xA92, 0xAFE, 0xA92, 0xCFE, 0xA10, 0xAFE, 0xA92, 0xE96, 0x8BA, 0x886}},
    {0x9686, {0x000, 0xE7C, 0xA44, 0xAA8, 0xA10, 0xCEE, 0xA50, 0xA7E, 0xA90, 0xE7C, 0x810, 0x8FE}},
    {0x9688, {0x000, 0xEFE, 0xA92, 0xAFE, 0xA92, 0xCFE, 0xA00, 0xAFE, 0xA48, 0xE4A, 0x844, 0x8F2}},
    {0x968B, {0x000, 0xE40, 0xAFE, 0xA40, 0xABC, 0xD10, 0xAFE, 0xA84, 0xAFC, 0xE84, 0x8FC, 0x884}},
    {0x968D, {0x000, 0xE10, 0xAFE, 0xA82, 0xAFE, 0xC82, 0xA82, 0xAFE, 0xA10, 0xEFE, 0x810, 0x8FE}},
    {0x968F, {0x000, 0xE88, 0xABE, 0xA10, 0xA3E, 0xCD2, 0xA5E, 0xA52, 0xA5E, 0xE52, 0x840, 0x8BE}},
    {0x9690, {0x000, 0xE7C, 0xA84, 0xAFE, 0xA02, 0xCFE, 0xA02, 0xAFE, 0xA00, 0xA50, 0xCCA, 0x97E}},
    {0x9694, {0x000, 0xEFE, 0xA00, 0xA7C, 0xA44, 0xC7C, 0xA00, 0xAFE, 0xAAA, 0xEC6, 0x8BA, 0x896}},
    {0x9697, {0x000, 0xE20, 0xAFE, 0xA92, 0xAFE, 0xC92, 0xAFE, 0xA54, 0xA5A, 0xE5E, 0x892, 0x91E}},
    {0x9698, {0x000, 0xE28, 0xA44, 0xABA, 0xA00, 0xC28, 0xA44, 0xA82, 0xA7C, 0xE54, 0x854, 0x8FE}},
    {0x9699, {0x000, 0xE54, 0xA92, 0xA30, 0xAFE, 0xC82, 0xAFE, 0xA82, 0xAFE, 0xE10, 0x854, 0x8B2}},
    {0x969C, {0x000, 0xF10, 0x97C, 0x928, 0x9FE, 0xA44, 0x97C, 0x944, 0x97C, 0xB10, 0x8FE, 0x810}},
    {0x96A7, {0x000, 0xEA4, 0xA42, 0xA3C, 0xA90, 0xC2A, 0xA1C, 0xBAC, 0xA8A, 0xEB0, 0x880, 0x97E}},
    {0x96B0, {0x000, 0xEFE, 0xA82, 0xAFE, 0xA82, 0xCFE, 0xA44, 0xAEE, 0xA44, 0xEEE, 0x800, 0x8AA}},
    {0x96B3, {0x000, 0xF08, 0x97E, 0xA14, 0x93E, 0xED2, 0x85E, 0x9B2, 0xE4E, 0x040, 0x254, 0x4CA}},
    {0x96B6, {0x000, 0x040, 0x7FC, 0x044, 0xFFE, 0x044, 0x7FC, 0x444, 0x248, 0x150, 0x248, 0xCC6}},
    {0x96B9, {0x000, 0x140, 0x220, 0x7FE, 0xC20, 0x420, 0x7FE, 0x420, 0x7FE, 0x420, 0x420, 0x7FE}},
    {0x96BC, {0x000, 0x210, 0x7FE, 0x420, 0xFFE, 0x420, 0x7FE, 0x420, 0x7FE, 0x040, 0xFFE, 0x040}},
    {0x96BD, {0x000, 0x140, 0x3F8, 0x640, 0xBF8, 0x240, 0x3F8, 0x240, 0x7F8, 0x04E, 0x182, 0xE1C}},
    {0x96BE, {0x000, 0xE48, 0x27E, 0xA88, 0xB88, 0xABE, 0xA88, 0x488, 0x4BE, 0xA88, 0xA88, 0xABE}},
    {0x96C0, {0x000, 0x444, 0x444, 0x8D2, 0x020, 0x1C0, 0xE20, 0x7FE, 0x420, 0x7FC, 0x420, 0x7FE}},
    {0x96C1, {0x000, 0x7FE, 0x400, 0x4A8, 0x4BE, 0x548, 0x5FE, 0x748, 0x57E, 0x548, 0x948, 0x97E}},
    {0x96C4, {0x000, 0x412, 0x414, 0xFBE, 0x424, 0x464, 0x53E, 0x524, 0x53E, 0x624, 0xAA4, 0xBBE}},
    {0x96C5, {0x000, 0xFA4, 0x524, 0x53E, 0x564, 0xFA4, 0x13E, 0x324, 0x33E, 0x524, 0x924, 0x33E}},
    {0x96C6, {0x000, 0x220, 0x7FE, 0xC40, 0x7FC, 0x440, 0x7FC, 0x440, 0xFFE, 0x150, 0x248, 0xC46}},
    {0x96C7, {0x000, 0xFFE, 0x000, 0x7FE, 0x402, 0x7FE, 0x510, 0x5FE, 0x710, 0x5FE, 0x910, 0x9FE}},
    {0x96C9, {0x000, 0x824, 0xF28, 0xA7E, 0x248, 0x2C8, 0xF7E, 0x248, 0x27E, 0x548, 0x548, 0x87E}},
    {0x96CC, {0x000, 0x292, 0xA94, 0xABE, 0xAD4, 0xB94, 0xA9E, 0xA94, 0xA9E, 0xA94, 0xBB4, 0xEFE}},
    {0x96CD, {0x000, 0x040, 0xFFE, 0x000, 0x488, 0x8BE, 0xD88, 0x4BE, 0x888, 0xEBE, 0x488, 0x8BE}},
    {0x96CE, {0x000, 0x792, 0x494, 0x4BE, 0x7A4, 0x4E4, 0x4BE, 0x7A4, 0x4BE, 0x4A4, 0x4E4, 0xF3E}},
    {0x96CF, {0x000, 0x428, 0x73E, 0x948, 0x2C8, 0xF5E, 0x148, 0x148, 0xF5E, 0x148, 0x148, 0xF5E}},
    {0x96D2, {0x000, 0x414, 0x794, 0x8A8, 0x53E, 0x268, 0xDBE, 0x028, 0xFBE, 0x8A8, 0x8A8, 0xFBE}},
    {0x96D5, {0x000, 0xFCA, 0xA54, 0xFFE, 0xA54, 0xFD4, 0xA5E, 0xF54, 0x95E, 0xF54, 0x854, 0x8DE}},
    {0x96E0, {0x000, 0x488, 0xA54, 0xF3E, 0xA14, 0xAD4, 0xF5E, 0xA54, 0xF5E, 0xA74, 0xA54, 0xF1E}},
    {0x96E8, {0x000, 0xFFE, 0x040, 0x040, 0xFFE, 0x842, 0xA52, 0x94A, 0x842, 0xA52, 0x94A, 0x846}},
    {0x96E9, {0x000, 0x7FC, 0x040, 0xFFE, 0xA52, 0x94A, 0x3F8, 0x000, 0xFFE, 0x100, 0x3F8, 0x208}},
    {0x96EA, {0x000, 0xFFE, 0x040, 0xFFE, 0x842, 0xB5A, 0x802, 0x7FC, 0x004, 0x7FC, 0x004, 0x7FC}},
    {0x96EF, {0x000, 0xFFE, 0x040, 0xFFE, 0xB5A, 0x842, 0x318, 0x040, 0xFFE, 0x208, 0x1F0, 0xE0E}},
    {0x96F3, {0x000, 0x7FC, 0x040, 0xFFE, 0x842, 0xB5A, 0x000, 0x7FC, 0x440, 0x5FC, 0x844, 0xB9C}},
    {0x96F6, {0x000, 0xFFE, 0x040, 0xFFE, 0xB5A, 0x8E2, 0x318, 0xDF6, 0x000, 0xFFE, 0x042, 0x04E}},
    {0x96F7, {0x000, 0xFFE, 0x040, 0xFFE, 0x842, 0xB5A, 0x000, 0xFFE, 0x842, 0xFFE, 0x842, 0xFFE}},
    {0x96F9, {0x000, 0xFFE, 0x040, 0xFFE, 0xB5A, 0x400, 0x7FC, 0xA24, 0x3E4, 0x20C, 0x202, 0x3FE}},
    {0x96FE, {0x000, 0x7FC, 0x842, 0xB5A, 0x800, 0x3FC, 0xE08, 0x3F8, 0xD06, 0x7FC, 0x104, 0x61C}},
    {0x9700, {0x000, 0xFFE, 0x040, 0xFFE, 0x842, 0xB5A, 0x000, 0xFFE, 0x040, 0xFFE, 0x912, 0x916}},
    {0x9701, {0x000, 0x7FC, 0x842, 0xB5A, 0x080, 0x040, 0xFFE, 0x110, 0x0E0, 0xF1E, 0x110, 0x610}},
    {0x9704, {0x000, 0xFFE, 0x040, 0xFFE, 0xA4A, 0x150, 0xE4E, 0x7FC, 0x404, 0x7FC, 0x404, 0x40C}},
    {0x9706, {0x000, 0x7FC, 0x040, 0xFFE, 0xA52, 0x148, 0xF38, 0x210, 0xF7C, 0x110, 0x610, 0x9FE}},
    {0x9707, {0x000, 0xFFE, 0x040, 0xFFE, 0xB5A, 0x000, 0xFFE, 0x800, 0xFFE, 0x914, 0x948, 0xB86}},
    {0x9708, {0x000, 0x7FC, 0x842, 0xB5A, 0x842, 0x318, 0x410, 0xAFE, 0x410, 0x2FE, 0x492, 0x896}},
    {0x9709, {0x000, 0xFFE, 0x040, 0xFFE, 0xB5A, 0x440, 0xFFE, 0x444, 0xFFE, 0x444, 0x7FC, 0x01C}},
    {0x970D, {0x000, 0xFFE, 0x040, 0xFFE, 0xB5A, 0x220, 0x7FE, 0xC20, 0x7FE, 0x420, 0x420, 0x7FE}},
    {0x970E, {0x000, 0x7FC, 0x842, 0xB5A, 0x040, 0x7FC, 0x110, 0x0A0, 0xFFE, 0x110, 0x0E0, 0x71C}},
    {0x970F, {0x000, 0xFFE, 0x040, 0xFFE, 0xB5A, 0x0A0, 0xFBE, 0x0A0, 0x7BC, 0x0A0, 0xFBE, 0x120}},
    {0x9713, {0x000, 0xFFE, 0x040, 0xFFE, 0x842, 0xB5A, 0x404, 0x7BC, 0x404, 0x7FC, 0x112, 0xE1E}},
    {0x9716, {0x000, 0xFFE, 0x040, 0xFFE, 0xB5A, 0x000, 0x208, 0xFBE, 0x208, 0x71C, 0xAAA, 0x208}},
    {0x971C, {0x000, 0xFFE, 0x040, 0xFFE, 0x842, 0xB5A, 0x000, 0x23E, 0xFA2, 0x23E, 0x722, 0xABE}},
    {0x971E, {0x000, 0x7FC, 0x040, 0xFFE, 0xB5A, 0x000, 0xFBE, 0x882, 0xFBE, 0x814, 0xF88, 0x836}},
    {0x972A, {0x000, 0x7FC, 0x842, 0xB5A, 0x40C, 0x23A, 0x844, 0x4FE, 0x010, 0x0FE, 0x410, 0x87C}},
    {0x972D, {0x000, 0x7FC, 0x842, 0xB5A, 0x07C, 0x444, 0x27C, 0xC44, 0x47E, 0x592, 0x6AA, 0x4F6}},
    {0x9730, {0x000, 0xFFE, 0x040, 0xFFE, 0xA4A, 0x490, 0xFDE, 0x4B4, 0xFD4, 0x488, 0x794, 0x4A2}},
    {0x9732, {0x000, 0xFFE, 0x040, 0xFFE, 0xA4A, 0xFBC, 0x8E4, 0xF98, 0x266, 0xBBC, 0xA24, 0xFBC}},
    {0x9738, {0x000, 0xFFE, 0x444, 0x7FC, 0x040, 0x53E, 0xFA2, 0x53E, 0xFA2, 0xABE, 0xFA2, 0x226}},
    {0x9739, {0x000, 0xFFE, 0x040, 0xFFE, 0x952, 0x788, 0x4BE, 0x794, 0x43E, 0x788, 0xABE, 0xB88}},
    {0x973E, {0x000, 0x7FC, 0x842, 0xB5A, 0x200, 0xDBE, 0x52A, 0xE3E, 0x52A, 0xB7E, 0x508, 0x27E}},
    {0x9752, {0x000, 0x040, 0xFFE, 0x040, 0x7FC, 0x040, 0xFFE, 0x404, 0x7FC, 0x404, 0x7FC, 0x404}},
    {0x9753, {0x000, 0x23E, 0xFE2, 0x222, 0xFA2, 0x22A, 0xFEA, 0x8AA, 0xF90, 0x898, 0xFAA, 0x8CE}},
    {0x9756, {0x000, 0x410, 0x4FE, 0xE10, 0x07C, 0xA10, 0xAFE, 0xA44, 0xA7C, 0x344, 0xC7C, 0x044}},
    {0x9759, {0x000, 0x21C, 0xFA4, 0x208, 0x77C, 0x214, 0xFFE, 0x514, 0x77C, 0x510, 0x710, 0x530}},
    {0x975B, {0x000, 0x208, 0xFBE, 0x222, 0xFA2, 0x200, 0xFBE, 0x888, 0xF8E, 0x8A8, 0xFA8, 0x8DE}},
    {0x975E, {0x000, 0x110, 0xF1E, 0x110, 0x110, 0xF1E, 0x110, 0x110, 0xF1E, 0x110, 0x210, 0x410}},
    {0x9760, {0x000, 0x440, 0x7FC, 0x840, 0xFFE, 0x404, 0x7FC, 0x0A0, 0xFBE, 0x0A0, 0xFBE, 0x120}},
    {0x9761, {0x000, 0x040, 0xFFE, 0x910, 0xFBE, 0x914, 0xD56, 0x890, 0xF9E, 0x890, 0xF9E, 0x910}},
    {0x9762, {0x000, 0xFFE, 0x040, 0xFFE, 0x912, 0x912, 0x9F2, 0x912, 0x9F2, 0x912, 0x912, 0xFFE}},
    {0x9765, {0x000, 0x7FE, 0x424, 0x7FE, 0x488, 0x7FE, 0x420, 0x5FC, 0x554, 0x574, 0x954, 0x9FC}},
    {0x9769, {0x000, 0x208, 0xFFE, 0x208, 0x3F8, 0x040, 0x7FC, 0x444, 0x7FC, 0x040, 0xFFE, 0x040}},
    {0x9773, {0x000, 0x506, 0xFB8, 0x520, 0x720, 0x23E, 0xFA4, 0xAA4, 0xFA4, 0x224, 0xFC4, 0x244}},
    {0x9774, {0x000, 0x528, 0xFA8, 0x528, 0x728, 0x26C, 0xFA8, 0xAA8, 0xFAA, 0x22A, 0xFAA, 0x22E}},
    {0x9776, {0x000, 0x53E, 0xFAA, 0x52A, 0x72A, 0x22A, 0xFBE, 0xAA0, 0xFA0, 0x222, 0xFA2, 0x23E}},
    {0x977C, {0x000, 0x53C, 0xFA4, 0x524, 0x73C, 0x224, 0xFA4, 0xAA4, 0xFBC, 0x200, 0xF80, 0x27E}},
    {0x9785, {0x000, 0x508, 0xF88, 0x53E, 0x72A, 0x22A, 0xFAA, 0xAFE, 0xF88, 0x214, 0xF94, 0x222}},
    {0x978B, {0x000, 0x508, 0xFBE, 0x508, 0x708, 0x23E, 0xF80, 0xA88, 0xFBE, 0x208, 0xF88, 0x23E}},
    {0x978D, {0x000, 0x508, 0xFBE, 0x522, 0x72A, 0x208, 0xFBE, 0xA94, 0xF94, 0x208, 0xF94, 0x222}},
    {0x9791, {0x000, 0x544, 0xFA4, 0x51E, 0x704, 0x264, 0xFAA, 0xAAA, 0xFB2, 0x220, 0xFB0, 0x24E}},
    {0x9792, {0x000, 0x506, 0xFB8, 0x508, 0x73E, 0x214, 0xFA2, 0xA80, 0xF94, 0x214, 0xFA4, 0x244}},
    {0x9794, {0x000, 0x510, 0xF9C, 0x524, 0x77E, 0x252, 0xFD2, 0xAFE, 0xF90, 0x218, 0xFAA, 0x24E}},
    {0x9798, {0x000, 0x52A, 0xFAA, 0x508, 0x73E, 0x222, 0xFBE, 0xAA2, 0xFBE, 0x222, 0xFA2, 0x226}},
    {0x97A0, {0x000, 0x520, 0xFBE, 0x542, 0x712, 0x256, 0xF92, 0xAFE, 0xFBA, 0x256, 0xF92, 0x216}},
    {0x97A3, {0x000, 0x53C, 0xF84, 0x57E, 0x71A, 0x268, 0xF98, 0xA90, 0xFFE, 0x238, 0xF54, 0x292}},
    {0x97AB, {0x000, 0x520, 0xFBE, 0x542, 0x23A, 0xF82, 0xABA, 0xF82, 0x23A, 0xFAA, 0x23A, 0x204}},
    {0x97AD, {0x000, 0x53E, 0xFA8, 0x53E, 0x76A, 0x23E, 0xFAA, 0xABE, 0xFA8, 0x238, 0xFA8, 0x236}},
    {0x97AF, {0x000, 0x524, 0xFFE, 0x524, 0x710, 0x27E, 0xF90, 0xAAE, 0xFE2, 0x22E, 0xFA4, 0x22C}},
    {0x97B2, {0x000, 0x528, 0xFFE, 0x528, 0x77C, 0x228, 0xFFE, 0xAD4, 0xFFE, 0x254, 0xFFE, 0x244}},
    {0x97B4, {0x000, 0x524, 0xFFE, 0x524, 0x7FE, 0x280, 0xFBE, 0xAAA, 0xFBE, 0x2AA, 0xFBE, 0x2AA}},
    {0x97E6, {0x000, 0x040, 0xFFE, 0x040, 0x040, 0x7FC, 0x040, 0x040, 0xFFE, 0x042, 0x042, 0x04E}},
    {0x97E7, {0x000, 0x21E, 0xFCA, 0x20A, 0x20A, 0xFDA, 0x22A, 0x20A, 0xFCA, 0x24A, 0x252, 0x2D6}},
    {0x97E9, {0x000, 0x208, 0xF88, 0x23E, 0xF88, 0x8BE, 0xF88, 0x8BE, 0xF8A, 0x20A, 0xF8E, 0x208}},
    {0x97EA, {0x000, 0xF88, 0x8BE, 0xF88, 0x8BE, 0xF88, 0x03E, 0xFCA, 0x10E, 0x5C8, 0x700, 0x9FE}},
    {0x97EB, {0x000, 0x23E, 0x222, 0xFBE, 0x222, 0xFBE, 0x200, 0xFBE, 0x2AA, 0x2AA, 0x32A, 0x27E}},
    {0x97EC, {0x000, 0x206, 0x27A, 0xFAA, 0x214, 0xF80, 0x216, 0xFA2, 0x2B6, 0x2A2, 0x322, 0x23E}},
    {0x97ED, {0x000, 0x110, 0xF1E, 0x110, 0x110, 0xF1E, 0x110, 0x110, 0xF1E, 0x110, 0x110, 0xFFE}},
    {0x97F3, {0x000, 0x040, 0x7FC, 0x110, 0x110, 0xFFE, 0x000, 0x7FC, 0x404, 0x7FC, 0x404, 0x7FC}},
    {0x97F5, {0x000, 0x220, 0xFBE, 0x542, 0x502, 0xFA2, 0x012, 0xF82, 0x88A, 0xF92, 0x8A2, 0xF8E}},
    {0x97F6, {0x000, 0x23E, 0xF92, 0x512, 0x512, 0xFA6, 0x000, 0xFBE, 0x8A2, 0xFA2, 0x8A2, 0xFBE}},
    {0x9875, {0x000, 0xFFE, 0x040, 0x7FC, 0x404, 0x444, 0x444, 0x444, 0x444, 0x444, 0x1B0, 0xE0E}},
    {0x9876, {0x000, 0xEFE, 0x410, 0x4FE, 0x482, 0x492, 0x492, 0x492, 0x492, 0x410, 0x428, 0xCC6}},
    {0x9877, {0x000, 0x8FE, 0x810, 0x8FE, 0xE82, 0x892, 0x892, 0x892, 0x892, 0xA92, 0xC28, 0x0C6}},
    {0x9878, {0x000, 0xFBE, 0x208, 0x23E, 0x222, 0xFA2, 0x22A, 0x22A, 0x22A, 0x208, 0x214, 0x222}},
    {0x9879, {0x000, 0x0FE, 0xE10, 0x4FE, 0x482, 0x492, 0x492, 0x492, 0x492, 0x610, 0xC28, 0x0C6}},
    {0x987A, {0x000, 0x0BE, 0xA88, 0xABE, 0xAA2, 0xAA2, 0xAAA, 0xAAA, 0xAAA, 0xAAA, 0x114, 0x122}},
    {0x987B, {0x000, 0x2FE, 0x410, 0x87C, 0x144, 0x254, 0x454, 0x854, 0x154, 0x254, 0x428, 0x8C6}},
    {0x987C, {0x000, 0xFBE, 0x208, 0x23E, 0x222, 0xFA2, 0x22A, 0x22A, 0x22A, 0x208, 0x394, 0xC22}},
    {0x987D, {0x000, 0x7BE, 0x008, 0x03E, 0xFE2, 0x52A, 0x52A, 0x52A, 0x52A, 0x56A, 0x994, 0x922}},
    {0x987E, {0x000, 0xFBE, 0x808, 0xBBE, 0xAA2, 0xAA2, 0xAAA, 0xBAA, 0xA2A, 0xA88, 0xA94, 0xB22}},
    {0x987F, {0x000, 0x23E, 0xF88, 0x23E, 0xAA2, 0xAA2, 0xAAA, 0xAAA, 0xFAA, 0x208, 0x294, 0x3A2}},
    {0x9880, {0x000, 0x1BE, 0x608, 0x43E, 0x422, 0x7A2, 0x52A, 0x52A, 0x52A, 0x508, 0x914, 0x922}},
    {0x9881, {0x000, 0x53E, 0x508, 0x8BE, 0x8A2, 0x022, 0xFAA, 0x4AA, 0x4AA, 0x488, 0x894, 0x9A2}},
    {0x9882, {0x000, 0x53E, 0x508, 0x53E, 0x8A2, 0xAA2, 0x22A, 0x22A, 0x42A, 0x52A, 0x914, 0xEA2}},
    {0x9883, {0x000, 0x43E, 0x208, 0xFBE, 0x022, 0x722, 0x52A, 0x52A, 0x52A, 0x548, 0x994, 0x922}},
    {0x9884, {0x000, 0xFBE, 0x088, 0x53E, 0x222, 0xFAA, 0x2AA, 0x22A, 0x22A, 0x22A, 0x214, 0xE22}},
    {0x9885, {0x000, 0x23E, 0x388, 0x208, 0x7BE, 0x4A2, 0x4AA, 0x7AA, 0x42A, 0x42A, 0x814, 0x822}},
    {0x9886, {0x000, 0x13E, 0x288, 0x47E, 0xA22, 0x12A, 0x02A, 0xFEA, 0x0AA, 0x52A, 0x214, 0x122}},
    {0x9887, {0x000, 0x13E, 0x7C8, 0x53E, 0x522, 0x7AA, 0x4AA, 0x4AA, 0x6AA, 0x52A, 0x914, 0xAA2}},
    {0x9888, {0x000, 0xFBE, 0x108, 0x23E, 0xDA2, 0x02A, 0xFAA, 0x22A, 0x22A, 0x22A, 0x394, 0xE22}},
    {0x9889, {0x000, 0x23E, 0x208, 0xFBE, 0x222, 0x222, 0xFAA, 0x02A, 0xFAA, 0x888, 0x894, 0xFA2}},
    {0x988A, {0x000, 0x23E, 0xF88, 0x23E, 0xAA2, 0x22A, 0xFAA, 0x22A, 0x52A, 0x514, 0x894, 0x8A2}},
    {0x988C, {0x000, 0x23E, 0x308, 0x4BE, 0x862, 0x7A2, 0x02A, 0xFAA, 0x8AA, 0x888, 0x894, 0xFA2}},
    {0x988D, {0x000, 0x83E, 0x908, 0xE3E, 0x8A2, 0x7A2, 0x12A, 0xF6A, 0x3AA, 0x548, 0x954, 0x322}},
    {0x988F, {0x000, 0x43E, 0x208, 0xFBE, 0x422, 0x8A2, 0x52A, 0x22A, 0x4AA, 0x908, 0x294, 0xC62}},
    {0x9890, {0x000, 0xFBE, 0xA08, 0xA3E, 0xFA2, 0x8AA, 0x8AA, 0x8AA, 0xFAA, 0xA2A, 0xA14, 0xFA2}},
    {0x9891, {0x000, 0x13E, 0x5C8, 0x53E, 0x522, 0xFE2, 0x12A, 0x52A, 0x92A, 0x06A, 0x194, 0xE22}},
    {0x9893, {0x000, 0x1BE, 0xE08, 0x23E, 0xFA2, 0x22A, 0x72A, 0xAAA, 0x72A, 0x52A, 0x514, 0x9A2}},
    {0x9894, {0x000, 0x23E, 0x508, 0x8BE, 0x222, 0xFA2, 0x12A, 0x62A, 0x12A, 0xF88, 0x894, 0xFA2}},
    {0x9896, {0x000, 0x9BE, 0xE08, 0x83E, 0xFA2, 0x02A, 0xFAA, 0x22A, 0xFAA, 0x22A, 0x714, 0xAA2}},
    {0x9897, {0x000, 0xFBE, 0xA88, 0xFBE, 0xAA2, 0xFAA, 0x22A, 0xFAA, 0x22A, 0x714, 0xA94, 0xAA2}},
    {0x9898, {0x000, 0xFBE, 0x888, 0xFBE, 0x8A2, 0xFAA, 0x22A, 0xA2A, 0xBAA, 0xA14, 0xE22, 0x9FE}},
    {0x989A, {0x000, 0xEFE, 0xAA8, 0xEE8, 0x01E, 0x7A2, 0x02A, 0xFEA, 0x22A, 0x788, 0x094, 0x322}},
    {0x989B, {0x000, 0x97E, 0x948, 0xFFE, 0x022, 0xFE2, 0x12A, 0xFEA, 0xAAA, 0xAA8, 0xAAC, 0x872}},
    {0x989C, {0x000, 0x13E, 0x7C8, 0x2BE, 0x7E2, 0x42A, 0x52A, 0x6AA, 0x56A, 0x6AA, 0x514, 0x822}},
    {0x989D, {0x000, 0x13E, 0xFC8, 0xA7E, 0x7A2, 0xCA2, 0x32A, 0xCEA, 0x02A, 0xF88, 0x894, 0xFA2}},
    {0x989E, {0x000, 0xFDE, 0x488, 0x7BE, 0x4E2, 0xFA2, 0x0AA, 0xEEA, 0x22A, 0xAA8, 0x454, 0xAA2}},
    {0x989F, {0x000, 0x4BE, 0xFC8, 0x4BE, 0xFE2, 0x2A2, 0xFEA, 0xAAA, 0xAAA, 0xD68, 0x82C, 0x872}},
    {0x98A0, {0x000, 0x23E, 0xF88, 0x23E, 0xFA2, 0x8A2, 0xFAA, 0x8AA, 0xFAA, 0x008, 0x514, 0x8A2}},
    {0x98A1, {0x000, 0xFBE, 0x488, 0x33E, 0xEE2, 0xAA2, 0x46A, 0xAAA, 0x108, 0xFE8, 0x554, 0x922}},
    {0x98A2, {0x000, 0xFBE, 0x888, 0xFBE, 0x8A2, 0xFA2, 0x22A, 0xFEA, 0x8AA, 0xF88, 0x554, 0xB22}},
    {0x98A4, {0x000, 0x23E, 0xF88, 0x8BE, 0xAA2, 0xFA2, 0x02A, 0x72A, 0x52A, 0x708, 0x514, 0xFA2}},
    {0x98A5, {0x000, 0xFDE, 0x108, 0xFFE, 0x922, 0xD62, 0x02A, 0xFEA, 0x108, 0xFE8, 0xAAC, 0xAB2}},
    {0x98A6, {0x000, 0x13E, 0x588, 0x53E, 0xFA2, 0x52A, 0xBFC, 0x64A, 0xBF8, 0x288, 0xFFE, 0x010}},
    {0x98A7, {0x000, 0x53E, 0xF88, 0x53E, 0xFA2, 0xAA2, 0xFAA, 0x52A, 0xFAA, 0x52A, 0x594, 0x722}},
    {0x98CE, {0x000, 0x7F8, 0x408, 0x428, 0x528, 0x4A8, 0x448, 0x448, 0x4AA, 0x52A, 0x82A, 0x804}},
    {0x98D1, {0x000, 0xFD0, 0x87C, 0xCC4, 0xD74, 0xA54, 0xA74, 0xA48, 0xD44, 0xCFC, 0x842, 0x83E}},
    {0x98D2, {0x000, 0x47E, 0x242, 0xFE6, 0x056, 0x8CA, 0x8CA, 0x54A, 0x556, 0x5E6, 0xE42, 0x082}},
    {0x98D3, {0x000, 0xFDC, 0x854, 0xCDC, 0xD54, 0xA5C, 0xA54, 0xA7E, 0xD54, 0xCE2, 0x842, 0x83E}},
    {0x98D5, {0x000, 0xFEE, 0x84A, 0xCEE, 0xD4A, 0xA7E, 0xA48, 0xA7E, 0xD52, 0xCCC, 0x852, 0x83E}},
    {0x98D8, {0x000, 0xFFE, 0x2A2, 0xFF6, 0xAB6, 0xFEA, 0x02A, 0xFEA, 0x036, 0xFF6, 0x122, 0xB42}},
    {0x98D9, {0x000, 0x37E, 0x2C2, 0xFE6, 0x556, 0x8CA, 0x2CA, 0x54A, 0xFD6, 0x566, 0xA82, 0xA82}},
    {0x98DA, {0x000, 0xFC8, 0x86A, 0xCD4, 0xD62, 0xA54, 0xA7E, 0xA54, 0xD6A, 0xCC0, 0x822, 0x81E}},
    {0x98DE, {0x000, 0xFF0, 0x012, 0x014, 0x018, 0x014, 0x012, 0x010, 0x010, 0x012, 0x00A, 0x004}},
    {0x98DF, {0x000, 0x040, 0x0A0, 0x358, 0xFFE, 0x208, 0x3F8, 0x208, 0x3F8, 0x224, 0x298, 0xF06}},
    {0x98E7, {0x000, 0x410, 0x428, 0x744, 0x592, 0x97C, 0x544, 0x37C, 0x244, 0x27C, 0x448, 0x866}},
    {0x98E8, {0x000, 0x218, 0x424, 0x852, 0x57C, 0x244, 0x47C, 0x944, 0xF7C, 0x14A, 0x254, 0xC62}},
    {0x990D, {0x000, 0x7FE, 0x424, 0x7FE, 0x488, 0x574, 0x68A, 0x5FC, 0x488, 0x4FA, 0x894, 0x8EE}},
    {0x9910, {0x000, 0x3BC, 0x214, 0xF88, 0x4B6, 0x348, 0xFFE, 0x404, 0x7FC, 0x424, 0x418, 0xF86}},
    {0x992E, {0x000, 0xF98, 0x424, 0x7DA, 0xCA4, 0x3F8, 0xE0E, 0x3F8, 0x208, 0x3FA, 0x224, 0xF9E}},
    {0x9954, {0x000, 0x040, 0xFFE, 0x228, 0x57E, 0x268, 0xDBE, 0x2F0, 0xF0E, 0x3FC, 0x202, 0x3FE}},
    {0x9955, {0x000, 0x720, 0x53C, 0xFA0, 0x4FC, 0x9A2, 0x21E, 0x7F4, 0xA10, 0x3F4, 0x228, 0xF9E}},
    {0x9963, {0x000, 0x080, 0x0F0, 0x090, 0x110, 0x040, 0x040, 0x040, 0x040, 0x040, 0x040, 0x070}},
    {0x9965, {0x000, 0x878, 0xF48, 0x948, 0x048, 0x448, 0x448, 0x448, 0x448, 0x44A, 0x44A, 0x74E}},
    {0x9967, {0x000, 0x87E, 0xF04, 0x908, 0x010, 0x47E, 0x42A, 0x44A, 0x452, 0x492, 0x422, 0x74E}},
    {0x9968, {0x000, 0x810, 0xF10, 0x9FE, 0x010, 0x492, 0x492, 0x492, 0x4FE, 0x410, 0x412, 0x71E}},
    {0x9969, {0x000, 0x820, 0xF20, 0x97E, 0x080, 0x47C, 0x400, 0x478, 0x408, 0x40A, 0x40A, 0x704}},
    {0x996A, {0x000, 0x806, 0xF38, 0x908, 0x008, 0x408, 0x47E, 0x408, 0x408, 0x408, 0x408, 0x73E}},
    {0x996B, {0x000, 0x806, 0xF78, 0x910, 0x010, 0x4FE, 0x410, 0x410, 0x428, 0x428, 0x444, 0x682}},
    {0x996C, {0x000, 0x820, 0xF3E, 0x940, 0x010, 0x47E, 0x412, 0x412, 0x412, 0x422, 0x422, 0x74E}},
    {0x996D, {0x000, 0x87E, 0xF40, 0x95E, 0x042, 0x452, 0x452, 0x454, 0x454, 0x448, 0x448, 0x756}},
    {0x996E, {0x000, 0x840, 0xF7E, 0x942, 0x092, 0x410, 0x410, 0x410, 0x428, 0x428, 0x444, 0x682}},
    {0x996F, {0x000, 0x812, 0xF10, 0x97E, 0x010, 0x47E, 0x410, 0x414, 0x414, 0x408, 0x40A, 0x774}},
    {0x9970, {0x000, 0x840, 0xE7E, 0xA90, 0x010, 0x4FE, 0x492, 0x492, 0x492, 0x492, 0x496, 0x610}},
    {0x9971, {0x000, 0x840, 0xF7E, 0x902, 0x07A, 0x44A, 0x44A, 0x47A, 0x446, 0x440, 0x442, 0x77E}},
    {0x9972, {0x000, 0x87E, 0xF02, 0x97A, 0x002, 0x47A, 0x44A, 0x44A, 0x44A, 0x47A, 0x402, 0x70E}},
    {0x9974, {0x000, 0x810, 0xF10, 0x924, 0x044, 0x47A, 0x400, 0x47E, 0x442, 0x442, 0x442, 0x77E}},
    {0x9975, {0x000, 0x8FE, 0xE44, 0xA44, 0x07C, 0x444, 0x444, 0x47C, 0x444, 0x444, 0x4FE, 0x604}},
    {0x9976, {0x000, 0x820, 0xE3E, 0xAE0, 0x014, 0x40A, 0x4F4, 0x400, 0x4FE, 0x448, 0x44A, 0x686}},
    {0x9977, {0x000, 0x830, 0xEFE, 0xA82, 0x0BA, 0x4AA, 0x4AA, 0x4AA, 0x4AA, 0x4AA, 0x4BA, 0x686}},
    {0x997A, {0x000, 0x810, 0xF7E, 0x900, 0x044, 0x482, 0x444, 0x444, 0x428, 0x410, 0x428, 0x6C6}},
    {0x997C, {0x000, 0x842, 0xF24, 0x97E, 0x024, 0x424, 0x424, 0x47E, 0x424, 0x424, 0x424, 0x744}},
    {0x997D, {0x000, 0x810, 0xEFE, 0xA10, 0x0FE, 0x482, 0x47C, 0x408, 0x410, 0x4FE, 0x410, 0x630}},
    {0x997F, {0x000, 0x8EA, 0xF4A, 0x948, 0x07E, 0x4C8, 0x44A, 0x44A, 0x464, 0x4C4, 0x45A, 0x6E2}},
    {0x9980, {0x000, 0x810, 0xE28, 0xA44, 0x082, 0x47C, 0x410, 0x4FE, 0x410, 0x454, 0x492, 0x630}},
    {0x9981, {0x000, 0x806, 0xF78, 0x952, 0x02C, 0x410, 0x4FE, 0x424, 0x444, 0x428, 0x410, 0x6EE}},
    {0x9984, {0x000, 0x8FE, 0xE82, 0xAFE, 0x082, 0x4FE, 0x400, 0x488, 0x4EE, 0x488, 0x4AA, 0x6EE}},
    {0x9985, {0x000, 0x840, 0xE7E, 0xA42, 0x082, 0x40C, 0x420, 0x4C6, 0x482, 0x4EE, 0x482, 0x6FE}},
    {0x9986, {0x000, 0x810, 0xF7E, 0x942, 0x03C, 0x424, 0x43C, 0x420, 0x43E, 0x422, 0x422, 0x73E}},
    {0x9987, {0x000, 0x810, 0xEFE, 0xA54, 0x092, 0x4FE, 0x482, 0x4FE, 0x482, 0x4FE, 0x400, 0x6FE}},
    {0x9988, {0x000, 0x810, 0xF7C, 0x954, 0x0FE, 0x400, 0x47C, 0x444, 0x454, 0x454, 0x428, 0x6C6}},
    {0x998A, {0x000, 0x856, 0xE92, 0xAD6, 0x092, 0x4FE, 0x410, 0x4FE, 0x444, 0x428, 0x410, 0x6EE}},
    {0x998B, {0x000, 0x81C, 0xF24, 0x97E, 0x04A, 0x47E, 0x424, 0x4C2, 0x418, 0x404, 0x470, 0x70E}},
    {0x998D, {0x000, 0x844, 0xEFE, 0xA44, 0x0FE, 0x482, 0x4FE, 0x482, 0x4FE, 0x420, 0x4FE, 0x644}},
    {0x998F, {0x000, 0x85E, 0xE8A, 0xAAA, 0x0AA, 0x4D6, 0x400, 0x4FE, 0x492, 0x4FE, 0x492, 0x6FE}},
    {0x9990, {0x000, 0x844, 0xE28, 0xAFE, 0x020, 0x4FE, 0x440, 0x4FE, 0x514, 0x47C, 0x424, 0x6FE}},
    {0x9991, {0x000, 0x844, 0xEFE, 0xA44, 0x07C, 0x410, 0x4FE, 0x492, 0x492, 0x4FE, 0x410, 0x6FE}},
    {0x9992, {0x000, 0x8FC, 0xE84, 0xAFC, 0x084, 0x5FE, 0x54A, 0x54A, 0x5FE, 0x484, 0x478, 0x786}},
    {0x9993, {0x000, 0x8A4, 0xFE4, 0xABE, 0x1EA, 0x40A, 0x5EA, 0x52A, 0x5E4, 0x524, 0x5EA, 0x72A}},
    {0x9994, {0x000, 0x8EE, 0xEAA, 0xACC, 0x0AA, 0x4EE, 0x444, 0x4FE, 0x444, 0x4FE, 0x444, 0x682}},
    {0x9995, {0x000, 0x810, 0xEFE, 0xA54, 0x07C, 0x410, 0x4FE, 0x4A2, 0x47C, 0x454, 0x4C8, 0x666}},
    {0x9996, {0x000, 0x208, 0x110, 0xFFE, 0x040, 0x7FC, 0x404, 0x7FC, 0x404, 0x7FC, 0x404, 0x7FC}},
    {0x9997, {0x000, 0x428, 0x4FE, 0xF10, 0x57C, 0x544, 0x57C, 0x544, 0x544, 0x57C, 0x902, 0x9FE}},
    {0x9998, {0x000, 0x50A, 0xF88, 0x27E, 0x408, 0xF78, 0x94A, 0xF7A, 0x904, 0xF74, 0x90A, 0xF12}},
    {0x9999, {0x000, 0x7FC, 0x040, 0xFFE, 0x150, 0x248, 0xC46, 0x7FC, 0x404, 0x7FC, 0x404, 0x7FC}},
    {0x99A5, {0x000, 0x720, 0x23E, 0xFE4, 0x23C, 0x724, 0xABC, 0x710, 0x51C, 0x764, 0x518, 0x766}},
    {0x99A8, {0x000, 0xFBC, 0x224, 0xFE6, 0xA98, 0xFE6, 0x840, 0xFFE, 0x444, 0xBFA, 0x208, 0x3F8}},
    {0x9A6C, {0x000, 0x7FC, 0x004, 0x204, 0x204, 0x404, 0x7FE, 0x002, 0x002, 0xFFA, 0x002, 0x01E}},
    {0x9A6D, {0x000, 0xE7E, 0x242, 0xA42, 0xA42, 0xA42, 0xF44, 0x124, 0x328, 0xD10, 0x128, 0x746}},
    {0x9A6E, {0x000, 0xE10, 0x210, 0xAFE, 0xA10, 0xA10, 0xF28, 0x128, 0x328, 0xD44, 0x144, 0x782}},
    {0x9A6F, {0x000, 0xF2A, 0x12A, 0x92A, 0x92A, 0x92A, 0xFAA, 0x0AA, 0x3AA, 0xCAA, 0x0AA, 0x3CA}},
    {0x9A70, {0x000, 0xF88, 0x0AE, 0x4BA, 0x4AA, 0x42A, 0xFAA, 0x0AA, 0x0AE, 0xEA8, 0x0A2, 0x3BE}},
    {0x9A71, {0x000, 0xE7E, 0x240, 0xA40, 0xA62, 0xA54, 0xF48, 0x154, 0x362, 0xD40, 0x140, 0x77E}},
    {0x9A73, {0x000, 0xFA2, 0x094, 0x488, 0x494, 0x422, 0xF80, 0x0A2, 0x094, 0xE88, 0x094, 0x3A2}},
    {0x9A74, {0x000, 0xF08, 0x13E, 0x922, 0x922, 0x93E, 0xFA0, 0x0A0, 0x3A0, 0xCA0, 0x0A0, 0x3C0}},
    {0x9A75, {0x000, 0xF3C, 0x124, 0x924, 0x93C, 0x924, 0xFA4, 0x0BC, 0x2A4, 0xCA4, 0x0A4, 0x37E}},
    {0x9A76, {0x000, 0xE10, 0x2FE, 0xA92, 0xA92, 0xAFE, 0xF10, 0x150, 0x320, 0xD20, 0x150, 0x78E}},
    {0x9A77, {0x000, 0xEFE, 0x2AA, 0xAAA, 0xAAA, 0xAAA, 0xFAA, 0x0AE, 0x2C2, 0xC82, 0x082, 0x37E}},
    {0x9A78, {0x000, 0xE24, 0x224, 0xA44, 0xADE, 0xA44, 0xF44, 0x154, 0x34C, 0xD44, 0x144, 0x64C}},
    {0x9A79, {0x000, 0xFA0, 0x0BE, 0x4A2, 0x4C2, 0x43A, 0xFAA, 0x0AA, 0x0AA, 0xEBA, 0x082, 0x38E}},
    {0x9A7A, {0x000, 0xF20, 0x13C, 0x924, 0x948, 0x93E, 0xF82, 0x082, 0x2BE, 0xC82, 0x082, 0x33E}},
    {0x9A7B, {0x000, 0xE10, 0x208, 0xA7F, 0xA08, 0xA08, 0xF08, 0x17F, 0x308, 0xD08, 0x108, 0x77F}},
    {0x9A7C, {0x000, 0xF10, 0x17E, 0x942, 0x942, 0x920, 0xFA4, 0x0A8, 0x2B0, 0xCA2, 0x0A2, 0x7BE}},
    {0x9A7D, {0x000, 0x200, 0xFBE, 0x492, 0x30C, 0xC92, 0x3F0, 0x010, 0x110, 0x1FC, 0x004, 0x7D8}},
    {0x9A7E, {0x000, 0x200, 0xFBE, 0x4A2, 0x9BE, 0x000, 0x7FC, 0x204, 0x3FE, 0x002, 0x7FA, 0x01E}},
    {0x9A7F, {0x000, 0xEFC, 0x244, 0xA28, 0xA10, 0xA28, 0xFC6, 0x110, 0x37C, 0xD10, 0x1FE, 0x610}},
    {0x9A80, {0x000, 0xF10, 0x120, 0x924, 0x94E, 0x972, 0xF80, 0x0BE, 0x2A2, 0xCA2, 0x0A2, 0x33E}},
    {0x9A81, {0x000, 0xE20, 0x23E, 0xAE4, 0xA28, 0xA12, 0xF6E, 0x100, 0x37E, 0xD28, 0x12A, 0x64E}},
    {0x9A82, {0x000, 0xFBE, 0x8A2, 0xFBE, 0x000, 0xFFC, 0x404, 0x7FE, 0x002, 0xFFA, 0x002, 0x03E}},
    {0x9A84, {0x000, 0xF0E, 0x170, 0x910, 0x97E, 0x924, 0xFE6, 0x0A4, 0x3A4, 0xCA4, 0x0A4, 0x3A4}},
    {0x9A85, {0x000, 0xF2A, 0x14C, 0x9D8, 0x94A, 0x94E, 0xF80, 0x088, 0x288, 0xCBE, 0x088, 0x308}},
    {0x9A86, {0x000, 0xE40, 0x27E, 0xA42, 0xAA4, 0xA18, 0xF66, 0x100, 0x37E, 0xD42, 0x142, 0x77E}},
    {0x9A87, {0x000, 0xE10, 0x2FE, 0xA10, 0xA20, 0xA44, 0xF28, 0x110, 0x324, 0xD48, 0x114, 0x762}},
    {0x9A88, {0x000, 0xE42, 0x224, 0xA7E, 0xA24, 0xA24, 0xF24, 0x17E, 0x324, 0xD24, 0x144, 0x644}},
    {0x9A8A, {0x000, 0xEFE, 0x200, 0xAFE, 0xA92, 0xA92, 0xFDA, 0x0B6, 0x292, 0xC92, 0x192, 0x6B6}},
    {0x9A8B, {0x000, 0xF88, 0x0BE, 0x4AA, 0x4BE, 0x42A, 0xFBE, 0x090, 0x0BE, 0xE82, 0x082, 0x39E}},
    {0x9A8C, {0x000, 0xE10, 0x228, 0xA44, 0xA82, 0xA7C, 0xF00, 0x152, 0x32A, 0xD2C, 0x100, 0x77E}},
    {0x9A8F, {0x000, 0xF90, 0x0A4, 0x4FA, 0x4AA, 0x42E, 0xFD0, 0x09E, 0x0A2, 0xED4, 0x088, 0x3F6}},
    {0x9A90, {0x000, 0xF24, 0x17E, 0x924, 0x93C, 0x924, 0xFBC, 0x0A4, 0x2FE, 0xC80, 0x0A4, 0x342}},
    {0x9A91, {0x000, 0xE10, 0x2FE, 0xA28, 0xA44, 0xAFE, 0xF04, 0x174, 0x354, 0xD74, 0x104, 0x70C}},
    {0x9A92, {0x000, 0xE7C, 0x254, 0xA7C, 0xA54, 0xA54, 0xF7C, 0x110, 0x3FE, 0xD38, 0x154, 0x692}},
    {0x9A93, {0x000, 0xF10, 0x128, 0x97E, 0x928, 0x928, 0xFBE, 0x0A8, 0x2BE, 0xCA8, 0x0A8, 0x33E}},
    {0x9A96, {0x000, 0xF10, 0x126, 0x97A, 0x910, 0x97E, 0xFA4, 0x0C2, 0x28C, 0xCB0, 0x086, 0x338}},
    {0x9A97, {0x000, 0xE10, 0x27E, 0xA42, 0xA42, 0xA7E, 0xF40, 0x17E, 0x36A, 0xD7E, 0x1AA, 0x6AA}},
    {0x9A98, {0x000, 0xF08, 0x92E, 0xA28, 0x97E, 0xB2A, 0x84C, 0x3F8, 0x110, 0x1FC, 0x004, 0x7D8}},
    {0x9A9A, {0x000, 0xEFE, 0x244, 0xA38, 0xAC6, 0xA10, 0xF7E, 0x152, 0x352, 0xD7E, 0x114, 0x77A}},
    {0x9A9B, {0x000, 0xF10, 0x51E, 0xFA4, 0x698, 0xA26, 0x3F0, 0x010, 0x110, 0x1FC, 0x004, 0x7D8}},
    {0x9A9C, {0x000, 0x210, 0xF9E, 0x224, 0xF98, 0x4A6, 0xBF0, 0x010, 0x110, 0x1FC, 0x004, 0x7D8}},
    {0x9A9D, {0x000, 0xE20, 0x2DE, 0xA8A, 0xAAA, 0xAD6, 0xF00, 0x17E, 0x352, 0xD7E, 0x152, 0x67E}},
    {0x9A9E, {0x000, 0x040, 0xFFE, 0x912, 0x7FC, 0x110, 0xFFE, 0x288, 0xDFE, 0x004, 0x7E4, 0x018}},
    {0x9A9F, {0x000, 0xE20, 0x210, 0xA7E, 0xA42, 0xA7E, 0xF40, 0x17E, 0x35A, 0xD76, 0x19A, 0x636}},
    {0x9AA0, {0x000, 0xEFE, 0x228, 0xAFE, 0xAAA, 0xAFE, 0xF00, 0x17C, 0x300, 0xDFE, 0x154, 0x6B2}},
    {0x9AA1, {0x000, 0xEFE, 0x292, 0xAFE, 0xA92, 0xAFE, 0xF24, 0x144, 0x3FA, 0xD10, 0x154, 0x7B2}},
    {0x9AA2, {0x000, 0xE10, 0x27E, 0xA4A, 0xA5E, 0xA76, 0xF4A, 0x156, 0x37E, 0xD10, 0x164, 0x6BA}},
    {0x9AA3, {0x000, 0xE7E, 0x242, 0xA7E, 0xA44, 0xA5E, 0xF48, 0x17E, 0x352, 0xD7E, 0x154, 0x6BC}},
    {0x9AA4, {0x000, 0xEFE, 0x252, 0xA72, 0xA5A, 0xAF4, 0xF1A, 0x1F0, 0x356, 0xDB8, 0x154, 0x7B2}},
    {0x9AA5, {0x000, 0xEEA, 0x22C, 0xAEA, 0xA56, 0xA7C, 0xF54, 0x1FE, 0x328, 0xDFE, 0x128, 0x6C6}},
    {0x9AA7, {0x000, 0xE10, 0x3FE, 0xAAA, 0xAEE, 0xA28, 0xF7C, 0x128, 0x3FE, 0xD2A, 0x164, 0x6B2}},
    {0x9AA8, {0x000, 0x7FC, 0x404, 0x4FC, 0x484, 0xFFE, 0xA0A, 0xBFA, 0x208, 0x3F8, 0x208, 0x218}},
    {0x9AB0, {0x000, 0x79C, 0x494, 0x594, 0xFE6, 0x840, 0x7BE, 0x482, 0x794, 0x488, 0x794, 0x4A2}},
    {0x9AB1, {0x000, 0xF10, 0x918, 0xF24, 0xD42, 0xF80, 0x894, 0xF14, 0x914, 0xF24, 0x924, 0xB44}},
    {0x9AB6, {0x000, 0xF0C, 0x970, 0xF50, 0xD7E, 0xFD0, 0x8D0, 0xF48, 0x96A, 0xFC6, 0x902, 0xB70}},
    {0x9AB7, {0x000, 0xF88, 0x888, 0xB88, 0xABE, 0xFC8, 0x848, 0x7BE, 0x4A2, 0x7A2, 0x4A2, 0x5BE}},
    {0x9AB8, {0x000, 0x788, 0x4BE, 0x590, 0xFE4, 0x854, 0x78A, 0x492, 0x7A4, 0x4C8, 0x794, 0x4A2}},
    {0x9ABA, {0x000, 0xF06, 0x938, 0xF20, 0xD20, 0xFBE, 0x8A0, 0xF20, 0x93E, 0xF52, 0x952, 0xB1E}},
    {0x9ABC, {0x000, 0x790, 0x49E, 0x5A2, 0xFD4, 0x848, 0x7B6, 0x480, 0x7BE, 0x4A2, 0x7A2, 0x4BE}},
    {0x9AC0, {0x000, 0x790, 0x4BE, 0x5AA, 0xFFE, 0x86A, 0x7BE, 0x490, 0x7A4, 0x4FE, 0x784, 0x484}},
    {0x9AC1, {0x000, 0xF7C, 0x954, 0xF7C, 0xD54, 0xFD4, 0x8FC, 0xF10, 0x9FE, 0xF38, 0x954, 0xB92}},
    {0x9AC2, {0x000, 0xF08, 0x97E, 0xF52, 0xD3C, 0xFE4, 0x898, 0xF66, 0x900, 0xF3E, 0x922, 0xB3E}},
    {0x9AC5, {0x000, 0xF4A, 0x92C, 0xF7E, 0xB2C, 0xFCA, 0x890, 0xF7E, 0x924, 0xF48, 0x930, 0xB4C}},
    {0x9ACB, {0x000, 0xF10, 0x97E, 0xF42, 0xB24, 0xFFE, 0x8A4, 0xF7E, 0x942, 0xF52, 0x918, 0xB6E}},
    {0x9ACC, {0x000, 0xF10, 0x97E, 0xF42, 0xB0C, 0xFB0, 0x8A0, 0xF3C, 0x928, 0xF7E, 0x924, 0xB42}},
    {0x9AD1, {0x000, 0x77E, 0x552, 0x57E, 0xFA0, 0x8BE, 0x7D2, 0x57E, 0x756, 0x57E, 0x712, 0x576}},
    {0x9AD3, {0x000, 0x748, 0x53E, 0x550, 0xF9E, 0x8A4, 0x71E, 0x5D4, 0x75C, 0x554, 0x740, 0x5BE}},
    {0x9AD8, {0x000, 0x040, 0xFFE, 0x208, 0x3F8, 0x000, 0xFFE, 0x802, 0x9F2, 0x912, 0x9F2, 0x80E}},
    {0x9ADF, {0x000, 0x7C4, 0x408, 0x7B0, 0x404, 0x788, 0x430, 0xFC2, 0x204, 0x4C8, 0xF70, 0x040}},
    {0x9AE1, {0x000, 0x786, 0x438, 0xF86, 0x438, 0x506, 0xEB8, 0x000, 0xFFE, 0x120, 0x222, 0xC1E}},
    {0x9AE6, {0x000, 0x78C, 0x430, 0xFCC, 0x2B0, 0xF40, 0x078, 0x780, 0x0FC, 0xF82, 0x082, 0x07E}},
    {0x9AEB, {0x000, 0x78C, 0x430, 0xFCC, 0x4B0, 0xE40, 0x3FC, 0x104, 0x208, 0x7FC, 0x204, 0x3FC}},
    {0x9AED, {0x000, 0x7C2, 0x41C, 0x7C2, 0x41C, 0xFC2, 0x49C, 0xF40, 0x112, 0x5DC, 0x512, 0xFDE}},
    {0x9AEF, {0x000, 0x7EE, 0x400, 0xFEE, 0x440, 0xFAE, 0x040, 0x7FC, 0x444, 0xFFE, 0x404, 0x40C}},
    {0x9AF9, {0x000, 0x78C, 0x432, 0xFCC, 0x4B2, 0xF4C, 0x130, 0x210, 0x6FE, 0xA38, 0x254, 0x292}},
    {0x9AFB, {0x000, 0x7EE, 0x400, 0xFEE, 0x440, 0xFAE, 0x040, 0xFFE, 0x040, 0xFFE, 0x404, 0x7FC}},
    {0x9B03, {0x000, 0xF94, 0x82A, 0xF54, 0x8A8, 0xFFE, 0x802, 0xBFA, 0x000, 0xFFE, 0x248, 0x4C4}},
    {0x9B08, {0x000, 0x7C6, 0x418, 0xFC2, 0x49C, 0xF40, 0x5F4, 0x8A2, 0xFFE, 0x524, 0x912, 0x0F0}},
    {0x9B0F, {0x000, 0x7C6, 0x418, 0xFC2, 0x49C, 0xF40, 0x188, 0xE2A, 0x21C, 0xFC8, 0x714, 0xAA2}},
    {0x9B13, {0x000, 0x7C6, 0x418, 0xFC6, 0x498, 0xFFE, 0xA02, 0x3F8, 0x220, 0xFFE, 0x110, 0xE0E}},
    {0x9B1F, {0x000, 0x7E8, 0x414, 0xFEA, 0x444, 0xFFE, 0x842, 0x250, 0xFFC, 0x404, 0x7FC, 0xC06}},
    {0x9B23, {0x000, 0x78C, 0x430, 0xF86, 0x538, 0xEA8, 0x554, 0x4E4, 0x514, 0x7FC, 0x48A, 0xEE6}},
    {0x9B2F, {0x000, 0xAA8, 0x948, 0xAA8, 0x948, 0xAA8, 0xFF8, 0x404, 0x418, 0x7E0, 0x404, 0x7FC}},
    {0x9B32, {0x000, 0xFFE, 0x000, 0x7FC, 0x404, 0x7FC, 0x000, 0xFFE, 0x912, 0xBFA, 0x842, 0x84E}},
    {0x9B3B, {0x000, 0x6AC, 0x244, 0x6EC, 0x244, 0x6AC, 0xFFE, 0x208, 0x7FC, 0x514, 0x6EC, 0x444}},
    {0x9B3C, {0x000, 0x100, 0x7FC, 0x444, 0x7FC, 0x444, 0x7FC, 0x128, 0x12A, 0x12E, 0x222, 0xC3E}},
    {0x9B41, {0x000, 0x424, 0xF94, 0xAA4, 0xF94, 0xA84, 0xFBE, 0x544, 0x554, 0x5F4, 0x502, 0x9FE}},
    {0x9B42, {0x000, 0x040, 0xEFC, 0x0A4, 0x0FC, 0xEA4, 0x4FC, 0x454, 0x45A, 0xA5E, 0xD50, 0x09E}},
    {0x9B43, {0x000, 0x40A, 0xF88, 0xABE, 0xF88, 0xA8A, 0xF8A, 0x554, 0x564, 0x5CA, 0x500, 0x9FE}},
    {0x9B44, {0x000, 0x420, 0xEFE, 0xA92, 0xAFE, 0xA92, 0xEFE, 0xA54, 0xA5A, 0xA5C, 0xE92, 0x11E}},
    {0x9B45, {0x000, 0x408, 0xFBE, 0xA88, 0xF88, 0xABE, 0xF88, 0x55C, 0x5AA, 0x5E8, 0x50A, 0x9FE}},
    {0x9B47, {0x000, 0x7FE, 0x424, 0x5FE, 0x448, 0x5FC, 0x726, 0x5FC, 0x524, 0x5FC, 0x8AA, 0xB3E}},
    {0x9B48, {0x000, 0x210, 0x434, 0xFD2, 0xABE, 0xFA4, 0xABC, 0xFA4, 0x57C, 0x5E4, 0x52A, 0x8FE}},
    {0x9B49, {0x000, 0x27E, 0xFA8, 0xAFE, 0xFAA, 0xAAA, 0xAD6, 0xF96, 0x542, 0x5C6, 0x902, 0x8FE}},
    {0x9B4D, {0x000, 0x43E, 0xFA2, 0xAB6, 0xFBE, 0xAAA, 0xFBE, 0x56A, 0x5EE, 0x522, 0x500, 0x9FE}},
    {0x9B4F, {0x000, 0x720, 0x27C, 0xFD4, 0x77C, 0xAD4, 0x07C, 0x22A, 0xFAE, 0x4A8, 0x32A, 0xCCE}},
    {0x9B51, {0x000, 0x408, 0xFBE, 0xAB6, 0xFAA, 0xABE, 0xF88, 0x53E, 0x56A, 0x5EE, 0x522, 0x9FE}},
    {0x9B54, {0x000, 0x020, 0x7FE, 0x488, 0x7FE, 0x5DC, 0x6AA, 0x5FC, 0x524, 0x5FC, 0x852, 0xB9E}},
    {0x9C7C, {0x000, 0x3F8, 0x408, 0xFFC, 0x444, 0x444, 0x7FC, 0x444, 0x444, 0x7FC, 0x000, 0xFFE}},
    {0x9C7F, {0x000, 0x428, 0x724, 0x920, 0xFFE, 0xAA8, 0xFA8, 0xAA8, 0xFA8, 0x02A, 0x34A, 0xC86}},
    {0x9C81, {0x000, 0x1F8, 0x208, 0x7FC, 0x444, 0x7FC, 0x444, 0xFFE, 0x404, 0x7FC, 0x404, 0x7FC}},
    {0x9C82, {0x000, 0x410, 0x708, 0x97E, 0xF90, 0xA90, 0xF9E, 0xA92, 0xF92, 0x022, 0x1A2, 0xE4C}},
    {0x9C85, {0x000, 0x414, 0x712, 0x910, 0xFFE, 0xAA0, 0xFBE, 0xAA2, 0xFB4, 0x048, 0x34C, 0xC92}},
    {0x9C86, {0x000, 0x47E, 0x708, 0x94A, 0xFCA, 0xAAC, 0xF88, 0xAFE, 0xF88, 0x008, 0x188, 0xE08}},
    {0x9C87, {0x000, 0x408, 0x708, 0x908, 0xF8E, 0xA88, 0xF88, 0xABE, 0xFA2, 0x022, 0x1A2, 0xE3E}},
    {0x9C88, {0x000, 0x408, 0x70E, 0x908, 0xFBE, 0xAA2, 0xFA2, 0xABE, 0xFA0, 0x020, 0x340, 0xC40}},
    {0x9C8B, {0x000, 0x414, 0x714, 0x924, 0xFBE, 0xAE4, 0xFB4, 0xAAC, 0xFA4, 0x024, 0x1A4, 0xE2C}},
    {0x9C8D, {0x000, 0x720, 0x93E, 0x202, 0xFBA, 0xAAA, 0xFAA, 0xABA, 0xAA6, 0xFA0, 0x022, 0xFBE}},
    {0x9C8E, {0x000, 0x484, 0x248, 0xFFE, 0x902, 0x9E2, 0x220, 0x7F8, 0xA48, 0x3F8, 0x248, 0xFFE}},
    {0x9C90, {0x000, 0x410, 0x710, 0x920, 0xFA4, 0xACE, 0xFF2, 0xA80, 0xFBE, 0x022, 0x1A2, 0xE3E}},
    {0x9C91, {0x000, 0x408, 0x73E, 0x908, 0xF88, 0xAFE, 0xF88, 0xA88, 0xFBE, 0x008, 0x188, 0xE7E}},
    {0x9C92, {0x000, 0x408, 0x708, 0x97E, 0xF88, 0xA88, 0xFBE, 0xA80, 0xFBE, 0x022, 0x1A2, 0xE3E}},
    {0x9C94, {0x000, 0x410, 0x77E, 0x910, 0xFBC, 0xAE4, 0xFBC, 0xAA4, 0xFBC, 0x024, 0x1A4, 0xE2C}},
    {0x9C95, {0x000, 0x47E, 0x708, 0x910, 0xFFE, 0xAAA, 0xFAA, 0xAAA, 0xFAA, 0x0AA, 0x3AA, 0xC86}},
    {0x9C9A, {0x000, 0x408, 0x77E, 0x922, 0xF94, 0xA88, 0xFB6, 0xA80, 0xF94, 0x014, 0x1A4, 0xE44}},
    {0x9C9B, {0x000, 0x410, 0x708, 0x93E, 0xF94, 0xAA2, 0xF80, 0xAA2, 0xF94, 0x008, 0x194, 0xE62}},
    {0x9C9C, {0x000, 0x724, 0x97E, 0x210, 0xF90, 0xAFE, 0xF90, 0xA90, 0xAFE, 0xF90, 0x010, 0xF90}},
    {0x9C9E, {0x000, 0x444, 0x248, 0x7FC, 0x100, 0xFFE, 0x524, 0xBFA, 0x648, 0x3F8, 0x248, 0xFFE}},
    {0x9C9F, {0x000, 0x43E, 0x702, 0x93E, 0xF82, 0xABE, 0xF84, 0xAFE, 0xFA4, 0x014, 0x184, 0xE0C}},
    {0x9CA0, {0x000, 0x43E, 0x708, 0x93E, 0xFAA, 0xABE, 0xFAA, 0xABE, 0xFC8, 0x028, 0x198, 0xE66}},
    {0x9CA1, {0x000, 0x4FE, 0x600, 0xAFE, 0xF92, 0xA92, 0xFDA, 0xAB6, 0xF92, 0x092, 0x392, 0xCB6}},
    {0x9CA2, {0x000, 0x404, 0x75E, 0x928, 0xF94, 0xA9E, 0xFE4, 0xAAE, 0xFA4, 0x024, 0x360, 0xC9E}},
    {0x9CA3, {0x000, 0x420, 0x6BE, 0xAAA, 0xFAA, 0xAA4, 0xFAA, 0xA80, 0xF88, 0x03E, 0x308, 0xC7E}},
    {0x9CA4, {0x000, 0x73E, 0x92A, 0x22A, 0xFBE, 0xAAA, 0xFAA, 0xABE, 0xF88, 0x03E, 0x188, 0xE3E}},
    {0x9CA5, {0x000, 0x404, 0x6E4, 0xAA4, 0xFBE, 0xAA4, 0xFE4, 0xAB4, 0xFAC, 0x0A4, 0x3E4, 0xC0C}},
    {0x9CA6, {0x000, 0x410, 0x73E, 0x962, 0xF94, 0xA88, 0xFB6, 0xA88, 0xFBE, 0x008, 0x1AC, 0xE5A}},
    {0x9CA7, {0x000, 0x40E, 0x770, 0x910, 0xFA4, 0xA98, 0xFA6, 0xAFA, 0xF88, 0x02C, 0x34A, 0xC18}},
    {0x9CA8, {0x000, 0x454, 0xA92, 0x414, 0x208, 0x4F0, 0x920, 0x3F8, 0x648, 0x3F8, 0x248, 0xFFE}},
    {0x9CA9, {0x000, 0x410, 0x77E, 0x942, 0xF80, 0xABC, 0xF80, 0xAFE, 0xFA8, 0x028, 0x34A, 0xC8E}},
    {0x9CAB, {0x000, 0x400, 0x6EE, 0xAAA, 0xFEA, 0xAAA, 0xFAA, 0xAEA, 0xF8A, 0x0AE, 0x3B8, 0xCC8}},
    {0x9CAD, {0x000, 0x408, 0x77E, 0x908, 0xFBE, 0xA88, 0xFFE, 0xAA2, 0xFBE, 0x022, 0x1BE, 0xE22}},
    {0x9CAE, {0x000, 0x410, 0x77C, 0x910, 0xFFE, 0xAA4, 0xFC2, 0xA90, 0xFBC, 0x064, 0x318, 0xC66}},
    {0x9CB0, {0x000, 0x5F0, 0x6A0, 0xABE, 0xFEA, 0xAAA, 0xFEA, 0xAAA, 0xFA4, 0x0F4, 0x3AA, 0xC32}},
    {0x9CB1, {0x000, 0x414, 0x714, 0x976, 0xF94, 0xA94, 0xFF6, 0xA94, 0xF94, 0x076, 0x314, 0xC14}},
    {0x9CB2, {0x000, 0x43E, 0x722, 0x93E, 0xFA2, 0xABE, 0xF80, 0xAAA, 0xFBC, 0x028, 0x1BA, 0xE2E}},
    {0x9CB3, {0x000, 0x43C, 0x724, 0x93C, 0xFA4, 0xABC, 0xF80, 0xABE, 0xFA2, 0x03E, 0x1A2, 0xE3E}},
    {0x9CB4, {0x000, 0x4FE, 0x692, 0xA92, 0xFFE, 0xA92, 0xFBA, 0xAAA, 0xFAA, 0x0BA, 0x382, 0xCFE}},
    {0x9CB5, {0x000, 0x420, 0x6CE, 0xA82, 0xFEE, 0xA82, 0xF82, 0xAFE, 0xFA8, 0x028, 0x34A, 0xC8E}},
    {0x9CB6, {0x000, 0x418, 0x724, 0x952, 0xF88, 0xABE, 0xF82, 0xAA4, 0xF90, 0x024, 0x36A, 0xC98}},
    {0x9CB7, {0x000, 0x4FE, 0x692, 0xABA, 0xF92, 0xAFE, 0xF82, 0xABA, 0xFAA, 0x0AA, 0x33A, 0xD06}},
    {0x9CB8, {0x000, 0x708, 0x93E, 0x200, 0xFBE, 0xAA2, 0xFA2, 0xABE, 0xF88, 0x02A, 0x1AA, 0xE18}},
    {0x9CBA, {0x000, 0x47E, 0x71A, 0x962, 0xFA2, 0xAFA, 0xFAA, 0xAAA, 0xFFA, 0x022, 0x33A, 0xCCA}},
    {0x9CBB, {0x000, 0x42A, 0x754, 0x954, 0xFAA, 0xA80, 0xFBE, 0xAAA, 0xFBE, 0x02A, 0x1AA, 0xE3E}},
    {0x9CBC, {0x000, 0x408, 0x73E, 0x914, 0xFBE, 0xA94, 0xFBE, 0xAA2, 0xFAA, 0x02A, 0x194, 0xE22}},
    {0x9CBD, {0x000, 0x454, 0x6FE, 0xA54, 0xFDC, 0xAC0, 0xFFE, 0xA90, 0xFFE, 0x038, 0x354, 0xC92}},
    {0x9CC3, {0x000, 0x73E, 0x92A, 0x22A, 0xFBE, 0xAAA, 0xFAA, 0xABE, 0xA80, 0xFAA, 0x032, 0xFAE}},
    {0x9CC4, {0x000, 0x4EE, 0x6AA, 0xAEE, 0xF80, 0xABC, 0xF80, 0xAFE, 0xFA0, 0x03C, 0x184, 0xE18}},
    {0x9CC5, {0x000, 0x414, 0x6E4, 0xA24, 0xFAC, 0xAF6, 0xFA4, 0xAB4, 0xFEC, 0x064, 0x32A, 0xC32}},
    {0x9CC6, {0x000, 0x410, 0x73E, 0x962, 0xFBE, 0xAA2, 0xFBE, 0xA90, 0xFBC, 0x064, 0x318, 0xC66}},
    {0x9CC7, {0x000, 0x408, 0x73E, 0x922, 0xFBE, 0xAA2, 0xFA2, 0xAFE, 0xF88, 0x03E, 0x188, 0xE7E}},
    {0x9CCA, {0x000, 0x420, 0x610, 0xAFE, 0xF82, 0xAFE, 0xF80, 0xAFE, 0xFAA, 0x0FE, 0x3AA, 0xCAE}},
    {0x9CCB, {0x000, 0x4FE, 0x652, 0xA24, 0xF98, 0xAE6, 0xF90, 0xAFC, 0xFD4, 0x07C, 0x196, 0xE7A}},
    {0x9CCC, {0x000, 0x210, 0xF9E, 0x224, 0xF98, 0x4E6, 0x920, 0x3F8, 0x648, 0x3F8, 0x248, 0xFFE}},
    {0x9CCD, {0x000, 0x420, 0x77A, 0x924, 0xFFE, 0xA94, 0xFAA, 0xAFE, 0xFA4, 0x03C, 0x1A4, 0xE3C}},
    {0x9CCE, {0x000, 0x43E, 0x722, 0x93E, 0xFA2, 0xABE, 0xF80, 0xAFE, 0xFDA, 0x036, 0x35A, 0xC36}},
    {0x9CCF, {0x000, 0x4FE, 0x6AA, 0xAAA, 0xFFE, 0xA90, 0xFB4, 0xAD2, 0xF90, 0x034, 0x352, 0xC10}},
    {0x9CD0, {0x000, 0x406, 0x778, 0x92A, 0xF94, 0xAA0, 0xFBE, 0xAC8, 0xFBE, 0x008, 0x1AA, 0xE3E}},
    {0x9CD3, {0x000, 0x454, 0x6FC, 0xA54, 0xFBE, 0xAAA, 0xFFA, 0xAAA, 0xFFA, 0x02A, 0x372, 0xC26}},
    {0x9CD4, {0x000, 0x4FE, 0x628, 0xAFE, 0xFAA, 0xAFE, 0xF80, 0xABC, 0xF80, 0x07E, 0x354, 0xCB2}},
    {0x9CD5, {0x000, 0x4FE, 0x610, 0xAFE, 0xF92, 0xAD6, 0xF80, 0xABE, 0xF82, 0x03E, 0x182, 0xE3E}},
    {0x9CD6, {0x000, 0xA90, 0xFBE, 0xAD2, 0xF8C, 0xAB2, 0x200, 0x7FC, 0xC44, 0x7FC, 0x444, 0xFFE}},
    {0x9CD7, {0x000, 0x43C, 0x724, 0x93C, 0xFA4, 0xAFE, 0xFAA, 0xAFE, 0xFA2, 0x014, 0x188, 0xE36}},
    {0x9CD8, {0x000, 0x3D0, 0x55E, 0xFE4, 0x558, 0x7E6, 0x220, 0x7F8, 0xA48, 0x3F8, 0x248, 0xFFE}},
    {0x9CD9, {0x000, 0x410, 0x6FE, 0xA94, 0xFFE, 0xA94, 0xFFE, 0xAAA, 0xFBE, 0x0AA, 0x33E, 0xD2A}},
    {0x9CDC, {0x000, 0x4FE, 0x6D4, 0xAA6, 0xFFA, 0xAA0, 0xFA4, 0xAA4, 0xFFC, 0x0A4, 0x32A, 0xD52}},
    {0x9CDD, {0x000, 0x424, 0x77E, 0x908, 0xFBE, 0xA88, 0xFFE, 0xAAA, 0xF9C, 0x07E, 0x322, 0xC3E}},
    {0x9CDE, {0x000, 0x72A, 0x908, 0x23E, 0xF88, 0xAAA, 0xF80, 0xAAC, 0xFD4, 0x074, 0x15E, 0xEA4}},
    {0x9CDF, {0x000, 0x442, 0x624, 0xA7E, 0xFA8, 0xAFE, 0xFAA, 0xAFE, 0xF82, 0x0FE, 0x344, 0xC2C}},
    {0x9CE2, {0x000, 0x428, 0x6FE, 0xAAA, 0xFFE, 0xAAA, 0xFFE, 0xA84, 0xF84, 0x07C, 0x328, 0xC7E}},
    {0x9E1F, {0x000, 0x040, 0x3F8, 0x208, 0x288, 0x248, 0x218, 0x200, 0x3FE, 0x002, 0xFE2, 0x00E}},
    {0x9E20, {0x000, 0x410, 0x47C, 0xF44, 0x554, 0x54C, 0x540, 0x57E, 0x502, 0x57A, 0x982, 0x90C}},
    {0x9E21, {0x000, 0x010, 0xF7C, 0x144, 0x954, 0x944, 0x55C, 0x540, 0x27E, 0x202, 0x57A, 0x886}},
    {0x9E22, {0x000, 0x090, 0x07C, 0xFA2, 0x09E, 0x7F0, 0x510, 0x4B0, 0x400, 0x7FE, 0x002, 0xFEC}},
    {0x9E23, {0x000, 0x010, 0xF7C, 0x944, 0x954, 0x944, 0x95C, 0x940, 0x97E, 0xF02, 0x07A, 0x006}},
    {0x9E25, {0x000, 0xF90, 0x83C, 0xAA4, 0xAB4, 0x924, 0x93C, 0x920, 0xABE, 0xA82, 0x87A, 0xF8E}},
    {0x9E26, {0x000, 0xF90, 0x13C, 0x524, 0x52C, 0x924, 0xFAC, 0x520, 0x53E, 0x502, 0x93A, 0xB06}},
    {0x9E28, {0x000, 0x810, 0x93C, 0xE24, 0x834, 0x8AC, 0x7A0, 0x23E, 0xF82, 0x23A, 0x202, 0x20C}},
    {0x9E29, {0x000, 0x210, 0x23C, 0xFA4, 0xAB4, 0xAAC, 0x220, 0x33E, 0x502, 0x55A, 0x982, 0x90C}},
    {0x9E2A, {0x000, 0x210, 0x23C, 0x224, 0xFB4, 0x22C, 0x220, 0xFBE, 0x882, 0x8BA, 0x882, 0xF8C}},
    {0x9E2B, {0x000, 0x210, 0xFBC, 0x424, 0x634, 0xA2C, 0xFA0, 0x23E, 0x702, 0xABA, 0x202, 0x60C}},
    {0x9E2C, {0x000, 0x210, 0x3BC, 0x224, 0x7B4, 0x4AC, 0x4A0, 0x7BE, 0x402, 0x47A, 0x802, 0x80C}},
    {0x9E2D, {0x000, 0xF90, 0xABC, 0xAA4, 0xFAC, 0xAA4, 0xAAC, 0xFA0, 0x23E, 0x202, 0x23A, 0x206}},
    {0x9E2F, {0x000, 0x040, 0x7FC, 0x444, 0xFFE, 0x444, 0xBFA, 0x288, 0x248, 0x3FC, 0x004, 0x7DC}},
    {0x9E31, {0x000, 0x190, 0xE3C, 0xA24, 0xA34, 0xFAC, 0xA20, 0x93E, 0xD42, 0x8DA, 0x242, 0x10C}},
    {0x9E32, {0x000, 0x208, 0x21E, 0x7D2, 0x85A, 0x756, 0x550, 0x55E, 0x542, 0x75A, 0x042, 0x18C}},
    {0x9E33, {0x000, 0x7BE, 0x8A2, 0x6AE, 0x120, 0xE3E, 0x080, 0x7FC, 0x444, 0x7FE, 0x002, 0xFEE}},
    {0x9E35, {0x000, 0x410, 0xF7E, 0x942, 0xD42, 0x920, 0x924, 0xFA8, 0x0B0, 0x2A2, 0xCA2, 0x3BE}},
    {0x9E36, {0x000, 0x410, 0x924, 0x618, 0x8A2, 0xF3C, 0x000, 0xFFE, 0x248, 0x3FE, 0x002, 0xFEC}},
    {0x9E37, {0x000, 0x210, 0xF7C, 0x214, 0x354, 0xE24, 0x252, 0x7F8, 0x248, 0x3FE, 0x002, 0xFEC}},
    {0x9E38, {0x000, 0xFD0, 0x13C, 0x224, 0xFF4, 0xAAC, 0xAA0, 0xABE, 0xAA2, 0xABA, 0xAA2, 0x86C}},
    {0x9E39, {0x000, 0x190, 0xE3C, 0x224, 0x234, 0xFAC, 0x220, 0x23E, 0xF82, 0x8BA, 0x882, 0xF8C}},
    {0x9E3A, {0x000, 0x288, 0x29E, 0x5F2, 0x49A, 0xC96, 0x590, 0x5DE, 0x6A2, 0x6BA, 0x482, 0x48C}},
    {0x9E3D, {0x000, 0x210, 0x53C, 0x8A4, 0x034, 0x72C, 0x020, 0xFBE, 0x882, 0x8BA, 0x882, 0xF8E}},
    {0x9E3E, {0x000, 0x040, 0xFFE, 0x2A8, 0xCA6, 0x040, 0x3F8, 0x288, 0x258, 0x3FE, 0x002, 0xFEC}},
    {0x9E3F, {0x000, 0x808, 0x5DE, 0x092, 0x89A, 0x496, 0x090, 0x09E, 0x482, 0x4DA, 0x982, 0x80E}},
    {0x9E41, {0x000, 0x108, 0xFDE, 0x112, 0xFDA, 0x856, 0x790, 0x09E, 0x1C2, 0xF3A, 0x102, 0x30C}},
    {0x9E42, {0x000, 0xFC8, 0x03E, 0xEE2, 0xAAA, 0xAA6, 0xAA0, 0xEFE, 0xAA2, 0xABA, 0xAA2, 0xAAC}},
    {0x9E43, {0x000, 0xF90, 0x8BE, 0xFA2, 0x02A, 0xFA2, 0x8A6, 0xFA0, 0x8BE, 0xF82, 0x8BA, 0x986}},
    {0x9E44, {0x000, 0x508, 0x51E, 0x7D2, 0x91A, 0x116, 0xFF0, 0x01E, 0x7C2, 0x47A, 0x442, 0x7CC}},
    {0x9E45, {0x000, 0x308, 0xD9E, 0x552, 0x51A, 0xFD6, 0x510, 0x75E, 0xD82, 0x55A, 0x6C2, 0xC4E}},
    {0x9E46, {0x000, 0x488, 0x85E, 0x212, 0x31A, 0x496, 0x850, 0x01E, 0x782, 0x4BA, 0x482, 0x78C}},
    {0x9E47, {0x000, 0x9C8, 0x45E, 0x252, 0xA5A, 0xFD6, 0xA50, 0xF5E, 0xEC2, 0xA5A, 0xA42, 0x8CC}},
    {0x9E48, {0x000, 0x448, 0x29E, 0xFD2, 0x15A, 0x7D6, 0x910, 0xFDE, 0x142, 0x35A, 0xDC2, 0x10C}},
    {0x9E49, {0x000, 0xEC8, 0x0BE, 0x092, 0xFFA, 0x296, 0xA90, 0xB9E, 0xA82, 0xABA, 0xB62, 0xC2C}},
    {0x9E4A, {0x000, 0x510, 0xFBC, 0x524, 0x52C, 0xFA4, 0x02C, 0xFA0, 0x8BE, 0xF82, 0x8BA, 0xF86}},
    {0x9E4B, {0x000, 0x488, 0xFDE, 0x492, 0x01A, 0xFD6, 0xA50, 0xA5E, 0xFC2, 0xA5A, 0xA42, 0xFCC}},
    {0x9E4C, {0x000, 0x208, 0xFDE, 0x492, 0xA5A, 0xF96, 0xA90, 0xF9E, 0xA82, 0xF5A, 0x282, 0x30C}},
    {0x9E4E, {0x000, 0x210, 0xFBC, 0xAA4, 0xFB4, 0xAAC, 0xFA0, 0x53E, 0x902, 0xFBA, 0x102, 0x10C}},
    {0x9E4F, {0x000, 0x7C8, 0x55E, 0x552, 0x7DA, 0x556, 0x550, 0x7DE, 0x542, 0x55A, 0x942, 0xB5E}},
    {0x9E51, {0x000, 0x210, 0xFFC, 0x4A4, 0x7B4, 0x02C, 0xFA0, 0x13E, 0x382, 0xE3A, 0x202, 0x60C}},
    {0x9E55, {0x000, 0x5C8, 0x55E, 0xF52, 0x5DA, 0x556, 0xF50, 0x9DE, 0x942, 0x95A, 0xE42, 0x2CC}},
    {0x9E57, {0x000, 0xEE8, 0xABE, 0xEF2, 0x01A, 0x796, 0x010, 0xFDE, 0x402, 0x7BA, 0x082, 0x30C}},
    {0x9E58, {0x000, 0xF88, 0x89E, 0xE92, 0xA9A, 0xFD6, 0x850, 0x79E, 0x482, 0x7BA, 0x482, 0x58C}},
    {0x9E5A, {0x000, 0x448, 0x29E, 0xFF2, 0x49A, 0x916, 0xB50, 0x49E, 0x482, 0x93A, 0xB42, 0xDAC}},
    {0x9E5B, {0x000, 0x7C8, 0x55E, 0x7D2, 0x41A, 0x5F6, 0x530, 0x5FE, 0x522, 0x5FA, 0x922, 0x9EC}},
    {0x9E5C, {0x000, 0xF10, 0x51E, 0xFA4, 0x698, 0xA26, 0x7F8, 0x288, 0x258, 0x3FE, 0x002, 0xFEC}},
    {0x9E5E, {0x000, 0x1C8, 0xE5E, 0xA92, 0x51A, 0x416, 0x7D0, 0x91E, 0xFC2, 0x13A, 0x542, 0x7CC}},
    {0x9E63, {0x000, 0x888, 0x51E, 0xFD2, 0x51A, 0xFD6, 0x550, 0xFFE, 0x542, 0xFDA, 0x582, 0xD4C}},
    {0x9E64, {0x000, 0x108, 0xFDE, 0xA52, 0x51A, 0xFD6, 0x510, 0x7DE, 0x502, 0x7DA, 0x502, 0x7CE}},
    {0x9E66, {0x000, 0xFE8, 0x93E, 0xDB2, 0x49A, 0x6D6, 0x930, 0x21E, 0xFC2, 0x4BA, 0x302, 0xCCC}},
    {0x9E67, {0x000, 0x108, 0xFDE, 0x812, 0xA9A, 0xA96, 0xFD0, 0xA9E, 0xB82, 0x83A, 0xD42, 0x8AC}},
    {0x9E68, {0x000, 0xFC8, 0xB5E, 0x6D2, 0xB5A, 0x256, 0x310, 0x49E, 0x942, 0x61A, 0x082, 0x70C}},
    {0x9E69, {0x000, 0x108, 0xFFE, 0xAB2, 0x45A, 0xFF6, 0x450, 0x7DE, 0x442, 0x7DA, 0x542, 0xB2C}},
    {0x9E6A, {0x000, 0x288, 0x7DE, 0xD12, 0x7DA, 0x516, 0x7D0, 0x51E, 0x7C2, 0x03A, 0x542, 0x8AC}},
    {0x9E6B, {0x000, 0x114, 0xFD2, 0x4BE, 0x790, 0xAAA, 0x64E, 0x3F8, 0x228, 0x3FE, 0x002, 0xFCC}},
    {0x9E6C, {0x000, 0x788, 0x29E, 0xFD2, 0x55A, 0xB16, 0xFF0, 0xABE, 0xC62, 0xBBA, 0xAA2, 0xBEC}},
    {0x9E6D, {0x000, 0xF9C, 0x8B4, 0xF88, 0x536, 0x59C, 0x514, 0xFFC, 0x248, 0x3FE, 0x002, 0xFEC}},
    {0x9E70, {0x000, 0x040, 0x7FE, 0x494, 0x53E, 0x768, 0x53E, 0x4E4, 0x494, 0x4FE, 0x802, 0xBEC}},
    {0x9E71, {0x000, 0x414, 0xF3E, 0x914, 0xD3E, 0xB68, 0x83E, 0xFA8, 0x0BE, 0x292, 0xC8C, 0x1B2}},
    {0x9E73, {0x000, 0x510, 0xFBC, 0x524, 0xAB4, 0xFAC, 0x520, 0xFBE, 0xA02, 0xFBA, 0xA02, 0xF8C}},
    {0x9E7E, {0x000, 0x222, 0x394, 0x27E, 0xF88, 0x8BE, 0xD88, 0xAFE, 0xA90, 0xDBE, 0x8C8, 0xFBE}},
    {0x9E7F, {0x000, 0x040, 0x7FE, 0x490, 0x7FE, 0x492, 0x7FE, 0x400, 0x512, 0x5DC, 0x912, 0xBDE}},
    {0x9E82, {0x000, 0x040, 0x7FE, 0x4A4, 0x7FC, 0x524, 0x5EA, 0xB1E, 0x8F0, 0x090, 0x112, 0x61E}},
    {0x9E87, {0x000, 0x040, 0x7FE, 0x492, 0x7FE, 0x5D4, 0x51A, 0x7EE, 0x420, 0x7FE, 0x8A8, 0xB26}},
    {0x9E88, {0x000, 0x040, 0x7FE, 0x492, 0x7FE, 0x5D4, 0x51A, 0x7FE, 0x420, 0x5FC, 0x820, 0xBFE}},
    {0x9E8B, {0x000, 0x040, 0x7FE, 0x4A4, 0x7FC, 0x52A, 0xB9E, 0xA48, 0x150, 0xFFE, 0x358, 0xC46}},
    {0x9E92, {0x000, 0x10A, 0xFEA, 0xA9E, 0xFEA, 0xAAE, 0xFEA, 0xA8E, 0xBAA, 0xADE, 0xBA0, 0xEEA}},
    {0x9E93, {0x000, 0x208, 0xFBE, 0x71C, 0xAAA, 0x7FE, 0x492, 0x7FE, 0x510, 0x5DC, 0x912, 0xBDE}},
    {0x9E9D, {0x000, 0x040, 0xFFE, 0x924, 0xFFC, 0xA22, 0xBFE, 0xA44, 0x25E, 0x7C4, 0x154, 0x6CC}},
    {0x9E9F, {0x000, 0x22A, 0xF88, 0xA3E, 0xF9C, 0xAAA, 0xF80, 0x824, 0xABE, 0xF54, 0xABE, 0xFA4}},
    {0x9EA6, {0x000, 0x040, 0xFFE, 0x040, 0x7FC, 0x040, 0xFFE, 0x080, 0x1F8, 0x708, 0x0F0, 0xF0E}},
    {0x9EB4, {0x000, 0x220, 0xFBE, 0x682, 0xB56, 0x212, 0x53A, 0x896, 0x752, 0xD14, 0x200, 0xDFE}},
    {0x9EB8, {0x000, 0x208, 0xF88, 0x23E, 0xF88, 0x208, 0xFBE, 0x408, 0x794, 0xCA2, 0x300, 0xCFE}},
    {0x9EBB, {0x000, 0x020, 0x7FE, 0x400, 0x488, 0x5DC, 0x488, 0x5DC, 0x5DC, 0x6AA, 0x888, 0x888}},
    {0x9EBD, {0x000, 0x040, 0x7FE, 0x510, 0x7BC, 0x510, 0x754, 0x556, 0x400, 0x548, 0xA9C, 0xDE4}},
    {0x9EBE, {0x000, 0x020, 0x7FE, 0x488, 0x7DE, 0x488, 0x6AA, 0x430, 0x5C0, 0x47C, 0xBC2, 0x87E}},
    {0x9EC4, {0x000, 0x110, 0x7FC, 0x110, 0xFFE, 0x040, 0x7FC, 0x444, 0x7FC, 0x444, 0x7FC, 0xC06}},
    {0x9EC9, {0x000, 0x248, 0xFFE, 0x912, 0x7FC, 0x110, 0xFFE, 0x444, 0x7FC, 0x444, 0x7FC, 0xC06}},
    {0x9ECD, {0x000, 0x7FC, 0x040, 0xFFE, 0x150, 0x248, 0xCE6, 0x318, 0xC46, 0x358, 0x040, 0xCC6}},
    {0x9ECE, {0x000, 0x720, 0x23E, 0xFAA, 0x74A, 0xA92, 0x246, 0x1B0, 0xE4E, 0x150, 0x040, 0x6DC}},
    {0x9ECF, {0x000, 0x0C8, 0x708, 0x10E, 0xFE8, 0x548, 0xBA8, 0x57E, 0x922, 0x562, 0x3A2, 0xD7E}},
    {0x9ED1, {0x000, 0x7FC, 0x554, 0x444, 0x7FC, 0x040, 0x7FC, 0x040, 0xFFE, 0x000, 0x524, 0x892}},
    {0x9ED4, {0x000, 0xF98, 0xAA4, 0xFC2, 0xABC, 0xF80, 0x27E, 0xF82, 0x202, 0xF84, 0x008, 0xAB0}},
    {0x9ED8, {0x000, 0xFE8, 0x92A, 0xDA8, 0x93E, 0xFE8, 0x108, 0xFE8, 0x108, 0xFF4, 0x014, 0xAA2}},
    {0x9EDB, {0x000, 0x224, 0x5FE, 0xC10, 0x40E, 0x7FC, 0x444, 0x7FC, 0x040, 0xFFE, 0x524, 0x892}},
    {0x9EDC, {0x000, 0xF88, 0xAAA, 0xBAA, 0xAAA, 0xFBE, 0x208, 0xF88, 0x22A, 0xFAA, 0x02A, 0xABE}},
    {0x9EDD, {0x000, 0xF88, 0xBA8, 0xEC8, 0xA9E, 0xFEA, 0x24A, 0xFAA, 0x25A, 0xFFA, 0x04A, 0xA96}},
    {0x9EDF, {0x000, 0xF90, 0xB9C, 0xEA4, 0xAD4, 0xF88, 0x234, 0xF8E, 0x212, 0xFAA, 0x004, 0xA98}},
    {0x9EE0, {0x000, 0xFC8, 0xA48, 0xEFE, 0xB48, 0xFC8, 0x23E, 0xFC0, 0x23E, 0xFE2, 0xAA2, 0x97E}},
    {0x9EE2, {0x000, 0xF90, 0xBA6, 0xEFA, 0xAA8, 0xFCE, 0x210, 0xFBE, 0x262, 0xF94, 0x008, 0xAB6}},
    {0x9EE5, {0x000, 0xF88, 0xEBE, 0xB80, 0xABE, 0xFA2, 0x23E, 0xF88, 0x22C, 0xFCA, 0xA8A, 0x958}},
    {0x9EE7, {0x000, 0xF90, 0x21E, 0xFAA, 0x712, 0xAA6, 0x7FC, 0x554, 0x4E4, 0xFFE, 0x524, 0x892}},
    {0x9EE9, {0x000, 0xF88, 0xBBE, 0xE88, 0xAFE, 0xFAA, 0x218, 0xFA8, 0x218, 0xFBE, 0x014, 0xAA2}},
    {0x9EEA, {0x000, 0xF90, 0xBA6, 0xEBA, 0xA88, 0xFBE, 0x214, 0xFA2, 0x20C, 0xFB0, 0x006, 0xAB8}},
    {0x9EEF, {0x000, 0xF88, 0xABE, 0xA94, 0xF94, 0x23E, 0xF80, 0x23E, 0xFA2, 0x03E, 0xAA2, 0xABE}},
    {0x9EF9, {0x000, 0x4A4, 0x2A8, 0xFFE, 0x150, 0x248, 0x7FC, 0xC46, 0x554, 0x64C, 0x444, 0x44C}},
    {0x9EFB, {0x000, 0xAAC, 0x6CA, 0xFE8, 0x69E, 0xA48, 0xFCA, 0xA4A, 0xB54, 0xED4, 0xA6C, 0xAD2}},
    {0x9EFC, {0x000, 0xAAC, 0x6CA, 0xFFE, 0x548, 0x93E, 0xFEA, 0x93E, 0xBAA, 0xD7E, 0x92A, 0x96A}},
    {0x9EFE, {0x000, 0x7F0, 0x410, 0x7F0, 0x080, 0xFF8, 0x888, 0xFF8, 0x888, 0xFF8, 0x082, 0x07E}},
    {0x9F0B, {0x000, 0x3F0, 0x000, 0xFFC, 0x122, 0xFFE, 0x210, 0x7F8, 0x448, 0x7F8, 0x44A, 0x7FE}},
    {0x9F0D, {0x000, 0x7BC, 0x4A4, 0x7FC, 0x248, 0xFFE, 0x210, 0x7F8, 0x448, 0x7F8, 0x44A, 0x7FE}},
    {0x9F0E, {0x000, 0x3F8, 0xA0A, 0xBFA, 0xA0A, 0xBFA, 0xA0A, 0xFFE, 0x0A0, 0xFBE, 0x4A4, 0x8A4}},
    {0x9F10, {0x000, 0xFFE, 0x404, 0x408, 0x7FE, 0xA0A, 0xBFA, 0xA0A, 0xFFE, 0x0A0, 0xFBE, 0x4A2}},
    {0x9F13, {0x000, 0x208, 0xFBE, 0x208, 0xF88, 0x03E, 0xF82, 0x8A2, 0xF94, 0x508, 0x594, 0xE22}},
    {0x9F17, {0x000, 0x4A4, 0x2A8, 0x1B0, 0x6AC, 0x0A2, 0xF3E, 0x208, 0xFBE, 0x894, 0x508, 0xFB6}},
    {0x9F19, {0x000, 0x208, 0xFBE, 0x214, 0xFBE, 0x554, 0x7FC, 0x444, 0x7FC, 0x484, 0xFFE, 0x040}},
    {0x9F20, {0x000, 0x7BC, 0x404, 0x7BC, 0x404, 0x7FC, 0x000, 0x554, 0x444, 0x554, 0x444, 0xF76}},
    {0x9F22, {0x000, 0x5AC, 0x8A4, 0xDA4, 0x8C2, 0xFBC, 0xA94, 0xF94, 0xAA4, 0xFCC, 0xA32, 0xD8E}},
    {0x9F2C, {0x000, 0x408, 0x9BE, 0x8AA, 0xFAA, 0x03E, 0xAAA, 0xFAA, 0xABE, 0xF40, 0xA22, 0xB1C}},
    {0x9F2F, {0x000, 0x5BC, 0x890, 0xDBC, 0x894, 0xFBE, 0xA80, 0xFBC, 0xAA4, 0xFBC, 0xA40, 0xF3E}},
    {0x9F37, {0x000, 0x58C, 0x8B2, 0xDC8, 0x8A4, 0xF96, 0x07A, 0xA88, 0xFFE, 0xA94, 0xFA2, 0xA7E}},
    {0x9F39, {0x000, 0x5BC, 0x8A4, 0xDBC, 0x890, 0xFFE, 0xA92, 0xFFC, 0xAA4, 0xF98, 0xA64, 0xF3E}},
    {0x9F3B, {0x000, 0x080, 0x3F8, 0x208, 0x3F8, 0x208, 0x7FC, 0x444, 0x7FC, 0x444, 0xFFE, 0x308}},
    {0x9F3D, {0x000, 0x220, 0x720, 0x578, 0xFA8, 0xAA8, 0xFA8, 0xAA8, 0xFA8, 0x028, 0xFCA, 0x54E}},
    {0x9F3E, {0x000, 0x10E, 0x7C4, 0x444, 0x7C4, 0x444, 0xFEE, 0x924, 0xFE4, 0x004, 0xFE4, 0x444}},
    {0x9F44, {0x000, 0x210, 0x77E, 0x534, 0xFD2, 0xABC, 0xFA4, 0xABC, 0xFA4, 0x03C, 0xFA4, 0x57E}},
    {0x9F50, {0x000, 0x040, 0xFFE, 0x208, 0x110, 0x0E0, 0x318, 0xE0E, 0x208, 0x208, 0x408, 0x408}},
    {0x9F51, {0x000, 0x040, 0xFFE, 0x110, 0x0E0, 0x318, 0xCA6, 0x5B4, 0x4A4, 0x5B4, 0x8A4, 0x9F4}},
    {0x9F7F, {0x000, 0x040, 0x27C, 0x240, 0x240, 0xFFE, 0x040, 0x444, 0x4A4, 0x71C, 0x404, 0x7FC}},
    {0x9F80, {0x000, 0x110, 0x5D0, 0x510, 0xFD2, 0x014, 0xA58, 0xA70, 0xB50, 0xCD2, 0x852, 0xFCE}},
    {0x9F83, {0x000, 0x13C, 0x5A4, 0x524, 0xFBC, 0x024, 0xAA4, 0xABC, 0xDA4, 0x8A4, 0x8A4, 0xFFE}},
    {0x9F84, {0x000, 0x218, 0x3A4, 0xA42, 0xA10, 0xF88, 0x07E, 0xA82, 0xA84, 0xDA8, 0x890, 0xF88}},
    {0x9F85, {0x000, 0x110, 0x5BE, 0x542, 0xFBA, 0x02A, 0xAAA, 0xABA, 0xDA6, 0x8A0, 0x8A2, 0xF9E}},
    {0x9F86, {0x000, 0x13E, 0x58A, 0x50A, 0xF92, 0x026, 0xA80, 0xABE, 0xDA2, 0x8A2, 0x8A2, 0xFBE}},
    {0x9F87, {0x000, 0x128, 0x5A8, 0x528, 0xFAA, 0x0BC, 0xAA8, 0xAA8, 0xDA8, 0x8A8, 0x8BA, 0xFC6}},
    {0x9F88, {0x000, 0x13C, 0x5A4, 0x53C, 0xFA4, 0x024, 0xABC, 0xAA8, 0xDAA, 0x8A4, 0x8B4, 0xFA2}},
    {0x9F89, {0x000, 0x13E, 0x588, 0x53C, 0xF94, 0x014, 0xABE, 0xA80, 0xDBE, 0x8A2, 0x8A2, 0xFBE}},
    {0x9F8A, {0x000, 0x13E, 0x5A2, 0x522, 0xFA2, 0x03E, 0xA88, 0xAA8, 0xDAE, 0x8A8, 0x8D8, 0xF86}},
    {0x9F8B, {0x000, 0x23E, 0x388, 0xA3E, 0xA2A, 0xFBE, 0x208, 0xABE, 0xAAA, 0xDBE, 0x8A2, 0xFA6}},
    {0x9F8C, {0x000, 0x13E, 0x5A2, 0x53E, 0xFA0, 0x03E, 0xAA4, 0xABA, 0xDA8, 0x8BE, 0x8C8, 0xFBE}},
    {0x9F99, {0x000, 0x110, 0x108, 0xFFE, 0x140, 0x140, 0x242, 0x24C, 0x270, 0x5C2, 0x442, 0x87E}},
    {0x9F9A, {0x000, 0x110, 0xFFE, 0x124, 0x128, 0x212, 0xC6E, 0x110, 0x7FC, 0x110, 0xFFE, 0x208}},
    {0x9F9B, {0x000, 0x0E0, 0x318, 0xCE6, 0x3F8, 0x208, 0x3F8, 0x090, 0xFFE, 0x0A8, 0x132, 0xE5E}},
    {0x9F9F, {0x000, 0x100, 0x1F0, 0x210, 0x7FC, 0x444, 0x7FC, 0x444, 0x7FC, 0x040, 0x042, 0x07E}},
    {0x9FA0, {0x000, 0x040, 0x0A0, 0x318, 0xDF6, 0x000, 0xEEE, 0xAAA, 0xEEE, 0x000, 0xFFE, 0xAAA}},
    {0xFF01, {0x000, 0x000, 0x200, 0x200, 0x200, 0x200, 0x200, 0x000, 0x000, 0x200, 0x200, 0x000}},
    {0xFF02, {0x000, 0x1B0, 0x0A0, 0x000, 0x000, 0x000, 0x000, 0x000, 0x000, 0x000, 0x000, 0x000}},
    {0xFF03, {0x000, 0x090, 0x090, 0x090, 0x3FC, 0x120, 0x120, 0x120, 0x7F8, 0x120, 0x120, 0x120}},
    {0xFF04, {0x000, 0x040, 0x1F0, 0x248, 0x248, 0x140, 0x0E0, 0x050, 0x248, 0x248, 0x1F0, 0x040}},
    {0xFF05, {0x000, 0x000, 0x604, 0x908, 0x910, 0x920, 0x64C, 0x092, 0x112, 0x212, 0x40C, 0x000}},
    {0xFF06, {0x000, 0x000, 0x0C0, 0x120, 0x120, 0x0C0, 0x140, 0x228, 0x228, 0x210, 0x1E8, 0x000}},
    {0xFF07, {0x000, 0x0E0, 0x040, 0x000, 0x000, 0x000, 0x000, 0x000, 0x000, 0x000, 0x000, 0x000}},
    {0xFF08, {0x000, 0x002, 0x004, 0x008, 0x008, 0x010, 0x010, 0x010, 0x008, 0x008, 0x004, 0x002}},
    {0xFF09, {0x000, 0x800, 0x400, 0x200, 0x200, 0x100, 0x100, 0x100, 0x200, 0x200, 0x400, 0x800}},
    {0xFF0A, {0x000, 0x000, 0x000, 0x248, 0x150, 0x0E0, 0x040, 0x0E0, 0x150, 0x248, 0x000, 0x000}},
    {0xFF0B, {0x000, 0x000, 0x000, 0x040, 0x040, 0x040, 0x3F8, 0x040, 0x040, 0x040, 0x000, 0x000}},
    {0xFF0C, {0x000, 0x000, 0x000, 0x000, 0x000, 0x000, 0x000, 0x000, 0x300, 0x300, 0x100, 0x200}},
    {0xFF0D, {0x000, 0x000, 0x000, 0x000, 0x000, 0x000, 0x3F8, 0x000, 0x000, 0x000, 0x000, 0x000}},
    {0xFF0E, {0x000, 0x000, 0x000, 0x000, 0x000, 0x000, 0x000, 0x000, 0x0C0, 0x000, 0x000, 0x000}},
    {0xFF0F, {0x000, 0x002, 0x004, 0x008, 0x010, 0x020, 0x040, 0x080, 0x100, 0x200, 0x400, 0x800}},
    {0xFF10, {0x000, 0x000, 0x0E0, 0x110, 0x208, 0x208, 0x208, 0x208, 0x208, 0x110, 0x0E0, 0x000}},
    {0xFF11, {0x000, 0x000, 0x020, 0x1E0, 0x020, 0x020, 0x020, 0x020, 0x020, 0x020, 0x020, 0x000}},
    {0xFF12, {0x000, 0x000, 0x0F0, 0x108, 0x208, 0x008, 0x030, 0x0C0, 0x100, 0x200, 0x3F8, 0x000}},
    {0xFF13, {0x000, 0x000, 0x1F0, 0x208, 0x208, 0x008, 0x070, 0x008, 0x208, 0x208, 0x1F0, 0x000}},
    {0xFF14, {0x000, 0x000, 0x030, 0x050, 0x050, 0x090, 0x110, 0x210, 0x3FC, 0x010, 0x010, 0x000}},
    {0xFF15, {0x000, 0x000, 0x3F8, 0x200, 0x200, 0x2F0, 0x308, 0x008, 0x208, 0x108, 0x0F0, 0x000}},
    {0xFF16, {0x000, 0x000, 0x0F0, 0x108, 0x200, 0x2F0, 0x308, 0x208, 0x208, 0x208, 0x1F0, 0x000}},
    {0xFF17, {0x000, 0x000, 0x1F8, 0x008, 0x010, 0x010, 0x010, 0x020, 0x020, 0x020, 0x040, 0x000}},
    {0xFF18, {0x000, 0x000, 0x1F0, 0x208, 0x208, 0x208, 0x1F0, 0x208, 0x208, 0x208, 0x1F0, 0x000}},
    {0xFF19, {0x000, 0x000, 0x1E0, 0x210, 0x208, 0x208, 0x218, 0x1E8, 0x008, 0x210, 0x1E0, 0x000}},
    {0xFF1A, {0x000, 0x000, 0x000, 0x000, 0x000, 0x300, 0x300, 0x000, 0x000, 0x300, 0x300, 0x000}},
    {0xFF1B, {0x000, 0x000, 0x000, 0x000, 0x000, 0x300, 0x300, 0x000, 0x000, 0x300, 0x300, 0x100}},
    {0xFF1C, {0x000, 0x000, 0x000, 0x018, 0x060, 0x180, 0x600, 0x180, 0x060, 0x018, 0x000, 0x000}},
    {0xFF1D, {0x000, 0x000, 0x000, 0x000, 0x7FC, 0x000, 0x000, 0x7FC, 0x000, 0x000, 0x000, 0x000}},
    {0xFF1E, {0x000, 0x000, 0x000, 0x300, 0x0C0, 0x030, 0x00C, 0x030, 0x0C0, 0x300, 0x000, 0x000}},
    {0xFF1F, {0x000, 0x000, 0x1C0, 0x220, 0x220, 0x040, 0x080, 0x080, 0x000, 0x080, 0x080, 0x000}},
    {0xFF20, {0x000, 0x000, 0x1F0, 0x208, 0x4E4, 0x524, 0x524, 0x528, 0x4D0, 0x204, 0x1F8, 0x000}},
    {0xFF21, {0x000, 0x000, 0x060, 0x060, 0x090, 0x090, 0x090, 0x108, 0x1F8, 0x108, 0x204, 0x000}},
    {0xFF22, {0x000, 0x000, 0x3F0, 0x208, 0x208, 0x208, 0x3F0, 0x208, 0x208, 0x208, 0x3F0, 0x000}},
    {0xFF23, {0x000, 0x000, 0x0F0, 0x108, 0x204, 0x200, 0x200, 0x200, 0x204, 0x108, 0x0F0, 0x000}},
    {0xFF24, {0x000, 0x000, 0x1F0, 0x108, 0x104, 0x104, 0x104, 0x104, 0x104, 0x108, 0x1F0, 0x000}},
    {0xFF25, {0x000, 0x000, 0x1FC, 0x100, 0x100, 0x100, 0x1F8, 0x100, 0x100, 0x100, 0x1FC, 0x000}},
    {0xFF26, {0x000, 0x000, 0x1F8, 0x100, 0x100, 0x100, 0x1E0, 0x100, 0x100, 0x100, 0x100, 0x000}},
    {0xFF27, {0x000, 0x000, 0x0E0, 0x110, 0x208, 0x200, 0x238, 0x208, 0x208, 0x118, 0x0E8, 0x000}},
    {0xFF28, {0x000, 0x000, 0x208, 0x208, 0x208, 0x208, 0x3F8, 0x208, 0x208, 0x208, 0x208, 0x000}},
    {0xFF29, {0x000, 0x000, 0x0E0, 0x040, 0x040, 0x040, 0x040, 0x040, 0x040, 0x040, 0x0E0, 0x000}},
    {0xFF2A, {0x000, 0x000, 0x010, 0x010, 0x010, 0x010, 0x010, 0x210, 0x210, 0x210, 0x1E0, 0x000}},
    {0xFF2B, {0x000, 0x000, 0x208, 0x210, 0x220, 0x240, 0x2A0, 0x320, 0x210, 0x208, 0x204, 0x000}},
    {0xFF2C, {0x000, 0x000, 0x100, 0x100, 0x100, 0x100, 0x100, 0x100, 0x100, 0x100, 0x1FC, 0x000}},
    {0xFF2D, {0x000, 0x000, 0x60C, 0x60C, 0x514, 0x514, 0x514, 0x4A4, 0x4A4, 0x444, 0x444, 0x000}},
    {0xFF2E, {0x000, 0x000, 0x208, 0x308, 0x288, 0x288, 0x248, 0x228, 0x228, 0x218, 0x208, 0x000}},
    {0xFF2F, {0x000, 0x000, 0x1F0, 0x208, 0x404, 0x404, 0x404, 0x404, 0x404, 0x208, 0x1F0, 0x000}},
    {0xFF30, {0x000, 0x000, 0x1F8, 0x104, 0x104, 0x104, 0x104, 0x1F8, 0x100, 0x100, 0x100, 0x000}},
    {0xFF31, {0x000, 0x000, 0x1F0, 0x208, 0x404, 0x404, 0x404, 0x424, 0x414, 0x208, 0x1F4, 0x000}},
    {0xFF32, {0x000, 0x000, 0x1F8, 0x104, 0x104, 0x104, 0x1F8, 0x110, 0x108, 0x104, 0x104, 0x000}},
    {0xFF33, {0x000, 0x000, 0x1E0, 0x210, 0x208, 0x100, 0x0E0, 0x010, 0x208, 0x108, 0x0F0, 0x000}},
    {0xFF34, {0x000, 0x000, 0x3F8, 0x040, 0x040, 0x040, 0x040, 0x040, 0x040, 0x040, 0x040, 0x000}},
    {0xFF35, {0x000, 0x000, 0x208, 0x208, 0x208, 0x208, 0x208, 0x208, 0x208, 0x110, 0x0E0, 0x000}},
    {0xFF36, {0x000, 0x000, 0x404, 0x208, 0x208, 0x110, 0x110, 0x110, 0x0A0, 0x0A0, 0x040, 0x000}},
    {0xFF37, {0x000, 0x000, 0x842, 0x842, 0x444, 0x4A4, 0x4A4, 0x2A8, 0x2A8, 0x318, 0x110, 0x000}},
    {0xFF38, {0x000, 0x000, 0x204, 0x108, 0x090, 0x060, 0x060, 0x060, 0x090, 0x108, 0x204, 0x000}},
    {0xFF39, {0x000, 0x000, 0x404, 0x208, 0x110, 0x0A0, 0x0A0, 0x040, 0x040, 0x040, 0x040, 0x000}},
    {0xFF3A, {0x000, 0x000, 0x3F8, 0x008, 0x010, 0x020, 0x040, 0x080, 0x100, 0x200, 0x3F8, 0x000}},
    {0xFF3B, {0x000, 0x00E, 0x008, 0x008, 0x008, 0x008, 0x008, 0x008, 0x008, 0x008, 0x008, 0x00E}},
    {0xFF3C, {0x000, 0x800, 0x400, 0x200, 0x100, 0x080, 0x040, 0x020, 0x010, 0x008, 0x004, 0x002}},
    {0xFF3D, {0x000, 0xE00, 0x200, 0x200, 0x200, 0x200, 0x200, 0x200, 0x200, 0x200, 0x200, 0xE00}},
    {0xFF3E, {0x000, 0x0C0, 0x120, 0x000, 0x000, 0x000, 0x000, 0x000, 0x000, 0x000, 0x000, 0x000}},
    {0xFF3F, {0x000, 0x000, 0x000, 0x000, 0x000, 0x000, 0x000, 0x000, 0x000, 0x000, 0x000, 0x000}},
    {0xFF40, {0x000, 0x080, 0x040, 0x000, 0x000, 0x000, 0x000, 0x000, 0x000, 0x000, 0x000, 0x000}},
    {0xFF41, {0x000, 0x000, 0x000, 0x000, 0x000, 0x1E0, 0x010, 0x0F0, 0x110, 0x110, 0x0F0, 0x000}},
    {0xFF42, {0x000, 0x000, 0x100, 0x100, 0x100, 0x170, 0x188, 0x108, 0x108, 0x188, 0x170, 0x000}},
    {0xFF43, {0x000, 0x000, 0x000, 0x000, 0x000, 0x070, 0x088, 0x080, 0x080, 0x088, 0x070, 0x000}},
    {0xFF44, {0x000, 0x000, 0x008, 0x008, 0x008, 0x0E8, 0x118, 0x108, 0x108, 0x118, 0x0E8, 0x000}},
    {0xFF45, {0x000, 0x000, 0x000, 0x000, 0x000, 0x070, 0x088, 0x0F8, 0x080, 0x088, 0x070, 0x000}},
    {0xFF46, {0x000, 0x000, 0x030, 0x040, 0x040, 0x0F0, 0x040, 0x040, 0x040, 0x040, 0x040, 0x000}},
    {0xFF47, {0x000, 0x000, 0x000, 0x000, 0x000, 0x0F8, 0x110, 0x110, 0x0E0, 0x100, 0x1F0, 0x108}},
    {0xFF48, {0x000, 0x000, 0x100, 0x100, 0x100, 0x160, 0x190, 0x110, 0x110, 0x110, 0x110, 0x000}},
    {0xFF49, {0x000, 0x000, 0x020, 0x020, 0x000, 0x020, 0x020, 0x020, 0x020, 0x020, 0x020, 0x000}},
    {0xFF4A, {0x000, 0x000, 0x020, 0x020, 0x000, 0x020, 0x020, 0x020, 0x020, 0x020, 0x020, 0x020}},
    {0xFF4B, {0x000, 0x000, 0x080, 0x080, 0x080, 0x090, 0x0A0, 0x0C0, 0x0A0, 0x090, 0x088, 0x000}},
    {0xFF4C, {0x000, 0x000, 0x020, 0x020, 0x020, 0x020, 0x020, 0x020, 0x020, 0x020, 0x020, 0x000}},
    {0xFF4D, {0x000, 0x000, 0x000, 0x000, 0x000, 0x598, 0x664, 0x444, 0x444, 0x444, 0x444, 0x000}},
    {0xFF4E, {0x000, 0x000, 0x000, 0x000, 0x000, 0x160, 0x190, 0x110, 0x110, 0x110, 0x110, 0x000}},
    {0xFF4F, {0x000, 0x000, 0x000, 0x000, 0x000, 0x0F0, 0x108, 0x108, 0x108, 0x108, 0x0F0, 0x000}},
    {0xFF50, {0x000, 0x000, 0x000, 0x000, 0x000, 0x170, 0x188, 0x108, 0x108, 0x188, 0x170, 0x100}},
    {0xFF51, {0x000, 0x000, 0x000, 0x000, 0x000, 0x0E8, 0x118, 0x108, 0x108, 0x118, 0x0E8, 0x008}},
    {0xFF52, {0x000, 0x000, 0x000, 0x000, 0x000, 0x058, 0x060, 0x040, 0x040, 0x040, 0x040, 0x000}},
    {0xFF53, {0x000, 0x000, 0x000, 0x000, 0x000, 0x0F0, 0x108, 0x0C0, 0x030, 0x108, 0x0F0, 0x000}},
    {0xFF54, {0x000, 0x000, 0x000, 0x040, 0x040, 0x0F0, 0x040, 0x040, 0x040, 0x040, 0x030, 0x000}},
    {0xFF55, {0x000, 0x000, 0x000, 0x000, 0x000, 0x110, 0x110, 0x110, 0x110, 0x130, 0x0D0, 0x000}},
    {0xFF56, {0x000, 0x000, 0x000, 0x000, 0x000, 0x110, 0x110, 0x110, 0x0A0, 0x0A0, 0x040, 0x000}},
    {0xFF57, {0x000, 0x000, 0x000, 0x000, 0x000, 0x444, 0x444, 0x2A8, 0x2A8, 0x2A8, 0x110, 0x000}},
    {0xFF58, {0x000, 0x000, 0x000, 0x000, 0x000, 0x108, 0x090, 0x060, 0x060, 0x090, 0x108, 0x000}},
    {0xFF59, {0x000, 0x000, 0x000, 0x000, 0x000, 0x110, 0x110, 0x110, 0x0A0, 0x0A0, 0x040, 0x040}},
    {0xFF5A, {0x000, 0x000, 0x000, 0x000, 0x000, 0x1F0, 0x010, 0x020, 0x040, 0x080, 0x1F0, 0x000}},
    {0xFF5B, {0x000, 0x006, 0x008, 0x008, 0x008, 0x008, 0x010, 0x008, 0x008, 0x008, 0x008, 0x006}},
    {0xFF5C, {0x000, 0x040, 0x040, 0x040, 0x040, 0x040, 0x040, 0x040, 0x040, 0x040, 0x040, 0x040}},
    {0xFF5D, {0x000, 0xC00, 0x200, 0x200, 0x200, 0x200, 0x100, 0x200, 0x200, 0x200, 0x200, 0xC00}},
    {0xFF5E, {0x000, 0x000, 0x000, 0x000, 0x000, 0x780, 0x842, 0x03C, 0x000, 0x000, 0x000, 0x000}},
    {0xFFE0, {0x000, 0x000, 0x000, 0x040, 0x0E0, 0x150, 0x240, 0x240, 0x240, 0x150, 0x0E0, 0x040}},
    {0xFFE1, {0x000, 0x000, 0x0F0, 0x108, 0x100, 0x080, 0x3E0, 0x080, 0x300, 0x484, 0x378, 0x000}},
    {0xFFE3, {0x000, 0xFFF, 0x000, 0x000, 0x000, 0x000, 0x000, 0x000, 0x000, 0x000, 0x000, 0x000}},
    {0xFFE5, {0x000, 0x000, 0x208, 0x110, 0x0A0, 0x040, 0x1F0, 0x040, 0x1F0, 0x040, 0x040, 0x000}},
};

const size_t zpix12_font_glyphs_count = sizeof(zpix12_font_glyphs) / sizeof(zpix12_font_glyphs[0]);
