const unsigned char g_audio_4_wav[] = {
  0x52, 0x49, 0x46, 0x46, 0x46, 0x77, 0x01, 0x00, 0x57, 0x41, 0x56, 0x45,
  0x66, 0x6d, 0x74, 0x20, 0x10, 0x00, 0x00, 0x00, 0x01, 0x00, 0x02, 0x00,
  0x80, 0xbb, 0x00, 0x00, 0x00, 0xee, 0x02, 0x00, 0x04, 0x00, 0x10, 0x00,
  0x4c, 0x49, 0x53, 0x54, 0x1a, 0x00, 0x00, 0x00, 0x49, 0x4e, 0x46, 0x4f,
  0x49, 0x53, 0x46, 0x54, 0x0d, 0x00, 0x00, 0x00, 0x4c, 0x61, 0x76, 0x66,
  0x36, 0x32, 0x2e, 0x33, 0x2e, 0x31, 0x30, 0x30, 0x00, 0x00, 0x64, 0x61,
  0x74, 0x61, 0x00, 0x77, 0x01, 0x00, 0x00, 0x00, 0x00, 0x00, 0xa6, 0x00,
  0xa6, 0x00, 0x4c, 0x01, 0x4c, 0x01, 0xf2, 0x01, 0xf2, 0x01, 0x95, 0x02,
  0x95, 0x02, 0x36, 0x03, 0x36, 0x03, 0xd5, 0x03, 0xd5, 0x03, 0x70, 0x04,
  0x70, 0x04, 0x07, 0x05, 0x07, 0x05, 0x9b, 0x05, 0x9b, 0x05, 0x29, 0x06,
  0x29, 0x06, 0xb2, 0x06, 0xb2, 0x06, 0x36, 0x07, 0x36, 0x07, 0xb3, 0x07,
  0xb3, 0x07, 0x2a, 0x08, 0x2a, 0x08, 0x9a, 0x08, 0x9a, 0x08, 0x02, 0x09,
  0x02, 0x09, 0x63, 0x09, 0x63, 0x09, 0xbd, 0x09, 0xbd, 0x09, 0x0d, 0x0a,
  0x0d, 0x0a, 0x55, 0x0a, 0x55, 0x0a, 0x94, 0x0a, 0x94, 0x0a, 0xcb, 0x0a,
  0xcb, 0x0a, 0xf9, 0x0a, 0xf9, 0x0a, 0x1c, 0x0b, 0x1c, 0x0b, 0x37, 0x0b,
  0x37, 0x0b, 0x48, 0x0b, 0x48, 0x0b, 0x50, 0x0b, 0x50, 0x0b, 0x4d, 0x0b,
  0x4d, 0x0b, 0x41, 0x0b, 0x41, 0x0b, 0x2c, 0x0b, 0x2c, 0x0b, 0x0d, 0x0b,
  0x0d, 0x0b, 0xe5, 0x0a, 0xe5, 0x0a, 0xb3, 0x0a, 0xb3, 0x0a, 0x79, 0x0a,
  0x79, 0x0a, 0x35, 0x0a, 0x35, 0x0a, 0xea, 0x09, 0xea, 0x09, 0x95, 0x09,
  0x95, 0x09, 0x38, 0x09, 0x38, 0x09, 0xd4, 0x08, 0xd4, 0x08, 0x68, 0x08,
  0x68, 0x08, 0xf4, 0x07, 0xf4, 0x07, 0x7b, 0x07, 0x7b, 0x07, 0xfb, 0x06,
  0xfb, 0x06, 0x74, 0x06, 0x74, 0x06, 0xe9, 0x05, 0xe9, 0x05, 0x58, 0x05,
  0x58, 0x05, 0xc4, 0x04, 0xc4, 0x04, 0x2a, 0x04, 0x2a, 0x04, 0x8d, 0x03,
  0x8d, 0x03, 0xee, 0x02, 0xee, 0x02, 0x4b, 0x02, 0x4b, 0x02, 0xa8, 0x01,
  0xa8, 0x01, 0x02, 0x01, 0x02, 0x01, 0x5b, 0x00, 0x5b, 0x00, 0xb4, 0xff,
  0xb4, 0xff, 0x0e, 0xff, 0x0e, 0xff, 0x68, 0xfe, 0x68, 0xfe, 0xc4, 0xfd,
  0xc4, 0xfd, 0x21, 0xfd, 0x21, 0xfd, 0x82, 0xfc, 0x82, 0xfc, 0xe5, 0xfb,
  0xe5, 0xfb, 0x4a, 0xfb, 0x4a, 0xfb, 0xb5, 0xfa, 0xb5, 0xfa, 0x24, 0xfa,
  0x24, 0xfa, 0x98, 0xf9, 0x98, 0xf9, 0x12, 0xf9, 0x12, 0xf9, 0x91, 0xf8,
  0x91, 0xf8, 0x16, 0xf8, 0x16, 0xf8, 0xa2, 0xf7, 0xa2, 0xf7, 0x36, 0xf7,
  0x36, 0xf7, 0xd1, 0xf6, 0xd1, 0xf6, 0x74, 0xf6, 0x74, 0xf6, 0x1e, 0xf6,
  0x1e, 0xf6, 0xd1, 0xf5, 0xd1, 0xf5, 0x8d, 0xf5, 0x8d, 0xf5, 0x52, 0xf5,
  0x52, 0xf5, 0x1f, 0xf5, 0x1f, 0xf5, 0xf6, 0xf4, 0xf6, 0xf4, 0xd7, 0xf4,
  0xd7, 0xf4, 0xc0, 0xf4, 0xc0, 0xf4, 0xb3, 0xf4, 0xb3, 0xf4, 0xb0, 0xf4,
  0xb0, 0xf4, 0xb7, 0xf4, 0xb7, 0xf4, 0xc7, 0xf4, 0xc7, 0xf4, 0xe1, 0xf4,
  0xe1, 0xf4, 0x04, 0xf5, 0x04, 0xf5, 0x30, 0xf5, 0x30, 0xf5, 0x66, 0xf5,
  0x66, 0xf5, 0xa4, 0xf5, 0xa4, 0xf5, 0xec, 0xf5, 0xec, 0xf5, 0x3c, 0xf6,
  0x3c, 0xf6, 0x94, 0xf6, 0x94, 0xf6, 0xf4, 0xf6, 0xf4, 0xf6, 0x5c, 0xf7,
  0x5c, 0xf7, 0xcb, 0xf7, 0xcb, 0xf7, 0x41, 0xf8, 0x41, 0xf8, 0xbe, 0xf8,
  0xbe, 0xf8, 0x41, 0xf9, 0x41, 0xf9, 0xca, 0xf9, 0xca, 0xf9, 0x58, 0xfa,
  0x58, 0xfa, 0xeb, 0xfa, 0xeb, 0xfa, 0x82, 0xfb, 0x82, 0xfb, 0x1c, 0xfc,
  0x1c, 0xfc, 0xbb, 0xfc, 0xbb, 0xfc, 0x5c, 0xfd, 0x5c, 0xfd, 0xff, 0xfd,
  0xff, 0xfd, 0xa3, 0xfe, 0xa3, 0xfe, 0x4a, 0xff, 0x4a, 0xff, 0xf0, 0xff,
  0xf0, 0xff, 0x97, 0x00, 0x97, 0x00, 0x3d, 0x01, 0x3d, 0x01, 0xe2, 0x01,
  0xe2, 0x01, 0x86, 0x02, 0x86, 0x02, 0x27, 0x03, 0x27, 0x03, 0xc6, 0x03,
  0xc6, 0x03, 0x62, 0x04, 0x62, 0x04, 0xf9, 0x04, 0xf9, 0x04, 0x8d, 0x05,
  0x8d, 0x05, 0x1c, 0x06, 0x1c, 0x06, 0xa5, 0x06, 0xa5, 0x06, 0x2a, 0x07,
  0x2a, 0x07, 0xa7, 0x07, 0xa7, 0x07, 0x1f, 0x08, 0x1f, 0x08, 0x90, 0x08,
  0x90, 0x08, 0xf9, 0x08, 0xf9, 0x08, 0x5b, 0x09, 0x5b, 0x09, 0xb5, 0x09,
  0xb5, 0x09, 0x06, 0x0a, 0x06, 0x0a, 0x4f, 0x0a, 0x4f, 0x0a, 0x8f, 0x0a,
  0x8f, 0x0a, 0xc6, 0x0a, 0xc6, 0x0a, 0xf4, 0x0a, 0xf4, 0x0a, 0x19, 0x0b,
  0x19, 0x0b, 0x35, 0x0b, 0x35, 0x0b, 0x46, 0x0b, 0x46, 0x0b, 0x4f, 0x0b,
  0x4f, 0x0b, 0x4d, 0x0b, 0x4d, 0x0b, 0x43, 0x0b, 0x43, 0x0b, 0x2e, 0x0b,
  0x2e, 0x0b, 0x11, 0x0b, 0x11, 0x0b, 0xe9, 0x0a, 0xe9, 0x0a, 0xb8, 0x0a,
  0xb8, 0x0a, 0x7f, 0x0a, 0x7f, 0x0a, 0x3c, 0x0a, 0x3c, 0x0a, 0xf1, 0x09,
  0xf1, 0x09, 0x9d, 0x09, 0x9d, 0x09, 0x41, 0x09, 0x41, 0x09, 0xdd, 0x08,
  0xdd, 0x08, 0x72, 0x08, 0x72, 0x08, 0x00, 0x08, 0x00, 0x08, 0x86, 0x07,
  0x86, 0x07, 0x07, 0x07, 0x07, 0x07, 0x81, 0x06, 0x81, 0x06, 0xf6, 0x05,
  0xf6, 0x05, 0x66, 0x05, 0x66, 0x05, 0xd1, 0x04, 0xd1, 0x04, 0x38, 0x04,
  0x38, 0x04, 0x9c, 0x03, 0x9c, 0x03, 0xfc, 0x02, 0xfc, 0x02, 0x5a, 0x02,
  0x5a, 0x02, 0xb6, 0x01, 0xb6, 0x01, 0x11, 0x01, 0x11, 0x01, 0x6b, 0x00,
  0x6b, 0x00, 0xc3, 0xff, 0xc3, 0xff, 0x1d, 0xff, 0x1d, 0xff, 0x78, 0xfe,
  0x78, 0xfe, 0xd3, 0xfd, 0xd3, 0xfd, 0x30, 0xfd, 0x30, 0xfd, 0x90, 0xfc,
  0x90, 0xfc, 0xf3, 0xfb, 0xf3, 0xfb, 0x59, 0xfb, 0x59, 0xfb, 0xc3, 0xfa,
  0xc3, 0xfa, 0x31, 0xfa, 0x31, 0xfa, 0xa5, 0xf9, 0xa5, 0xf9, 0x1d, 0xf9,
  0x1d, 0xf9, 0x9d, 0xf8, 0x9d, 0xf8, 0x21, 0xf8, 0x21, 0xf8, 0xad, 0xf7,
  0xad, 0xf7, 0x3f, 0xf7, 0x3f, 0xf7, 0xd9, 0xf6, 0xd9, 0xf6, 0x7b, 0xf6,
  0x7b, 0xf6, 0x26, 0xf6, 0x26, 0xf6, 0xd8, 0xf5, 0xd8, 0xf5, 0x93, 0xf5,
  0x93, 0xf5, 0x57, 0xf5, 0x57, 0xf5, 0x24, 0xf5, 0x24, 0xf5, 0xf9, 0xf4,
  0xf9, 0xf4, 0xd9, 0xf4, 0xd9, 0xf4, 0xc2, 0xf4, 0xc2, 0xf4, 0xb5, 0xf4,
  0xb5, 0xf4, 0xb0, 0xf4, 0xb0, 0xf4, 0xb6, 0xf4, 0xb6, 0xf4, 0xc6, 0xf4,
  0xc6, 0xf4, 0xde, 0xf4, 0xde, 0xf4, 0x00, 0xf5, 0x00, 0xf5, 0x2c, 0xf5,
  0x2c, 0xf5, 0x61, 0xf5, 0x61, 0xf5, 0x9e, 0xf5, 0x9e, 0xf5, 0xe5, 0xf5,
  0xe5, 0xf5, 0x34, 0xf6, 0x34, 0xf6, 0x8c, 0xf6, 0x8c, 0xf6, 0xeb, 0xf6,
  0xeb, 0xf6, 0x52, 0xf7, 0x52, 0xf7, 0xc1, 0xf7, 0xc1, 0xf7, 0x37, 0xf8,
  0x37, 0xf8, 0xb2, 0xf8, 0xb2, 0xf8, 0x35, 0xf9, 0x35, 0xf9, 0xbd, 0xf9,
  0xbd, 0xf9, 0x4b, 0xfa, 0x4b, 0xfa, 0xde, 0xfa, 0xde, 0xfa, 0x73, 0xfb,
  0x73, 0xfb, 0x0e, 0xfc, 0x0e, 0xfc, 0xac, 0xfc, 0xac, 0xfc, 0x4c, 0xfd,
  0x4c, 0xfd, 0xf1, 0xfd, 0xf1, 0xfd, 0x95, 0xfe, 0x95, 0xfe, 0x3b, 0xff,
  0x3b, 0xff, 0xe2, 0xff, 0xe2, 0xff, 0x88, 0x00, 0x88, 0x00, 0x2f, 0x01,
  0x2f, 0x01, 0xd3, 0x01, 0xd3, 0x01, 0x77, 0x02, 0x77, 0x02, 0x19, 0x03,
  0x19, 0x03, 0xb8, 0x03, 0xb8, 0x03, 0x54, 0x04, 0x54, 0x04, 0xec, 0x04,
  0xec, 0x04, 0x80, 0x05, 0x80, 0x05, 0x0f, 0x06, 0x0f, 0x06, 0x99, 0x06,
  0x99, 0x06, 0x1e, 0x07, 0x1e, 0x07, 0x9d, 0x07, 0x9d, 0x07, 0x15, 0x08,
  0x15, 0x08, 0x85, 0x08, 0x85, 0x08, 0xf0, 0x08, 0xf0, 0x08, 0x52, 0x09,
  0x52, 0x09, 0xad, 0x09, 0xad, 0x09, 0xff, 0x09, 0xff, 0x09, 0x49, 0x0a,
  0x49, 0x0a, 0x8a, 0x0a, 0x8a, 0x0a, 0xc2, 0x0a, 0xc2, 0x0a, 0xf1, 0x0a,
  0xf1, 0x0a, 0x16, 0x0b, 0x16, 0x0b, 0x33, 0x0b, 0x33, 0x0b, 0x46, 0x0b,
  0x46, 0x0b, 0x4f, 0x0b, 0x4f, 0x0b, 0x4e, 0x0b, 0x4e, 0x0b, 0x44, 0x0b,
  0x44, 0x0b, 0x30, 0x0b, 0x30, 0x0b, 0x13, 0x0b, 0x13, 0x0b, 0xed, 0x0a,
  0xed, 0x0a, 0xbd, 0x0a, 0xbd, 0x0a, 0x85, 0x0a, 0x85, 0x0a, 0x43, 0x0a,
  0x43, 0x0a, 0xf8, 0x09, 0xf8, 0x09, 0xa5, 0x09, 0xa5, 0x09, 0x4a, 0x09,
  0x4a, 0x09, 0xe7, 0x08, 0xe7, 0x08, 0x7c, 0x08, 0x7c, 0x08, 0x0a, 0x08,
  0x0a, 0x08, 0x91, 0x07, 0x91, 0x07, 0x13, 0x07, 0x13, 0x07, 0x8e, 0x06,
  0x8e, 0x06, 0x03, 0x06, 0x03, 0x06, 0x73, 0x05, 0x73, 0x05, 0xdf, 0x04,
  0xdf, 0x04, 0x46, 0x04, 0x46, 0x04, 0xaa, 0x03, 0xaa, 0x03, 0x0b, 0x03,
  0x0b, 0x03, 0x69, 0x02, 0x69, 0x02, 0xc5, 0x01, 0xc5, 0x01, 0x20, 0x01,
  0x20, 0x01, 0x7a, 0x00, 0x7a, 0x00, 0xd3, 0xff, 0xd3, 0xff, 0x2c, 0xff,
  0x2c, 0xff, 0x86, 0xfe, 0x86, 0xfe, 0xe2, 0xfd, 0xe2, 0xfd, 0x3f, 0xfd,
  0x3f, 0xfd, 0x9f, 0xfc, 0x9f, 0xfc, 0x01, 0xfc, 0x01, 0xfc, 0x67, 0xfb,
  0x67, 0xfb, 0xd0, 0xfa, 0xd0, 0xfa, 0x3e, 0xfa, 0x3e, 0xfa, 0xb2, 0xf9,
  0xb2, 0xf9, 0x29, 0xf9, 0x29, 0xf9, 0xa8, 0xf8, 0xa8, 0xf8, 0x2c, 0xf8,
  0x2c, 0xf8, 0xb7, 0xf7, 0xb7, 0xf7, 0x49, 0xf7, 0x49, 0xf7, 0xe3, 0xf6,
  0xe3, 0xf6, 0x84, 0xf6, 0x84, 0xf6, 0x2d, 0xf6, 0x2d, 0xf6, 0xde, 0xf5,
  0xde, 0xf5, 0x98, 0xf5, 0x98, 0xf5, 0x5c, 0xf5, 0x5c, 0xf5, 0x28, 0xf5,
  0x28, 0xf5, 0xfd, 0xf4, 0xfd, 0xf4, 0xdc, 0xf4, 0xdc, 0xf4, 0xc4, 0xf4,
  0xc4, 0xf4, 0xb5, 0xf4, 0xb5, 0xf4, 0xb0, 0xf4, 0xb0, 0xf4, 0xb5, 0xf4,
  0xb5, 0xf4, 0xc4, 0xf4, 0xc4, 0xf4, 0xdc, 0xf4, 0xdc, 0xf4, 0xfd, 0xf4,
  0xfd, 0xf4, 0x27, 0xf5, 0x27, 0xf5, 0x5c, 0xf5, 0x5c, 0xf5, 0x98, 0xf5,
  0x98, 0xf5, 0xde, 0xf5, 0xde, 0xf5, 0x2d, 0xf6, 0x2d, 0xf6, 0x83, 0xf6,
  0x83, 0xf6, 0xe3, 0xf6, 0xe3, 0xf6, 0x48, 0xf7, 0x48, 0xf7, 0xb7, 0xf7,
  0xb7, 0xf7, 0x2c, 0xf8, 0x2c, 0xf8, 0xa7, 0xf8, 0xa7, 0xf8, 0x29, 0xf9,
  0x29, 0xf9, 0xb1, 0xf9, 0xb1, 0xf9, 0x3e, 0xfa, 0x3e, 0xfa, 0xd0, 0xfa,
  0xd0, 0xfa, 0x66, 0xfb, 0x66, 0xfb, 0x00, 0xfc, 0x00, 0xfc, 0x9e, 0xfc,
  0x9e, 0xfc, 0x3e, 0xfd, 0x3e, 0xfd, 0xe1, 0xfd, 0xe1, 0xfd, 0x86, 0xfe,
  0x86, 0xfe, 0x2c, 0xff, 0x2c, 0xff, 0xd3, 0xff, 0xd3, 0xff, 0x79, 0x00,
  0x79, 0x00, 0x1f, 0x01, 0x1f, 0x01, 0xc5, 0x01, 0xc5, 0x01, 0x69, 0x02,
  0x69, 0x02, 0x0b, 0x03, 0x0b, 0x03, 0xaa, 0x03, 0xaa, 0x03, 0x46, 0x04,
  0x46, 0x04, 0xdf, 0x04, 0xdf, 0x04, 0x72, 0x05, 0x72, 0x05, 0x03, 0x06,
  0x03, 0x06, 0x8d, 0x06, 0x8d, 0x06, 0x12, 0x07, 0x12, 0x07, 0x91, 0x07,
  0x91, 0x07, 0x0a, 0x08, 0x0a, 0x08, 0x7b, 0x08, 0x7b, 0x08, 0xe7, 0x08,
  0xe7, 0x08, 0x4a, 0x09, 0x4a, 0x09, 0xa4, 0x09, 0xa4, 0x09, 0xf8, 0x09,
  0xf8, 0x09, 0x42, 0x0a, 0x42, 0x0a, 0x84, 0x0a, 0x84, 0x0a, 0xbd, 0x0a,
  0xbd, 0x0a, 0xed, 0x0a, 0xed, 0x0a, 0x13, 0x0b, 0x13, 0x0b, 0x30, 0x0b,
  0x30, 0x0b, 0x44, 0x0b, 0x44, 0x0b, 0x4e, 0x0b, 0x4e, 0x0b, 0x4f, 0x0b,
  0x4f, 0x0b, 0x46, 0x0b, 0x46, 0x0b, 0x33, 0x0b, 0x33, 0x0b, 0x16, 0x0b,
  0x16, 0x0b, 0xf1, 0x0a, 0xf1, 0x0a, 0xc2, 0x0a, 0xc2, 0x0a, 0x8a, 0x0a,
  0x8a, 0x0a, 0x49, 0x0a, 0x49, 0x0a, 0xff, 0x09, 0xff, 0x09, 0xad, 0x09,
  0xad, 0x09, 0x52, 0x09, 0x52, 0x09, 0xf0, 0x08, 0xf0, 0x08, 0x86, 0x08,
  0x86, 0x08, 0x15, 0x08, 0x15, 0x08, 0x9d, 0x07, 0x9d, 0x07, 0x1e, 0x07,
  0x1e, 0x07, 0x9a, 0x06, 0x9a, 0x06, 0x10, 0x06, 0x10, 0x06, 0x81, 0x05,
  0x81, 0x05, 0xed, 0x04, 0xed, 0x04, 0x54, 0x04, 0x54, 0x04, 0xb8, 0x03,
  0xb8, 0x03, 0x19, 0x03, 0x19, 0x03, 0x77, 0x02, 0x77, 0x02, 0xd4, 0x01,
  0xd4, 0x01, 0x2f, 0x01, 0x2f, 0x01, 0x88, 0x00, 0x88, 0x00, 0xe2, 0xff,
  0xe2, 0xff, 0x3b, 0xff, 0x3b, 0xff, 0x95, 0xfe, 0x95, 0xfe, 0xf1, 0xfd,
  0xf1, 0xfd, 0x4d, 0xfd, 0x4d, 0xfd, 0xad, 0xfc, 0xad, 0xfc, 0x0f, 0xfc,
  0x0f, 0xfc, 0x74, 0xfb, 0x74, 0xfb, 0xde, 0xfa, 0xde, 0xfa, 0x4c, 0xfa,
  0x4c, 0xfa, 0xbe, 0xf9, 0xbe, 0xf9, 0x36, 0xf9, 0x36, 0xf9, 0xb3, 0xf8,
  0xb3, 0xf8, 0x37, 0xf8, 0x37, 0xf8, 0xc1, 0xf7, 0xc1, 0xf7, 0x52, 0xf7,
  0x52, 0xf7, 0xec, 0xf6, 0xec, 0xf6, 0x8c, 0xf6, 0x8c, 0xf6, 0x35, 0xf6,
  0x35, 0xf6, 0xe5, 0xf5, 0xe5, 0xf5, 0x9f, 0xf5, 0x9f, 0xf5, 0x61, 0xf5,
  0x61, 0xf5, 0x2c, 0xf5, 0x2c, 0xf5, 0x00, 0xf5, 0x00, 0xf5, 0xde, 0xf4,
  0xde, 0xf4, 0xc6, 0xf4, 0xc6, 0xf4, 0xb6, 0xf4, 0xb6, 0xf4, 0xb0, 0xf4,
  0xb0, 0xf4, 0xb4, 0xf4, 0xb4, 0xf4, 0xc2, 0xf4, 0xc2, 0xf4, 0xd9, 0xf4,
  0xd9, 0xf4, 0xf9, 0xf4, 0xf9, 0xf4, 0x23, 0xf5, 0x23, 0xf5, 0x57, 0xf5,
  0x57, 0xf5, 0x93, 0xf5, 0x93, 0xf5, 0xd7, 0xf5, 0xd7, 0xf5, 0x25, 0xf6,
  0x25, 0xf6, 0x7b, 0xf6, 0x7b, 0xf6, 0xd9, 0xf6, 0xd9, 0xf6, 0x3f, 0xf7,
  0x3f, 0xf7, 0xac, 0xf7, 0xac, 0xf7, 0x21, 0xf8, 0x21, 0xf8, 0x9c, 0xf8,
  0x9c, 0xf8, 0x1d, 0xf9, 0x1d, 0xf9, 0xa4, 0xf9, 0xa4, 0xf9, 0x31, 0xfa,
  0x31, 0xfa, 0xc2, 0xfa, 0xc2, 0xfa, 0x59, 0xfb, 0x59, 0xfb, 0xf2, 0xfb,
  0xf2, 0xfb, 0x8f, 0xfc, 0x8f, 0xfc, 0x2f, 0xfd, 0x2f, 0xfd, 0xd2, 0xfd,
  0xd2, 0xfd, 0x77, 0xfe, 0x77, 0xfe, 0x1c, 0xff, 0x1c, 0xff, 0xc3, 0xff,
  0xc3, 0xff, 0x6a, 0x00, 0x6a, 0x00, 0x10, 0x01, 0x10, 0x01, 0xb6, 0x01,
  0xb6, 0x01, 0x5a, 0x02, 0x5a, 0x02, 0xfc, 0x02, 0xfc, 0x02, 0x9b, 0x03,
  0x9b, 0x03, 0x38, 0x04, 0x38, 0x04, 0xd0, 0x04, 0xd0, 0x04, 0x66, 0x05,
  0x66, 0x05, 0xf6, 0x05, 0xf6, 0x05, 0x80, 0x06, 0x80, 0x06, 0x06, 0x07,
  0x06, 0x07, 0x86, 0x07, 0x86, 0x07, 0x00, 0x08, 0x00, 0x08, 0x72, 0x08,
  0x72, 0x08, 0xdd, 0x08, 0xdd, 0x08, 0x41, 0x09, 0x41, 0x09, 0x9d, 0x09,
  0x9d, 0x09, 0xf1, 0x09, 0xf1, 0x09, 0x3c, 0x0a, 0x3c, 0x0a, 0x7e, 0x0a,
  0x7e, 0x0a, 0xb8, 0x0a, 0xb8, 0x0a, 0xe9, 0x0a, 0xe9, 0x0a, 0x10, 0x0b,
  0x10, 0x0b, 0x2e, 0x0b, 0x2e, 0x0b, 0x43, 0x0b, 0x43, 0x0b, 0x4d, 0x0b,
  0x4d, 0x0b, 0x4f, 0x0b, 0x4f, 0x0b, 0x47, 0x0b, 0x47, 0x0b, 0x35, 0x0b,
  0x35, 0x0b, 0x1a, 0x0b, 0x1a, 0x0b, 0xf5, 0x0a, 0xf5, 0x0a, 0xc6, 0x0a,
  0xc6, 0x0a, 0x8f, 0x0a, 0x8f, 0x0a, 0x50, 0x0a, 0x50, 0x0a, 0x06, 0x0a,
  0x06, 0x0a, 0xb5, 0x09, 0xb5, 0x09, 0x5b, 0x09, 0x5b, 0x09, 0xf9, 0x08,
  0xf9, 0x08, 0x90, 0x08, 0x90, 0x08, 0x20, 0x08, 0x20, 0x08, 0xa8, 0x07,
  0xa8, 0x07, 0x2a, 0x07, 0x2a, 0x07, 0xa6, 0x06, 0xa6, 0x06, 0x1d, 0x06,
  0x1d, 0x06, 0x8e, 0x05, 0x8e, 0x05, 0xfa, 0x04, 0xfa, 0x04, 0x62, 0x04,
  0x62, 0x04, 0xc7, 0x03, 0xc7, 0x03, 0x28, 0x03, 0x28, 0x03, 0x87, 0x02,
  0x87, 0x02, 0xe3, 0x01, 0xe3, 0x01, 0x3e, 0x01, 0x3e, 0x01, 0x98, 0x00,
  0x98, 0x00, 0xf1, 0xff, 0xf1, 0xff, 0x4a, 0xff, 0x4a, 0xff, 0xa4, 0xfe,
  0xa4, 0xfe, 0xff, 0xfd, 0xff, 0xfd, 0x5d, 0xfd, 0x5d, 0xfd, 0xbb, 0xfc,
  0xbb, 0xfc, 0x1d, 0xfc, 0x1d, 0xfc, 0x82, 0xfb, 0x82, 0xfb, 0xeb, 0xfa,
  0xeb, 0xfa, 0x59, 0xfa, 0x59, 0xfa, 0xca, 0xf9, 0xca, 0xf9, 0x42, 0xf9,
  0x42, 0xf9, 0xbf, 0xf8, 0xbf, 0xf8, 0x42, 0xf8, 0x42, 0xf8, 0xcc, 0xf7,
  0xcc, 0xf7, 0x5d, 0xf7, 0x5d, 0xf7, 0xf4, 0xf6, 0xf4, 0xf6, 0x94, 0xf6,
  0x94, 0xf6, 0x3c, 0xf6, 0x3c, 0xf6, 0xec, 0xf5, 0xec, 0xf5, 0xa5, 0xf5,
  0xa5, 0xf5, 0x66, 0xf5, 0x66, 0xf5, 0x30, 0xf5, 0x30, 0xf5, 0x04, 0xf5,
  0x04, 0xf5, 0xe1, 0xf4, 0xe1, 0xf4, 0xc7, 0xf4, 0xc7, 0xf4, 0xb7, 0xf4,
  0xb7, 0xf4, 0xb0, 0xf4, 0xb0, 0xf4, 0xb3, 0xf4, 0xb3, 0xf4, 0xc0, 0xf4,
  0xc0, 0xf4, 0xd7, 0xf4, 0xd7, 0xf4, 0xf6, 0xf4, 0xf6, 0xf4, 0x1f, 0xf5,
  0x1f, 0xf5, 0x52, 0xf5, 0x52, 0xf5, 0x8d, 0xf5, 0x8d, 0xf5, 0xd1, 0xf5,
  0xd1, 0xf5, 0x1d, 0xf6, 0x1d, 0xf6, 0x73, 0xf6, 0x73, 0xf6, 0xd0, 0xf6,
  0xd0, 0xf6, 0x35, 0xf7, 0x35, 0xf7, 0xa2, 0xf7, 0xa2, 0xf7, 0x16, 0xf8,
  0x16, 0xf8, 0x90, 0xf8, 0x90, 0xf8, 0x11, 0xf9, 0x11, 0xf9, 0x98, 0xf9,
  0x98, 0xf9, 0x24, 0xfa, 0x24, 0xfa, 0xb5, 0xfa, 0xb5, 0xfa, 0x4a, 0xfb,
  0x4a, 0xfb, 0xe4, 0xfb, 0xe4, 0xfb, 0x81, 0xfc, 0x81, 0xfc, 0x21, 0xfd,
  0x21, 0xfd, 0xc3, 0xfd, 0xc3, 0xfd, 0x67, 0xfe, 0x67, 0xfe, 0x0d, 0xff,
  0x0d, 0xff, 0xb4, 0xff, 0xb4, 0xff, 0x5b, 0x00, 0x5b, 0x00, 0x01, 0x01,
  0x01, 0x01, 0xa7, 0x01, 0xa7, 0x01, 0x4b, 0x02, 0x4b, 0x02, 0xee, 0x02,
  0xee, 0x02, 0x8d, 0x03, 0x8d, 0x03, 0x2a, 0x04, 0x2a, 0x04, 0xc3, 0x04,
  0xc3, 0x04, 0x58, 0x05, 0x58, 0x05, 0xe8, 0x05, 0xe8, 0x05, 0x74, 0x06,
  0x74, 0x06, 0xfa, 0x06, 0xfa, 0x06, 0x7b, 0x07, 0x7b, 0x07, 0xf4, 0x07,
  0xf4, 0x07, 0x68, 0x08, 0x68, 0x08, 0xd4, 0x08, 0xd4, 0x08, 0x38, 0x09,
  0x38, 0x09, 0x95, 0x09, 0x95, 0x09, 0xe9, 0x09, 0xe9, 0x09, 0x35, 0x0a,
  0x35, 0x0a, 0x79, 0x0a, 0x79, 0x0a, 0xb3, 0x0a, 0xb3, 0x0a, 0xe5, 0x0a,
  0xe5, 0x0a, 0x0d, 0x0b, 0x0d, 0x0b, 0x2c, 0x0b, 0x2c, 0x0b, 0x41, 0x0b,
  0x41, 0x0b, 0x4d, 0x0b, 0x4d, 0x0b, 0x50, 0x0b, 0x50, 0x0b, 0x48, 0x0b,
  0x48, 0x0b, 0x37, 0x0b, 0x37, 0x0b, 0x1d, 0x0b, 0x1d, 0x0b, 0xf9, 0x0a,
  0xf9, 0x0a, 0xcb, 0x0a, 0xcb, 0x0a, 0x95, 0x0a, 0x95, 0x0a, 0x55, 0x0a,
  0x55, 0x0a, 0x0d, 0x0a, 0x0d, 0x0a, 0xbd, 0x09, 0xbd, 0x09, 0x63, 0x09,
  0x63, 0x09, 0x03, 0x09, 0x03, 0x09, 0x9a, 0x08, 0x9a, 0x08, 0x2a, 0x08,
  0x2a, 0x08, 0xb3, 0x07, 0xb3, 0x07, 0x36, 0x07, 0x36, 0x07, 0xb3, 0x06,
  0xb3, 0x06, 0x29, 0x06, 0x29, 0x06, 0x9b, 0x05, 0x9b, 0x05, 0x08, 0x05,
  0x08, 0x05, 0x70, 0x04, 0x70, 0x04, 0xd5, 0x03, 0xd5, 0x03, 0x36, 0x03,
  0x36, 0x03, 0x96, 0x02, 0x96, 0x02, 0xf3, 0x01, 0xf3, 0x01, 0x4d, 0x01,
  0x4d, 0x01, 0xa7, 0x00, 0xa7, 0x00, 0x00, 0x00, 0x00, 0x00, 0x5a, 0xff,
  0x5a, 0xff, 0xb4, 0xfe, 0xb4, 0xfe, 0x0e, 0xfe, 0x0e, 0xfe, 0x6b, 0xfd,
  0x6b, 0xfd, 0xca, 0xfc, 0xca, 0xfc, 0x2b, 0xfc, 0x2b, 0xfc, 0x90, 0xfb,
  0x90, 0xfb, 0xf9, 0xfa, 0xf9, 0xfa, 0x65, 0xfa, 0x65, 0xfa, 0xd7, 0xf9,
  0xd7, 0xf9, 0x4e, 0xf9, 0x4e, 0xf9, 0xca, 0xf8, 0xca, 0xf8, 0x4d, 0xf8,
  0x4d, 0xf8, 0xd6, 0xf7, 0xd6, 0xf7, 0x66, 0xf7, 0x66, 0xf7, 0xfe, 0xf6,
  0xfe, 0xf6, 0x9d, 0xf6, 0x9d, 0xf6, 0x43, 0xf6, 0x43, 0xf6, 0xf3, 0xf5,
  0xf3, 0xf5, 0xab, 0xf5, 0xab, 0xf5, 0x6c, 0xf5, 0x6c, 0xf5, 0x35, 0xf5,
  0x35, 0xf5, 0x07, 0xf5, 0x07, 0xf5, 0xe4, 0xf4, 0xe4, 0xf4, 0xc9, 0xf4,
  0xc9, 0xf4, 0xb8, 0xf4, 0xb8, 0xf4, 0xb0, 0xf4, 0xb0, 0xf4, 0xb3, 0xf4,
  0xb3, 0xf4, 0xbf, 0xf4, 0xbf, 0xf4, 0xd4, 0xf4, 0xd4, 0xf4, 0xf3, 0xf4,
  0xf3, 0xf4, 0x1b, 0xf5, 0x1b, 0xf5, 0x4d, 0xf5, 0x4d, 0xf5, 0x87, 0xf5,
  0x87, 0xf5, 0xcb, 0xf5, 0xcb, 0xf5, 0x16, 0xf6, 0x16, 0xf6, 0x6b, 0xf6,
  0x6b, 0xf6, 0xc8, 0xf6, 0xc8, 0xf6, 0x2c, 0xf7, 0x2c, 0xf7, 0x98, 0xf7,
  0x98, 0xf7, 0x0c, 0xf8, 0x0c, 0xf8, 0x85, 0xf8, 0x85, 0xf8, 0x05, 0xf9,
  0x05, 0xf9, 0x8c, 0xf9, 0x8c, 0xf9, 0x17, 0xfa, 0x17, 0xfa, 0xa8, 0xfa,
  0xa8, 0xfa, 0x3c, 0xfb, 0x3c, 0xfb, 0xd6, 0xfb, 0xd6, 0xfb, 0x73, 0xfc,
  0x73, 0xfc, 0x12, 0xfd, 0x12, 0xfd, 0xb5, 0xfd, 0xb5, 0xfd, 0x58, 0xfe,
  0x58, 0xfe, 0xfe, 0xfe, 0xfe, 0xfe, 0xa5, 0xff, 0xa5, 0xff, 0x4c, 0x00,
  0x4c, 0x00, 0xf2, 0x00, 0xf2, 0x00, 0x98, 0x01, 0x98, 0x01, 0x3c, 0x02,
  0x3c, 0x02, 0xdf, 0x02, 0xdf, 0x02, 0x7e, 0x03, 0x7e, 0x03, 0x1b, 0x04,
  0x1b, 0x04, 0xb6, 0x04, 0xb6, 0x04, 0x4b, 0x05, 0x4b, 0x05, 0xdc, 0x05,
  0xdc, 0x05, 0x68, 0x06, 0x68, 0x06, 0xee, 0x06, 0xee, 0x06, 0x6f, 0x07,
  0x6f, 0x07, 0xea, 0x07, 0xea, 0x07, 0x5e, 0x08, 0x5e, 0x08, 0xca, 0x08,
  0xca, 0x08, 0x2f, 0x09, 0x2f, 0x09, 0x8c, 0x09, 0x8c, 0x09, 0xe2, 0x09,
  0xe2, 0x09, 0x2f, 0x0a, 0x2f, 0x0a, 0x73, 0x0a, 0x73, 0x0a, 0xae, 0x0a,
  0xae, 0x0a, 0xe1, 0x0a, 0xe1, 0x0a, 0x0a, 0x0b, 0x0a, 0x0b, 0x29, 0x0b,
  0x29, 0x0b, 0x40, 0x0b, 0x40, 0x0b, 0x4d, 0x0b, 0x4d, 0x0b, 0x50, 0x0b,
  0x50, 0x0b, 0x49, 0x0b, 0x49, 0x0b, 0x39, 0x0b, 0x39, 0x0b, 0x1f, 0x0b,
  0x1f, 0x0b, 0xfc, 0x0a, 0xfc, 0x0a, 0xd0, 0x0a, 0xd0, 0x0a, 0x9a, 0x0a,
  0x9a, 0x0a, 0x5c, 0x0a, 0x5c, 0x0a, 0x14, 0x0a, 0x14, 0x0a, 0xc4, 0x09,
  0xc4, 0x09, 0x6c, 0x09, 0x6c, 0x09, 0x0c, 0x09, 0x0c, 0x09, 0xa4, 0x08,
  0xa4, 0x08, 0x35, 0x08, 0x35, 0x08, 0xbf, 0x07, 0xbf, 0x07, 0x42, 0x07,
  0x42, 0x07, 0xbf, 0x06, 0xbf, 0x06, 0x36, 0x06, 0x36, 0x06, 0xa8, 0x05,
  0xa8, 0x05, 0x15, 0x05, 0x15, 0x05, 0x7e, 0x04, 0x7e, 0x04, 0xe4, 0x03,
  0xe4, 0x03, 0x45, 0x03, 0x45, 0x03, 0xa4, 0x02, 0xa4, 0x02, 0x01, 0x02,
  0x01, 0x02, 0x5d, 0x01, 0x5d, 0x01, 0xb6, 0x00, 0xb6, 0x00, 0x10, 0x00,
  0x10, 0x00, 0x69, 0xff, 0x69, 0xff, 0xc3, 0xfe, 0xc3, 0xfe, 0x1e, 0xfe,
  0x1e, 0xfe, 0x7a, 0xfd, 0x7a, 0xfd, 0xd9, 0xfc, 0xd9, 0xfc, 0x3a, 0xfc,
  0x3a, 0xfc, 0x9e, 0xfb, 0x9e, 0xfb, 0x07, 0xfb, 0x07, 0xfb, 0x73, 0xfa,
  0x73, 0xfa, 0xe4, 0xf9, 0xe4, 0xf9, 0x5b, 0xf9, 0x5b, 0xf9, 0xd6, 0xf8,
  0xd6, 0xf8, 0x59, 0xf8, 0x59, 0xf8, 0xe1, 0xf7, 0xe1, 0xf7, 0x70, 0xf7,
  0x70, 0xf7, 0x07, 0xf7, 0x07, 0xf7, 0xa5, 0xf6, 0xa5, 0xf6, 0x4b, 0xf6,
  0x4b, 0xf6, 0xfa, 0xf5, 0xfa, 0xf5, 0xb1, 0xf5, 0xb1, 0xf5, 0x71, 0xf5,
  0x71, 0xf5, 0x3a, 0xf5, 0x3a, 0xf5, 0x0c, 0xf5, 0x0c, 0xf5, 0xe7, 0xf4,
  0xe7, 0xf4, 0xcb, 0xf4, 0xcb, 0xf4, 0xba, 0xf4, 0xba, 0xf4, 0xb1, 0xf4,
  0xb1, 0xf4, 0xb3, 0xf4, 0xb3, 0xf4, 0xbd, 0xf4, 0xbd, 0xf4, 0xd2, 0xf4,
  0xd2, 0xf4, 0xef, 0xf4, 0xef, 0xf4, 0x17, 0xf5, 0x17, 0xf5, 0x48, 0xf5,
  0x48, 0xf5, 0x81, 0xf5, 0x81, 0xf5, 0xc4, 0xf5, 0xc4, 0xf5, 0x0f, 0xf6,
  0x0f, 0xf6, 0x63, 0xf6, 0x63, 0xf6, 0xbf, 0xf6, 0xbf, 0xf6, 0x23, 0xf7,
  0x23, 0xf7, 0x8e, 0xf7, 0x8e, 0xf7, 0x00, 0xf8, 0x00, 0xf8, 0x7a, 0xf8,
  0x7a, 0xf8, 0xf9, 0xf8, 0xf9, 0xf8, 0x7f, 0xf9, 0x7f, 0xf9, 0x0a, 0xfa,
  0x0a, 0xfa, 0x9a, 0xfa, 0x9a, 0xfa, 0x2f, 0xfb, 0x2f, 0xfb, 0xc8, 0xfb,
  0xc8, 0xfb, 0x64, 0xfc, 0x64, 0xfc, 0x04, 0xfd, 0x04, 0xfd, 0xa6, 0xfd,
  0xa6, 0xfd, 0x4a, 0xfe, 0x4a, 0xfe, 0xef, 0xfe, 0xef, 0xfe, 0x95, 0xff,
  0x95, 0xff, 0x3d, 0x00, 0x3d, 0x00, 0xe3, 0x00, 0xe3, 0x00, 0x88, 0x01,
  0x88, 0x01, 0x2d, 0x02, 0x2d, 0x02, 0xd0, 0x02, 0xd0, 0x02, 0x70, 0x03,
  0x70, 0x03, 0x0d, 0x04, 0x0d, 0x04, 0xa7, 0x04, 0xa7, 0x04, 0x3d, 0x05,
  0x3d, 0x05, 0xcf, 0x05, 0xcf, 0x05, 0x5b, 0x06, 0x5b, 0x06, 0xe3, 0x06,
  0xe3, 0x06, 0x63, 0x07, 0x63, 0x07, 0xdf, 0x07, 0xdf, 0x07, 0x53, 0x08,
  0x53, 0x08, 0xc1, 0x08, 0xc1, 0x08, 0x27, 0x09, 0x27, 0x09, 0x85, 0x09,
  0x85, 0x09, 0xda, 0x09, 0xda, 0x09, 0x28, 0x0a, 0x28, 0x0a, 0x6d, 0x0a,
  0x6d, 0x0a, 0xa9, 0x0a, 0xa9, 0x0a, 0xdc, 0x0a, 0xdc, 0x0a, 0x07, 0x0b,
  0x07, 0x0b, 0x27, 0x0b, 0x27, 0x0b, 0x3e, 0x0b, 0x3e, 0x0b, 0x4b, 0x0b,
  0x4b, 0x0b, 0x50, 0x0b, 0x50, 0x0b, 0x4a, 0x0b, 0x4a, 0x0b, 0x3a, 0x0b,
  0x3a, 0x0b, 0x22, 0x0b, 0x22, 0x0b, 0x00, 0x0b, 0x00, 0x0b, 0xd4, 0x0a,
  0xd4, 0x0a, 0x9f, 0x0a, 0x9f, 0x0a, 0x62, 0x0a, 0x62, 0x0a, 0x1b, 0x0a,
  0x1b, 0x0a, 0xcc, 0x09, 0xcc, 0x09, 0x74, 0x09, 0x74, 0x09, 0x15, 0x09,
  0x15, 0x09, 0xae, 0x08, 0xae, 0x08, 0x3f, 0x08, 0x3f, 0x08, 0xc9, 0x07,
  0xc9, 0x07, 0x4e, 0x07, 0x4e, 0x07, 0xcb, 0x06, 0xcb, 0x06, 0x43, 0x06,
  0x43, 0x06, 0xb5, 0x05, 0xb5, 0x05, 0x22, 0x05, 0x22, 0x05, 0x8d, 0x04,
  0x8d, 0x04, 0xf2, 0x03, 0xf2, 0x03, 0x54, 0x03, 0x54, 0x03, 0xb4, 0x02,
  0xb4, 0x02, 0x0f, 0x02, 0x0f, 0x02, 0x6b, 0x01, 0x6b, 0x01, 0xc5, 0x00,
  0xc5, 0x00, 0x1e, 0x00, 0x1e, 0x00, 0x78, 0xff, 0x78, 0xff, 0xd1, 0xfe,
  0xd1, 0xfe, 0x2d, 0xfe, 0x2d, 0xfe, 0x89, 0xfd, 0x89, 0xfd, 0xe7, 0xfc,
  0xe7, 0xfc, 0x48, 0xfc, 0x48, 0xfc, 0xac, 0xfb, 0xac, 0xfb, 0x14, 0xfb,
  0x14, 0xfb, 0x80, 0xfa, 0x80, 0xfa, 0xf1, 0xf9, 0xf1, 0xf9, 0x67, 0xf9,
  0x67, 0xf9, 0xe2, 0xf8, 0xe2, 0xf8, 0x63, 0xf8, 0x63, 0xf8, 0xeb, 0xf7,
  0xeb, 0xf7, 0x7b, 0xf7, 0x7b, 0xf7, 0x10, 0xf7, 0x10, 0xf7, 0xae, 0xf6,
  0xae, 0xf6, 0x53, 0xf6, 0x53, 0xf6, 0x01, 0xf6, 0x01, 0xf6, 0xb7, 0xf5,
  0xb7, 0xf5, 0x76, 0xf5, 0x76, 0xf5, 0x3e, 0xf5, 0x3e, 0xf5, 0x0f, 0xf5,
  0x0f, 0xf5, 0xea, 0xf4, 0xea, 0xf4, 0xcd, 0xf4, 0xcd, 0xf4, 0xba, 0xf4,
  0xba, 0xf4, 0xb1, 0xf4, 0xb1, 0xf4, 0xb2, 0xf4, 0xb2, 0xf4, 0xbc, 0xf4,
  0xbc, 0xf4, 0xd0, 0xf4, 0xd0, 0xf4, 0xed, 0xf4, 0xed, 0xf4, 0x13, 0xf5,
  0x13, 0xf5, 0x43, 0xf5, 0x43, 0xf5, 0x7b, 0xf5, 0x7b, 0xf5, 0xbd, 0xf5,
  0xbd, 0xf5, 0x08, 0xf6, 0x08, 0xf6, 0x5b, 0xf6, 0x5b, 0xf6, 0xb6, 0xf6,
  0xb6, 0xf6, 0x19, 0xf7, 0x19, 0xf7, 0x84, 0xf7, 0x84, 0xf7, 0xf6, 0xf7,
  0xf6, 0xf7, 0x6f, 0xf8, 0x6f, 0xf8, 0xed, 0xf8, 0xed, 0xf8, 0x72, 0xf9,
  0x72, 0xf9, 0xfd, 0xf9, 0xfd, 0xf9, 0x8d, 0xfa, 0x8d, 0xfa, 0x21, 0xfb,
  0x21, 0xfb, 0xba, 0xfb, 0xba, 0xfb, 0x56, 0xfc, 0x56, 0xfc, 0xf5, 0xfc,
  0xf5, 0xfc, 0x97, 0xfd, 0x97, 0xfd, 0x3b, 0xfe, 0x3b, 0xfe, 0xe0, 0xfe,
  0xe0, 0xfe, 0x86, 0xff, 0x86, 0xff, 0x2d, 0x00, 0x2d, 0x00, 0xd4, 0x00,
  0xd4, 0x00, 0x7a, 0x01, 0x7a, 0x01, 0x1e, 0x02, 0x1e, 0x02, 0xc1, 0x02,
  0xc1, 0x02, 0x61, 0x03, 0x61, 0x03, 0xff, 0x03, 0xff, 0x03, 0x99, 0x04,
  0x99, 0x04, 0x30, 0x05, 0x30, 0x05, 0xc2, 0x05, 0xc2, 0x05, 0x4e, 0x06,
  0x4e, 0x06, 0xd7, 0x06, 0xd7, 0x06, 0x58, 0x07, 0x58, 0x07, 0xd4, 0x07,
  0xd4, 0x07, 0x49, 0x08, 0x49, 0x08, 0xb7, 0x08, 0xb7, 0x08, 0x1d, 0x09,
  0x1d, 0x09, 0x7c, 0x09, 0x7c, 0x09, 0xd3, 0x09, 0xd3, 0x09, 0x22, 0x0a,
  0x22, 0x0a, 0x68, 0x0a, 0x68, 0x0a, 0xa4, 0x0a, 0xa4, 0x0a, 0xd8, 0x0a,
  0xd8, 0x0a, 0x03, 0x0b, 0x03, 0x0b, 0x24, 0x0b, 0x24, 0x0b, 0x3c, 0x0b,
  0x3c, 0x0b, 0x4b, 0x0b, 0x4b, 0x0b, 0x50, 0x0b, 0x50, 0x0b, 0x4b, 0x0b,
  0x4b, 0x0b, 0x3c, 0x0b, 0x3c, 0x0b, 0x24, 0x0b, 0x24, 0x0b, 0x03, 0x0b,
  0x03, 0x0b, 0xd9, 0x0a, 0xd9, 0x0a, 0xa4, 0x0a, 0xa4, 0x0a, 0x68, 0x0a,
  0x68, 0x0a, 0x22, 0x0a, 0x22, 0x0a, 0xd3, 0x09, 0xd3, 0x09, 0x7d, 0x09,
  0x7d, 0x09, 0x1d, 0x09, 0x1d, 0x09, 0xb8, 0x08, 0xb8, 0x08, 0x49, 0x08,
  0x49, 0x08, 0xd4, 0x07, 0xd4, 0x07, 0x59, 0x07, 0x59, 0x07, 0xd7, 0x06,
  0xd7, 0x06, 0x4f, 0x06, 0x4f, 0x06, 0xc2, 0x05, 0xc2, 0x05, 0x30, 0x05,
  0x30, 0x05, 0x9a, 0x04, 0x9a, 0x04, 0x00, 0x04, 0x00, 0x04, 0x62, 0x03,
  0x62, 0x03, 0xc2, 0x02, 0xc2, 0x02, 0x1f, 0x02, 0x1f, 0x02, 0x7a, 0x01,
  0x7a, 0x01, 0xd4, 0x00, 0xd4, 0x00, 0x2d, 0x00, 0x2d, 0x00, 0x87, 0xff,
  0x87, 0xff, 0xe1, 0xfe, 0xe1, 0xfe, 0x3b, 0xfe, 0x3b, 0xfe, 0x97, 0xfd,
  0x97, 0xfd, 0xf5, 0xfc, 0xf5, 0xfc, 0x56, 0xfc, 0x56, 0xfc, 0xba, 0xfb,
  0xba, 0xfb, 0x21, 0xfb, 0x21, 0xfb, 0x8e, 0xfa, 0x8e, 0xfa, 0xfd, 0xf9,
  0xfd, 0xf9, 0x73, 0xf9, 0x73, 0xf9, 0xee, 0xf8, 0xee, 0xf8, 0x6f, 0xf8,
  0x6f, 0xf8, 0xf6, 0xf7, 0xf6, 0xf7, 0x85, 0xf7, 0x85, 0xf7, 0x19, 0xf7,
  0x19, 0xf7, 0xb6, 0xf6, 0xb6, 0xf6, 0x5c, 0xf6, 0x5c, 0xf6, 0x08, 0xf6,
  0x08, 0xf6, 0xbe, 0xf5, 0xbe, 0xf5, 0x7c, 0xf5, 0x7c, 0xf5, 0x43, 0xf5,
  0x43, 0xf5, 0x13, 0xf5, 0x13, 0xf5, 0xed, 0xf4, 0xed, 0xf4, 0xd0, 0xf4,
  0xd0, 0xf4, 0xbc, 0xf4, 0xbc, 0xf4, 0xb2, 0xf4, 0xb2, 0xf4, 0xb1, 0xf4,
  0xb1, 0xf4, 0xba, 0xf4, 0xba, 0xf4, 0xcd, 0xf4, 0xcd, 0xf4, 0xea, 0xf4,
  0xea, 0xf4, 0x0f, 0xf5, 0x0f, 0xf5, 0x3e, 0xf5, 0x3e, 0xf5, 0x76, 0xf5,
  0x76, 0xf5, 0xb7, 0xf5, 0xb7, 0xf5, 0x01, 0xf6, 0x01, 0xf6, 0x53, 0xf6,
  0x53, 0xf6, 0xae, 0xf6, 0xae, 0xf6, 0x10, 0xf7, 0x10, 0xf7, 0x7a, 0xf7,
  0x7a, 0xf7, 0xeb, 0xf7, 0xeb, 0xf7, 0x63, 0xf8, 0x63, 0xf8, 0xe2, 0xf8,
  0xe2, 0xf8, 0x66, 0xf9, 0x66, 0xf9, 0xf0, 0xf9, 0xf0, 0xf9, 0x7f, 0xfa,
  0x7f, 0xfa, 0x13, 0xfb, 0x13, 0xfb, 0xac, 0xfb, 0xac, 0xfb, 0x48, 0xfc,
  0x48, 0xfc, 0xe7, 0xfc, 0xe7, 0xfc, 0x89, 0xfd, 0x89, 0xfd, 0x2c, 0xfe,
  0x2c, 0xfe, 0xd1, 0xfe, 0xd1, 0xfe, 0x78, 0xff, 0x78, 0xff, 0x1e, 0x00,
  0x1e, 0x00, 0xc5, 0x00, 0xc5, 0x00, 0x6b, 0x01, 0x6b, 0x01, 0x0f, 0x02,
  0x0f, 0x02, 0xb3, 0x02, 0xb3, 0x02, 0x53, 0x03, 0x53, 0x03, 0xf1, 0x03,
  0xf1, 0x03, 0x8c, 0x04, 0x8c, 0x04, 0x22, 0x05, 0x22, 0x05, 0xb4, 0x05,
  0xb4, 0x05, 0x42, 0x06, 0x42, 0x06, 0xca, 0x06, 0xca, 0x06, 0x4d, 0x07,
  0x4d, 0x07, 0xc9, 0x07, 0xc9, 0x07, 0x3f, 0x08, 0x3f, 0x08, 0xae, 0x08,
  0xae, 0x08, 0x14, 0x09, 0x14, 0x09, 0x74, 0x09, 0x74, 0x09, 0xcb, 0x09,
  0xcb, 0x09, 0x1b, 0x0a, 0x1b, 0x0a, 0x61, 0x0a, 0x61, 0x0a, 0x9f, 0x0a,
  0x9f, 0x0a, 0xd4, 0x0a, 0xd4, 0x0a, 0x00, 0x0b, 0x00, 0x0b, 0x22, 0x0b,
  0x22, 0x0b, 0x3a, 0x0b, 0x3a, 0x0b, 0x4a, 0x0b, 0x4a, 0x0b, 0x50, 0x0b,
  0x50, 0x0b, 0x4c, 0x0b, 0x4c, 0x0b, 0x3e, 0x0b, 0x3e, 0x0b, 0x27, 0x0b,
  0x27, 0x0b, 0x07, 0x0b, 0x07, 0x0b, 0xdd, 0x0a, 0xdd, 0x0a, 0xa9, 0x0a,
  0xa9, 0x0a, 0x6d, 0x0a, 0x6d, 0x0a, 0x29, 0x0a, 0x29, 0x0a, 0xdb, 0x09,
  0xdb, 0x09, 0x85, 0x09, 0x85, 0x09, 0x27, 0x09, 0x27, 0x09, 0xc1, 0x08,
  0xc1, 0x08, 0x54, 0x08, 0x54, 0x08, 0xdf, 0x07, 0xdf, 0x07, 0x64, 0x07,
  0x64, 0x07, 0xe3, 0x06, 0xe3, 0x06, 0x5c, 0x06, 0x5c, 0x06, 0xcf, 0x05,
  0xcf, 0x05, 0x3e, 0x05, 0x3e, 0x05, 0xa7, 0x04, 0xa7, 0x04, 0x0e, 0x04,
  0x0e, 0x04, 0x71, 0x03, 0x71, 0x03, 0xd1, 0x02, 0xd1, 0x02, 0x2e, 0x02,
  0x2e, 0x02, 0x89, 0x01, 0x89, 0x01, 0xe4, 0x00, 0xe4, 0x00, 0x3d, 0x00,
  0x3d, 0x00, 0x96, 0xff, 0x96, 0xff, 0xf0, 0xfe, 0xf0, 0xfe, 0x4a, 0xfe,
  0x4a, 0xfe, 0xa6, 0xfd, 0xa6, 0xfd, 0x04, 0xfd, 0x04, 0xfd, 0x65, 0xfc,
  0x65, 0xfc, 0xc8, 0xfb, 0xc8, 0xfb, 0x30, 0xfb, 0x30, 0xfb, 0x9a, 0xfa,
  0x9a, 0xfa, 0x0a, 0xfa, 0x0a, 0xfa, 0x80, 0xf9, 0x80, 0xf9, 0xfa, 0xf8,
  0xfa, 0xf8, 0x7a, 0xf8, 0x7a, 0xf8, 0x00, 0xf8, 0x00, 0xf8, 0x8e, 0xf7,
  0x8e, 0xf7, 0x23, 0xf7, 0x23, 0xf7, 0xbf, 0xf6, 0xbf, 0xf6, 0x63, 0xf6,
  0x63, 0xf6, 0x0f, 0xf6, 0x0f, 0xf6, 0xc4, 0xf5, 0xc4, 0xf5, 0x82, 0xf5,
  0x82, 0xf5, 0x48, 0xf5, 0x48, 0xf5, 0x17, 0xf5, 0x17, 0xf5, 0xf0, 0xf4,
  0xf0, 0xf4, 0xd2, 0xf4, 0xd2, 0xf4, 0xbd, 0xf4, 0xbd, 0xf4, 0xb3, 0xf4,
  0xb3, 0xf4, 0xb1, 0xf4, 0xb1, 0xf4, 0xb9, 0xf4, 0xb9, 0xf4, 0xcb, 0xf4,
  0xcb, 0xf4, 0xe6, 0xf4, 0xe6, 0xf4, 0x0b, 0xf5, 0x0b, 0xf5, 0x3a, 0xf5,
  0x3a, 0xf5, 0x71, 0xf5, 0x71, 0xf5, 0xb0, 0xf5, 0xb0, 0xf5, 0xfa, 0xf5,
  0xfa, 0xf5, 0x4b, 0xf6, 0x4b, 0xf6, 0xa5, 0xf6, 0xa5, 0xf6, 0x07, 0xf7,
  0x07, 0xf7, 0x70, 0xf7, 0x70, 0xf7, 0xe0, 0xf7, 0xe0, 0xf7, 0x58, 0xf8,
  0x58, 0xf8, 0xd6, 0xf8, 0xd6, 0xf8, 0x5a, 0xf9, 0x5a, 0xf9, 0xe3, 0xf9,
  0xe3, 0xf9, 0x72, 0xfa, 0x72, 0xfa, 0x06, 0xfb, 0x06, 0xfb, 0x9e, 0xfb,
  0x9e, 0xfb, 0x39, 0xfc, 0x39, 0xfc, 0xd8, 0xfc, 0xd8, 0xfc, 0x79, 0xfd,
  0x79, 0xfd, 0x1d, 0xfe, 0x1d, 0xfe, 0xc2, 0xfe, 0xc2, 0xfe, 0x68, 0xff,
  0x68, 0xff, 0x0f, 0x00, 0x0f, 0x00, 0xb6, 0x00, 0xb6, 0x00, 0x5c, 0x01,
  0x5c, 0x01, 0x01, 0x02, 0x01, 0x02, 0xa3, 0x02, 0xa3, 0x02, 0x45, 0x03,
  0x45, 0x03, 0xe3, 0x03, 0xe3, 0x03, 0x7e, 0x04, 0x7e, 0x04, 0x15, 0x05,
  0x15, 0x05, 0xa7, 0x05, 0xa7, 0x05, 0x36, 0x06, 0x36, 0x06, 0xbe, 0x06,
  0xbe, 0x06, 0x41, 0x07, 0x41, 0x07, 0xbe, 0x07, 0xbe, 0x07, 0x34, 0x08,
  0x34, 0x08, 0xa3, 0x08, 0xa3, 0x08, 0x0c, 0x09, 0x0c, 0x09, 0x6c, 0x09,
  0x6c, 0x09, 0xc4, 0x09, 0xc4, 0x09, 0x14, 0x0a, 0x14, 0x0a, 0x5b, 0x0a,
  0x5b, 0x0a, 0x9a, 0x0a, 0x9a, 0x0a, 0xd0, 0x0a, 0xd0, 0x0a, 0xfc, 0x0a,
  0xfc, 0x0a, 0x1f, 0x0b, 0x1f, 0x0b, 0x39, 0x0b, 0x39, 0x0b, 0x49, 0x0b,
  0x49, 0x0b, 0x50, 0x0b, 0x50, 0x0b, 0x4d, 0x0b, 0x4d, 0x0b, 0x40, 0x0b,
  0x40, 0x0b, 0x29, 0x0b, 0x29, 0x0b, 0x0a, 0x0b, 0x0a, 0x0b, 0xe1, 0x0a,
  0xe1, 0x0a, 0xae, 0x0a, 0xae, 0x0a, 0x73, 0x0a, 0x73, 0x0a, 0x2f, 0x0a,
  0x2f, 0x0a, 0xe3, 0x09, 0xe3, 0x09, 0x8d, 0x09, 0x8d, 0x09, 0x30, 0x09,
  0x30, 0x09, 0xcb, 0x08, 0xcb, 0x08, 0x5e, 0x08, 0x5e, 0x08, 0xea, 0x07,
  0xea, 0x07, 0x70, 0x07, 0x70, 0x07, 0xef, 0x06, 0xef, 0x06, 0x68, 0x06,
  0x68, 0x06, 0xdc, 0x05, 0xdc, 0x05, 0x4b, 0x05, 0x4b, 0x05, 0xb6, 0x04,
  0xb6, 0x04, 0x1c, 0x04, 0x1c, 0x04, 0x7f, 0x03, 0x7f, 0x03, 0xdf, 0x02,
  0xdf, 0x02, 0x3d, 0x02, 0x3d, 0x02, 0x99, 0x01, 0x99, 0x01, 0xf3, 0x00,
  0xf3, 0x00, 0x4c, 0x00, 0x4c, 0x00, 0xa5, 0xff, 0xa5, 0xff, 0xff, 0xfe,
  0xff, 0xfe, 0x59, 0xfe, 0x59, 0xfe, 0xb5, 0xfd, 0xb5, 0xfd, 0x12, 0xfd,
  0x12, 0xfd, 0x73, 0xfc, 0x73, 0xfc, 0xd6, 0xfb, 0xd6, 0xfb, 0x3d, 0xfb,
  0x3d, 0xfb, 0xa8, 0xfa, 0xa8, 0xfa, 0x18, 0xfa, 0x18, 0xfa, 0x8c, 0xf9,
  0x8c, 0xf9, 0x06, 0xf9, 0x06, 0xf9, 0x85, 0xf8, 0x85, 0xf8, 0x0c, 0xf8,
  0x0c, 0xf8, 0x98, 0xf7, 0x98, 0xf7, 0x2c, 0xf7, 0x2c, 0xf7, 0xc8, 0xf6,
  0xc8, 0xf6, 0x6b, 0xf6, 0x6b, 0xf6, 0x17, 0xf6, 0x17, 0xf6, 0xcb, 0xf5,
  0xcb, 0xf5, 0x87, 0xf5, 0x87, 0xf5, 0x4d, 0xf5, 0x4d, 0xf5, 0x1b, 0xf5,
  0x1b, 0xf5, 0xf3, 0xf4, 0xf3, 0xf4, 0xd4, 0xf4, 0xd4, 0xf4, 0xbf, 0xf4,
  0xbf, 0xf4, 0xb3, 0xf4, 0xb3, 0xf4, 0xb0, 0xf4, 0xb0, 0xf4, 0xb8, 0xf4,
  0xb8, 0xf4, 0xc9, 0xf4, 0xc9, 0xf4, 0xe3, 0xf4, 0xe3, 0xf4, 0x07, 0xf5,
  0x07, 0xf5, 0x35, 0xf5, 0x35, 0xf5, 0x6b, 0xf5, 0x6b, 0xf5, 0xab, 0xf5,
  0xab, 0xf5, 0xf3, 0xf5, 0xf3, 0xf5, 0x43, 0xf6, 0x43, 0xf6, 0x9d, 0xf6,
  0x9d, 0xf6, 0xfd, 0xf6, 0xfd, 0xf6, 0x66, 0xf7, 0x66, 0xf7, 0xd6, 0xf7,
  0xd6, 0xf7, 0x4d, 0xf8, 0x4d, 0xf8, 0xca, 0xf8, 0xca, 0xf8, 0x4d, 0xf9,
  0x4d, 0xf9, 0xd7, 0xf9, 0xd7, 0xf9, 0x65, 0xfa, 0x65, 0xfa, 0xf8, 0xfa,
  0xf8, 0xfa, 0x90, 0xfb, 0x90, 0xfb, 0x2b, 0xfc, 0x2b, 0xfc, 0xca, 0xfc,
  0xca, 0xfc, 0x6a, 0xfd, 0x6a, 0xfd, 0x0d, 0xfe, 0x0d, 0xfe, 0xb3, 0xfe,
  0xb3, 0xfe, 0x59, 0xff, 0x59, 0xff, 0x00, 0x00, 0x00, 0x00, 0xa6, 0x00,
  0xa6, 0x00, 0x4c, 0x01, 0x4c, 0x01, 0xf2, 0x01, 0xf2, 0x01, 0x95, 0x02,
  0x95, 0x02, 0x36, 0x03, 0x36, 0x03, 0xd5, 0x03, 0xd5, 0x03, 0x70, 0x04,
  0x70, 0x04, 0x07, 0x05, 0x07, 0x05, 0x9b, 0x05, 0x9b, 0x05, 0x29, 0x06,
  0x29, 0x06, 0xb2, 0x06, 0xb2, 0x06, 0x36, 0x07, 0x36, 0x07, 0xb3, 0x07,
  0xb3, 0x07, 0x2a, 0x08, 0x2a, 0x08, 0x9a, 0x08, 0x9a, 0x08, 0x02, 0x09,
  0x02, 0x09, 0x63, 0x09, 0x63, 0x09, 0xbd, 0x09, 0xbd, 0x09, 0x0d, 0x0a,
  0x0d, 0x0a, 0x55, 0x0a, 0x55, 0x0a, 0x94, 0x0a, 0x94, 0x0a, 0xcb, 0x0a,
  0xcb, 0x0a, 0xf9, 0x0a, 0xf9, 0x0a, 0x1c, 0x0b, 0x1c, 0x0b, 0x37, 0x0b,
  0x37, 0x0b, 0x48, 0x0b, 0x48, 0x0b, 0x50, 0x0b, 0x50, 0x0b, 0x4d, 0x0b,
  0x4d, 0x0b, 0x41, 0x0b, 0x41, 0x0b, 0x2c, 0x0b, 0x2c, 0x0b, 0x0d, 0x0b,
  0x0d, 0x0b, 0xe5, 0x0a, 0xe5, 0x0a, 0xb3, 0x0a, 0xb3, 0x0a, 0x79, 0x0a,
  0x79, 0x0a, 0x35, 0x0a, 0x35, 0x0a, 0xea, 0x09, 0xea, 0x09, 0x95, 0x09,
  0x95, 0x09, 0x38, 0x09, 0x38, 0x09, 0xd4, 0x08, 0xd4, 0x08, 0x68, 0x08,
  0x68, 0x08, 0xf4, 0x07, 0xf4, 0x07, 0x7b, 0x07, 0x7b, 0x07, 0xfb, 0x06,
  0xfb, 0x06, 0x74, 0x06, 0x74, 0x06, 0xe9, 0x05, 0xe9, 0x05, 0x58, 0x05,
  0x58, 0x05, 0xc4, 0x04, 0xc4, 0x04, 0x2a, 0x04, 0x2a, 0x04, 0x8d, 0x03,
  0x8d, 0x03, 0xee, 0x02, 0xee, 0x02, 0x4b, 0x02, 0x4b, 0x02, 0xa8, 0x01,
  0xa8, 0x01, 0x02, 0x01, 0x02, 0x01, 0x5b, 0x00, 0x5b, 0x00, 0xb4, 0xff,
  0xb4, 0xff, 0x0e, 0xff, 0x0e, 0xff, 0x68, 0xfe, 0x68, 0xfe, 0xc4, 0xfd,
  0xc4, 0xfd, 0x21, 0xfd, 0x21, 0xfd, 0x82, 0xfc, 0x82, 0xfc, 0xe5, 0xfb,
  0xe5, 0xfb, 0x4a, 0xfb, 0x4a, 0xfb, 0xb5, 0xfa, 0xb5, 0xfa, 0x24, 0xfa,
  0x24, 0xfa, 0x98, 0xf9, 0x98, 0xf9, 0x12, 0xf9, 0x12, 0xf9, 0x91, 0xf8,
  0x91, 0xf8, 0x16, 0xf8, 0x16, 0xf8, 0xa2, 0xf7, 0xa2, 0xf7, 0x36, 0xf7,
  0x36, 0xf7, 0xd1, 0xf6, 0xd1, 0xf6, 0x74, 0xf6, 0x74, 0xf6, 0x1e, 0xf6,
  0x1e, 0xf6, 0xd1, 0xf5, 0xd1, 0xf5, 0x8d, 0xf5, 0x8d, 0xf5, 0x52, 0xf5,
  0x52, 0xf5, 0x1f, 0xf5, 0x1f, 0xf5, 0xf6, 0xf4, 0xf6, 0xf4, 0xd7, 0xf4,
  0xd7, 0xf4, 0xc0, 0xf4, 0xc0, 0xf4, 0xb3, 0xf4, 0xb3, 0xf4, 0xb0, 0xf4,
  0xb0, 0xf4, 0xb7, 0xf4, 0xb7, 0xf4, 0xc7, 0xf4, 0xc7, 0xf4, 0xe1, 0xf4,
  0xe1, 0xf4, 0x04, 0xf5, 0x04, 0xf5, 0x30, 0xf5, 0x30, 0xf5, 0x66, 0xf5,
  0x66, 0xf5, 0xa4, 0xf5, 0xa4, 0xf5, 0xec, 0xf5, 0xec, 0xf5, 0x3c, 0xf6,
  0x3c, 0xf6, 0x94, 0xf6, 0x94, 0xf6, 0xf4, 0xf6, 0xf4, 0xf6, 0x5c, 0xf7,
  0x5c, 0xf7, 0xcb, 0xf7, 0xcb, 0xf7, 0x41, 0xf8, 0x41, 0xf8, 0xbe, 0xf8,
  0xbe, 0xf8, 0x41, 0xf9, 0x41, 0xf9, 0xca, 0xf9, 0xca, 0xf9, 0x58, 0xfa,
  0x58, 0xfa, 0xeb, 0xfa, 0xeb, 0xfa, 0x82, 0xfb, 0x82, 0xfb, 0x1c, 0xfc,
  0x1c, 0xfc, 0xbb, 0xfc, 0xbb, 0xfc, 0x5c, 0xfd, 0x5c, 0xfd, 0xff, 0xfd,
  0xff, 0xfd, 0xa3, 0xfe, 0xa3, 0xfe, 0x4a, 0xff, 0x4a, 0xff, 0xf0, 0xff,
  0xf0, 0xff, 0x97, 0x00, 0x97, 0x00, 0x3d, 0x01, 0x3d, 0x01, 0xe2, 0x01,
  0xe2, 0x01, 0x86, 0x02, 0x86, 0x02, 0x27, 0x03, 0x27, 0x03, 0xc6, 0x03,
  0xc6, 0x03, 0x62, 0x04, 0x62, 0x04, 0xf9, 0x04, 0xf9, 0x04, 0x8d, 0x05,
  0x8d, 0x05, 0x1c, 0x06, 0x1c, 0x06, 0xa5, 0x06, 0xa5, 0x06, 0x2a, 0x07,
  0x2a, 0x07, 0xa7, 0x07, 0xa7, 0x07, 0x1f, 0x08, 0x1f, 0x08, 0x90, 0x08,
  0x90, 0x08, 0xf9, 0x08, 0xf9, 0x08, 0x5b, 0x09, 0x5b, 0x09, 0xb5, 0x09,
  0xb5, 0x09, 0x06, 0x0a, 0x06, 0x0a, 0x4f, 0x0a, 0x4f, 0x0a, 0x8f, 0x0a,
  0x8f, 0x0a, 0xc6, 0x0a, 0xc6, 0x0a, 0xf4, 0x0a, 0xf4, 0x0a, 0x19, 0x0b,
  0x19, 0x0b, 0x35, 0x0b, 0x35, 0x0b, 0x46, 0x0b, 0x46, 0x0b, 0x4f, 0x0b,
  0x4f, 0x0b, 0x4d, 0x0b, 0x4d, 0x0b, 0x43, 0x0b, 0x43, 0x0b, 0x2e, 0x0b,
  0x2e, 0x0b, 0x11, 0x0b, 0x11, 0x0b, 0xe9, 0x0a, 0xe9, 0x0a, 0xb8, 0x0a,
  0xb8, 0x0a, 0x7f, 0x0a, 0x7f, 0x0a, 0x3c, 0x0a, 0x3c, 0x0a, 0xf1, 0x09,
  0xf1, 0x09, 0x9d, 0x09, 0x9d, 0x09, 0x41, 0x09, 0x41, 0x09, 0xdd, 0x08,
  0xdd, 0x08, 0x72, 0x08, 0x72, 0x08, 0x00, 0x08, 0x00, 0x08, 0x86, 0x07,
  0x86, 0x07, 0x07, 0x07, 0x07, 0x07, 0x81, 0x06, 0x81, 0x06, 0xf6, 0x05,
  0xf6, 0x05, 0x66, 0x05, 0x66, 0x05, 0xd1, 0x04, 0xd1, 0x04, 0x38, 0x04,
  0x38, 0x04, 0x9c, 0x03, 0x9c, 0x03, 0xfc, 0x02, 0xfc, 0x02, 0x5a, 0x02,
  0x5a, 0x02, 0xb6, 0x01, 0xb6, 0x01, 0x11, 0x01, 0x11, 0x01, 0x6b, 0x00,
  0x6b, 0x00, 0xc3, 0xff, 0xc3, 0xff, 0x1d, 0xff, 0x1d, 0xff, 0x78, 0xfe,
  0x78, 0xfe, 0xd3, 0xfd, 0xd3, 0xfd, 0x30, 0xfd, 0x30, 0xfd, 0x90, 0xfc,
  0x90, 0xfc, 0xf3, 0xfb, 0xf3, 0xfb, 0x59, 0xfb, 0x59, 0xfb, 0xc3, 0xfa,
  0xc3, 0xfa, 0x31, 0xfa, 0x31, 0xfa, 0xa5, 0xf9, 0xa5, 0xf9, 0x1d, 0xf9,
  0x1d, 0xf9, 0x9d, 0xf8, 0x9d, 0xf8, 0x21, 0xf8, 0x21, 0xf8, 0xad, 0xf7,
  0xad, 0xf7, 0x3f, 0xf7, 0x3f, 0xf7, 0xd9, 0xf6, 0xd9, 0xf6, 0x7b, 0xf6,
  0x7b, 0xf6, 0x26, 0xf6, 0x26, 0xf6, 0xd8, 0xf5, 0xd8, 0xf5, 0x93, 0xf5,
  0x93, 0xf5, 0x57, 0xf5, 0x57, 0xf5, 0x24, 0xf5, 0x24, 0xf5, 0xf9, 0xf4,
  0xf9, 0xf4, 0xd9, 0xf4, 0xd9, 0xf4, 0xc2, 0xf4, 0xc2, 0xf4, 0xb5, 0xf4,
  0xb5, 0xf4, 0xb0, 0xf4, 0xb0, 0xf4, 0xb6, 0xf4, 0xb6, 0xf4, 0xc6, 0xf4,
  0xc6, 0xf4, 0xde, 0xf4, 0xde, 0xf4, 0x00, 0xf5, 0x00, 0xf5, 0x2c, 0xf5,
  0x2c, 0xf5, 0x61, 0xf5, 0x61, 0xf5, 0x9e, 0xf5, 0x9e, 0xf5, 0xe5, 0xf5,
  0xe5, 0xf5, 0x34, 0xf6, 0x34, 0xf6, 0x8c, 0xf6, 0x8c, 0xf6, 0xeb, 0xf6,
  0xeb, 0xf6, 0x52, 0xf7, 0x52, 0xf7, 0xc1, 0xf7, 0xc1, 0xf7, 0x37, 0xf8,
  0x37, 0xf8, 0xb2, 0xf8, 0xb2, 0xf8, 0x35, 0xf9, 0x35, 0xf9, 0xbd, 0xf9,
  0xbd, 0xf9, 0x4b, 0xfa, 0x4b, 0xfa, 0xde, 0xfa, 0xde, 0xfa, 0x73, 0xfb,
  0x73, 0xfb, 0x0e, 0xfc, 0x0e, 0xfc, 0xac, 0xfc, 0xac, 0xfc, 0x4c, 0xfd,
  0x4c, 0xfd, 0xf1, 0xfd, 0xf1, 0xfd, 0x95, 0xfe, 0x95, 0xfe, 0x3b, 0xff,
  0x3b, 0xff, 0xe2, 0xff, 0xe2, 0xff, 0x88, 0x00, 0x88, 0x00, 0x2f, 0x01,
  0x2f, 0x01, 0xd3, 0x01, 0xd3, 0x01, 0x77, 0x02, 0x77, 0x02, 0x19, 0x03,
  0x19, 0x03, 0xb8, 0x03, 0xb8, 0x03, 0x54, 0x04, 0x54, 0x04, 0xec, 0x04,
  0xec, 0x04, 0x80, 0x05, 0x80, 0x05, 0x0f, 0x06, 0x0f, 0x06, 0x99, 0x06,
  0x99, 0x06, 0x1e, 0x07, 0x1e, 0x07, 0x9d, 0x07, 0x9d, 0x07, 0x15, 0x08,
  0x15, 0x08, 0x85, 0x08, 0x85, 0x08, 0xf0, 0x08, 0xf0, 0x08, 0x52, 0x09,
  0x52, 0x09, 0xad, 0x09, 0xad, 0x09, 0xff, 0x09, 0xff, 0x09, 0x49, 0x0a,
  0x49, 0x0a, 0x8a, 0x0a, 0x8a, 0x0a, 0xc2, 0x0a, 0xc2, 0x0a, 0xf1, 0x0a,
  0xf1, 0x0a, 0x16, 0x0b, 0x16, 0x0b, 0x33, 0x0b, 0x33, 0x0b, 0x46, 0x0b,
  0x46, 0x0b, 0x4f, 0x0b, 0x4f, 0x0b, 0x4e, 0x0b, 0x4e, 0x0b, 0x44, 0x0b,
  0x44, 0x0b, 0x30, 0x0b, 0x30, 0x0b, 0x13, 0x0b, 0x13, 0x0b, 0xed, 0x0a,
  0xed, 0x0a, 0xbd, 0x0a, 0xbd, 0x0a, 0x85, 0x0a, 0x85, 0x0a, 0x43, 0x0a,
  0x43, 0x0a, 0xf8, 0x09, 0xf8, 0x09, 0xa5, 0x09, 0xa5, 0x09, 0x4a, 0x09,
  0x4a, 0x09, 0xe7, 0x08, 0xe7, 0x08, 0x7c, 0x08, 0x7c, 0x08, 0x0a, 0x08,
  0x0a, 0x08, 0x91, 0x07, 0x91, 0x07, 0x13, 0x07, 0x13, 0x07, 0x8e, 0x06,
  0x8e, 0x06, 0x03, 0x06, 0x03, 0x06, 0x73, 0x05, 0x73, 0x05, 0xdf, 0x04,
  0xdf, 0x04, 0x46, 0x04, 0x46, 0x04, 0xaa, 0x03, 0xaa, 0x03, 0x0b, 0x03,
  0x0b, 0x03, 0x69, 0x02, 0x69, 0x02, 0xc5, 0x01, 0xc5, 0x01, 0x20, 0x01,
  0x20, 0x01, 0x7a, 0x00, 0x7a, 0x00, 0xd3, 0xff, 0xd3, 0xff, 0x2c, 0xff,
  0x2c, 0xff, 0x86, 0xfe, 0x86, 0xfe, 0xe2, 0xfd, 0xe2, 0xfd, 0x3f, 0xfd,
  0x3f, 0xfd, 0x9f, 0xfc, 0x9f, 0xfc, 0x01, 0xfc, 0x01, 0xfc, 0x67, 0xfb,
  0x67, 0xfb, 0xd0, 0xfa, 0xd0, 0xfa, 0x3e, 0xfa, 0x3e, 0xfa, 0xb2, 0xf9,
  0xb2, 0xf9, 0x29, 0xf9, 0x29, 0xf9, 0xa8, 0xf8, 0xa8, 0xf8, 0x2c, 0xf8,
  0x2c, 0xf8, 0xb7, 0xf7, 0xb7, 0xf7, 0x49, 0xf7, 0x49, 0xf7, 0xe3, 0xf6,
  0xe3, 0xf6, 0x84, 0xf6, 0x84, 0xf6, 0x2d, 0xf6, 0x2d, 0xf6, 0xde, 0xf5,
  0xde, 0xf5, 0x98, 0xf5, 0x98, 0xf5, 0x5c, 0xf5, 0x5c, 0xf5, 0x28, 0xf5,
  0x28, 0xf5, 0xfd, 0xf4, 0xfd, 0xf4, 0xdc, 0xf4, 0xdc, 0xf4, 0xc4, 0xf4,
  0xc4, 0xf4, 0xb5, 0xf4, 0xb5, 0xf4, 0xb0, 0xf4, 0xb0, 0xf4, 0xb5, 0xf4,
  0xb5, 0xf4, 0xc4, 0xf4, 0xc4, 0xf4, 0xdc, 0xf4, 0xdc, 0xf4, 0xfd, 0xf4,
  0xfd, 0xf4, 0x27, 0xf5, 0x27, 0xf5, 0x5c, 0xf5, 0x5c, 0xf5, 0x98, 0xf5,
  0x98, 0xf5, 0xde, 0xf5, 0xde, 0xf5, 0x2d, 0xf6, 0x2d, 0xf6, 0x83, 0xf6,
  0x83, 0xf6, 0xe3, 0xf6, 0xe3, 0xf6, 0x48, 0xf7, 0x48, 0xf7, 0xb7, 0xf7,
  0xb7, 0xf7, 0x2c, 0xf8, 0x2c, 0xf8, 0xa7, 0xf8, 0xa7, 0xf8, 0x29, 0xf9,
  0x29, 0xf9, 0xb1, 0xf9, 0xb1, 0xf9, 0x3e, 0xfa, 0x3e, 0xfa, 0xd0, 0xfa,
  0xd0, 0xfa, 0x66, 0xfb, 0x66, 0xfb, 0x00, 0xfc, 0x00, 0xfc, 0x9e, 0xfc,
  0x9e, 0xfc, 0x3e, 0xfd, 0x3e, 0xfd, 0xe1, 0xfd, 0xe1, 0xfd, 0x86, 0xfe,
  0x86, 0xfe, 0x2c, 0xff, 0x2c, 0xff, 0xd3, 0xff, 0xd3, 0xff, 0x79, 0x00,
  0x79, 0x00, 0x1f, 0x01, 0x1f, 0x01, 0xc5, 0x01, 0xc5, 0x01, 0x69, 0x02,
  0x69, 0x02, 0x0b, 0x03, 0x0b, 0x03, 0xaa, 0x03, 0xaa, 0x03, 0x46, 0x04,
  0x46, 0x04, 0xdf, 0x04, 0xdf, 0x04, 0x72, 0x05, 0x72, 0x05, 0x03, 0x06,
  0x03, 0x06, 0x8d, 0x06, 0x8d, 0x06, 0x12, 0x07, 0x12, 0x07, 0x91, 0x07,
  0x91, 0x07, 0x0a, 0x08, 0x0a, 0x08, 0x7b, 0x08, 0x7b, 0x08, 0xe7, 0x08,
  0xe7, 0x08, 0x4a, 0x09, 0x4a, 0x09, 0xa4, 0x09, 0xa4, 0x09, 0xf8, 0x09,
  0xf8, 0x09, 0x42, 0x0a, 0x42, 0x0a, 0x84, 0x0a, 0x84, 0x0a, 0xbd, 0x0a,
  0xbd, 0x0a, 0xed, 0x0a, 0xed, 0x0a, 0x13, 0x0b, 0x13, 0x0b, 0x30, 0x0b,
  0x30, 0x0b, 0x44, 0x0b, 0x44, 0x0b, 0x4e, 0x0b, 0x4e, 0x0b, 0x4f, 0x0b,
  0x4f, 0x0b, 0x46, 0x0b, 0x46, 0x0b, 0x33, 0x0b, 0x33, 0x0b, 0x16, 0x0b,
  0x16, 0x0b, 0xf1, 0x0a, 0xf1, 0x0a, 0xc2, 0x0a, 0xc2, 0x0a, 0x8a, 0x0a,
  0x8a, 0x0a, 0x49, 0x0a, 0x49, 0x0a, 0xff, 0x09, 0xff, 0x09, 0xad, 0x09,
  0xad, 0x09, 0x52, 0x09, 0x52, 0x09, 0xf0, 0x08, 0xf0, 0x08, 0x86, 0x08,
  0x86, 0x08, 0x15, 0x08, 0x15, 0x08, 0x9d, 0x07, 0x9d, 0x07, 0x1e, 0x07,
  0x1e, 0x07, 0x9a, 0x06, 0x9a, 0x06, 0x10, 0x06, 0x10, 0x06, 0x81, 0x05,
  0x81, 0x05, 0xed, 0x04, 0xed, 0x04, 0x54, 0x04, 0x54, 0x04, 0xb8, 0x03,
  0xb8, 0x03, 0x19, 0x03, 0x19, 0x03, 0x77, 0x02, 0x77, 0x02, 0xd4, 0x01,
  0xd4, 0x01, 0x2f, 0x01, 0x2f, 0x01, 0x88, 0x00, 0x88, 0x00, 0xe2, 0xff,
  0xe2, 0xff, 0x3b, 0xff, 0x3b, 0xff, 0x95, 0xfe, 0x95, 0xfe, 0xf1, 0xfd,
  0xf1, 0xfd, 0x4d, 0xfd, 0x4d, 0xfd, 0xad, 0xfc, 0xad, 0xfc, 0x0f, 0xfc,
  0x0f, 0xfc, 0x74, 0xfb, 0x74, 0xfb, 0xde, 0xfa, 0xde, 0xfa, 0x4c, 0xfa,
  0x4c, 0xfa, 0xbe, 0xf9, 0xbe, 0xf9, 0x36, 0xf9, 0x36, 0xf9, 0xb3, 0xf8,
  0xb3, 0xf8, 0x37, 0xf8, 0x37, 0xf8, 0xc1, 0xf7, 0xc1, 0xf7, 0x52, 0xf7,
  0x52, 0xf7, 0xec, 0xf6, 0xec, 0xf6, 0x8c, 0xf6, 0x8c, 0xf6, 0x35, 0xf6,
  0x35, 0xf6, 0xe5, 0xf5, 0xe5, 0xf5, 0x9f, 0xf5, 0x9f, 0xf5, 0x61, 0xf5,
  0x61, 0xf5, 0x2c, 0xf5, 0x2c, 0xf5, 0x00, 0xf5, 0x00, 0xf5, 0xde, 0xf4,
  0xde, 0xf4, 0xc6, 0xf4, 0xc6, 0xf4, 0xb6, 0xf4, 0xb6, 0xf4, 0xb0, 0xf4,
  0xb0, 0xf4, 0xb4, 0xf4, 0xb4, 0xf4, 0xc2, 0xf4, 0xc2, 0xf4, 0xd9, 0xf4,
  0xd9, 0xf4, 0xf9, 0xf4, 0xf9, 0xf4, 0x23, 0xf5, 0x23, 0xf5, 0x57, 0xf5,
  0x57, 0xf5, 0x93, 0xf5, 0x93, 0xf5, 0xd7, 0xf5, 0xd7, 0xf5, 0x25, 0xf6,
  0x25, 0xf6, 0x7b, 0xf6, 0x7b, 0xf6, 0xd9, 0xf6, 0xd9, 0xf6, 0x3f, 0xf7,
  0x3f, 0xf7, 0xac, 0xf7, 0xac, 0xf7, 0x21, 0xf8, 0x21, 0xf8, 0x9c, 0xf8,
  0x9c, 0xf8, 0x1d, 0xf9, 0x1d, 0xf9, 0xa4, 0xf9, 0xa4, 0xf9, 0x31, 0xfa,
  0x31, 0xfa, 0xc2, 0xfa, 0xc2, 0xfa, 0x59, 0xfb, 0x59, 0xfb, 0xf2, 0xfb,
  0xf2, 0xfb, 0x8f, 0xfc, 0x8f, 0xfc, 0x2f, 0xfd, 0x2f, 0xfd, 0xd2, 0xfd,
  0xd2, 0xfd, 0x77, 0xfe, 0x77, 0xfe, 0x1c, 0xff, 0x1c, 0xff, 0xc3, 0xff,
  0xc3, 0xff, 0x6a, 0x00, 0x6a, 0x00, 0x10, 0x01, 0x10, 0x01, 0xb6, 0x01,
  0xb6, 0x01, 0x5a, 0x02, 0x5a, 0x02, 0xfc, 0x02, 0xfc, 0x02, 0x9b, 0x03,
  0x9b, 0x03, 0x38, 0x04, 0x38, 0x04, 0xd0, 0x04, 0xd0, 0x04, 0x66, 0x05,
  0x66, 0x05, 0xf6, 0x05, 0xf6, 0x05, 0x80, 0x06, 0x80, 0x06, 0x06, 0x07,
  0x06, 0x07, 0x86, 0x07, 0x86, 0x07, 0x00, 0x08, 0x00, 0x08, 0x72, 0x08,
  0x72, 0x08, 0xdd, 0x08, 0xdd, 0x08, 0x41, 0x09, 0x41, 0x09, 0x9d, 0x09,
  0x9d, 0x09, 0xf1, 0x09, 0xf1, 0x09, 0x3c, 0x0a, 0x3c, 0x0a, 0x7e, 0x0a,
  0x7e, 0x0a, 0xb8, 0x0a, 0xb8, 0x0a, 0xe9, 0x0a, 0xe9, 0x0a, 0x10, 0x0b,
  0x10, 0x0b, 0x2e, 0x0b, 0x2e, 0x0b, 0x43, 0x0b, 0x43, 0x0b, 0x4d, 0x0b,
  0x4d, 0x0b, 0x4f, 0x0b, 0x4f, 0x0b, 0x47, 0x0b, 0x47, 0x0b, 0x35, 0x0b,
  0x35, 0x0b, 0x1a, 0x0b, 0x1a, 0x0b, 0xf5, 0x0a, 0xf5, 0x0a, 0xc6, 0x0a,
  0xc6, 0x0a, 0x8f, 0x0a, 0x8f, 0x0a, 0x50, 0x0a, 0x50, 0x0a, 0x06, 0x0a,
  0x06, 0x0a, 0xb5, 0x09, 0xb5, 0x09, 0x5b, 0x09, 0x5b, 0x09, 0xf9, 0x08,
  0xf9, 0x08, 0x90, 0x08, 0x90, 0x08, 0x20, 0x08, 0x20, 0x08, 0xa8, 0x07,
  0xa8, 0x07, 0x2a, 0x07, 0x2a, 0x07, 0xa6, 0x06, 0xa6, 0x06, 0x1d, 0x06,
  0x1d, 0x06, 0x8e, 0x05, 0x8e, 0x05, 0xfa, 0x04, 0xfa, 0x04, 0x62, 0x04,
  0x62, 0x04, 0xc7, 0x03, 0xc7, 0x03, 0x28, 0x03, 0x28, 0x03, 0x87, 0x02,
  0x87, 0x02, 0xe3, 0x01, 0xe3, 0x01, 0x3e, 0x01, 0x3e, 0x01, 0x98, 0x00,
  0x98, 0x00, 0xf1, 0xff, 0xf1, 0xff, 0x4a, 0xff, 0x4a, 0xff, 0xa4, 0xfe,
  0xa4, 0xfe, 0xff, 0xfd, 0xff, 0xfd, 0x5d, 0xfd, 0x5d, 0xfd, 0xbb, 0xfc,
  0xbb, 0xfc, 0x1d, 0xfc, 0x1d, 0xfc, 0x82, 0xfb, 0x82, 0xfb, 0xeb, 0xfa,
  0xeb, 0xfa, 0x59, 0xfa, 0x59, 0xfa, 0xca, 0xf9, 0xca, 0xf9, 0x42, 0xf9,
  0x42, 0xf9, 0xbf, 0xf8, 0xbf, 0xf8, 0x42, 0xf8, 0x42, 0xf8, 0xcc, 0xf7,
  0xcc, 0xf7, 0x5d, 0xf7, 0x5d, 0xf7, 0xf4, 0xf6, 0xf4, 0xf6, 0x94, 0xf6,
  0x94, 0xf6, 0x3c, 0xf6, 0x3c, 0xf6, 0xec, 0xf5, 0xec, 0xf5, 0xa5, 0xf5,
  0xa5, 0xf5, 0x66, 0xf5, 0x66, 0xf5, 0x30, 0xf5, 0x30, 0xf5, 0x04, 0xf5,
  0x04, 0xf5, 0xe1, 0xf4, 0xe1, 0xf4, 0xc7, 0xf4, 0xc7, 0xf4, 0xb7, 0xf4,
  0xb7, 0xf4, 0xb0, 0xf4, 0xb0, 0xf4, 0xb3, 0xf4, 0xb3, 0xf4, 0xc0, 0xf4,
  0xc0, 0xf4, 0xd7, 0xf4, 0xd7, 0xf4, 0xf6, 0xf4, 0xf6, 0xf4, 0x1f, 0xf5,
  0x1f, 0xf5, 0x52, 0xf5, 0x52, 0xf5, 0x8d, 0xf5, 0x8d, 0xf5, 0xd1, 0xf5,
  0xd1, 0xf5, 0x1d, 0xf6, 0x1d, 0xf6, 0x73, 0xf6, 0x73, 0xf6, 0xd0, 0xf6,
  0xd0, 0xf6, 0x35, 0xf7, 0x35, 0xf7, 0xa2, 0xf7, 0xa2, 0xf7, 0x16, 0xf8,
  0x16, 0xf8, 0x90, 0xf8, 0x90, 0xf8, 0x11, 0xf9, 0x11, 0xf9, 0x98, 0xf9,
  0x98, 0xf9, 0x24, 0xfa, 0x24, 0xfa, 0xb5, 0xfa, 0xb5, 0xfa, 0x4a, 0xfb,
  0x4a, 0xfb, 0xe4, 0xfb, 0xe4, 0xfb, 0x81, 0xfc, 0x81, 0xfc, 0x21, 0xfd,
  0x21, 0xfd, 0xc3, 0xfd, 0xc3, 0xfd, 0x67, 0xfe, 0x67, 0xfe, 0x0d, 0xff,
  0x0d, 0xff, 0xb4, 0xff, 0xb4, 0xff, 0x5b, 0x00, 0x5b, 0x00, 0x01, 0x01,
  0x01, 0x01, 0xa7, 0x01, 0xa7, 0x01, 0x4b, 0x02, 0x4b, 0x02, 0xee, 0x02,
  0xee, 0x02, 0x8d, 0x03, 0x8d, 0x03, 0x2a, 0x04, 0x2a, 0x04, 0xc3, 0x04,
  0xc3, 0x04, 0x58, 0x05, 0x58, 0x05, 0xe8, 0x05, 0xe8, 0x05, 0x74, 0x06,
  0x74, 0x06, 0xfa, 0x06, 0xfa, 0x06, 0x7b, 0x07, 0x7b, 0x07, 0xf4, 0x07,
  0xf4, 0x07, 0x68, 0x08, 0x68, 0x08, 0xd4, 0x08, 0xd4, 0x08, 0x38, 0x09,
  0x38, 0x09, 0x95, 0x09, 0x95, 0x09, 0xe9, 0x09, 0xe9, 0x09, 0x35, 0x0a,
  0x35, 0x0a, 0x79, 0x0a, 0x79, 0x0a, 0xb3, 0x0a, 0xb3, 0x0a, 0xe5, 0x0a,
  0xe5, 0x0a, 0x0d, 0x0b, 0x0d, 0x0b, 0x2c, 0x0b, 0x2c, 0x0b, 0x41, 0x0b,
  0x41, 0x0b, 0x4d, 0x0b, 0x4d, 0x0b, 0x50, 0x0b, 0x50, 0x0b, 0x48, 0x0b,
  0x48, 0x0b, 0x37, 0x0b, 0x37, 0x0b, 0x1d, 0x0b, 0x1d, 0x0b, 0xf9, 0x0a,
  0xf9, 0x0a, 0xcb, 0x0a, 0xcb, 0x0a, 0x95, 0x0a, 0x95, 0x0a, 0x55, 0x0a,
  0x55, 0x0a, 0x0d, 0x0a, 0x0d, 0x0a, 0xbd, 0x09, 0xbd, 0x09, 0x63, 0x09,
  0x63, 0x09, 0x03, 0x09, 0x03, 0x09, 0x9a, 0x08, 0x9a, 0x08, 0x2a, 0x08,
  0x2a, 0x08, 0xb3, 0x07, 0xb3, 0x07, 0x36, 0x07, 0x36, 0x07, 0xb3, 0x06,
  0xb3, 0x06, 0x29, 0x06, 0x29, 0x06, 0x9b, 0x05, 0x9b, 0x05, 0x08, 0x05,
  0x08, 0x05, 0x70, 0x04, 0x70, 0x04, 0xd5, 0x03, 0xd5, 0x03, 0x36, 0x03,
  0x36, 0x03, 0x96, 0x02, 0x96, 0x02, 0xf3, 0x01, 0xf3, 0x01, 0x4d, 0x01,
  0x4d, 0x01, 0xa7, 0x00, 0xa7, 0x00, 0x00, 0x00, 0x00, 0x00, 0x5a, 0xff,
  0x5a, 0xff, 0xb4, 0xfe, 0xb4, 0xfe, 0x0e, 0xfe, 0x0e, 0xfe, 0x6b, 0xfd,
  0x6b, 0xfd, 0xca, 0xfc, 0xca, 0xfc, 0x2b, 0xfc, 0x2b, 0xfc, 0x90, 0xfb,
  0x90, 0xfb, 0xf9, 0xfa, 0xf9, 0xfa, 0x65, 0xfa, 0x65, 0xfa, 0xd7, 0xf9,
  0xd7, 0xf9, 0x4e, 0xf9, 0x4e, 0xf9, 0xca, 0xf8, 0xca, 0xf8, 0x4d, 0xf8,
  0x4d, 0xf8, 0xd6, 0xf7, 0xd6, 0xf7, 0x66, 0xf7, 0x66, 0xf7, 0xfe, 0xf6,
  0xfe, 0xf6, 0x9d, 0xf6, 0x9d, 0xf6, 0x43, 0xf6, 0x43, 0xf6, 0xf3, 0xf5,
  0xf3, 0xf5, 0xab, 0xf5, 0xab, 0xf5, 0x6c, 0xf5, 0x6c, 0xf5, 0x35, 0xf5,
  0x35, 0xf5, 0x07, 0xf5, 0x07, 0xf5, 0xe4, 0xf4, 0xe4, 0xf4, 0xc9, 0xf4,
  0xc9, 0xf4, 0xb8, 0xf4, 0xb8, 0xf4, 0xb0, 0xf4, 0xb0, 0xf4, 0xb3, 0xf4,
  0xb3, 0xf4, 0xbf, 0xf4, 0xbf, 0xf4, 0xd4, 0xf4, 0xd4, 0xf4, 0xf3, 0xf4,
  0xf3, 0xf4, 0x1b, 0xf5, 0x1b, 0xf5, 0x4d, 0xf5, 0x4d, 0xf5, 0x87, 0xf5,
  0x87, 0xf5, 0xcb, 0xf5, 0xcb, 0xf5, 0x16, 0xf6, 0x16, 0xf6, 0x6b, 0xf6,
  0x6b, 0xf6, 0xc8, 0xf6, 0xc8, 0xf6, 0x2c, 0xf7, 0x2c, 0xf7, 0x98, 0xf7,
  0x98, 0xf7, 0x0c, 0xf8, 0x0c, 0xf8, 0x85, 0xf8, 0x85, 0xf8, 0x05, 0xf9,
  0x05, 0xf9, 0x8c, 0xf9, 0x8c, 0xf9, 0x17, 0xfa, 0x17, 0xfa, 0xa8, 0xfa,
  0xa8, 0xfa, 0x3c, 0xfb, 0x3c, 0xfb, 0xd6, 0xfb, 0xd6, 0xfb, 0x73, 0xfc,
  0x73, 0xfc, 0x12, 0xfd, 0x12, 0xfd, 0xb5, 0xfd, 0xb5, 0xfd, 0x58, 0xfe,
  0x58, 0xfe, 0xfe, 0xfe, 0xfe, 0xfe, 0xa5, 0xff, 0xa5, 0xff, 0x4c, 0x00,
  0x4c, 0x00, 0xf2, 0x00, 0xf2, 0x00, 0x98, 0x01, 0x98, 0x01, 0x3c, 0x02,
  0x3c, 0x02, 0xdf, 0x02, 0xdf, 0x02, 0x7e, 0x03, 0x7e, 0x03, 0x1b, 0x04,
  0x1b, 0x04, 0xb6, 0x04, 0xb6, 0x04, 0x4b, 0x05, 0x4b, 0x05, 0xdc, 0x05,
  0xdc, 0x05, 0x68, 0x06, 0x68, 0x06, 0xee, 0x06, 0xee, 0x06, 0x6f, 0x07,
  0x6f, 0x07, 0xea, 0x07, 0xea, 0x07, 0x5e, 0x08, 0x5e, 0x08, 0xca, 0x08,
  0xca, 0x08, 0x2f, 0x09, 0x2f, 0x09, 0x8c, 0x09, 0x8c, 0x09, 0xe2, 0x09,
  0xe2, 0x09, 0x2f, 0x0a, 0x2f, 0x0a, 0x73, 0x0a, 0x73, 0x0a, 0xae, 0x0a,
  0xae, 0x0a, 0xe1, 0x0a, 0xe1, 0x0a, 0x0a, 0x0b, 0x0a, 0x0b, 0x29, 0x0b,
  0x29, 0x0b, 0x40, 0x0b, 0x40, 0x0b, 0x4d, 0x0b, 0x4d, 0x0b, 0x50, 0x0b,
  0x50, 0x0b, 0x49, 0x0b, 0x49, 0x0b, 0x39, 0x0b, 0x39, 0x0b, 0x1f, 0x0b,
  0x1f, 0x0b, 0xfc, 0x0a, 0xfc, 0x0a, 0xd0, 0x0a, 0xd0, 0x0a, 0x9a, 0x0a,
  0x9a, 0x0a, 0x5c, 0x0a, 0x5c, 0x0a, 0x14, 0x0a, 0x14, 0x0a, 0xc4, 0x09,
  0xc4, 0x09, 0x6c, 0x09, 0x6c, 0x09, 0x0c, 0x09, 0x0c, 0x09, 0xa4, 0x08,
  0xa4, 0x08, 0x35, 0x08, 0x35, 0x08, 0xbf, 0x07, 0xbf, 0x07, 0x42, 0x07,
  0x42, 0x07, 0xbf, 0x06, 0xbf, 0x06, 0x36, 0x06, 0x36, 0x06, 0xa8, 0x05,
  0xa8, 0x05, 0x15, 0x05, 0x15, 0x05, 0x7e, 0x04, 0x7e, 0x04, 0xe4, 0x03,
  0xe4, 0x03, 0x45, 0x03, 0x45, 0x03, 0xa4, 0x02, 0xa4, 0x02, 0x01, 0x02,
  0x01, 0x02, 0x5d, 0x01, 0x5d, 0x01, 0xb6, 0x00, 0xb6, 0x00, 0x10, 0x00,
  0x10, 0x00, 0x69, 0xff, 0x69, 0xff, 0xc3, 0xfe, 0xc3, 0xfe, 0x1e, 0xfe,
  0x1e, 0xfe, 0x7a, 0xfd, 0x7a, 0xfd, 0xd9, 0xfc, 0xd9, 0xfc, 0x3a, 0xfc,
  0x3a, 0xfc, 0x9e, 0xfb, 0x9e, 0xfb, 0x07, 0xfb, 0x07, 0xfb, 0x73, 0xfa,
  0x73, 0xfa, 0xe4, 0xf9, 0xe4, 0xf9, 0x5b, 0xf9, 0x5b, 0xf9, 0xd6, 0xf8,
  0xd6, 0xf8, 0x59, 0xf8, 0x59, 0xf8, 0xe1, 0xf7, 0xe1, 0xf7, 0x70, 0xf7,
  0x70, 0xf7, 0x07, 0xf7, 0x07, 0xf7, 0xa5, 0xf6, 0xa5, 0xf6, 0x4b, 0xf6,
  0x4b, 0xf6, 0xfa, 0xf5, 0xfa, 0xf5, 0xb1, 0xf5, 0xb1, 0xf5, 0x71, 0xf5,
  0x71, 0xf5, 0x3a, 0xf5, 0x3a, 0xf5, 0x0c, 0xf5, 0x0c, 0xf5, 0xe7, 0xf4,
  0xe7, 0xf4, 0xcb, 0xf4, 0xcb, 0xf4, 0xba, 0xf4, 0xba, 0xf4, 0xb1, 0xf4,
  0xb1, 0xf4, 0xb3, 0xf4, 0xb3, 0xf4, 0xbd, 0xf4, 0xbd, 0xf4, 0xd2, 0xf4,
  0xd2, 0xf4, 0xef, 0xf4, 0xef, 0xf4, 0x17, 0xf5, 0x17, 0xf5, 0x48, 0xf5,
  0x48, 0xf5, 0x81, 0xf5, 0x81, 0xf5, 0xc4, 0xf5, 0xc4, 0xf5, 0x0f, 0xf6,
  0x0f, 0xf6, 0x63, 0xf6, 0x63, 0xf6, 0xbf, 0xf6, 0xbf, 0xf6, 0x23, 0xf7,
  0x23, 0xf7, 0x8e, 0xf7, 0x8e, 0xf7, 0x00, 0xf8, 0x00, 0xf8, 0x7a, 0xf8,
  0x7a, 0xf8, 0xf9, 0xf8, 0xf9, 0xf8, 0x7f, 0xf9, 0x7f, 0xf9, 0x0a, 0xfa,
  0x0a, 0xfa, 0x9a, 0xfa, 0x9a, 0xfa, 0x2f, 0xfb, 0x2f, 0xfb, 0xc8, 0xfb,
  0xc8, 0xfb, 0x64, 0xfc, 0x64, 0xfc, 0x04, 0xfd, 0x04, 0xfd, 0xa6, 0xfd,
  0xa6, 0xfd, 0x4a, 0xfe, 0x4a, 0xfe, 0xef, 0xfe, 0xef, 0xfe, 0x95, 0xff,
  0x95, 0xff, 0x3d, 0x00, 0x3d, 0x00, 0xe3, 0x00, 0xe3, 0x00, 0x88, 0x01,
  0x88, 0x01, 0x2d, 0x02, 0x2d, 0x02, 0xd0, 0x02, 0xd0, 0x02, 0x70, 0x03,
  0x70, 0x03, 0x0d, 0x04, 0x0d, 0x04, 0xa7, 0x04, 0xa7, 0x04, 0x3d, 0x05,
  0x3d, 0x05, 0xcf, 0x05, 0xcf, 0x05, 0x5b, 0x06, 0x5b, 0x06, 0xe3, 0x06,
  0xe3, 0x06, 0x63, 0x07, 0x63, 0x07, 0xdf, 0x07, 0xdf, 0x07, 0x53, 0x08,
  0x53, 0x08, 0xc1, 0x08, 0xc1, 0x08, 0x27, 0x09, 0x27, 0x09, 0x85, 0x09,
  0x85, 0x09, 0xda, 0x09, 0xda, 0x09, 0x28, 0x0a, 0x28, 0x0a, 0x6d, 0x0a,
  0x6d, 0x0a, 0xa9, 0x0a, 0xa9, 0x0a, 0xdc, 0x0a, 0xdc, 0x0a, 0x07, 0x0b,
  0x07, 0x0b, 0x27, 0x0b, 0x27, 0x0b, 0x3e, 0x0b, 0x3e, 0x0b, 0x4b, 0x0b,
  0x4b, 0x0b, 0x50, 0x0b, 0x50, 0x0b, 0x4a, 0x0b, 0x4a, 0x0b, 0x3a, 0x0b,
  0x3a, 0x0b, 0x22, 0x0b, 0x22, 0x0b, 0x00, 0x0b, 0x00, 0x0b, 0xd4, 0x0a,
  0xd4, 0x0a, 0x9f, 0x0a, 0x9f, 0x0a, 0x62, 0x0a, 0x62, 0x0a, 0x1b, 0x0a,
  0x1b, 0x0a, 0xcc, 0x09, 0xcc, 0x09, 0x74, 0x09, 0x74, 0x09, 0x15, 0x09,
  0x15, 0x09, 0xae, 0x08, 0xae, 0x08, 0x3f, 0x08, 0x3f, 0x08, 0xc9, 0x07,
  0xc9, 0x07, 0x4e, 0x07, 0x4e, 0x07, 0xcb, 0x06, 0xcb, 0x06, 0x43, 0x06,
  0x43, 0x06, 0xb5, 0x05, 0xb5, 0x05, 0x22, 0x05, 0x22, 0x05, 0x8d, 0x04,
  0x8d, 0x04, 0xf2, 0x03, 0xf2, 0x03, 0x54, 0x03, 0x54, 0x03, 0xb4, 0x02,
  0xb4, 0x02, 0x0f, 0x02, 0x0f, 0x02, 0x6b, 0x01, 0x6b, 0x01, 0xc5, 0x00,
  0xc5, 0x00, 0x1e, 0x00, 0x1e, 0x00, 0x78, 0xff, 0x78, 0xff, 0xd1, 0xfe,
  0xd1, 0xfe, 0x2d, 0xfe, 0x2d, 0xfe, 0x89, 0xfd, 0x89, 0xfd, 0xe7, 0xfc,
  0xe7, 0xfc, 0x48, 0xfc, 0x48, 0xfc, 0xac, 0xfb, 0xac, 0xfb, 0x14, 0xfb,
  0x14, 0xfb, 0x80, 0xfa, 0x80, 0xfa, 0xf1, 0xf9, 0xf1, 0xf9, 0x67, 0xf9,
  0x67, 0xf9, 0xe2, 0xf8, 0xe2, 0xf8, 0x63, 0xf8, 0x63, 0xf8, 0xeb, 0xf7,
  0xeb, 0xf7, 0x7b, 0xf7, 0x7b, 0xf7, 0x10, 0xf7, 0x10, 0xf7, 0xae, 0xf6,
  0xae, 0xf6, 0x53, 0xf6, 0x53, 0xf6, 0x01, 0xf6, 0x01, 0xf6, 0xb7, 0xf5,
  0xb7, 0xf5, 0x76, 0xf5, 0x76, 0xf5, 0x3e, 0xf5, 0x3e, 0xf5, 0x0f, 0xf5,
  0x0f, 0xf5, 0xea, 0xf4, 0xea, 0xf4, 0xcd, 0xf4, 0xcd, 0xf4, 0xba, 0xf4,
  0xba, 0xf4, 0xb1, 0xf4, 0xb1, 0xf4, 0xb2, 0xf4, 0xb2, 0xf4, 0xbc, 0xf4,
  0xbc, 0xf4, 0xd0, 0xf4, 0xd0, 0xf4, 0xed, 0xf4, 0xed, 0xf4, 0x13, 0xf5,
  0x13, 0xf5, 0x43, 0xf5, 0x43, 0xf5, 0x7b, 0xf5, 0x7b, 0xf5, 0xbd, 0xf5,
  0xbd, 0xf5, 0x08, 0xf6, 0x08, 0xf6, 0x5b, 0xf6, 0x5b, 0xf6, 0xb6, 0xf6,
  0xb6, 0xf6, 0x19, 0xf7, 0x19, 0xf7, 0x84, 0xf7, 0x84, 0xf7, 0xf6, 0xf7,
  0xf6, 0xf7, 0x6f, 0xf8, 0x6f, 0xf8, 0xed, 0xf8, 0xed, 0xf8, 0x72, 0xf9,
  0x72, 0xf9, 0xfd, 0xf9, 0xfd, 0xf9, 0x8d, 0xfa, 0x8d, 0xfa, 0x21, 0xfb,
  0x21, 0xfb, 0xba, 0xfb, 0xba, 0xfb, 0x56, 0xfc, 0x56, 0xfc, 0xf5, 0xfc,
  0xf5, 0xfc, 0x97, 0xfd, 0x97, 0xfd, 0x3b, 0xfe, 0x3b, 0xfe, 0xe0, 0xfe,
  0xe0, 0xfe, 0x86, 0xff, 0x86, 0xff, 0x2d, 0x00, 0x2d, 0x00, 0xd4, 0x00,
  0xd4, 0x00, 0x7a, 0x01, 0x7a, 0x01, 0x1e, 0x02, 0x1e, 0x02, 0xc1, 0x02,
  0xc1, 0x02, 0x61, 0x03, 0x61, 0x03, 0xff, 0x03, 0xff, 0x03, 0x99, 0x04,
  0x99, 0x04, 0x30, 0x05, 0x30, 0x05, 0xc2, 0x05, 0xc2, 0x05, 0x4e, 0x06,
  0x4e, 0x06, 0xd7, 0x06, 0xd7, 0x06, 0x58, 0x07, 0x58, 0x07, 0xd4, 0x07,
  0xd4, 0x07, 0x49, 0x08, 0x49, 0x08, 0xb7, 0x08, 0xb7, 0x08, 0x1d, 0x09,
  0x1d, 0x09, 0x7c, 0x09, 0x7c, 0x09, 0xd3, 0x09, 0xd3, 0x09, 0x22, 0x0a,
  0x22, 0x0a, 0x68, 0x0a, 0x68, 0x0a, 0xa4, 0x0a, 0xa4, 0x0a, 0xd8, 0x0a,
  0xd8, 0x0a, 0x03, 0x0b, 0x03, 0x0b, 0x24, 0x0b, 0x24, 0x0b, 0x3c, 0x0b,
  0x3c, 0x0b, 0x4b, 0x0b, 0x4b, 0x0b, 0x50, 0x0b, 0x50, 0x0b, 0x4b, 0x0b,
  0x4b, 0x0b, 0x3c, 0x0b, 0x3c, 0x0b, 0x24, 0x0b, 0x24, 0x0b, 0x03, 0x0b,
  0x03, 0x0b, 0xd9, 0x0a, 0xd9, 0x0a, 0xa4, 0x0a, 0xa4, 0x0a, 0x68, 0x0a,
  0x68, 0x0a, 0x22, 0x0a, 0x22, 0x0a, 0xd3, 0x09, 0xd3, 0x09, 0x7d, 0x09,
  0x7d, 0x09, 0x1d, 0x09, 0x1d, 0x09, 0xb8, 0x08, 0xb8, 0x08, 0x49, 0x08,
  0x49, 0x08, 0xd4, 0x07, 0xd4, 0x07, 0x59, 0x07, 0x59, 0x07, 0xd7, 0x06,
  0xd7, 0x06, 0x4f, 0x06, 0x4f, 0x06, 0xc2, 0x05, 0xc2, 0x05, 0x30, 0x05,
  0x30, 0x05, 0x9a, 0x04, 0x9a, 0x04, 0x00, 0x04, 0x00, 0x04, 0x62, 0x03,
  0x62, 0x03, 0xc2, 0x02, 0xc2, 0x02, 0x1f, 0x02, 0x1f, 0x02, 0x7a, 0x01,
  0x7a, 0x01, 0xd4, 0x00, 0xd4, 0x00, 0x2d, 0x00, 0x2d, 0x00, 0x87, 0xff,
  0x87, 0xff, 0xe1, 0xfe, 0xe1, 0xfe, 0x3b, 0xfe, 0x3b, 0xfe, 0x97, 0xfd,
  0x97, 0xfd, 0xf5, 0xfc, 0xf5, 0xfc, 0x56, 0xfc, 0x56, 0xfc, 0xba, 0xfb,
  0xba, 0xfb, 0x21, 0xfb, 0x21, 0xfb, 0x8e, 0xfa, 0x8e, 0xfa, 0xfd, 0xf9,
  0xfd, 0xf9, 0x73, 0xf9, 0x73, 0xf9, 0xee, 0xf8, 0xee, 0xf8, 0x6f, 0xf8,
  0x6f, 0xf8, 0xf6, 0xf7, 0xf6, 0xf7, 0x85, 0xf7, 0x85, 0xf7, 0x19, 0xf7,
  0x19, 0xf7, 0xb6, 0xf6, 0xb6, 0xf6, 0x5c, 0xf6, 0x5c, 0xf6, 0x08, 0xf6,
  0x08, 0xf6, 0xbe, 0xf5, 0xbe, 0xf5, 0x7c, 0xf5, 0x7c, 0xf5, 0x43, 0xf5,
  0x43, 0xf5, 0x13, 0xf5, 0x13, 0xf5, 0xed, 0xf4, 0xed, 0xf4, 0xd0, 0xf4,
  0xd0, 0xf4, 0xbc, 0xf4, 0xbc, 0xf4, 0xb2, 0xf4, 0xb2, 0xf4, 0xb1, 0xf4,
  0xb1, 0xf4, 0xba, 0xf4, 0xba, 0xf4, 0xcd, 0xf4, 0xcd, 0xf4, 0xea, 0xf4,
  0xea, 0xf4, 0x0f, 0xf5, 0x0f, 0xf5, 0x3e, 0xf5, 0x3e, 0xf5, 0x76, 0xf5,
  0x76, 0xf5, 0xb7, 0xf5, 0xb7, 0xf5, 0x01, 0xf6, 0x01, 0xf6, 0x53, 0xf6,
  0x53, 0xf6, 0xae, 0xf6, 0xae, 0xf6, 0x10, 0xf7, 0x10, 0xf7, 0x7a, 0xf7,
  0x7a, 0xf7, 0xeb, 0xf7, 0xeb, 0xf7, 0x63, 0xf8, 0x63, 0xf8, 0xe2, 0xf8,
  0xe2, 0xf8, 0x66, 0xf9, 0x66, 0xf9, 0xf0, 0xf9, 0xf0, 0xf9, 0x7f, 0xfa,
  0x7f, 0xfa, 0x13, 0xfb, 0x13, 0xfb, 0xac, 0xfb, 0xac, 0xfb, 0x48, 0xfc,
  0x48, 0xfc, 0xe7, 0xfc, 0xe7, 0xfc, 0x89, 0xfd, 0x89, 0xfd, 0x2c, 0xfe,
  0x2c, 0xfe, 0xd1, 0xfe, 0xd1, 0xfe, 0x78, 0xff, 0x78, 0xff, 0x1e, 0x00,
  0x1e, 0x00, 0xc5, 0x00, 0xc5, 0x00, 0x6b, 0x01, 0x6b, 0x01, 0x0f, 0x02,
  0x0f, 0x02, 0xb3, 0x02, 0xb3, 0x02, 0x53, 0x03, 0x53, 0x03, 0xf1, 0x03,
  0xf1, 0x03, 0x8c, 0x04, 0x8c, 0x04, 0x22, 0x05, 0x22, 0x05, 0xb4, 0x05,
  0xb4, 0x05, 0x42, 0x06, 0x42, 0x06, 0xca, 0x06, 0xca, 0x06, 0x4d, 0x07,
  0x4d, 0x07, 0xc9, 0x07, 0xc9, 0x07, 0x3f, 0x08, 0x3f, 0x08, 0xae, 0x08,
  0xae, 0x08, 0x14, 0x09, 0x14, 0x09, 0x74, 0x09, 0x74, 0x09, 0xcb, 0x09,
  0xcb, 0x09, 0x1b, 0x0a, 0x1b, 0x0a, 0x61, 0x0a, 0x61, 0x0a, 0x9f, 0x0a,
  0x9f, 0x0a, 0xd4, 0x0a, 0xd4, 0x0a, 0x00, 0x0b, 0x00, 0x0b, 0x22, 0x0b,
  0x22, 0x0b, 0x3a, 0x0b, 0x3a, 0x0b, 0x4a, 0x0b, 0x4a, 0x0b, 0x50, 0x0b,
  0x50, 0x0b, 0x4c, 0x0b, 0x4c, 0x0b, 0x3e, 0x0b, 0x3e, 0x0b, 0x27, 0x0b,
  0x27, 0x0b, 0x07, 0x0b, 0x07, 0x0b, 0xdd, 0x0a, 0xdd, 0x0a, 0xa9, 0x0a,
  0xa9, 0x0a, 0x6d, 0x0a, 0x6d, 0x0a, 0x29, 0x0a, 0x29, 0x0a, 0xdb, 0x09,
  0xdb, 0x09, 0x85, 0x09, 0x85, 0x09, 0x27, 0x09, 0x27, 0x09, 0xc1, 0x08,
  0xc1, 0x08, 0x54, 0x08, 0x54, 0x08, 0xdf, 0x07, 0xdf, 0x07, 0x64, 0x07,
  0x64, 0x07, 0xe3, 0x06, 0xe3, 0x06, 0x5c, 0x06, 0x5c, 0x06, 0xcf, 0x05,
  0xcf, 0x05, 0x3e, 0x05, 0x3e, 0x05, 0xa7, 0x04, 0xa7, 0x04, 0x0e, 0x04,
  0x0e, 0x04, 0x71, 0x03, 0x71, 0x03, 0xd1, 0x02, 0xd1, 0x02, 0x2e, 0x02,
  0x2e, 0x02, 0x89, 0x01, 0x89, 0x01, 0xe4, 0x00, 0xe4, 0x00, 0x3d, 0x00,
  0x3d, 0x00, 0x96, 0xff, 0x96, 0xff, 0xf0, 0xfe, 0xf0, 0xfe, 0x4a, 0xfe,
  0x4a, 0xfe, 0xa6, 0xfd, 0xa6, 0xfd, 0x04, 0xfd, 0x04, 0xfd, 0x65, 0xfc,
  0x65, 0xfc, 0xc8, 0xfb, 0xc8, 0xfb, 0x30, 0xfb, 0x30, 0xfb, 0x9a, 0xfa,
  0x9a, 0xfa, 0x0a, 0xfa, 0x0a, 0xfa, 0x80, 0xf9, 0x80, 0xf9, 0xfa, 0xf8,
  0xfa, 0xf8, 0x7a, 0xf8, 0x7a, 0xf8, 0x00, 0xf8, 0x00, 0xf8, 0x8e, 0xf7,
  0x8e, 0xf7, 0x23, 0xf7, 0x23, 0xf7, 0xbf, 0xf6, 0xbf, 0xf6, 0x63, 0xf6,
  0x63, 0xf6, 0x0f, 0xf6, 0x0f, 0xf6, 0xc4, 0xf5, 0xc4, 0xf5, 0x82, 0xf5,
  0x82, 0xf5, 0x48, 0xf5, 0x48, 0xf5, 0x17, 0xf5, 0x17, 0xf5, 0xf0, 0xf4,
  0xf0, 0xf4, 0xd2, 0xf4, 0xd2, 0xf4, 0xbd, 0xf4, 0xbd, 0xf4, 0xb3, 0xf4,
  0xb3, 0xf4, 0xb1, 0xf4, 0xb1, 0xf4, 0xb9, 0xf4, 0xb9, 0xf4, 0xcb, 0xf4,
  0xcb, 0xf4, 0xe6, 0xf4, 0xe6, 0xf4, 0x0b, 0xf5, 0x0b, 0xf5, 0x3a, 0xf5,
  0x3a, 0xf5, 0x71, 0xf5, 0x71, 0xf5, 0xb0, 0xf5, 0xb0, 0xf5, 0xfa, 0xf5,
  0xfa, 0xf5, 0x4b, 0xf6, 0x4b, 0xf6, 0xa5, 0xf6, 0xa5, 0xf6, 0x07, 0xf7,
  0x07, 0xf7, 0x70, 0xf7, 0x70, 0xf7, 0xe0, 0xf7, 0xe0, 0xf7, 0x58, 0xf8,
  0x58, 0xf8, 0xd6, 0xf8, 0xd6, 0xf8, 0x5a, 0xf9, 0x5a, 0xf9, 0xe3, 0xf9,
  0xe3, 0xf9, 0x72, 0xfa, 0x72, 0xfa, 0x06, 0xfb, 0x06, 0xfb, 0x9e, 0xfb,
  0x9e, 0xfb, 0x39, 0xfc, 0x39, 0xfc, 0xd8, 0xfc, 0xd8, 0xfc, 0x79, 0xfd,
  0x79, 0xfd, 0x1d, 0xfe, 0x1d, 0xfe, 0xc2, 0xfe, 0xc2, 0xfe, 0x68, 0xff,
  0x68, 0xff, 0x0f, 0x00, 0x0f, 0x00, 0xb6, 0x00, 0xb6, 0x00, 0x5c, 0x01,
  0x5c, 0x01, 0x01, 0x02, 0x01, 0x02, 0xa3, 0x02, 0xa3, 0x02, 0x45, 0x03,
  0x45, 0x03, 0xe3, 0x03, 0xe3, 0x03, 0x7e, 0x04, 0x7e, 0x04, 0x15, 0x05,
  0x15, 0x05, 0xa7, 0x05, 0xa7, 0x05, 0x36, 0x06, 0x36, 0x06, 0xbe, 0x06,
  0xbe, 0x06, 0x41, 0x07, 0x41, 0x07, 0xbe, 0x07, 0xbe, 0x07, 0x34, 0x08,
  0x34, 0x08, 0xa3, 0x08, 0xa3, 0x08, 0x0c, 0x09, 0x0c, 0x09, 0x6c, 0x09,
  0x6c, 0x09, 0xc4, 0x09, 0xc4, 0x09, 0x14, 0x0a, 0x14, 0x0a, 0x5b, 0x0a,
  0x5b, 0x0a, 0x9a, 0x0a, 0x9a, 0x0a, 0xd0, 0x0a, 0xd0, 0x0a, 0xfc, 0x0a,
  0xfc, 0x0a, 0x1f, 0x0b, 0x1f, 0x0b, 0x39, 0x0b, 0x39, 0x0b, 0x49, 0x0b,
  0x49, 0x0b, 0x50, 0x0b, 0x50, 0x0b, 0x4d, 0x0b, 0x4d, 0x0b, 0x40, 0x0b,
  0x40, 0x0b, 0x29, 0x0b, 0x29, 0x0b, 0x0a, 0x0b, 0x0a, 0x0b, 0xe1, 0x0a,
  0xe1, 0x0a, 0xae, 0x0a, 0xae, 0x0a, 0x73, 0x0a, 0x73, 0x0a, 0x2f, 0x0a,
  0x2f, 0x0a, 0xe3, 0x09, 0xe3, 0x09, 0x8d, 0x09, 0x8d, 0x09, 0x30, 0x09,
  0x30, 0x09, 0xcb, 0x08, 0xcb, 0x08, 0x5e, 0x08, 0x5e, 0x08, 0xea, 0x07,
  0xea, 0x07, 0x70, 0x07, 0x70, 0x07, 0xef, 0x06, 0xef, 0x06, 0x68, 0x06,
  0x68, 0x06, 0xdc, 0x05, 0xdc, 0x05, 0x4b, 0x05, 0x4b, 0x05, 0xb6, 0x04,
  0xb6, 0x04, 0x1c, 0x04, 0x1c, 0x04, 0x7f, 0x03, 0x7f, 0x03, 0xdf, 0x02,
  0xdf, 0x02, 0x3d, 0x02, 0x3d, 0x02, 0x99, 0x01, 0x99, 0x01, 0xf3, 0x00,
  0xf3, 0x00, 0x4c, 0x00, 0x4c, 0x00, 0xa5, 0xff, 0xa5, 0xff, 0xff, 0xfe,
  0xff, 0xfe, 0x59, 0xfe, 0x59, 0xfe, 0xb5, 0xfd, 0xb5, 0xfd, 0x12, 0xfd,
  0x12, 0xfd, 0x73, 0xfc, 0x73, 0xfc, 0xd6, 0xfb, 0xd6, 0xfb, 0x3d, 0xfb,
  0x3d, 0xfb, 0xa8, 0xfa, 0xa8, 0xfa, 0x18, 0xfa, 0x18, 0xfa, 0x8c, 0xf9,
  0x8c, 0xf9, 0x06, 0xf9, 0x06, 0xf9, 0x85, 0xf8, 0x85, 0xf8, 0x0c, 0xf8,
  0x0c, 0xf8, 0x98, 0xf7, 0x98, 0xf7, 0x2c, 0xf7, 0x2c, 0xf7, 0xc8, 0xf6,
  0xc8, 0xf6, 0x6b, 0xf6, 0x6b, 0xf6, 0x17, 0xf6, 0x17, 0xf6, 0xcb, 0xf5,
  0xcb, 0xf5, 0x87, 0xf5, 0x87, 0xf5, 0x4d, 0xf5, 0x4d, 0xf5, 0x1b, 0xf5,
  0x1b, 0xf5, 0xf3, 0xf4, 0xf3, 0xf4, 0xd4, 0xf4, 0xd4, 0xf4, 0xbf, 0xf4,
  0xbf, 0xf4, 0xb3, 0xf4, 0xb3, 0xf4, 0xb0, 0xf4, 0xb0, 0xf4, 0xb8, 0xf4,
  0xb8, 0xf4, 0xc9, 0xf4, 0xc9, 0xf4, 0xe3, 0xf4, 0xe3, 0xf4, 0x07, 0xf5,
  0x07, 0xf5, 0x35, 0xf5, 0x35, 0xf5, 0x6b, 0xf5, 0x6b, 0xf5, 0xab, 0xf5,
  0xab, 0xf5, 0xf3, 0xf5, 0xf3, 0xf5, 0x43, 0xf6, 0x43, 0xf6, 0x9d, 0xf6,
  0x9d, 0xf6, 0xfd, 0xf6, 0xfd, 0xf6, 0x66, 0xf7, 0x66, 0xf7, 0xd6, 0xf7,
  0xd6, 0xf7, 0x4d, 0xf8, 0x4d, 0xf8, 0xca, 0xf8, 0xca, 0xf8, 0x4d, 0xf9,
  0x4d, 0xf9, 0xd7, 0xf9, 0xd7, 0xf9, 0x65, 0xfa, 0x65, 0xfa, 0xf8, 0xfa,
  0xf8, 0xfa, 0x90, 0xfb, 0x90, 0xfb, 0x2b, 0xfc, 0x2b, 0xfc, 0xca, 0xfc,
  0xca, 0xfc, 0x6a, 0xfd, 0x6a, 0xfd, 0x0d, 0xfe, 0x0d, 0xfe, 0xb3, 0xfe,
  0xb3, 0xfe, 0x59, 0xff, 0x59, 0xff, 0x00, 0x00, 0x00, 0x00, 0xa6, 0x00,
  0xa6, 0x00, 0x4c, 0x01, 0x4c, 0x01, 0xf2, 0x01, 0xf2, 0x01, 0x95, 0x02,
  0x95, 0x02, 0x36, 0x03, 0x36, 0x03, 0xd5, 0x03, 0xd5, 0x03, 0x70, 0x04,
  0x70, 0x04, 0x07, 0x05, 0x07, 0x05, 0x9b, 0x05, 0x9b, 0x05, 0x29, 0x06,
  0x29, 0x06, 0xb2, 0x06, 0xb2, 0x06, 0x36, 0x07, 0x36, 0x07, 0xb3, 0x07,
  0xb3, 0x07, 0x2a, 0x08, 0x2a, 0x08, 0x9a, 0x08, 0x9a, 0x08, 0x02, 0x09,
  0x02, 0x09, 0x63, 0x09, 0x63, 0x09, 0xbd, 0x09, 0xbd, 0x09, 0x0d, 0x0a,
  0x0d, 0x0a, 0x55, 0x0a, 0x55, 0x0a, 0x94, 0x0a, 0x94, 0x0a, 0xcb, 0x0a,
  0xcb, 0x0a, 0xf9, 0x0a, 0xf9, 0x0a, 0x1c, 0x0b, 0x1c, 0x0b, 0x37, 0x0b,
  0x37, 0x0b, 0x48, 0x0b, 0x48, 0x0b, 0x50, 0x0b, 0x50, 0x0b, 0x4d, 0x0b,
  0x4d, 0x0b, 0x41, 0x0b, 0x41, 0x0b, 0x2c, 0x0b, 0x2c, 0x0b, 0x0d, 0x0b,
  0x0d, 0x0b, 0xe5, 0x0a, 0xe5, 0x0a, 0xb3, 0x0a, 0xb3, 0x0a, 0x79, 0x0a,
  0x79, 0x0a, 0x35, 0x0a, 0x35, 0x0a, 0xea, 0x09, 0xea, 0x09, 0x95, 0x09,
  0x95, 0x09, 0x38, 0x09, 0x38, 0x09, 0xd4, 0x08, 0xd4, 0x08, 0x68, 0x08,
  0x68, 0x08, 0xf4, 0x07, 0xf4, 0x07, 0x7b, 0x07, 0x7b, 0x07, 0xfb, 0x06,
  0xfb, 0x06, 0x74, 0x06, 0x74, 0x06, 0xe9, 0x05, 0xe9, 0x05, 0x58, 0x05,
  0x58, 0x05, 0xc4, 0x04, 0xc4, 0x04, 0x2a, 0x04, 0x2a, 0x04, 0x8d, 0x03,
  0x8d, 0x03, 0xee, 0x02, 0xee, 0x02, 0x4b, 0x02, 0x4b, 0x02, 0xa8, 0x01,
  0xa8, 0x01, 0x02, 0x01, 0x02, 0x01, 0x5b, 0x00, 0x5b, 0x00, 0xb4, 0xff,
  0xb4, 0xff, 0x0e, 0xff, 0x0e, 0xff, 0x68, 0xfe, 0x68, 0xfe, 0xc4, 0xfd,
  0xc4, 0xfd, 0x21, 0xfd, 0x21, 0xfd, 0x82, 0xfc, 0x82, 0xfc, 0xe5, 0xfb,
  0xe5, 0xfb, 0x4a, 0xfb, 0x4a, 0xfb, 0xb5, 0xfa, 0xb5, 0xfa, 0x24, 0xfa,
  0x24, 0xfa, 0x98, 0xf9, 0x98, 0xf9, 0x12, 0xf9, 0x12, 0xf9, 0x91, 0xf8,
  0x91, 0xf8, 0x16, 0xf8, 0x16, 0xf8, 0xa2, 0xf7, 0xa2, 0xf7, 0x36, 0xf7,
  0x36, 0xf7, 0xd1, 0xf6, 0xd1, 0xf6, 0x74, 0xf6, 0x74, 0xf6, 0x1e, 0xf6,
  0x1e, 0xf6, 0xd1, 0xf5, 0xd1, 0xf5, 0x8d, 0xf5, 0x8d, 0xf5, 0x52, 0xf5,
  0x52, 0xf5, 0x1f, 0xf5, 0x1f, 0xf5, 0xf6, 0xf4, 0xf6, 0xf4, 0xd7, 0xf4,
  0xd7, 0xf4, 0xc0, 0xf4, 0xc0, 0xf4, 0xb3, 0xf4, 0xb3, 0xf4, 0xb0, 0xf4,
  0xb0, 0xf4, 0xb7, 0xf4, 0xb7, 0xf4, 0xc7, 0xf4, 0xc7, 0xf4, 0xe1, 0xf4,
  0xe1, 0xf4, 0x04, 0xf5, 0x04, 0xf5, 0x30, 0xf5, 0x30, 0xf5, 0x66, 0xf5,
  0x66, 0xf5, 0xa4, 0xf5, 0xa4, 0xf5, 0xec, 0xf5, 0xec, 0xf5, 0x3c, 0xf6,
  0x3c, 0xf6, 0x94, 0xf6, 0x94, 0xf6, 0xf4, 0xf6, 0xf4, 0xf6, 0x5c, 0xf7,
  0x5c, 0xf7, 0xcb, 0xf7, 0xcb, 0xf7, 0x41, 0xf8, 0x41, 0xf8, 0xbe, 0xf8,
  0xbe, 0xf8, 0x41, 0xf9, 0x41, 0xf9, 0xca, 0xf9, 0xca, 0xf9, 0x58, 0xfa,
  0x58, 0xfa, 0xeb, 0xfa, 0xeb, 0xfa, 0x82, 0xfb, 0x82, 0xfb, 0x1c, 0xfc,
  0x1c, 0xfc, 0xbb, 0xfc, 0xbb, 0xfc, 0x5c, 0xfd, 0x5c, 0xfd, 0xff, 0xfd,
  0xff, 0xfd, 0xa3, 0xfe, 0xa3, 0xfe, 0x4a, 0xff, 0x4a, 0xff, 0xf0, 0xff,
  0xf0, 0xff, 0x97, 0x00, 0x97, 0x00, 0x3d, 0x01, 0x3d, 0x01, 0xe2, 0x01,
  0xe2, 0x01, 0x86, 0x02, 0x86, 0x02, 0x27, 0x03, 0x27, 0x03, 0xc6, 0x03,
  0xc6, 0x03, 0x62, 0x04, 0x62, 0x04, 0xf9, 0x04, 0xf9, 0x04, 0x8d, 0x05,
  0x8d, 0x05, 0x1c, 0x06, 0x1c, 0x06, 0xa5, 0x06, 0xa5, 0x06, 0x2a, 0x07,
  0x2a, 0x07, 0xa7, 0x07, 0xa7, 0x07, 0x1f, 0x08, 0x1f, 0x08, 0x90, 0x08,
  0x90, 0x08, 0xf9, 0x08, 0xf9, 0x08, 0x5b, 0x09, 0x5b, 0x09, 0xb5, 0x09,
  0xb5, 0x09, 0x06, 0x0a, 0x06, 0x0a, 0x4f, 0x0a, 0x4f, 0x0a, 0x8f, 0x0a,
  0x8f, 0x0a, 0xc6, 0x0a, 0xc6, 0x0a, 0xf4, 0x0a, 0xf4, 0x0a, 0x19, 0x0b,
  0x19, 0x0b, 0x35, 0x0b, 0x35, 0x0b, 0x46, 0x0b, 0x46, 0x0b, 0x4f, 0x0b,
  0x4f, 0x0b, 0x4d, 0x0b, 0x4d, 0x0b, 0x43, 0x0b, 0x43, 0x0b, 0x2e, 0x0b,
  0x2e, 0x0b, 0x11, 0x0b, 0x11, 0x0b, 0xe9, 0x0a, 0xe9, 0x0a, 0xb8, 0x0a,
  0xb8, 0x0a, 0x7f, 0x0a, 0x7f, 0x0a, 0x3c, 0x0a, 0x3c, 0x0a, 0xf1, 0x09,
  0xf1, 0x09, 0x9d, 0x09, 0x9d, 0x09, 0x41, 0x09, 0x41, 0x09, 0xdd, 0x08,
  0xdd, 0x08, 0x72, 0x08, 0x72, 0x08, 0x00, 0x08, 0x00, 0x08, 0x86, 0x07,
  0x86, 0x07, 0x07, 0x07, 0x07, 0x07, 0x81, 0x06, 0x81, 0x06, 0xf6, 0x05,
  0xf6, 0x05, 0x66, 0x05, 0x66, 0x05, 0xd1, 0x04, 0xd1, 0x04, 0x38, 0x04,
  0x38, 0x04, 0x9c, 0x03, 0x9c, 0x03, 0xfc, 0x02, 0xfc, 0x02, 0x5a, 0x02,
  0x5a, 0x02, 0xb6, 0x01, 0xb6, 0x01, 0x11, 0x01, 0x11, 0x01, 0x6b, 0x00,
  0x6b, 0x00, 0xc3, 0xff, 0xc3, 0xff, 0x1d, 0xff, 0x1d, 0xff, 0x78, 0xfe,
  0x78, 0xfe, 0xd3, 0xfd, 0xd3, 0xfd, 0x30, 0xfd, 0x30, 0xfd, 0x90, 0xfc,
  0x90, 0xfc, 0xf3, 0xfb, 0xf3, 0xfb, 0x59, 0xfb, 0x59, 0xfb, 0xc3, 0xfa,
  0xc3, 0xfa, 0x31, 0xfa, 0x31, 0xfa, 0xa5, 0xf9, 0xa5, 0xf9, 0x1d, 0xf9,
  0x1d, 0xf9, 0x9d, 0xf8, 0x9d, 0xf8, 0x21, 0xf8, 0x21, 0xf8, 0xad, 0xf7,
  0xad, 0xf7, 0x3f, 0xf7, 0x3f, 0xf7, 0xd9, 0xf6, 0xd9, 0xf6, 0x7b, 0xf6,
  0x7b, 0xf6, 0x26, 0xf6, 0x26, 0xf6, 0xd8, 0xf5, 0xd8, 0xf5, 0x93, 0xf5,
  0x93, 0xf5, 0x57, 0xf5, 0x57, 0xf5, 0x24, 0xf5, 0x24, 0xf5, 0xf9, 0xf4,
  0xf9, 0xf4, 0xd9, 0xf4, 0xd9, 0xf4, 0xc2, 0xf4, 0xc2, 0xf4, 0xb5, 0xf4,
  0xb5, 0xf4, 0xb0, 0xf4, 0xb0, 0xf4, 0xb6, 0xf4, 0xb6, 0xf4, 0xc6, 0xf4,
  0xc6, 0xf4, 0xde, 0xf4, 0xde, 0xf4, 0x00, 0xf5, 0x00, 0xf5, 0x2c, 0xf5,
  0x2c, 0xf5, 0x61, 0xf5, 0x61, 0xf5, 0x9e, 0xf5, 0x9e, 0xf5, 0xe5, 0xf5,
  0xe5, 0xf5, 0x34, 0xf6, 0x34, 0xf6, 0x8c, 0xf6, 0x8c, 0xf6, 0xeb, 0xf6,
  0xeb, 0xf6, 0x52, 0xf7, 0x52, 0xf7, 0xc1, 0xf7, 0xc1, 0xf7, 0x37, 0xf8,
  0x37, 0xf8, 0xb2, 0xf8, 0xb2, 0xf8, 0x35, 0xf9, 0x35, 0xf9, 0xbd, 0xf9,
  0xbd, 0xf9, 0x4b, 0xfa, 0x4b, 0xfa, 0xde, 0xfa, 0xde, 0xfa, 0x73, 0xfb,
  0x73, 0xfb, 0x0e, 0xfc, 0x0e, 0xfc, 0xac, 0xfc, 0xac, 0xfc, 0x4c, 0xfd,
  0x4c, 0xfd, 0xf1, 0xfd, 0xf1, 0xfd, 0x95, 0xfe, 0x95, 0xfe, 0x3b, 0xff,
  0x3b, 0xff, 0xe2, 0xff, 0xe2, 0xff, 0x88, 0x00, 0x88, 0x00, 0x2f, 0x01,
  0x2f, 0x01, 0xd3, 0x01, 0xd3, 0x01, 0x77, 0x02, 0x77, 0x02, 0x19, 0x03,
  0x19, 0x03, 0xb8, 0x03, 0xb8, 0x03, 0x54, 0x04, 0x54, 0x04, 0xec, 0x04,
  0xec, 0x04, 0x80, 0x05, 0x80, 0x05, 0x0f, 0x06, 0x0f, 0x06, 0x99, 0x06,
  0x99, 0x06, 0x1e, 0x07, 0x1e, 0x07, 0x9d, 0x07, 0x9d, 0x07, 0x15, 0x08,
  0x15, 0x08, 0x85, 0x08, 0x85, 0x08, 0xf0, 0x08, 0xf0, 0x08, 0x52, 0x09,
  0x52, 0x09, 0xad, 0x09, 0xad, 0x09, 0xff, 0x09, 0xff, 0x09, 0x49, 0x0a,
  0x49, 0x0a, 0x8a, 0x0a, 0x8a, 0x0a, 0xc2, 0x0a, 0xc2, 0x0a, 0xf1, 0x0a,
  0xf1, 0x0a, 0x16, 0x0b, 0x16, 0x0b, 0x33, 0x0b, 0x33, 0x0b, 0x46, 0x0b,
  0x46, 0x0b, 0x4f, 0x0b, 0x4f, 0x0b, 0x4e, 0x0b, 0x4e, 0x0b, 0x44, 0x0b,
  0x44, 0x0b, 0x30, 0x0b, 0x30, 0x0b, 0x13, 0x0b, 0x13, 0x0b, 0xed, 0x0a,
  0xed, 0x0a, 0xbd, 0x0a, 0xbd, 0x0a, 0x85, 0x0a, 0x85, 0x0a, 0x43, 0x0a,
  0x43, 0x0a, 0xf8, 0x09, 0xf8, 0x09, 0xa5, 0x09, 0xa5, 0x09, 0x4a, 0x09,
  0x4a, 0x09, 0xe7, 0x08, 0xe7, 0x08, 0x7c, 0x08, 0x7c, 0x08, 0x0a, 0x08,
  0x0a, 0x08, 0x91, 0x07, 0x91, 0x07, 0x13, 0x07, 0x13, 0x07, 0x8e, 0x06,
  0x8e, 0x06, 0x03, 0x06, 0x03, 0x06, 0x73, 0x05, 0x73, 0x05, 0xdf, 0x04,
  0xdf, 0x04, 0x46, 0x04, 0x46, 0x04, 0xaa, 0x03, 0xaa, 0x03, 0x0b, 0x03,
  0x0b, 0x03, 0x69, 0x02, 0x69, 0x02, 0xc5, 0x01, 0xc5, 0x01, 0x20, 0x01,
  0x20, 0x01, 0x7a, 0x00, 0x7a, 0x00, 0xd3, 0xff, 0xd3, 0xff, 0x2c, 0xff,
  0x2c, 0xff, 0x86, 0xfe, 0x86, 0xfe, 0xe2, 0xfd, 0xe2, 0xfd, 0x3f, 0xfd,
  0x3f, 0xfd, 0x9f, 0xfc, 0x9f, 0xfc, 0x01, 0xfc, 0x01, 0xfc, 0x67, 0xfb,
  0x67, 0xfb, 0xd0, 0xfa, 0xd0, 0xfa, 0x3e, 0xfa, 0x3e, 0xfa, 0xb2, 0xf9,
  0xb2, 0xf9, 0x29, 0xf9, 0x29, 0xf9, 0xa8, 0xf8, 0xa8, 0xf8, 0x2c, 0xf8,
  0x2c, 0xf8, 0xb7, 0xf7, 0xb7, 0xf7, 0x49, 0xf7, 0x49, 0xf7, 0xe3, 0xf6,
  0xe3, 0xf6, 0x84, 0xf6, 0x84, 0xf6, 0x2d, 0xf6, 0x2d, 0xf6, 0xde, 0xf5,
  0xde, 0xf5, 0x98, 0xf5, 0x98, 0xf5, 0x5c, 0xf5, 0x5c, 0xf5, 0x28, 0xf5,
  0x28, 0xf5, 0xfd, 0xf4, 0xfd, 0xf4, 0xdc, 0xf4, 0xdc, 0xf4, 0xc4, 0xf4,
  0xc4, 0xf4, 0xb5, 0xf4, 0xb5, 0xf4, 0xb0, 0xf4, 0xb0, 0xf4, 0xb5, 0xf4,
  0xb5, 0xf4, 0xc4, 0xf4, 0xc4, 0xf4, 0xdc, 0xf4, 0xdc, 0xf4, 0xfd, 0xf4,
  0xfd, 0xf4, 0x27, 0xf5, 0x27, 0xf5, 0x5c, 0xf5, 0x5c, 0xf5, 0x98, 0xf5,
  0x98, 0xf5, 0xde, 0xf5, 0xde, 0xf5, 0x2d, 0xf6, 0x2d, 0xf6, 0x83, 0xf6,
  0x83, 0xf6, 0xe3, 0xf6, 0xe3, 0xf6, 0x48, 0xf7, 0x48, 0xf7, 0xb7, 0xf7,
  0xb7, 0xf7, 0x2c, 0xf8, 0x2c, 0xf8, 0xa7, 0xf8, 0xa7, 0xf8, 0x29, 0xf9,
  0x29, 0xf9, 0xb1, 0xf9, 0xb1, 0xf9, 0x3e, 0xfa, 0x3e, 0xfa, 0xd0, 0xfa,
  0xd0, 0xfa, 0x66, 0xfb, 0x66, 0xfb, 0x00, 0xfc, 0x00, 0xfc, 0x9e, 0xfc,
  0x9e, 0xfc, 0x3e, 0xfd, 0x3e, 0xfd, 0xe1, 0xfd, 0xe1, 0xfd, 0x86, 0xfe,
  0x86, 0xfe, 0x2c, 0xff, 0x2c, 0xff, 0xd3, 0xff, 0xd3, 0xff, 0x79, 0x00,
  0x79, 0x00, 0x1f, 0x01, 0x1f, 0x01, 0xc5, 0x01, 0xc5, 0x01, 0x69, 0x02,
  0x69, 0x02, 0x0b, 0x03, 0x0b, 0x03, 0xaa, 0x03, 0xaa, 0x03, 0x46, 0x04,
  0x46, 0x04, 0xdf, 0x04, 0xdf, 0x04, 0x72, 0x05, 0x72, 0x05, 0x03, 0x06,
  0x03, 0x06, 0x8d, 0x06, 0x8d, 0x06, 0x12, 0x07, 0x12, 0x07, 0x91, 0x07,
  0x91, 0x07, 0x0a, 0x08, 0x0a, 0x08, 0x7b, 0x08, 0x7b, 0x08, 0xe7, 0x08,
  0xe7, 0x08, 0x4a, 0x09, 0x4a, 0x09, 0xa4, 0x09, 0xa4, 0x09, 0xf8, 0x09,
  0xf8, 0x09, 0x42, 0x0a, 0x42, 0x0a, 0x84, 0x0a, 0x84, 0x0a, 0xbd, 0x0a,
  0xbd, 0x0a, 0xed, 0x0a, 0xed, 0x0a, 0x13, 0x0b, 0x13, 0x0b, 0x30, 0x0b,
  0x30, 0x0b, 0x44, 0x0b, 0x44, 0x0b, 0x4e, 0x0b, 0x4e, 0x0b, 0x4f, 0x0b,
  0x4f, 0x0b, 0x46, 0x0b, 0x46, 0x0b, 0x33, 0x0b, 0x33, 0x0b, 0x16, 0x0b,
  0x16, 0x0b, 0xf1, 0x0a, 0xf1, 0x0a, 0xc2, 0x0a, 0xc2, 0x0a, 0x8a, 0x0a,
  0x8a, 0x0a, 0x49, 0x0a, 0x49, 0x0a, 0xff, 0x09, 0xff, 0x09, 0xad, 0x09,
  0xad, 0x09, 0x52, 0x09, 0x52, 0x09, 0xf0, 0x08, 0xf0, 0x08, 0x86, 0x08,
  0x86, 0x08, 0x15, 0x08, 0x15, 0x08, 0x9d, 0x07, 0x9d, 0x07, 0x1e, 0x07,
  0x1e, 0x07, 0x9a, 0x06, 0x9a, 0x06, 0x10, 0x06, 0x10, 0x06, 0x81, 0x05,
  0x81, 0x05, 0xed, 0x04, 0xed, 0x04, 0x54, 0x04, 0x54, 0x04, 0xb8, 0x03,
  0xb8, 0x03, 0x19, 0x03, 0x19, 0x03, 0x77, 0x02, 0x77, 0x02, 0xd4, 0x01,
  0xd4, 0x01, 0x2f, 0x01, 0x2f, 0x01, 0x88, 0x00, 0x88, 0x00, 0xe2, 0xff,
  0xe2, 0xff, 0x3b, 0xff, 0x3b, 0xff, 0x95, 0xfe, 0x95, 0xfe, 0xf1, 0xfd,
  0xf1, 0xfd, 0x4d, 0xfd, 0x4d, 0xfd, 0xad, 0xfc, 0xad, 0xfc, 0x0f, 0xfc,
  0x0f, 0xfc, 0x74, 0xfb, 0x74, 0xfb, 0xde, 0xfa, 0xde, 0xfa, 0x4c, 0xfa,
  0x4c, 0xfa, 0xbe, 0xf9, 0xbe, 0xf9, 0x36, 0xf9, 0x36, 0xf9, 0xb3, 0xf8,
  0xb3, 0xf8, 0x37, 0xf8, 0x37, 0xf8, 0xc1, 0xf7, 0xc1, 0xf7, 0x52, 0xf7,
  0x52, 0xf7, 0xec, 0xf6, 0xec, 0xf6, 0x8c, 0xf6, 0x8c, 0xf6, 0x35, 0xf6,
  0x35, 0xf6, 0xe5, 0xf5, 0xe5, 0xf5, 0x9f, 0xf5, 0x9f, 0xf5, 0x61, 0xf5,
  0x61, 0xf5, 0x2c, 0xf5, 0x2c, 0xf5, 0x00, 0xf5, 0x00, 0xf5, 0xde, 0xf4,
  0xde, 0xf4, 0xc6, 0xf4, 0xc6, 0xf4, 0xb6, 0xf4, 0xb6, 0xf4, 0xb0, 0xf4,
  0xb0, 0xf4, 0xb4, 0xf4, 0xb4, 0xf4, 0xc2, 0xf4, 0xc2, 0xf4, 0xd9, 0xf4,
  0xd9, 0xf4, 0xf9, 0xf4, 0xf9, 0xf4, 0x23, 0xf5, 0x23, 0xf5, 0x57, 0xf5,
  0x57, 0xf5, 0x93, 0xf5, 0x93, 0xf5, 0xd7, 0xf5, 0xd7, 0xf5, 0x25, 0xf6,
  0x25, 0xf6, 0x7b, 0xf6, 0x7b, 0xf6, 0xd9, 0xf6, 0xd9, 0xf6, 0x3f, 0xf7,
  0x3f, 0xf7, 0xac, 0xf7, 0xac, 0xf7, 0x21, 0xf8, 0x21, 0xf8, 0x9c, 0xf8,
  0x9c, 0xf8, 0x1d, 0xf9, 0x1d, 0xf9, 0xa4, 0xf9, 0xa4, 0xf9, 0x31, 0xfa,
  0x31, 0xfa, 0xc2, 0xfa, 0xc2, 0xfa, 0x59, 0xfb, 0x59, 0xfb, 0xf2, 0xfb,
  0xf2, 0xfb, 0x8f, 0xfc, 0x8f, 0xfc, 0x2f, 0xfd, 0x2f, 0xfd, 0xd2, 0xfd,
  0xd2, 0xfd, 0x77, 0xfe, 0x77, 0xfe, 0x1c, 0xff, 0x1c, 0xff, 0xc3, 0xff,
  0xc3, 0xff, 0x6a, 0x00, 0x6a, 0x00, 0x10, 0x01, 0x10, 0x01, 0xb6, 0x01,
  0xb6, 0x01, 0x5a, 0x02, 0x5a, 0x02, 0xfc, 0x02, 0xfc, 0x02, 0x9b, 0x03,
  0x9b, 0x03, 0x38, 0x04, 0x38, 0x04, 0xd0, 0x04, 0xd0, 0x04, 0x66, 0x05,
  0x66, 0x05, 0xf6, 0x05, 0xf6, 0x05, 0x80, 0x06, 0x80, 0x06, 0x06, 0x07,
  0x06, 0x07, 0x86, 0x07, 0x86, 0x07, 0x00, 0x08, 0x00, 0x08, 0x72, 0x08,
  0x72, 0x08, 0xdd, 0x08, 0xdd, 0x08, 0x41, 0x09, 0x41, 0x09, 0x9d, 0x09,
  0x9d, 0x09, 0xf1, 0x09, 0xf1, 0x09, 0x3c, 0x0a, 0x3c, 0x0a, 0x7e, 0x0a,
  0x7e, 0x0a, 0xb8, 0x0a, 0xb8, 0x0a, 0xe9, 0x0a, 0xe9, 0x0a, 0x10, 0x0b,
  0x10, 0x0b, 0x2e, 0x0b, 0x2e, 0x0b, 0x43, 0x0b, 0x43, 0x0b, 0x4d, 0x0b,
  0x4d, 0x0b, 0x4f, 0x0b, 0x4f, 0x0b, 0x47, 0x0b, 0x47, 0x0b, 0x35, 0x0b,
  0x35, 0x0b, 0x1a, 0x0b, 0x1a, 0x0b, 0xf5, 0x0a, 0xf5, 0x0a, 0xc6, 0x0a,
  0xc6, 0x0a, 0x8f, 0x0a, 0x8f, 0x0a, 0x50, 0x0a, 0x50, 0x0a, 0x06, 0x0a,
  0x06, 0x0a, 0xb5, 0x09, 0xb5, 0x09, 0x5b, 0x09, 0x5b, 0x09, 0xf9, 0x08,
  0xf9, 0x08, 0x90, 0x08, 0x90, 0x08, 0x20, 0x08, 0x20, 0x08, 0xa8, 0x07,
  0xa8, 0x07, 0x2a, 0x07, 0x2a, 0x07, 0xa6, 0x06, 0xa6, 0x06, 0x1d, 0x06,
  0x1d, 0x06, 0x8e, 0x05, 0x8e, 0x05, 0xfa, 0x04, 0xfa, 0x04, 0x62, 0x04,
  0x62, 0x04, 0xc7, 0x03, 0xc7, 0x03, 0x28, 0x03, 0x28, 0x03, 0x87, 0x02,
  0x87, 0x02, 0xe3, 0x01, 0xe3, 0x01, 0x3e, 0x01, 0x3e, 0x01, 0x98, 0x00,
  0x98, 0x00, 0xf1, 0xff, 0xf1, 0xff, 0x4a, 0xff, 0x4a, 0xff, 0xa4, 0xfe,
  0xa4, 0xfe, 0xff, 0xfd, 0xff, 0xfd, 0x5d, 0xfd, 0x5d, 0xfd, 0xbb, 0xfc,
  0xbb, 0xfc, 0x1d, 0xfc, 0x1d, 0xfc, 0x82, 0xfb, 0x82, 0xfb, 0xeb, 0xfa,
  0xeb, 0xfa, 0x59, 0xfa, 0x59, 0xfa, 0xca, 0xf9, 0xca, 0xf9, 0x42, 0xf9,
  0x42, 0xf9, 0xbf, 0xf8, 0xbf, 0xf8, 0x42, 0xf8, 0x42, 0xf8, 0xcc, 0xf7,
  0xcc, 0xf7, 0x5d, 0xf7, 0x5d, 0xf7, 0xf4, 0xf6, 0xf4, 0xf6, 0x94, 0xf6,
  0x94, 0xf6, 0x3c, 0xf6, 0x3c, 0xf6, 0xec, 0xf5, 0xec, 0xf5, 0xa5, 0xf5,
  0xa5, 0xf5, 0x66, 0xf5, 0x66, 0xf5, 0x30, 0xf5, 0x30, 0xf5, 0x04, 0xf5,
  0x04, 0xf5, 0xe1, 0xf4, 0xe1, 0xf4, 0xc7, 0xf4, 0xc7, 0xf4, 0xb7, 0xf4,
  0xb7, 0xf4, 0xb0, 0xf4, 0xb0, 0xf4, 0xb3, 0xf4, 0xb3, 0xf4, 0xc0, 0xf4,
  0xc0, 0xf4, 0xd7, 0xf4, 0xd7, 0xf4, 0xf6, 0xf4, 0xf6, 0xf4, 0x1f, 0xf5,
  0x1f, 0xf5, 0x52, 0xf5, 0x52, 0xf5, 0x8d, 0xf5, 0x8d, 0xf5, 0xd1, 0xf5,
  0xd1, 0xf5, 0x1d, 0xf6, 0x1d, 0xf6, 0x73, 0xf6, 0x73, 0xf6, 0xd0, 0xf6,
  0xd0, 0xf6, 0x35, 0xf7, 0x35, 0xf7, 0xa2, 0xf7, 0xa2, 0xf7, 0x16, 0xf8,
  0x16, 0xf8, 0x90, 0xf8, 0x90, 0xf8, 0x11, 0xf9, 0x11, 0xf9, 0x98, 0xf9,
  0x98, 0xf9, 0x24, 0xfa, 0x24, 0xfa, 0xb5, 0xfa, 0xb5, 0xfa, 0x4a, 0xfb,
  0x4a, 0xfb, 0xe4, 0xfb, 0xe4, 0xfb, 0x81, 0xfc, 0x81, 0xfc, 0x21, 0xfd,
  0x21, 0xfd, 0xc3, 0xfd, 0xc3, 0xfd, 0x67, 0xfe, 0x67, 0xfe, 0x0d, 0xff,
  0x0d, 0xff, 0xb4, 0xff, 0xb4, 0xff, 0x5b, 0x00, 0x5b, 0x00, 0x01, 0x01,
  0x01, 0x01, 0xa7, 0x01, 0xa7, 0x01, 0x4b, 0x02, 0x4b, 0x02, 0xee, 0x02,
  0xee, 0x02, 0x8d, 0x03, 0x8d, 0x03, 0x2a, 0x04, 0x2a, 0x04, 0xc3, 0x04,
  0xc3, 0x04, 0x58, 0x05, 0x58, 0x05, 0xe8, 0x05, 0xe8, 0x05, 0x74, 0x06,
  0x74, 0x06, 0xfa, 0x06, 0xfa, 0x06, 0x7b, 0x07, 0x7b, 0x07, 0xf4, 0x07,
  0xf4, 0x07, 0x68, 0x08, 0x68, 0x08, 0xd4, 0x08, 0xd4, 0x08, 0x38, 0x09,
  0x38, 0x09, 0x95, 0x09, 0x95, 0x09, 0xe9, 0x09, 0xe9, 0x09, 0x35, 0x0a,
  0x35, 0x0a, 0x79, 0x0a, 0x79, 0x0a, 0xb3, 0x0a, 0xb3, 0x0a, 0xe5, 0x0a,
  0xe5, 0x0a, 0x0d, 0x0b, 0x0d, 0x0b, 0x2c, 0x0b, 0x2c, 0x0b, 0x41, 0x0b,
  0x41, 0x0b, 0x4d, 0x0b, 0x4d, 0x0b, 0x50, 0x0b, 0x50, 0x0b, 0x48, 0x0b,
  0x48, 0x0b, 0x37, 0x0b, 0x37, 0x0b, 0x1d, 0x0b, 0x1d, 0x0b, 0xf9, 0x0a,
  0xf9, 0x0a, 0xcb, 0x0a, 0xcb, 0x0a, 0x95, 0x0a, 0x95, 0x0a, 0x55, 0x0a,
  0x55, 0x0a, 0x0d, 0x0a, 0x0d, 0x0a, 0xbd, 0x09, 0xbd, 0x09, 0x63, 0x09,
  0x63, 0x09, 0x03, 0x09, 0x03, 0x09, 0x9a, 0x08, 0x9a, 0x08, 0x2a, 0x08,
  0x2a, 0x08, 0xb3, 0x07, 0xb3, 0x07, 0x36, 0x07, 0x36, 0x07, 0xb3, 0x06,
  0xb3, 0x06, 0x29, 0x06, 0x29, 0x06, 0x9b, 0x05, 0x9b, 0x05, 0x08, 0x05,
  0x08, 0x05, 0x70, 0x04, 0x70, 0x04, 0xd5, 0x03, 0xd5, 0x03, 0x36, 0x03,
  0x36, 0x03, 0x96, 0x02, 0x96, 0x02, 0xf3, 0x01, 0xf3, 0x01, 0x4d, 0x01,
  0x4d, 0x01, 0xa7, 0x00, 0xa7, 0x00, 0x00, 0x00, 0x00, 0x00, 0x5a, 0xff,
  0x5a, 0xff, 0xb4, 0xfe, 0xb4, 0xfe, 0x0e, 0xfe, 0x0e, 0xfe, 0x6b, 0xfd,
  0x6b, 0xfd, 0xca, 0xfc, 0xca, 0xfc, 0x2b, 0xfc, 0x2b, 0xfc, 0x90, 0xfb,
  0x90, 0xfb, 0xf9, 0xfa, 0xf9, 0xfa, 0x65, 0xfa, 0x65, 0xfa, 0xd7, 0xf9,
  0xd7, 0xf9, 0x4e, 0xf9, 0x4e, 0xf9, 0xca, 0xf8, 0xca, 0xf8, 0x4d, 0xf8,
  0x4d, 0xf8, 0xd6, 0xf7, 0xd6, 0xf7, 0x66, 0xf7, 0x66, 0xf7, 0xfe, 0xf6,
  0xfe, 0xf6, 0x9d, 0xf6, 0x9d, 0xf6, 0x43, 0xf6, 0x43, 0xf6, 0xf3, 0xf5,
  0xf3, 0xf5, 0xab, 0xf5, 0xab, 0xf5, 0x6c, 0xf5, 0x6c, 0xf5, 0x35, 0xf5,
  0x35, 0xf5, 0x07, 0xf5, 0x07, 0xf5, 0xe4, 0xf4, 0xe4, 0xf4, 0xc9, 0xf4,
  0xc9, 0xf4, 0xb8, 0xf4, 0xb8, 0xf4, 0xb0, 0xf4, 0xb0, 0xf4, 0xb3, 0xf4,
  0xb3, 0xf4, 0xbf, 0xf4, 0xbf, 0xf4, 0xd4, 0xf4, 0xd4, 0xf4, 0xf3, 0xf4,
  0xf3, 0xf4, 0x1b, 0xf5, 0x1b, 0xf5, 0x4d, 0xf5, 0x4d, 0xf5, 0x87, 0xf5,
  0x87, 0xf5, 0xcb, 0xf5, 0xcb, 0xf5, 0x16, 0xf6, 0x16, 0xf6, 0x6b, 0xf6,
  0x6b, 0xf6, 0xc8, 0xf6, 0xc8, 0xf6, 0x2c, 0xf7, 0x2c, 0xf7, 0x98, 0xf7,
  0x98, 0xf7, 0x0c, 0xf8, 0x0c, 0xf8, 0x85, 0xf8, 0x85, 0xf8, 0x05, 0xf9,
  0x05, 0xf9, 0x8c, 0xf9, 0x8c, 0xf9, 0x17, 0xfa, 0x17, 0xfa, 0xa8, 0xfa,
  0xa8, 0xfa, 0x3c, 0xfb, 0x3c, 0xfb, 0xd6, 0xfb, 0xd6, 0xfb, 0x73, 0xfc,
  0x73, 0xfc, 0x12, 0xfd, 0x12, 0xfd, 0xb5, 0xfd, 0xb5, 0xfd, 0x58, 0xfe,
  0x58, 0xfe, 0xfe, 0xfe, 0xfe, 0xfe, 0xa5, 0xff, 0xa5, 0xff, 0x4c, 0x00,
  0x4c, 0x00, 0xf2, 0x00, 0xf2, 0x00, 0x98, 0x01, 0x98, 0x01, 0x3c, 0x02,
  0x3c, 0x02, 0xdf, 0x02, 0xdf, 0x02, 0x7e, 0x03, 0x7e, 0x03, 0x1b, 0x04,
  0x1b, 0x04, 0xb6, 0x04, 0xb6, 0x04, 0x4b, 0x05, 0x4b, 0x05, 0xdc, 0x05,
  0xdc, 0x05, 0x68, 0x06, 0x68, 0x06, 0xee, 0x06, 0xee, 0x06, 0x6f, 0x07,
  0x6f, 0x07, 0xea, 0x07, 0xea, 0x07, 0x5e, 0x08, 0x5e, 0x08, 0xca, 0x08,
  0xca, 0x08, 0x2f, 0x09, 0x2f, 0x09, 0x8c, 0x09, 0x8c, 0x09, 0xe2, 0x09,
  0xe2, 0x09, 0x2f, 0x0a, 0x2f, 0x0a, 0x73, 0x0a, 0x73, 0x0a, 0xae, 0x0a,
  0xae, 0x0a, 0xe1, 0x0a, 0xe1, 0x0a, 0x0a, 0x0b, 0x0a, 0x0b, 0x29, 0x0b,
  0x29, 0x0b, 0x40, 0x0b, 0x40, 0x0b, 0x4d, 0x0b, 0x4d, 0x0b, 0x50, 0x0b,
  0x50, 0x0b, 0x49, 0x0b, 0x49, 0x0b, 0x39, 0x0b, 0x39, 0x0b, 0x1f, 0x0b,
  0x1f, 0x0b, 0xfc, 0x0a, 0xfc, 0x0a, 0xd0, 0x0a, 0xd0, 0x0a, 0x9a, 0x0a,
  0x9a, 0x0a, 0x5c, 0x0a, 0x5c, 0x0a, 0x14, 0x0a, 0x14, 0x0a, 0xc4, 0x09,
  0xc4, 0x09, 0x6c, 0x09, 0x6c, 0x09, 0x0c, 0x09, 0x0c, 0x09, 0xa4, 0x08,
  0xa4, 0x08, 0x35, 0x08, 0x35, 0x08, 0xbf, 0x07, 0xbf, 0x07, 0x42, 0x07,
  0x42, 0x07, 0xbf, 0x06, 0xbf, 0x06, 0x36, 0x06, 0x36, 0x06, 0xa8, 0x05,
  0xa8, 0x05, 0x15, 0x05, 0x15, 0x05, 0x7e, 0x04, 0x7e, 0x04, 0xe4, 0x03,
  0xe4, 0x03, 0x45, 0x03, 0x45, 0x03, 0xa4, 0x02, 0xa4, 0x02, 0x01, 0x02,
  0x01, 0x02, 0x5d, 0x01, 0x5d, 0x01, 0xb6, 0x00, 0xb6, 0x00, 0x10, 0x00,
  0x10, 0x00, 0x69, 0xff, 0x69, 0xff, 0xc3, 0xfe, 0xc3, 0xfe, 0x1e, 0xfe,
  0x1e, 0xfe, 0x7a, 0xfd, 0x7a, 0xfd, 0xd9, 0xfc, 0xd9, 0xfc, 0x3a, 0xfc,
  0x3a, 0xfc, 0x9e, 0xfb, 0x9e, 0xfb, 0x07, 0xfb, 0x07, 0xfb, 0x73, 0xfa,
  0x73, 0xfa, 0xe4, 0xf9, 0xe4, 0xf9, 0x5b, 0xf9, 0x5b, 0xf9, 0xd6, 0xf8,
  0xd6, 0xf8, 0x59, 0xf8, 0x59, 0xf8, 0xe1, 0xf7, 0xe1, 0xf7, 0x70, 0xf7,
  0x70, 0xf7, 0x07, 0xf7, 0x07, 0xf7, 0xa5, 0xf6, 0xa5, 0xf6, 0x4b, 0xf6,
  0x4b, 0xf6, 0xfa, 0xf5, 0xfa, 0xf5, 0xb1, 0xf5, 0xb1, 0xf5, 0x71, 0xf5,
  0x71, 0xf5, 0x3a, 0xf5, 0x3a, 0xf5, 0x0c, 0xf5, 0x0c, 0xf5, 0xe7, 0xf4,
  0xe7, 0xf4, 0xcb, 0xf4, 0xcb, 0xf4, 0xba, 0xf4, 0xba, 0xf4, 0xb1, 0xf4,
  0xb1, 0xf4, 0xb3, 0xf4, 0xb3, 0xf4, 0xbd, 0xf4, 0xbd, 0xf4, 0xd2, 0xf4,
  0xd2, 0xf4, 0xef, 0xf4, 0xef, 0xf4, 0x17, 0xf5, 0x17, 0xf5, 0x48, 0xf5,
  0x48, 0xf5, 0x81, 0xf5, 0x81, 0xf5, 0xc4, 0xf5, 0xc4, 0xf5, 0x0f, 0xf6,
  0x0f, 0xf6, 0x63, 0xf6, 0x63, 0xf6, 0xbf, 0xf6, 0xbf, 0xf6, 0x23, 0xf7,
  0x23, 0xf7, 0x8e, 0xf7, 0x8e, 0xf7, 0x00, 0xf8, 0x00, 0xf8, 0x7a, 0xf8,
  0x7a, 0xf8, 0xf9, 0xf8, 0xf9, 0xf8, 0x7f, 0xf9, 0x7f, 0xf9, 0x0a, 0xfa,
  0x0a, 0xfa, 0x9a, 0xfa, 0x9a, 0xfa, 0x2f, 0xfb, 0x2f, 0xfb, 0xc8, 0xfb,
  0xc8, 0xfb, 0x64, 0xfc, 0x64, 0xfc, 0x04, 0xfd, 0x04, 0xfd, 0xa6, 0xfd,
  0xa6, 0xfd, 0x4a, 0xfe, 0x4a, 0xfe, 0xef, 0xfe, 0xef, 0xfe, 0x95, 0xff,
  0x95, 0xff, 0x3d, 0x00, 0x3d, 0x00, 0xe3, 0x00, 0xe3, 0x00, 0x88, 0x01,
  0x88, 0x01, 0x2d, 0x02, 0x2d, 0x02, 0xd0, 0x02, 0xd0, 0x02, 0x70, 0x03,
  0x70, 0x03, 0x0d, 0x04, 0x0d, 0x04, 0xa7, 0x04, 0xa7, 0x04, 0x3d, 0x05,
  0x3d, 0x05, 0xcf, 0x05, 0xcf, 0x05, 0x5b, 0x06, 0x5b, 0x06, 0xe3, 0x06,
  0xe3, 0x06, 0x63, 0x07, 0x63, 0x07, 0xdf, 0x07, 0xdf, 0x07, 0x53, 0x08,
  0x53, 0x08, 0xc1, 0x08, 0xc1, 0x08, 0x27, 0x09, 0x27, 0x09, 0x85, 0x09,
  0x85, 0x09, 0xda, 0x09, 0xda, 0x09, 0x28, 0x0a, 0x28, 0x0a, 0x6d, 0x0a,
  0x6d, 0x0a, 0xa9, 0x0a, 0xa9, 0x0a, 0xdc, 0x0a, 0xdc, 0x0a, 0x07, 0x0b,
  0x07, 0x0b, 0x27, 0x0b, 0x27, 0x0b, 0x3e, 0x0b, 0x3e, 0x0b, 0x4b, 0x0b,
  0x4b, 0x0b, 0x50, 0x0b, 0x50, 0x0b, 0x4a, 0x0b, 0x4a, 0x0b, 0x3a, 0x0b,
  0x3a, 0x0b, 0x22, 0x0b, 0x22, 0x0b, 0x00, 0x0b, 0x00, 0x0b, 0xd4, 0x0a,
  0xd4, 0x0a, 0x9f, 0x0a, 0x9f, 0x0a, 0x62, 0x0a, 0x62, 0x0a, 0x1b, 0x0a,
  0x1b, 0x0a, 0xcc, 0x09, 0xcc, 0x09, 0x74, 0x09, 0x74, 0x09, 0x15, 0x09,
  0x15, 0x09, 0xae, 0x08, 0xae, 0x08, 0x3f, 0x08, 0x3f, 0x08, 0xc9, 0x07,
  0xc9, 0x07, 0x4e, 0x07, 0x4e, 0x07, 0xcb, 0x06, 0xcb, 0x06, 0x43, 0x06,
  0x43, 0x06, 0xb5, 0x05, 0xb5, 0x05, 0x22, 0x05, 0x22, 0x05, 0x8d, 0x04,
  0x8d, 0x04, 0xf2, 0x03, 0xf2, 0x03, 0x54, 0x03, 0x54, 0x03, 0xb4, 0x02,
  0xb4, 0x02, 0x0f, 0x02, 0x0f, 0x02, 0x6b, 0x01, 0x6b, 0x01, 0xc5, 0x00,
  0xc5, 0x00, 0x1e, 0x00, 0x1e, 0x00, 0x78, 0xff, 0x78, 0xff, 0xd1, 0xfe,
  0xd1, 0xfe, 0x2d, 0xfe, 0x2d, 0xfe, 0x89, 0xfd, 0x89, 0xfd, 0xe7, 0xfc,
  0xe7, 0xfc, 0x48, 0xfc, 0x48, 0xfc, 0xac, 0xfb, 0xac, 0xfb, 0x14, 0xfb,
  0x14, 0xfb, 0x80, 0xfa, 0x80, 0xfa, 0xf1, 0xf9, 0xf1, 0xf9, 0x67, 0xf9,
  0x67, 0xf9, 0xe2, 0xf8, 0xe2, 0xf8, 0x63, 0xf8, 0x63, 0xf8, 0xeb, 0xf7,
  0xeb, 0xf7, 0x7b, 0xf7, 0x7b, 0xf7, 0x10, 0xf7, 0x10, 0xf7, 0xae, 0xf6,
  0xae, 0xf6, 0x53, 0xf6, 0x53, 0xf6, 0x01, 0xf6, 0x01, 0xf6, 0xb7, 0xf5,
  0xb7, 0xf5, 0x76, 0xf5, 0x76, 0xf5, 0x3e, 0xf5, 0x3e, 0xf5, 0x0f, 0xf5,
  0x0f, 0xf5, 0xea, 0xf4, 0xea, 0xf4, 0xcd, 0xf4, 0xcd, 0xf4, 0xba, 0xf4,
  0xba, 0xf4, 0xb1, 0xf4, 0xb1, 0xf4, 0xb2, 0xf4, 0xb2, 0xf4, 0xbc, 0xf4,
  0xbc, 0xf4, 0xd0, 0xf4, 0xd0, 0xf4, 0xed, 0xf4, 0xed, 0xf4, 0x13, 0xf5,
  0x13, 0xf5, 0x43, 0xf5, 0x43, 0xf5, 0x7b, 0xf5, 0x7b, 0xf5, 0xbd, 0xf5,
  0xbd, 0xf5, 0x08, 0xf6, 0x08, 0xf6, 0x5b, 0xf6, 0x5b, 0xf6, 0xb6, 0xf6,
  0xb6, 0xf6, 0x19, 0xf7, 0x19, 0xf7, 0x84, 0xf7, 0x84, 0xf7, 0xf6, 0xf7,
  0xf6, 0xf7, 0x6f, 0xf8, 0x6f, 0xf8, 0xed, 0xf8, 0xed, 0xf8, 0x72, 0xf9,
  0x72, 0xf9, 0xfd, 0xf9, 0xfd, 0xf9, 0x8d, 0xfa, 0x8d, 0xfa, 0x21, 0xfb,
  0x21, 0xfb, 0xba, 0xfb, 0xba, 0xfb, 0x56, 0xfc, 0x56, 0xfc, 0xf5, 0xfc,
  0xf5, 0xfc, 0x97, 0xfd, 0x97, 0xfd, 0x3b, 0xfe, 0x3b, 0xfe, 0xe0, 0xfe,
  0xe0, 0xfe, 0x86, 0xff, 0x86, 0xff, 0x2d, 0x00, 0x2d, 0x00, 0xd4, 0x00,
  0xd4, 0x00, 0x7a, 0x01, 0x7a, 0x01, 0x1e, 0x02, 0x1e, 0x02, 0xc1, 0x02,
  0xc1, 0x02, 0x61, 0x03, 0x61, 0x03, 0xff, 0x03, 0xff, 0x03, 0x99, 0x04,
  0x99, 0x04, 0x30, 0x05, 0x30, 0x05, 0xc2, 0x05, 0xc2, 0x05, 0x4e, 0x06,
  0x4e, 0x06, 0xd7, 0x06, 0xd7, 0x06, 0x58, 0x07, 0x58, 0x07, 0xd4, 0x07,
  0xd4, 0x07, 0x49, 0x08, 0x49, 0x08, 0xb7, 0x08, 0xb7, 0x08, 0x1d, 0x09,
  0x1d, 0x09, 0x7c, 0x09, 0x7c, 0x09, 0xd3, 0x09, 0xd3, 0x09, 0x22, 0x0a,
  0x22, 0x0a, 0x68, 0x0a, 0x68, 0x0a, 0xa4, 0x0a, 0xa4, 0x0a, 0xd8, 0x0a,
  0xd8, 0x0a, 0x03, 0x0b, 0x03, 0x0b, 0x24, 0x0b, 0x24, 0x0b, 0x3c, 0x0b,
  0x3c, 0x0b, 0x4b, 0x0b, 0x4b, 0x0b, 0x50, 0x0b, 0x50, 0x0b, 0x4b, 0x0b,
  0x4b, 0x0b, 0x3c, 0x0b, 0x3c, 0x0b, 0x24, 0x0b, 0x24, 0x0b, 0x03, 0x0b,
  0x03, 0x0b, 0xd9, 0x0a, 0xd9, 0x0a, 0xa4, 0x0a, 0xa4, 0x0a, 0x68, 0x0a,
  0x68, 0x0a, 0x22, 0x0a, 0x22, 0x0a, 0xd3, 0x09, 0xd3, 0x09, 0x7d, 0x09,
  0x7d, 0x09, 0x1d, 0x09, 0x1d, 0x09, 0xb8, 0x08, 0xb8, 0x08, 0x49, 0x08,
  0x49, 0x08, 0xd4, 0x07, 0xd4, 0x07, 0x59, 0x07, 0x59, 0x07, 0xd7, 0x06,
  0xd7, 0x06, 0x4f, 0x06, 0x4f, 0x06, 0xc2, 0x05, 0xc2, 0x05, 0x30, 0x05,
  0x30, 0x05, 0x9a, 0x04, 0x9a, 0x04, 0x00, 0x04, 0x00, 0x04, 0x62, 0x03,
  0x62, 0x03, 0xc2, 0x02, 0xc2, 0x02, 0x1f, 0x02, 0x1f, 0x02, 0x7a, 0x01,
  0x7a, 0x01, 0xd4, 0x00, 0xd4, 0x00, 0x2d, 0x00, 0x2d, 0x00, 0x87, 0xff,
  0x87, 0xff, 0xe1, 0xfe, 0xe1, 0xfe, 0x3b, 0xfe, 0x3b, 0xfe, 0x97, 0xfd,
  0x97, 0xfd, 0xf5, 0xfc, 0xf5, 0xfc, 0x56, 0xfc, 0x56, 0xfc, 0xba, 0xfb,
  0xba, 0xfb, 0x21, 0xfb, 0x21, 0xfb, 0x8e, 0xfa, 0x8e, 0xfa, 0xfd, 0xf9,
  0xfd, 0xf9, 0x73, 0xf9, 0x73, 0xf9, 0xee, 0xf8, 0xee, 0xf8, 0x6f, 0xf8,
  0x6f, 0xf8, 0xf6, 0xf7, 0xf6, 0xf7, 0x85, 0xf7, 0x85, 0xf7, 0x19, 0xf7,
  0x19, 0xf7, 0xb6, 0xf6, 0xb6, 0xf6, 0x5c, 0xf6, 0x5c, 0xf6, 0x08, 0xf6,
  0x08, 0xf6, 0xbe, 0xf5, 0xbe, 0xf5, 0x7c, 0xf5, 0x7c, 0xf5, 0x43, 0xf5,
  0x43, 0xf5, 0x13, 0xf5, 0x13, 0xf5, 0xed, 0xf4, 0xed, 0xf4, 0xd0, 0xf4,
  0xd0, 0xf4, 0xbc, 0xf4, 0xbc, 0xf4, 0xb2, 0xf4, 0xb2, 0xf4, 0xb1, 0xf4,
  0xb1, 0xf4, 0xba, 0xf4, 0xba, 0xf4, 0xcd, 0xf4, 0xcd, 0xf4, 0xea, 0xf4,
  0xea, 0xf4, 0x0f, 0xf5, 0x0f, 0xf5, 0x3e, 0xf5, 0x3e, 0xf5, 0x76, 0xf5,
  0x76, 0xf5, 0xb7, 0xf5, 0xb7, 0xf5, 0x01, 0xf6, 0x01, 0xf6, 0x53, 0xf6,
  0x53, 0xf6, 0xae, 0xf6, 0xae, 0xf6, 0x10, 0xf7, 0x10, 0xf7, 0x7a, 0xf7,
  0x7a, 0xf7, 0xeb, 0xf7, 0xeb, 0xf7, 0x63, 0xf8, 0x63, 0xf8, 0xe2, 0xf8,
  0xe2, 0xf8, 0x66, 0xf9, 0x66, 0xf9, 0xf0, 0xf9, 0xf0, 0xf9, 0x7f, 0xfa,
  0x7f, 0xfa, 0x13, 0xfb, 0x13, 0xfb, 0xac, 0xfb, 0xac, 0xfb, 0x48, 0xfc,
  0x48, 0xfc, 0xe7, 0xfc, 0xe7, 0xfc, 0x89, 0xfd, 0x89, 0xfd, 0x2c, 0xfe,
  0x2c, 0xfe, 0xd1, 0xfe, 0xd1, 0xfe, 0x78, 0xff, 0x78, 0xff, 0x1e, 0x00,
  0x1e, 0x00, 0xc5, 0x00, 0xc5, 0x00, 0x6b, 0x01, 0x6b, 0x01, 0x0f, 0x02,
  0x0f, 0x02, 0xb3, 0x02, 0xb3, 0x02, 0x53, 0x03, 0x53, 0x03, 0xf1, 0x03,
  0xf1, 0x03, 0x8c, 0x04, 0x8c, 0x04, 0x22, 0x05, 0x22, 0x05, 0xb4, 0x05,
  0xb4, 0x05, 0x42, 0x06, 0x42, 0x06, 0xca, 0x06, 0xca, 0x06, 0x4d, 0x07,
  0x4d, 0x07, 0xc9, 0x07, 0xc9, 0x07, 0x3f, 0x08, 0x3f, 0x08, 0xae, 0x08,
  0xae, 0x08, 0x14, 0x09, 0x14, 0x09, 0x74, 0x09, 0x74, 0x09, 0xcb, 0x09,
  0xcb, 0x09, 0x1b, 0x0a, 0x1b, 0x0a, 0x61, 0x0a, 0x61, 0x0a, 0x9f, 0x0a,
  0x9f, 0x0a, 0xd4, 0x0a, 0xd4, 0x0a, 0x00, 0x0b, 0x00, 0x0b, 0x22, 0x0b,
  0x22, 0x0b, 0x3a, 0x0b, 0x3a, 0x0b, 0x4a, 0x0b, 0x4a, 0x0b, 0x50, 0x0b,
  0x50, 0x0b, 0x4c, 0x0b, 0x4c, 0x0b, 0x3e, 0x0b, 0x3e, 0x0b, 0x27, 0x0b,
  0x27, 0x0b, 0x07, 0x0b, 0x07, 0x0b, 0xdd, 0x0a, 0xdd, 0x0a, 0xa9, 0x0a,
  0xa9, 0x0a, 0x6d, 0x0a, 0x6d, 0x0a, 0x29, 0x0a, 0x29, 0x0a, 0xdb, 0x09,
  0xdb, 0x09, 0x85, 0x09, 0x85, 0x09, 0x27, 0x09, 0x27, 0x09, 0xc1, 0x08,
  0xc1, 0x08, 0x54, 0x08, 0x54, 0x08, 0xdf, 0x07, 0xdf, 0x07, 0x64, 0x07,
  0x64, 0x07, 0xe3, 0x06, 0xe3, 0x06, 0x5c, 0x06, 0x5c, 0x06, 0xcf, 0x05,
  0xcf, 0x05, 0x3e, 0x05, 0x3e, 0x05, 0xa7, 0x04, 0xa7, 0x04, 0x0e, 0x04,
  0x0e, 0x04, 0x71, 0x03, 0x71, 0x03, 0xd1, 0x02, 0xd1, 0x02, 0x2e, 0x02,
  0x2e, 0x02, 0x89, 0x01, 0x89, 0x01, 0xe4, 0x00, 0xe4, 0x00, 0x3d, 0x00,
  0x3d, 0x00, 0x96, 0xff, 0x96, 0xff, 0xf0, 0xfe, 0xf0, 0xfe, 0x4a, 0xfe,
  0x4a, 0xfe, 0xa6, 0xfd, 0xa6, 0xfd, 0x04, 0xfd, 0x04, 0xfd, 0x65, 0xfc,
  0x65, 0xfc, 0xc8, 0xfb, 0xc8, 0xfb, 0x30, 0xfb, 0x30, 0xfb, 0x9a, 0xfa,
  0x9a, 0xfa, 0x0a, 0xfa, 0x0a, 0xfa, 0x80, 0xf9, 0x80, 0xf9, 0xfa, 0xf8,
  0xfa, 0xf8, 0x7a, 0xf8, 0x7a, 0xf8, 0x00, 0xf8, 0x00, 0xf8, 0x8e, 0xf7,
  0x8e, 0xf7, 0x23, 0xf7, 0x23, 0xf7, 0xbf, 0xf6, 0xbf, 0xf6, 0x63, 0xf6,
  0x63, 0xf6, 0x0f, 0xf6, 0x0f, 0xf6, 0xc4, 0xf5, 0xc4, 0xf5, 0x82, 0xf5,
  0x82, 0xf5, 0x48, 0xf5, 0x48, 0xf5, 0x17, 0xf5, 0x17, 0xf5, 0xf0, 0xf4,
  0xf0, 0xf4, 0xd2, 0xf4, 0xd2, 0xf4, 0xbd, 0xf4, 0xbd, 0xf4, 0xb3, 0xf4,
  0xb3, 0xf4, 0xb1, 0xf4, 0xb1, 0xf4, 0xb9, 0xf4, 0xb9, 0xf4, 0xcb, 0xf4,
  0xcb, 0xf4, 0xe6, 0xf4, 0xe6, 0xf4, 0x0b, 0xf5, 0x0b, 0xf5, 0x3a, 0xf5,
  0x3a, 0xf5, 0x71, 0xf5, 0x71, 0xf5, 0xb0, 0xf5, 0xb0, 0xf5, 0xfa, 0xf5,
  0xfa, 0xf5, 0x4b, 0xf6, 0x4b, 0xf6, 0xa5, 0xf6, 0xa5, 0xf6, 0x07, 0xf7,
  0x07, 0xf7, 0x70, 0xf7, 0x70, 0xf7, 0xe0, 0xf7, 0xe0, 0xf7, 0x58, 0xf8,
  0x58, 0xf8, 0xd6, 0xf8, 0xd6, 0xf8, 0x5a, 0xf9, 0x5a, 0xf9, 0xe3, 0xf9,
  0xe3, 0xf9, 0x72, 0xfa, 0x72, 0xfa, 0x06, 0xfb, 0x06, 0xfb, 0x9e, 0xfb,
  0x9e, 0xfb, 0x39, 0xfc, 0x39, 0xfc, 0xd8, 0xfc, 0xd8, 0xfc, 0x79, 0xfd,
  0x79, 0xfd, 0x1d, 0xfe, 0x1d, 0xfe, 0xc2, 0xfe, 0xc2, 0xfe, 0x68, 0xff,
  0x68, 0xff, 0x0f, 0x00, 0x0f, 0x00, 0xb6, 0x00, 0xb6, 0x00, 0x5c, 0x01,
  0x5c, 0x01, 0x01, 0x02, 0x01, 0x02, 0xa3, 0x02, 0xa3, 0x02, 0x45, 0x03,
  0x45, 0x03, 0xe3, 0x03, 0xe3, 0x03, 0x7e, 0x04, 0x7e, 0x04, 0x15, 0x05,
  0x15, 0x05, 0xa7, 0x05, 0xa7, 0x05, 0x36, 0x06, 0x36, 0x06, 0xbe, 0x06,
  0xbe, 0x06, 0x41, 0x07, 0x41, 0x07, 0xbe, 0x07, 0xbe, 0x07, 0x34, 0x08,
  0x34, 0x08, 0xa3, 0x08, 0xa3, 0x08, 0x0c, 0x09, 0x0c, 0x09, 0x6c, 0x09,
  0x6c, 0x09, 0xc4, 0x09, 0xc4, 0x09, 0x14, 0x0a, 0x14, 0x0a, 0x5b, 0x0a,
  0x5b, 0x0a, 0x9a, 0x0a, 0x9a, 0x0a, 0xd0, 0x0a, 0xd0, 0x0a, 0xfc, 0x0a,
  0xfc, 0x0a, 0x1f, 0x0b, 0x1f, 0x0b, 0x39, 0x0b, 0x39, 0x0b, 0x49, 0x0b,
  0x49, 0x0b, 0x50, 0x0b, 0x50, 0x0b, 0x4d, 0x0b, 0x4d, 0x0b, 0x40, 0x0b,
  0x40, 0x0b, 0x29, 0x0b, 0x29, 0x0b, 0x0a, 0x0b, 0x0a, 0x0b, 0xe1, 0x0a,
  0xe1, 0x0a, 0xae, 0x0a, 0xae, 0x0a, 0x73, 0x0a, 0x73, 0x0a, 0x2f, 0x0a,
  0x2f, 0x0a, 0xe3, 0x09, 0xe3, 0x09, 0x8d, 0x09, 0x8d, 0x09, 0x30, 0x09,
  0x30, 0x09, 0xcb, 0x08, 0xcb, 0x08, 0x5e, 0x08, 0x5e, 0x08, 0xea, 0x07,
  0xea, 0x07, 0x70, 0x07, 0x70, 0x07, 0xef, 0x06, 0xef, 0x06, 0x68, 0x06,
  0x68, 0x06, 0xdc, 0x05, 0xdc, 0x05, 0x4b, 0x05, 0x4b, 0x05, 0xb6, 0x04,
  0xb6, 0x04, 0x1c, 0x04, 0x1c, 0x04, 0x7f, 0x03, 0x7f, 0x03, 0xdf, 0x02,
  0xdf, 0x02, 0x3d, 0x02, 0x3d, 0x02, 0x99, 0x01, 0x99, 0x01, 0xf3, 0x00,
  0xf3, 0x00, 0x4c, 0x00, 0x4c, 0x00, 0xa5, 0xff, 0xa5, 0xff, 0xff, 0xfe,
  0xff, 0xfe, 0x59, 0xfe, 0x59, 0xfe, 0xb5, 0xfd, 0xb5, 0xfd, 0x12, 0xfd,
  0x12, 0xfd, 0x73, 0xfc, 0x73, 0xfc, 0xd6, 0xfb, 0xd6, 0xfb, 0x3d, 0xfb,
  0x3d, 0xfb, 0xa8, 0xfa, 0xa8, 0xfa, 0x18, 0xfa, 0x18, 0xfa, 0x8c, 0xf9,
  0x8c, 0xf9, 0x06, 0xf9, 0x06, 0xf9, 0x85, 0xf8, 0x85, 0xf8, 0x0c, 0xf8,
  0x0c, 0xf8, 0x98, 0xf7, 0x98, 0xf7, 0x2c, 0xf7, 0x2c, 0xf7, 0xc8, 0xf6,
  0xc8, 0xf6, 0x6b, 0xf6, 0x6b, 0xf6, 0x17, 0xf6, 0x17, 0xf6, 0xcb, 0xf5,
  0xcb, 0xf5, 0x87, 0xf5, 0x87, 0xf5, 0x4d, 0xf5, 0x4d, 0xf5, 0x1b, 0xf5,
  0x1b, 0xf5, 0xf3, 0xf4, 0xf3, 0xf4, 0xd4, 0xf4, 0xd4, 0xf4, 0xbf, 0xf4,
  0xbf, 0xf4, 0xb3, 0xf4, 0xb3, 0xf4, 0xb0, 0xf4, 0xb0, 0xf4, 0xb8, 0xf4,
  0xb8, 0xf4, 0xc9, 0xf4, 0xc9, 0xf4, 0xe3, 0xf4, 0xe3, 0xf4, 0x07, 0xf5,
  0x07, 0xf5, 0x35, 0xf5, 0x35, 0xf5, 0x6b, 0xf5, 0x6b, 0xf5, 0xab, 0xf5,
  0xab, 0xf5, 0xf3, 0xf5, 0xf3, 0xf5, 0x43, 0xf6, 0x43, 0xf6, 0x9d, 0xf6,
  0x9d, 0xf6, 0xfd, 0xf6, 0xfd, 0xf6, 0x66, 0xf7, 0x66, 0xf7, 0xd6, 0xf7,
  0xd6, 0xf7, 0x4d, 0xf8, 0x4d, 0xf8, 0xca, 0xf8, 0xca, 0xf8, 0x4d, 0xf9,
  0x4d, 0xf9, 0xd7, 0xf9, 0xd7, 0xf9, 0x65, 0xfa, 0x65, 0xfa, 0xf8, 0xfa,
  0xf8, 0xfa, 0x90, 0xfb, 0x90, 0xfb, 0x2b, 0xfc, 0x2b, 0xfc, 0xca, 0xfc,
  0xca, 0xfc, 0x6a, 0xfd, 0x6a, 0xfd, 0x0d, 0xfe, 0x0d, 0xfe, 0xb3, 0xfe,
  0xb3, 0xfe, 0x59, 0xff, 0x59, 0xff, 0x00, 0x00, 0x00, 0x00, 0xa6, 0x00,
  0xa6, 0x00, 0x4c, 0x01, 0x4c, 0x01, 0xf2, 0x01, 0xf2, 0x01, 0x95, 0x02,
  0x95, 0x02, 0x36, 0x03, 0x36, 0x03, 0xd5, 0x03, 0xd5, 0x03, 0x70, 0x04,
  0x70, 0x04, 0x07, 0x05, 0x07, 0x05, 0x9b, 0x05, 0x9b, 0x05, 0x29, 0x06,
  0x29, 0x06, 0xb2, 0x06, 0xb2, 0x06, 0x36, 0x07, 0x36, 0x07, 0xb3, 0x07,
  0xb3, 0x07, 0x2a, 0x08, 0x2a, 0x08, 0x9a, 0x08, 0x9a, 0x08, 0x02, 0x09,
  0x02, 0x09, 0x63, 0x09, 0x63, 0x09, 0xbd, 0x09, 0xbd, 0x09, 0x0d, 0x0a,
  0x0d, 0x0a, 0x55, 0x0a, 0x55, 0x0a, 0x94, 0x0a, 0x94, 0x0a, 0xcb, 0x0a,
  0xcb, 0x0a, 0xf9, 0x0a, 0xf9, 0x0a, 0x1c, 0x0b, 0x1c, 0x0b, 0x37, 0x0b,
  0x37, 0x0b, 0x48, 0x0b, 0x48, 0x0b, 0x50, 0x0b, 0x50, 0x0b, 0x4d, 0x0b,
  0x4d, 0x0b, 0x41, 0x0b, 0x41, 0x0b, 0x2c, 0x0b, 0x2c, 0x0b, 0x0d, 0x0b,
  0x0d, 0x0b, 0xe5, 0x0a, 0xe5, 0x0a, 0xb3, 0x0a, 0xb3, 0x0a, 0x79, 0x0a,
  0x79, 0x0a, 0x35, 0x0a, 0x35, 0x0a, 0xea, 0x09, 0xea, 0x09, 0x95, 0x09,
  0x95, 0x09, 0x38, 0x09, 0x38, 0x09, 0xd4, 0x08, 0xd4, 0x08, 0x68, 0x08,
  0x68, 0x08, 0xf4, 0x07, 0xf4, 0x07, 0x7b, 0x07, 0x7b, 0x07, 0xfb, 0x06,
  0xfb, 0x06, 0x74, 0x06, 0x74, 0x06, 0xe9, 0x05, 0xe9, 0x05, 0x58, 0x05,
  0x58, 0x05, 0xc4, 0x04, 0xc4, 0x04, 0x2a, 0x04, 0x2a, 0x04, 0x8d, 0x03,
  0x8d, 0x03, 0xee, 0x02, 0xee, 0x02, 0x4b, 0x02, 0x4b, 0x02, 0xa8, 0x01,
  0xa8, 0x01, 0x02, 0x01, 0x02, 0x01, 0x5b, 0x00, 0x5b, 0x00, 0xb4, 0xff,
  0xb4, 0xff, 0x0e, 0xff, 0x0e, 0xff, 0x68, 0xfe, 0x68, 0xfe, 0xc4, 0xfd,
  0xc4, 0xfd, 0x21, 0xfd, 0x21, 0xfd, 0x82, 0xfc, 0x82, 0xfc, 0xe5, 0xfb,
  0xe5, 0xfb, 0x4a, 0xfb, 0x4a, 0xfb, 0xb5, 0xfa, 0xb5, 0xfa, 0x24, 0xfa,
  0x24, 0xfa, 0x98, 0xf9, 0x98, 0xf9, 0x12, 0xf9, 0x12, 0xf9, 0x91, 0xf8,
  0x91, 0xf8, 0x16, 0xf8, 0x16, 0xf8, 0xa2, 0xf7, 0xa2, 0xf7, 0x36, 0xf7,
  0x36, 0xf7, 0xd1, 0xf6, 0xd1, 0xf6, 0x74, 0xf6, 0x74, 0xf6, 0x1e, 0xf6,
  0x1e, 0xf6, 0xd1, 0xf5, 0xd1, 0xf5, 0x8d, 0xf5, 0x8d, 0xf5, 0x52, 0xf5,
  0x52, 0xf5, 0x1f, 0xf5, 0x1f, 0xf5, 0xf6, 0xf4, 0xf6, 0xf4, 0xd7, 0xf4,
  0xd7, 0xf4, 0xc0, 0xf4, 0xc0, 0xf4, 0xb3, 0xf4, 0xb3, 0xf4, 0xb0, 0xf4,
  0xb0, 0xf4, 0xb7, 0xf4, 0xb7, 0xf4, 0xc7, 0xf4, 0xc7, 0xf4, 0xe1, 0xf4,
  0xe1, 0xf4, 0x04, 0xf5, 0x04, 0xf5, 0x30, 0xf5, 0x30, 0xf5, 0x66, 0xf5,
  0x66, 0xf5, 0xa4, 0xf5, 0xa4, 0xf5, 0xec, 0xf5, 0xec, 0xf5, 0x3c, 0xf6,
  0x3c, 0xf6, 0x94, 0xf6, 0x94, 0xf6, 0xf4, 0xf6, 0xf4, 0xf6, 0x5c, 0xf7,
  0x5c, 0xf7, 0xcb, 0xf7, 0xcb, 0xf7, 0x41, 0xf8, 0x41, 0xf8, 0xbe, 0xf8,
  0xbe, 0xf8, 0x41, 0xf9, 0x41, 0xf9, 0xca, 0xf9, 0xca, 0xf9, 0x58, 0xfa,
  0x58, 0xfa, 0xeb, 0xfa, 0xeb, 0xfa, 0x82, 0xfb, 0x82, 0xfb, 0x1c, 0xfc,
  0x1c, 0xfc, 0xbb, 0xfc, 0xbb, 0xfc, 0x5c, 0xfd, 0x5c, 0xfd, 0xff, 0xfd,
  0xff, 0xfd, 0xa3, 0xfe, 0xa3, 0xfe, 0x4a, 0xff, 0x4a, 0xff, 0xf0, 0xff,
  0xf0, 0xff, 0x97, 0x00, 0x97, 0x00, 0x3d, 0x01, 0x3d, 0x01, 0xe2, 0x01,
  0xe2, 0x01, 0x86, 0x02, 0x86, 0x02, 0x27, 0x03, 0x27, 0x03, 0xc6, 0x03,
  0xc6, 0x03, 0x62, 0x04, 0x62, 0x04, 0xf9, 0x04, 0xf9, 0x04, 0x8d, 0x05,
  0x8d, 0x05, 0x1c, 0x06, 0x1c, 0x06, 0xa5, 0x06, 0xa5, 0x06, 0x2a, 0x07,
  0x2a, 0x07, 0xa7, 0x07, 0xa7, 0x07, 0x1f, 0x08, 0x1f, 0x08, 0x90, 0x08,
  0x90, 0x08, 0xf9, 0x08, 0xf9, 0x08, 0x5b, 0x09, 0x5b, 0x09, 0xb5, 0x09,
  0xb5, 0x09, 0x06, 0x0a, 0x06, 0x0a, 0x4f, 0x0a, 0x4f, 0x0a, 0x8f, 0x0a,
  0x8f, 0x0a, 0xc6, 0x0a, 0xc6, 0x0a, 0xf4, 0x0a, 0xf4, 0x0a, 0x19, 0x0b,
  0x19, 0x0b, 0x35, 0x0b, 0x35, 0x0b, 0x46, 0x0b, 0x46, 0x0b, 0x4f, 0x0b,
  0x4f, 0x0b, 0x4d, 0x0b, 0x4d, 0x0b, 0x43, 0x0b, 0x43, 0x0b, 0x2e, 0x0b,
  0x2e, 0x0b, 0x11, 0x0b, 0x11, 0x0b, 0xe9, 0x0a, 0xe9, 0x0a, 0xb8, 0x0a,
  0xb8, 0x0a, 0x7f, 0x0a, 0x7f, 0x0a, 0x3c, 0x0a, 0x3c, 0x0a, 0xf1, 0x09,
  0xf1, 0x09, 0x9d, 0x09, 0x9d, 0x09, 0x41, 0x09, 0x41, 0x09, 0xdd, 0x08,
  0xdd, 0x08, 0x72, 0x08, 0x72, 0x08, 0x00, 0x08, 0x00, 0x08, 0x86, 0x07,
  0x86, 0x07, 0x07, 0x07, 0x07, 0x07, 0x81, 0x06, 0x81, 0x06, 0xf6, 0x05,
  0xf6, 0x05, 0x66, 0x05, 0x66, 0x05, 0xd1, 0x04, 0xd1, 0x04, 0x38, 0x04,
  0x38, 0x04, 0x9c, 0x03, 0x9c, 0x03, 0xfc, 0x02, 0xfc, 0x02, 0x5a, 0x02,
  0x5a, 0x02, 0xb6, 0x01, 0xb6, 0x01, 0x11, 0x01, 0x11, 0x01, 0x6b, 0x00,
  0x6b, 0x00, 0xc3, 0xff, 0xc3, 0xff, 0x1d, 0xff, 0x1d, 0xff, 0x78, 0xfe,
  0x78, 0xfe, 0xd3, 0xfd, 0xd3, 0xfd, 0x30, 0xfd, 0x30, 0xfd, 0x90, 0xfc,
  0x90, 0xfc, 0xf3, 0xfb, 0xf3, 0xfb, 0x59, 0xfb, 0x59, 0xfb, 0xc3, 0xfa,
  0xc3, 0xfa, 0x31, 0xfa, 0x31, 0xfa, 0xa5, 0xf9, 0xa5, 0xf9, 0x1d, 0xf9,
  0x1d, 0xf9, 0x9d, 0xf8, 0x9d, 0xf8, 0x21, 0xf8, 0x21, 0xf8, 0xad, 0xf7,
  0xad, 0xf7, 0x3f, 0xf7, 0x3f, 0xf7, 0xd9, 0xf6, 0xd9, 0xf6, 0x7b, 0xf6,
  0x7b, 0xf6, 0x26, 0xf6, 0x26, 0xf6, 0xd8, 0xf5, 0xd8, 0xf5, 0x93, 0xf5,
  0x93, 0xf5, 0x57, 0xf5, 0x57, 0xf5, 0x24, 0xf5, 0x24, 0xf5, 0xf9, 0xf4,
  0xf9, 0xf4, 0xd9, 0xf4, 0xd9, 0xf4, 0xc2, 0xf4, 0xc2, 0xf4, 0xb5, 0xf4,
  0xb5, 0xf4, 0xb0, 0xf4, 0xb0, 0xf4, 0xb6, 0xf4, 0xb6, 0xf4, 0xc6, 0xf4,
  0xc6, 0xf4, 0xde, 0xf4, 0xde, 0xf4, 0x00, 0xf5, 0x00, 0xf5, 0x2c, 0xf5,
  0x2c, 0xf5, 0x61, 0xf5, 0x61, 0xf5, 0x9e, 0xf5, 0x9e, 0xf5, 0xe5, 0xf5,
  0xe5, 0xf5, 0x34, 0xf6, 0x34, 0xf6, 0x8c, 0xf6, 0x8c, 0xf6, 0xeb, 0xf6,
  0xeb, 0xf6, 0x52, 0xf7, 0x52, 0xf7, 0xc1, 0xf7, 0xc1, 0xf7, 0x37, 0xf8,
  0x37, 0xf8, 0xb2, 0xf8, 0xb2, 0xf8, 0x35, 0xf9, 0x35, 0xf9, 0xbd, 0xf9,
  0xbd, 0xf9, 0x4b, 0xfa, 0x4b, 0xfa, 0xde, 0xfa, 0xde, 0xfa, 0x73, 0xfb,
  0x73, 0xfb, 0x0e, 0xfc, 0x0e, 0xfc, 0xac, 0xfc, 0xac, 0xfc, 0x4c, 0xfd,
  0x4c, 0xfd, 0xf1, 0xfd, 0xf1, 0xfd, 0x95, 0xfe, 0x95, 0xfe, 0x3b, 0xff,
  0x3b, 0xff, 0xe2, 0xff, 0xe2, 0xff, 0x88, 0x00, 0x88, 0x00, 0x2f, 0x01,
  0x2f, 0x01, 0xd3, 0x01, 0xd3, 0x01, 0x77, 0x02, 0x77, 0x02, 0x19, 0x03,
  0x19, 0x03, 0xb8, 0x03, 0xb8, 0x03, 0x54, 0x04, 0x54, 0x04, 0xec, 0x04,
  0xec, 0x04, 0x80, 0x05, 0x80, 0x05, 0x0f, 0x06, 0x0f, 0x06, 0x99, 0x06,
  0x99, 0x06, 0x1e, 0x07, 0x1e, 0x07, 0x9d, 0x07, 0x9d, 0x07, 0x15, 0x08,
  0x15, 0x08, 0x85, 0x08, 0x85, 0x08, 0xf0, 0x08, 0xf0, 0x08, 0x52, 0x09,
  0x52, 0x09, 0xad, 0x09, 0xad, 0x09, 0xff, 0x09, 0xff, 0x09, 0x49, 0x0a,
  0x49, 0x0a, 0x8a, 0x0a, 0x8a, 0x0a, 0xc2, 0x0a, 0xc2, 0x0a, 0xf1, 0x0a,
  0xf1, 0x0a, 0x16, 0x0b, 0x16, 0x0b, 0x33, 0x0b, 0x33, 0x0b, 0x46, 0x0b,
  0x46, 0x0b, 0x4f, 0x0b, 0x4f, 0x0b, 0x4e, 0x0b, 0x4e, 0x0b, 0x44, 0x0b,
  0x44, 0x0b, 0x30, 0x0b, 0x30, 0x0b, 0x13, 0x0b, 0x13, 0x0b, 0xed, 0x0a,
  0xed, 0x0a, 0xbd, 0x0a, 0xbd, 0x0a, 0x85, 0x0a, 0x85, 0x0a, 0x43, 0x0a,
  0x43, 0x0a, 0xf8, 0x09, 0xf8, 0x09, 0xa5, 0x09, 0xa5, 0x09, 0x4a, 0x09,
  0x4a, 0x09, 0xe7, 0x08, 0xe7, 0x08, 0x7c, 0x08, 0x7c, 0x08, 0x0a, 0x08,
  0x0a, 0x08, 0x91, 0x07, 0x91, 0x07, 0x13, 0x07, 0x13, 0x07, 0x8e, 0x06,
  0x8e, 0x06, 0x03, 0x06, 0x03, 0x06, 0x73, 0x05, 0x73, 0x05, 0xdf, 0x04,
  0xdf, 0x04, 0x46, 0x04, 0x46, 0x04, 0xaa, 0x03, 0xaa, 0x03, 0x0b, 0x03,
  0x0b, 0x03, 0x69, 0x02, 0x69, 0x02, 0xc5, 0x01, 0xc5, 0x01, 0x20, 0x01,
  0x20, 0x01, 0x7a, 0x00, 0x7a, 0x00, 0xd3, 0xff, 0xd3, 0xff, 0x2c, 0xff,
  0x2c, 0xff, 0x86, 0xfe, 0x86, 0xfe, 0xe2, 0xfd, 0xe2, 0xfd, 0x3f, 0xfd,
  0x3f, 0xfd, 0x9f, 0xfc, 0x9f, 0xfc, 0x01, 0xfc, 0x01, 0xfc, 0x67, 0xfb,
  0x67, 0xfb, 0xd0, 0xfa, 0xd0, 0xfa, 0x3e, 0xfa, 0x3e, 0xfa, 0xb2, 0xf9,
  0xb2, 0xf9, 0x29, 0xf9, 0x29, 0xf9, 0xa8, 0xf8, 0xa8, 0xf8, 0x2c, 0xf8,
  0x2c, 0xf8, 0xb7, 0xf7, 0xb7, 0xf7, 0x49, 0xf7, 0x49, 0xf7, 0xe3, 0xf6,
  0xe3, 0xf6, 0x84, 0xf6, 0x84, 0xf6, 0x2d, 0xf6, 0x2d, 0xf6, 0xde, 0xf5,
  0xde, 0xf5, 0x98, 0xf5, 0x98, 0xf5, 0x5c, 0xf5, 0x5c, 0xf5, 0x28, 0xf5,
  0x28, 0xf5, 0xfd, 0xf4, 0xfd, 0xf4, 0xdc, 0xf4, 0xdc, 0xf4, 0xc4, 0xf4,
  0xc4, 0xf4, 0xb5, 0xf4, 0xb5, 0xf4, 0xb0, 0xf4, 0xb0, 0xf4, 0xb5, 0xf4,
  0xb5, 0xf4, 0xc4, 0xf4, 0xc4, 0xf4, 0xdc, 0xf4, 0xdc, 0xf4, 0xfd, 0xf4,
  0xfd, 0xf4, 0x27, 0xf5, 0x27, 0xf5, 0x5c, 0xf5, 0x5c, 0xf5, 0x98, 0xf5,
  0x98, 0xf5, 0xde, 0xf5, 0xde, 0xf5, 0x2d, 0xf6, 0x2d, 0xf6, 0x83, 0xf6,
  0x83, 0xf6, 0xe3, 0xf6, 0xe3, 0xf6, 0x48, 0xf7, 0x48, 0xf7, 0xb7, 0xf7,
  0xb7, 0xf7, 0x2c, 0xf8, 0x2c, 0xf8, 0xa7, 0xf8, 0xa7, 0xf8, 0x29, 0xf9,
  0x29, 0xf9, 0xb1, 0xf9, 0xb1, 0xf9, 0x3e, 0xfa, 0x3e, 0xfa, 0xd0, 0xfa,
  0xd0, 0xfa, 0x66, 0xfb, 0x66, 0xfb, 0x00, 0xfc, 0x00, 0xfc, 0x9e, 0xfc,
  0x9e, 0xfc, 0x3e, 0xfd, 0x3e, 0xfd, 0xe1, 0xfd, 0xe1, 0xfd, 0x86, 0xfe,
  0x86, 0xfe, 0x2c, 0xff, 0x2c, 0xff, 0xd3, 0xff, 0xd3, 0xff, 0x79, 0x00,
  0x79, 0x00, 0x1f, 0x01, 0x1f, 0x01, 0xc5, 0x01, 0xc5, 0x01, 0x69, 0x02,
  0x69, 0x02, 0x0b, 0x03, 0x0b, 0x03, 0xaa, 0x03, 0xaa, 0x03, 0x46, 0x04,
  0x46, 0x04, 0xdf, 0x04, 0xdf, 0x04, 0x72, 0x05, 0x72, 0x05, 0x03, 0x06,
  0x03, 0x06, 0x8d, 0x06, 0x8d, 0x06, 0x12, 0x07, 0x12, 0x07, 0x91, 0x07,
  0x91, 0x07, 0x0a, 0x08, 0x0a, 0x08, 0x7b, 0x08, 0x7b, 0x08, 0xe7, 0x08,
  0xe7, 0x08, 0x4a, 0x09, 0x4a, 0x09, 0xa4, 0x09, 0xa4, 0x09, 0xf8, 0x09,
  0xf8, 0x09, 0x42, 0x0a, 0x42, 0x0a, 0x84, 0x0a, 0x84, 0x0a, 0xbd, 0x0a,
  0xbd, 0x0a, 0xed, 0x0a, 0xed, 0x0a, 0x13, 0x0b, 0x13, 0x0b, 0x30, 0x0b,
  0x30, 0x0b, 0x44, 0x0b, 0x44, 0x0b, 0x4e, 0x0b, 0x4e, 0x0b, 0x4f, 0x0b,
  0x4f, 0x0b, 0x46, 0x0b, 0x46, 0x0b, 0x33, 0x0b, 0x33, 0x0b, 0x16, 0x0b,
  0x16, 0x0b, 0xf1, 0x0a, 0xf1, 0x0a, 0xc2, 0x0a, 0xc2, 0x0a, 0x8a, 0x0a,
  0x8a, 0x0a, 0x49, 0x0a, 0x49, 0x0a, 0xff, 0x09, 0xff, 0x09, 0xad, 0x09,
  0xad, 0x09, 0x52, 0x09, 0x52, 0x09, 0xf0, 0x08, 0xf0, 0x08, 0x86, 0x08,
  0x86, 0x08, 0x15, 0x08, 0x15, 0x08, 0x9d, 0x07, 0x9d, 0x07, 0x1e, 0x07,
  0x1e, 0x07, 0x9a, 0x06, 0x9a, 0x06, 0x10, 0x06, 0x10, 0x06, 0x81, 0x05,
  0x81, 0x05, 0xed, 0x04, 0xed, 0x04, 0x54, 0x04, 0x54, 0x04, 0xb8, 0x03,
  0xb8, 0x03, 0x19, 0x03, 0x19, 0x03, 0x77, 0x02, 0x77, 0x02, 0xd4, 0x01,
  0xd4, 0x01, 0x2f, 0x01, 0x2f, 0x01, 0x88, 0x00, 0x88, 0x00, 0xe2, 0xff,
  0xe2, 0xff, 0x3b, 0xff, 0x3b, 0xff, 0x95, 0xfe, 0x95, 0xfe, 0xf1, 0xfd,
  0xf1, 0xfd, 0x4d, 0xfd, 0x4d, 0xfd, 0xad, 0xfc, 0xad, 0xfc, 0x0f, 0xfc,
  0x0f, 0xfc, 0x74, 0xfb, 0x74, 0xfb, 0xde, 0xfa, 0xde, 0xfa, 0x4c, 0xfa,
  0x4c, 0xfa, 0xbe, 0xf9, 0xbe, 0xf9, 0x36, 0xf9, 0x36, 0xf9, 0xb3, 0xf8,
  0xb3, 0xf8, 0x37, 0xf8, 0x37, 0xf8, 0xc1, 0xf7, 0xc1, 0xf7, 0x52, 0xf7,
  0x52, 0xf7, 0xec, 0xf6, 0xec, 0xf6, 0x8c, 0xf6, 0x8c, 0xf6, 0x35, 0xf6,
  0x35, 0xf6, 0xe5, 0xf5, 0xe5, 0xf5, 0x9f, 0xf5, 0x9f, 0xf5, 0x61, 0xf5,
  0x61, 0xf5, 0x2c, 0xf5, 0x2c, 0xf5, 0x00, 0xf5, 0x00, 0xf5, 0xde, 0xf4,
  0xde, 0xf4, 0xc6, 0xf4, 0xc6, 0xf4, 0xb6, 0xf4, 0xb6, 0xf4, 0xb0, 0xf4,
  0xb0, 0xf4, 0xb4, 0xf4, 0xb4, 0xf4, 0xc2, 0xf4, 0xc2, 0xf4, 0xd9, 0xf4,
  0xd9, 0xf4, 0xf9, 0xf4, 0xf9, 0xf4, 0x23, 0xf5, 0x23, 0xf5, 0x57, 0xf5,
  0x57, 0xf5, 0x93, 0xf5, 0x93, 0xf5, 0xd7, 0xf5, 0xd7, 0xf5, 0x25, 0xf6,
  0x25, 0xf6, 0x7b, 0xf6, 0x7b, 0xf6, 0xd9, 0xf6, 0xd9, 0xf6, 0x3f, 0xf7,
  0x3f, 0xf7, 0xac, 0xf7, 0xac, 0xf7, 0x21, 0xf8, 0x21, 0xf8, 0x9c, 0xf8,
  0x9c, 0xf8, 0x1d, 0xf9, 0x1d, 0xf9, 0xa4, 0xf9, 0xa4, 0xf9, 0x31, 0xfa,
  0x31, 0xfa, 0xc2, 0xfa, 0xc2, 0xfa, 0x59, 0xfb, 0x59, 0xfb, 0xf2, 0xfb,
  0xf2, 0xfb, 0x8f, 0xfc, 0x8f, 0xfc, 0x2f, 0xfd, 0x2f, 0xfd, 0xd2, 0xfd,
  0xd2, 0xfd, 0x77, 0xfe, 0x77, 0xfe, 0x1c, 0xff, 0x1c, 0xff, 0xc3, 0xff,
  0xc3, 0xff, 0x6a, 0x00, 0x6a, 0x00, 0x10, 0x01, 0x10, 0x01, 0xb6, 0x01,
  0xb6, 0x01, 0x5a, 0x02, 0x5a, 0x02, 0xfc, 0x02, 0xfc, 0x02, 0x9b, 0x03,
  0x9b, 0x03, 0x38, 0x04, 0x38, 0x04, 0xd0, 0x04, 0xd0, 0x04, 0x66, 0x05,
  0x66, 0x05, 0xf6, 0x05, 0xf6, 0x05, 0x80, 0x06, 0x80, 0x06, 0x06, 0x07,
  0x06, 0x07, 0x86, 0x07, 0x86, 0x07, 0x00, 0x08, 0x00, 0x08, 0x72, 0x08,
  0x72, 0x08, 0xdd, 0x08, 0xdd, 0x08, 0x41, 0x09, 0x41, 0x09, 0x9d, 0x09,
  0x9d, 0x09, 0xf1, 0x09, 0xf1, 0x09, 0x3c, 0x0a, 0x3c, 0x0a, 0x7e, 0x0a,
  0x7e, 0x0a, 0xb8, 0x0a, 0xb8, 0x0a, 0xe9, 0x0a, 0xe9, 0x0a, 0x10, 0x0b,
  0x10, 0x0b, 0x2e, 0x0b, 0x2e, 0x0b, 0x43, 0x0b, 0x43, 0x0b, 0x4d, 0x0b,
  0x4d, 0x0b, 0x4f, 0x0b, 0x4f, 0x0b, 0x47, 0x0b, 0x47, 0x0b, 0x35, 0x0b,
  0x35, 0x0b, 0x1a, 0x0b, 0x1a, 0x0b, 0xf5, 0x0a, 0xf5, 0x0a, 0xc6, 0x0a,
  0xc6, 0x0a, 0x8f, 0x0a, 0x8f, 0x0a, 0x50, 0x0a, 0x50, 0x0a, 0x06, 0x0a,
  0x06, 0x0a, 0xb5, 0x09, 0xb5, 0x09, 0x5b, 0x09, 0x5b, 0x09, 0xf9, 0x08,
  0xf9, 0x08, 0x90, 0x08, 0x90, 0x08, 0x20, 0x08, 0x20, 0x08, 0xa8, 0x07,
  0xa8, 0x07, 0x2a, 0x07, 0x2a, 0x07, 0xa6, 0x06, 0xa6, 0x06, 0x1d, 0x06,
  0x1d, 0x06, 0x8e, 0x05, 0x8e, 0x05, 0xfa, 0x04, 0xfa, 0x04, 0x62, 0x04,
  0x62, 0x04, 0xc7, 0x03, 0xc7, 0x03, 0x28, 0x03, 0x28, 0x03, 0x87, 0x02,
  0x87, 0x02, 0xe3, 0x01, 0xe3, 0x01, 0x3e, 0x01, 0x3e, 0x01, 0x98, 0x00,
  0x98, 0x00, 0xf1, 0xff, 0xf1, 0xff, 0x4a, 0xff, 0x4a, 0xff, 0xa4, 0xfe,
  0xa4, 0xfe, 0xff, 0xfd, 0xff, 0xfd, 0x5d, 0xfd, 0x5d, 0xfd, 0xbb, 0xfc,
  0xbb, 0xfc, 0x1d, 0xfc, 0x1d, 0xfc, 0x82, 0xfb, 0x82, 0xfb, 0xeb, 0xfa,
  0xeb, 0xfa, 0x59, 0xfa, 0x59, 0xfa, 0xca, 0xf9, 0xca, 0xf9, 0x42, 0xf9,
  0x42, 0xf9, 0xbf, 0xf8, 0xbf, 0xf8, 0x42, 0xf8, 0x42, 0xf8, 0xcc, 0xf7,
  0xcc, 0xf7, 0x5d, 0xf7, 0x5d, 0xf7, 0xf4, 0xf6, 0xf4, 0xf6, 0x94, 0xf6,
  0x94, 0xf6, 0x3c, 0xf6, 0x3c, 0xf6, 0xec, 0xf5, 0xec, 0xf5, 0xa5, 0xf5,
  0xa5, 0xf5, 0x66, 0xf5, 0x66, 0xf5, 0x30, 0xf5, 0x30, 0xf5, 0x04, 0xf5,
  0x04, 0xf5, 0xe1, 0xf4, 0xe1, 0xf4, 0xc7, 0xf4, 0xc7, 0xf4, 0xb7, 0xf4,
  0xb7, 0xf4, 0xb0, 0xf4, 0xb0, 0xf4, 0xb3, 0xf4, 0xb3, 0xf4, 0xc0, 0xf4,
  0xc0, 0xf4, 0xd7, 0xf4, 0xd7, 0xf4, 0xf6, 0xf4, 0xf6, 0xf4, 0x1f, 0xf5,
  0x1f, 0xf5, 0x52, 0xf5, 0x52, 0xf5, 0x8d, 0xf5, 0x8d, 0xf5, 0xd1, 0xf5,
  0xd1, 0xf5, 0x1d, 0xf6, 0x1d, 0xf6, 0x73, 0xf6, 0x73, 0xf6, 0xd0, 0xf6,
  0xd0, 0xf6, 0x35, 0xf7, 0x35, 0xf7, 0xa2, 0xf7, 0xa2, 0xf7, 0x16, 0xf8,
  0x16, 0xf8, 0x90, 0xf8, 0x90, 0xf8, 0x11, 0xf9, 0x11, 0xf9, 0x98, 0xf9,
  0x98, 0xf9, 0x24, 0xfa, 0x24, 0xfa, 0xb5, 0xfa, 0xb5, 0xfa, 0x4a, 0xfb,
  0x4a, 0xfb, 0xe4, 0xfb, 0xe4, 0xfb, 0x81, 0xfc, 0x81, 0xfc, 0x21, 0xfd,
  0x21, 0xfd, 0xc3, 0xfd, 0xc3, 0xfd, 0x67, 0xfe, 0x67, 0xfe, 0x0d, 0xff,
  0x0d, 0xff, 0xb4, 0xff, 0xb4, 0xff, 0x5b, 0x00, 0x5b, 0x00, 0x01, 0x01,
  0x01, 0x01, 0xa7, 0x01, 0xa7, 0x01, 0x4b, 0x02, 0x4b, 0x02, 0xee, 0x02,
  0xee, 0x02, 0x8d, 0x03, 0x8d, 0x03, 0x2a, 0x04, 0x2a, 0x04, 0xc3, 0x04,
  0xc3, 0x04, 0x58, 0x05, 0x58, 0x05, 0xe8, 0x05, 0xe8, 0x05, 0x74, 0x06,
  0x74, 0x06, 0xfa, 0x06, 0xfa, 0x06, 0x7b, 0x07, 0x7b, 0x07, 0xf4, 0x07,
  0xf4, 0x07, 0x68, 0x08, 0x68, 0x08, 0xd4, 0x08, 0xd4, 0x08, 0x38, 0x09,
  0x38, 0x09, 0x95, 0x09, 0x95, 0x09, 0xe9, 0x09, 0xe9, 0x09, 0x35, 0x0a,
  0x35, 0x0a, 0x79, 0x0a, 0x79, 0x0a, 0xb3, 0x0a, 0xb3, 0x0a, 0xe5, 0x0a,
  0xe5, 0x0a, 0x0d, 0x0b, 0x0d, 0x0b, 0x2c, 0x0b, 0x2c, 0x0b, 0x41, 0x0b,
  0x41, 0x0b, 0x4d, 0x0b, 0x4d, 0x0b, 0x50, 0x0b, 0x50, 0x0b, 0x48, 0x0b,
  0x48, 0x0b, 0x37, 0x0b, 0x37, 0x0b, 0x1d, 0x0b, 0x1d, 0x0b, 0xf9, 0x0a,
  0xf9, 0x0a, 0xcb, 0x0a, 0xcb, 0x0a, 0x95, 0x0a, 0x95, 0x0a, 0x55, 0x0a,
  0x55, 0x0a, 0x0d, 0x0a, 0x0d, 0x0a, 0xbd, 0x09, 0xbd, 0x09, 0x63, 0x09,
  0x63, 0x09, 0x03, 0x09, 0x03, 0x09, 0x9a, 0x08, 0x9a, 0x08, 0x2a, 0x08,
  0x2a, 0x08, 0xb3, 0x07, 0xb3, 0x07, 0x36, 0x07, 0x36, 0x07, 0xb3, 0x06,
  0xb3, 0x06, 0x29, 0x06, 0x29, 0x06, 0x9b, 0x05, 0x9b, 0x05, 0x08, 0x05,
  0x08, 0x05, 0x70, 0x04, 0x70, 0x04, 0xd5, 0x03, 0xd5, 0x03, 0x36, 0x03,
  0x36, 0x03, 0x96, 0x02, 0x96, 0x02, 0xf3, 0x01, 0xf3, 0x01, 0x4d, 0x01,
  0x4d, 0x01, 0xa7, 0x00, 0xa7, 0x00, 0x00, 0x00, 0x00, 0x00, 0x5a, 0xff,
  0x5a, 0xff, 0xb4, 0xfe, 0xb4, 0xfe, 0x0e, 0xfe, 0x0e, 0xfe, 0x6b, 0xfd,
  0x6b, 0xfd, 0xca, 0xfc, 0xca, 0xfc, 0x2b, 0xfc, 0x2b, 0xfc, 0x90, 0xfb,
  0x90, 0xfb, 0xf9, 0xfa, 0xf9, 0xfa, 0x65, 0xfa, 0x65, 0xfa, 0xd7, 0xf9,
  0xd7, 0xf9, 0x4e, 0xf9, 0x4e, 0xf9, 0xca, 0xf8, 0xca, 0xf8, 0x4d, 0xf8,
  0x4d, 0xf8, 0xd6, 0xf7, 0xd6, 0xf7, 0x66, 0xf7, 0x66, 0xf7, 0xfe, 0xf6,
  0xfe, 0xf6, 0x9d, 0xf6, 0x9d, 0xf6, 0x43, 0xf6, 0x43, 0xf6, 0xf3, 0xf5,
  0xf3, 0xf5, 0xab, 0xf5, 0xab, 0xf5, 0x6c, 0xf5, 0x6c, 0xf5, 0x35, 0xf5,
  0x35, 0xf5, 0x07, 0xf5, 0x07, 0xf5, 0xe4, 0xf4, 0xe4, 0xf4, 0xc9, 0xf4,
  0xc9, 0xf4, 0xb8, 0xf4, 0xb8, 0xf4, 0xb0, 0xf4, 0xb0, 0xf4, 0xb3, 0xf4,
  0xb3, 0xf4, 0xbf, 0xf4, 0xbf, 0xf4, 0xd4, 0xf4, 0xd4, 0xf4, 0xf3, 0xf4,
  0xf3, 0xf4, 0x1b, 0xf5, 0x1b, 0xf5, 0x4d, 0xf5, 0x4d, 0xf5, 0x87, 0xf5,
  0x87, 0xf5, 0xcb, 0xf5, 0xcb, 0xf5, 0x16, 0xf6, 0x16, 0xf6, 0x6b, 0xf6,
  0x6b, 0xf6, 0xc8, 0xf6, 0xc8, 0xf6, 0x2c, 0xf7, 0x2c, 0xf7, 0x98, 0xf7,
  0x98, 0xf7, 0x0c, 0xf8, 0x0c, 0xf8, 0x85, 0xf8, 0x85, 0xf8, 0x05, 0xf9,
  0x05, 0xf9, 0x8c, 0xf9, 0x8c, 0xf9, 0x17, 0xfa, 0x17, 0xfa, 0xa8, 0xfa,
  0xa8, 0xfa, 0x3c, 0xfb, 0x3c, 0xfb, 0xd6, 0xfb, 0xd6, 0xfb, 0x73, 0xfc,
  0x73, 0xfc, 0x12, 0xfd, 0x12, 0xfd, 0xb5, 0xfd, 0xb5, 0xfd, 0x58, 0xfe,
  0x58, 0xfe, 0xfe, 0xfe, 0xfe, 0xfe, 0xa5, 0xff, 0xa5, 0xff, 0x4c, 0x00,
  0x4c, 0x00, 0xf2, 0x00, 0xf2, 0x00, 0x98, 0x01, 0x98, 0x01, 0x3c, 0x02,
  0x3c, 0x02, 0xdf, 0x02, 0xdf, 0x02, 0x7e, 0x03, 0x7e, 0x03, 0x1b, 0x04,
  0x1b, 0x04, 0xb6, 0x04, 0xb6, 0x04, 0x4b, 0x05, 0x4b, 0x05, 0xdc, 0x05,
  0xdc, 0x05, 0x68, 0x06, 0x68, 0x06, 0xee, 0x06, 0xee, 0x06, 0x6f, 0x07,
  0x6f, 0x07, 0xea, 0x07, 0xea, 0x07, 0x5e, 0x08, 0x5e, 0x08, 0xca, 0x08,
  0xca, 0x08, 0x2f, 0x09, 0x2f, 0x09, 0x8c, 0x09, 0x8c, 0x09, 0xe2, 0x09,
  0xe2, 0x09, 0x2f, 0x0a, 0x2f, 0x0a, 0x73, 0x0a, 0x73, 0x0a, 0xae, 0x0a,
  0xae, 0x0a, 0xe1, 0x0a, 0xe1, 0x0a, 0x0a, 0x0b, 0x0a, 0x0b, 0x29, 0x0b,
  0x29, 0x0b, 0x40, 0x0b, 0x40, 0x0b, 0x4d, 0x0b, 0x4d, 0x0b, 0x50, 0x0b,
  0x50, 0x0b, 0x49, 0x0b, 0x49, 0x0b, 0x39, 0x0b, 0x39, 0x0b, 0x1f, 0x0b,
  0x1f, 0x0b, 0xfc, 0x0a, 0xfc, 0x0a, 0xd0, 0x0a, 0xd0, 0x0a, 0x9a, 0x0a,
  0x9a, 0x0a, 0x5c, 0x0a, 0x5c, 0x0a, 0x14, 0x0a, 0x14, 0x0a, 0xc4, 0x09,
  0xc4, 0x09, 0x6c, 0x09, 0x6c, 0x09, 0x0c, 0x09, 0x0c, 0x09, 0xa4, 0x08,
  0xa4, 0x08, 0x35, 0x08, 0x35, 0x08, 0xbf, 0x07, 0xbf, 0x07, 0x42, 0x07,
  0x42, 0x07, 0xbf, 0x06, 0xbf, 0x06, 0x36, 0x06, 0x36, 0x06, 0xa8, 0x05,
  0xa8, 0x05, 0x15, 0x05, 0x15, 0x05, 0x7e, 0x04, 0x7e, 0x04, 0xe4, 0x03,
  0xe4, 0x03, 0x45, 0x03, 0x45, 0x03, 0xa4, 0x02, 0xa4, 0x02, 0x01, 0x02,
  0x01, 0x02, 0x5d, 0x01, 0x5d, 0x01, 0xb6, 0x00, 0xb6, 0x00, 0x10, 0x00,
  0x10, 0x00, 0x69, 0xff, 0x69, 0xff, 0xc3, 0xfe, 0xc3, 0xfe, 0x1e, 0xfe,
  0x1e, 0xfe, 0x7a, 0xfd, 0x7a, 0xfd, 0xd9, 0xfc, 0xd9, 0xfc, 0x3a, 0xfc,
  0x3a, 0xfc, 0x9e, 0xfb, 0x9e, 0xfb, 0x07, 0xfb, 0x07, 0xfb, 0x73, 0xfa,
  0x73, 0xfa, 0xe4, 0xf9, 0xe4, 0xf9, 0x5b, 0xf9, 0x5b, 0xf9, 0xd6, 0xf8,
  0xd6, 0xf8, 0x59, 0xf8, 0x59, 0xf8, 0xe1, 0xf7, 0xe1, 0xf7, 0x70, 0xf7,
  0x70, 0xf7, 0x07, 0xf7, 0x07, 0xf7, 0xa5, 0xf6, 0xa5, 0xf6, 0x4b, 0xf6,
  0x4b, 0xf6, 0xfa, 0xf5, 0xfa, 0xf5, 0xb1, 0xf5, 0xb1, 0xf5, 0x71, 0xf5,
  0x71, 0xf5, 0x3a, 0xf5, 0x3a, 0xf5, 0x0c, 0xf5, 0x0c, 0xf5, 0xe7, 0xf4,
  0xe7, 0xf4, 0xcb, 0xf4, 0xcb, 0xf4, 0xba, 0xf4, 0xba, 0xf4, 0xb1, 0xf4,
  0xb1, 0xf4, 0xb3, 0xf4, 0xb3, 0xf4, 0xbd, 0xf4, 0xbd, 0xf4, 0xd2, 0xf4,
  0xd2, 0xf4, 0xef, 0xf4, 0xef, 0xf4, 0x17, 0xf5, 0x17, 0xf5, 0x48, 0xf5,
  0x48, 0xf5, 0x81, 0xf5, 0x81, 0xf5, 0xc4, 0xf5, 0xc4, 0xf5, 0x0f, 0xf6,
  0x0f, 0xf6, 0x63, 0xf6, 0x63, 0xf6, 0xbf, 0xf6, 0xbf, 0xf6, 0x23, 0xf7,
  0x23, 0xf7, 0x8e, 0xf7, 0x8e, 0xf7, 0x00, 0xf8, 0x00, 0xf8, 0x7a, 0xf8,
  0x7a, 0xf8, 0xf9, 0xf8, 0xf9, 0xf8, 0x7f, 0xf9, 0x7f, 0xf9, 0x0a, 0xfa,
  0x0a, 0xfa, 0x9a, 0xfa, 0x9a, 0xfa, 0x2f, 0xfb, 0x2f, 0xfb, 0xc8, 0xfb,
  0xc8, 0xfb, 0x64, 0xfc, 0x64, 0xfc, 0x04, 0xfd, 0x04, 0xfd, 0xa6, 0xfd,
  0xa6, 0xfd, 0x4a, 0xfe, 0x4a, 0xfe, 0xef, 0xfe, 0xef, 0xfe, 0x95, 0xff,
  0x95, 0xff, 0x3d, 0x00, 0x3d, 0x00, 0xe3, 0x00, 0xe3, 0x00, 0x88, 0x01,
  0x88, 0x01, 0x2d, 0x02, 0x2d, 0x02, 0xd0, 0x02, 0xd0, 0x02, 0x70, 0x03,
  0x70, 0x03, 0x0d, 0x04, 0x0d, 0x04, 0xa7, 0x04, 0xa7, 0x04, 0x3d, 0x05,
  0x3d, 0x05, 0xcf, 0x05, 0xcf, 0x05, 0x5b, 0x06, 0x5b, 0x06, 0xe3, 0x06,
  0xe3, 0x06, 0x63, 0x07, 0x63, 0x07, 0xdf, 0x07, 0xdf, 0x07, 0x53, 0x08,
  0x53, 0x08, 0xc1, 0x08, 0xc1, 0x08, 0x27, 0x09, 0x27, 0x09, 0x85, 0x09,
  0x85, 0x09, 0xda, 0x09, 0xda, 0x09, 0x28, 0x0a, 0x28, 0x0a, 0x6d, 0x0a,
  0x6d, 0x0a, 0xa9, 0x0a, 0xa9, 0x0a, 0xdc, 0x0a, 0xdc, 0x0a, 0x07, 0x0b,
  0x07, 0x0b, 0x27, 0x0b, 0x27, 0x0b, 0x3e, 0x0b, 0x3e, 0x0b, 0x4b, 0x0b,
  0x4b, 0x0b, 0x50, 0x0b, 0x50, 0x0b, 0x4a, 0x0b, 0x4a, 0x0b, 0x3a, 0x0b,
  0x3a, 0x0b, 0x22, 0x0b, 0x22, 0x0b, 0x00, 0x0b, 0x00, 0x0b, 0xd4, 0x0a,
  0xd4, 0x0a, 0x9f, 0x0a, 0x9f, 0x0a, 0x62, 0x0a, 0x62, 0x0a, 0x1b, 0x0a,
  0x1b, 0x0a, 0xcc, 0x09, 0xcc, 0x09, 0x74, 0x09, 0x74, 0x09, 0x15, 0x09,
  0x15, 0x09, 0xae, 0x08, 0xae, 0x08, 0x3f, 0x08, 0x3f, 0x08, 0xc9, 0x07,
  0xc9, 0x07, 0x4e, 0x07, 0x4e, 0x07, 0xcb, 0x06, 0xcb, 0x06, 0x43, 0x06,
  0x43, 0x06, 0xb5, 0x05, 0xb5, 0x05, 0x22, 0x05, 0x22, 0x05, 0x8d, 0x04,
  0x8d, 0x04, 0xf2, 0x03, 0xf2, 0x03, 0x54, 0x03, 0x54, 0x03, 0xb4, 0x02,
  0xb4, 0x02, 0x0f, 0x02, 0x0f, 0x02, 0x6b, 0x01, 0x6b, 0x01, 0xc5, 0x00,
  0xc5, 0x00, 0x1e, 0x00, 0x1e, 0x00, 0x78, 0xff, 0x78, 0xff, 0xd1, 0xfe,
  0xd1, 0xfe, 0x2d, 0xfe, 0x2d, 0xfe, 0x89, 0xfd, 0x89, 0xfd, 0xe7, 0xfc,
  0xe7, 0xfc, 0x48, 0xfc, 0x48, 0xfc, 0xac, 0xfb, 0xac, 0xfb, 0x14, 0xfb,
  0x14, 0xfb, 0x80, 0xfa, 0x80, 0xfa, 0xf1, 0xf9, 0xf1, 0xf9, 0x67, 0xf9,
  0x67, 0xf9, 0xe2, 0xf8, 0xe2, 0xf8, 0x63, 0xf8, 0x63, 0xf8, 0xeb, 0xf7,
  0xeb, 0xf7, 0x7b, 0xf7, 0x7b, 0xf7, 0x10, 0xf7, 0x10, 0xf7, 0xae, 0xf6,
  0xae, 0xf6, 0x53, 0xf6, 0x53, 0xf6, 0x01, 0xf6, 0x01, 0xf6, 0xb7, 0xf5,
  0xb7, 0xf5, 0x76, 0xf5, 0x76, 0xf5, 0x3e, 0xf5, 0x3e, 0xf5, 0x0f, 0xf5,
  0x0f, 0xf5, 0xea, 0xf4, 0xea, 0xf4, 0xcd, 0xf4, 0xcd, 0xf4, 0xba, 0xf4,
  0xba, 0xf4, 0xb1, 0xf4, 0xb1, 0xf4, 0xb2, 0xf4, 0xb2, 0xf4, 0xbc, 0xf4,
  0xbc, 0xf4, 0xd0, 0xf4, 0xd0, 0xf4, 0xed, 0xf4, 0xed, 0xf4, 0x13, 0xf5,
  0x13, 0xf5, 0x43, 0xf5, 0x43, 0xf5, 0x7b, 0xf5, 0x7b, 0xf5, 0xbd, 0xf5,
  0xbd, 0xf5, 0x08, 0xf6, 0x08, 0xf6, 0x5b, 0xf6, 0x5b, 0xf6, 0xb6, 0xf6,
  0xb6, 0xf6, 0x19, 0xf7, 0x19, 0xf7, 0x84, 0xf7, 0x84, 0xf7, 0xf6, 0xf7,
  0xf6, 0xf7, 0x6f, 0xf8, 0x6f, 0xf8, 0xed, 0xf8, 0xed, 0xf8, 0x72, 0xf9,
  0x72, 0xf9, 0xfd, 0xf9, 0xfd, 0xf9, 0x8d, 0xfa, 0x8d, 0xfa, 0x21, 0xfb,
  0x21, 0xfb, 0xba, 0xfb, 0xba, 0xfb, 0x56, 0xfc, 0x56, 0xfc, 0xf5, 0xfc,
  0xf5, 0xfc, 0x97, 0xfd, 0x97, 0xfd, 0x3b, 0xfe, 0x3b, 0xfe, 0xe0, 0xfe,
  0xe0, 0xfe, 0x86, 0xff, 0x86, 0xff, 0x2d, 0x00, 0x2d, 0x00, 0xd4, 0x00,
  0xd4, 0x00, 0x7a, 0x01, 0x7a, 0x01, 0x1e, 0x02, 0x1e, 0x02, 0xc1, 0x02,
  0xc1, 0x02, 0x61, 0x03, 0x61, 0x03, 0xff, 0x03, 0xff, 0x03, 0x99, 0x04,
  0x99, 0x04, 0x30, 0x05, 0x30, 0x05, 0xc2, 0x05, 0xc2, 0x05, 0x4e, 0x06,
  0x4e, 0x06, 0xd7, 0x06, 0xd7, 0x06, 0x58, 0x07, 0x58, 0x07, 0xd4, 0x07,
  0xd4, 0x07, 0x49, 0x08, 0x49, 0x08, 0xb7, 0x08, 0xb7, 0x08, 0x1d, 0x09,
  0x1d, 0x09, 0x7c, 0x09, 0x7c, 0x09, 0xd3, 0x09, 0xd3, 0x09, 0x22, 0x0a,
  0x22, 0x0a, 0x68, 0x0a, 0x68, 0x0a, 0xa4, 0x0a, 0xa4, 0x0a, 0xd8, 0x0a,
  0xd8, 0x0a, 0x03, 0x0b, 0x03, 0x0b, 0x24, 0x0b, 0x24, 0x0b, 0x3c, 0x0b,
  0x3c, 0x0b, 0x4b, 0x0b, 0x4b, 0x0b, 0x50, 0x0b, 0x50, 0x0b, 0x4b, 0x0b,
  0x4b, 0x0b, 0x3c, 0x0b, 0x3c, 0x0b, 0x24, 0x0b, 0x24, 0x0b, 0x03, 0x0b,
  0x03, 0x0b, 0xd9, 0x0a, 0xd9, 0x0a, 0xa4, 0x0a, 0xa4, 0x0a, 0x68, 0x0a,
  0x68, 0x0a, 0x22, 0x0a, 0x22, 0x0a, 0xd3, 0x09, 0xd3, 0x09, 0x7d, 0x09,
  0x7d, 0x09, 0x1d, 0x09, 0x1d, 0x09, 0xb8, 0x08, 0xb8, 0x08, 0x49, 0x08,
  0x49, 0x08, 0xd4, 0x07, 0xd4, 0x07, 0x59, 0x07, 0x59, 0x07, 0xd7, 0x06,
  0xd7, 0x06, 0x4f, 0x06, 0x4f, 0x06, 0xc2, 0x05, 0xc2, 0x05, 0x30, 0x05,
  0x30, 0x05, 0x9a, 0x04, 0x9a, 0x04, 0x00, 0x04, 0x00, 0x04, 0x62, 0x03,
  0x62, 0x03, 0xc2, 0x02, 0xc2, 0x02, 0x1f, 0x02, 0x1f, 0x02, 0x7a, 0x01,
  0x7a, 0x01, 0xd4, 0x00, 0xd4, 0x00, 0x2d, 0x00, 0x2d, 0x00, 0x87, 0xff,
  0x87, 0xff, 0xe1, 0xfe, 0xe1, 0xfe, 0x3b, 0xfe, 0x3b, 0xfe, 0x97, 0xfd,
  0x97, 0xfd, 0xf5, 0xfc, 0xf5, 0xfc, 0x56, 0xfc, 0x56, 0xfc, 0xba, 0xfb,
  0xba, 0xfb, 0x21, 0xfb, 0x21, 0xfb, 0x8e, 0xfa, 0x8e, 0xfa, 0xfd, 0xf9,
  0xfd, 0xf9, 0x73, 0xf9, 0x73, 0xf9, 0xee, 0xf8, 0xee, 0xf8, 0x6f, 0xf8,
  0x6f, 0xf8, 0xf6, 0xf7, 0xf6, 0xf7, 0x85, 0xf7, 0x85, 0xf7, 0x19, 0xf7,
  0x19, 0xf7, 0xb6, 0xf6, 0xb6, 0xf6, 0x5c, 0xf6, 0x5c, 0xf6, 0x08, 0xf6,
  0x08, 0xf6, 0xbe, 0xf5, 0xbe, 0xf5, 0x7c, 0xf5, 0x7c, 0xf5, 0x43, 0xf5,
  0x43, 0xf5, 0x13, 0xf5, 0x13, 0xf5, 0xed, 0xf4, 0xed, 0xf4, 0xd0, 0xf4,
  0xd0, 0xf4, 0xbc, 0xf4, 0xbc, 0xf4, 0xb2, 0xf4, 0xb2, 0xf4, 0xb1, 0xf4,
  0xb1, 0xf4, 0xba, 0xf4, 0xba, 0xf4, 0xcd, 0xf4, 0xcd, 0xf4, 0xea, 0xf4,
  0xea, 0xf4, 0x0f, 0xf5, 0x0f, 0xf5, 0x3e, 0xf5, 0x3e, 0xf5, 0x76, 0xf5,
  0x76, 0xf5, 0xb7, 0xf5, 0xb7, 0xf5, 0x01, 0xf6, 0x01, 0xf6, 0x53, 0xf6,
  0x53, 0xf6, 0xae, 0xf6, 0xae, 0xf6, 0x10, 0xf7, 0x10, 0xf7, 0x7a, 0xf7,
  0x7a, 0xf7, 0xeb, 0xf7, 0xeb, 0xf7, 0x63, 0xf8, 0x63, 0xf8, 0xe2, 0xf8,
  0xe2, 0xf8, 0x66, 0xf9, 0x66, 0xf9, 0xf0, 0xf9, 0xf0, 0xf9, 0x7f, 0xfa,
  0x7f, 0xfa, 0x13, 0xfb, 0x13, 0xfb, 0xac, 0xfb, 0xac, 0xfb, 0x48, 0xfc,
  0x48, 0xfc, 0xe7, 0xfc, 0xe7, 0xfc, 0x89, 0xfd, 0x89, 0xfd, 0x2c, 0xfe,
  0x2c, 0xfe, 0xd1, 0xfe, 0xd1, 0xfe, 0x78, 0xff, 0x78, 0xff, 0x1e, 0x00,
  0x1e, 0x00, 0xc5, 0x00, 0xc5, 0x00, 0x6b, 0x01, 0x6b, 0x01, 0x0f, 0x02,
  0x0f, 0x02, 0xb3, 0x02, 0xb3, 0x02, 0x53, 0x03, 0x53, 0x03, 0xf1, 0x03,
  0xf1, 0x03, 0x8c, 0x04, 0x8c, 0x04, 0x22, 0x05, 0x22, 0x05, 0xb4, 0x05,
  0xb4, 0x05, 0x42, 0x06, 0x42, 0x06, 0xca, 0x06, 0xca, 0x06, 0x4d, 0x07,
  0x4d, 0x07, 0xc9, 0x07, 0xc9, 0x07, 0x3f, 0x08, 0x3f, 0x08, 0xae, 0x08,
  0xae, 0x08, 0x14, 0x09, 0x14, 0x09, 0x74, 0x09, 0x74, 0x09, 0xcb, 0x09,
  0xcb, 0x09, 0x1b, 0x0a, 0x1b, 0x0a, 0x61, 0x0a, 0x61, 0x0a, 0x9f, 0x0a,
  0x9f, 0x0a, 0xd4, 0x0a, 0xd4, 0x0a, 0x00, 0x0b, 0x00, 0x0b, 0x22, 0x0b,
  0x22, 0x0b, 0x3a, 0x0b, 0x3a, 0x0b, 0x4a, 0x0b, 0x4a, 0x0b, 0x50, 0x0b,
  0x50, 0x0b, 0x4c, 0x0b, 0x4c, 0x0b, 0x3e, 0x0b, 0x3e, 0x0b, 0x27, 0x0b,
  0x27, 0x0b, 0x07, 0x0b, 0x07, 0x0b, 0xdd, 0x0a, 0xdd, 0x0a, 0xa9, 0x0a,
  0xa9, 0x0a, 0x6d, 0x0a, 0x6d, 0x0a, 0x29, 0x0a, 0x29, 0x0a, 0xdb, 0x09,
  0xdb, 0x09, 0x85, 0x09, 0x85, 0x09, 0x27, 0x09, 0x27, 0x09, 0xc1, 0x08,
  0xc1, 0x08, 0x54, 0x08, 0x54, 0x08, 0xdf, 0x07, 0xdf, 0x07, 0x64, 0x07,
  0x64, 0x07, 0xe3, 0x06, 0xe3, 0x06, 0x5c, 0x06, 0x5c, 0x06, 0xcf, 0x05,
  0xcf, 0x05, 0x3e, 0x05, 0x3e, 0x05, 0xa7, 0x04, 0xa7, 0x04, 0x0e, 0x04,
  0x0e, 0x04, 0x71, 0x03, 0x71, 0x03, 0xd1, 0x02, 0xd1, 0x02, 0x2e, 0x02,
  0x2e, 0x02, 0x89, 0x01, 0x89, 0x01, 0xe4, 0x00, 0xe4, 0x00, 0x3d, 0x00,
  0x3d, 0x00, 0x96, 0xff, 0x96, 0xff, 0xf0, 0xfe, 0xf0, 0xfe, 0x4a, 0xfe,
  0x4a, 0xfe, 0xa6, 0xfd, 0xa6, 0xfd, 0x04, 0xfd, 0x04, 0xfd, 0x65, 0xfc,
  0x65, 0xfc, 0xc8, 0xfb, 0xc8, 0xfb, 0x30, 0xfb, 0x30, 0xfb, 0x9a, 0xfa,
  0x9a, 0xfa, 0x0a, 0xfa, 0x0a, 0xfa, 0x80, 0xf9, 0x80, 0xf9, 0xfa, 0xf8,
  0xfa, 0xf8, 0x7a, 0xf8, 0x7a, 0xf8, 0x00, 0xf8, 0x00, 0xf8, 0x8e, 0xf7,
  0x8e, 0xf7, 0x23, 0xf7, 0x23, 0xf7, 0xbf, 0xf6, 0xbf, 0xf6, 0x63, 0xf6,
  0x63, 0xf6, 0x0f, 0xf6, 0x0f, 0xf6, 0xc4, 0xf5, 0xc4, 0xf5, 0x82, 0xf5,
  0x82, 0xf5, 0x48, 0xf5, 0x48, 0xf5, 0x17, 0xf5, 0x17, 0xf5, 0xf0, 0xf4,
  0xf0, 0xf4, 0xd2, 0xf4, 0xd2, 0xf4, 0xbd, 0xf4, 0xbd, 0xf4, 0xb3, 0xf4,
  0xb3, 0xf4, 0xb1, 0xf4, 0xb1, 0xf4, 0xb9, 0xf4, 0xb9, 0xf4, 0xcb, 0xf4,
  0xcb, 0xf4, 0xe6, 0xf4, 0xe6, 0xf4, 0x0b, 0xf5, 0x0b, 0xf5, 0x3a, 0xf5,
  0x3a, 0xf5, 0x71, 0xf5, 0x71, 0xf5, 0xb0, 0xf5, 0xb0, 0xf5, 0xfa, 0xf5,
  0xfa, 0xf5, 0x4b, 0xf6, 0x4b, 0xf6, 0xa5, 0xf6, 0xa5, 0xf6, 0x07, 0xf7,
  0x07, 0xf7, 0x70, 0xf7, 0x70, 0xf7, 0xe0, 0xf7, 0xe0, 0xf7, 0x58, 0xf8,
  0x58, 0xf8, 0xd6, 0xf8, 0xd6, 0xf8, 0x5a, 0xf9, 0x5a, 0xf9, 0xe3, 0xf9,
  0xe3, 0xf9, 0x72, 0xfa, 0x72, 0xfa, 0x06, 0xfb, 0x06, 0xfb, 0x9e, 0xfb,
  0x9e, 0xfb, 0x39, 0xfc, 0x39, 0xfc, 0xd8, 0xfc, 0xd8, 0xfc, 0x79, 0xfd,
  0x79, 0xfd, 0x1d, 0xfe, 0x1d, 0xfe, 0xc2, 0xfe, 0xc2, 0xfe, 0x68, 0xff,
  0x68, 0xff, 0x0f, 0x00, 0x0f, 0x00, 0xb6, 0x00, 0xb6, 0x00, 0x5c, 0x01,
  0x5c, 0x01, 0x01, 0x02, 0x01, 0x02, 0xa3, 0x02, 0xa3, 0x02, 0x45, 0x03,
  0x45, 0x03, 0xe3, 0x03, 0xe3, 0x03, 0x7e, 0x04, 0x7e, 0x04, 0x15, 0x05,
  0x15, 0x05, 0xa7, 0x05, 0xa7, 0x05, 0x36, 0x06, 0x36, 0x06, 0xbe, 0x06,
  0xbe, 0x06, 0x41, 0x07, 0x41, 0x07, 0xbe, 0x07, 0xbe, 0x07, 0x34, 0x08,
  0x34, 0x08, 0xa3, 0x08, 0xa3, 0x08, 0x0c, 0x09, 0x0c, 0x09, 0x6c, 0x09,
  0x6c, 0x09, 0xc4, 0x09, 0xc4, 0x09, 0x14, 0x0a, 0x14, 0x0a, 0x5b, 0x0a,
  0x5b, 0x0a, 0x9a, 0x0a, 0x9a, 0x0a, 0xd0, 0x0a, 0xd0, 0x0a, 0xfc, 0x0a,
  0xfc, 0x0a, 0x1f, 0x0b, 0x1f, 0x0b, 0x39, 0x0b, 0x39, 0x0b, 0x49, 0x0b,
  0x49, 0x0b, 0x50, 0x0b, 0x50, 0x0b, 0x4d, 0x0b, 0x4d, 0x0b, 0x40, 0x0b,
  0x40, 0x0b, 0x29, 0x0b, 0x29, 0x0b, 0x0a, 0x0b, 0x0a, 0x0b, 0xe1, 0x0a,
  0xe1, 0x0a, 0xae, 0x0a, 0xae, 0x0a, 0x73, 0x0a, 0x73, 0x0a, 0x2f, 0x0a,
  0x2f, 0x0a, 0xe3, 0x09, 0xe3, 0x09, 0x8d, 0x09, 0x8d, 0x09, 0x30, 0x09,
  0x30, 0x09, 0xcb, 0x08, 0xcb, 0x08, 0x5e, 0x08, 0x5e, 0x08, 0xea, 0x07,
  0xea, 0x07, 0x70, 0x07, 0x70, 0x07, 0xef, 0x06, 0xef, 0x06, 0x68, 0x06,
  0x68, 0x06, 0xdc, 0x05, 0xdc, 0x05, 0x4b, 0x05, 0x4b, 0x05, 0xb6, 0x04,
  0xb6, 0x04, 0x1c, 0x04, 0x1c, 0x04, 0x7f, 0x03, 0x7f, 0x03, 0xdf, 0x02,
  0xdf, 0x02, 0x3d, 0x02, 0x3d, 0x02, 0x99, 0x01, 0x99, 0x01, 0xf3, 0x00,
  0xf3, 0x00, 0x4c, 0x00, 0x4c, 0x00, 0xa5, 0xff, 0xa5, 0xff, 0xff, 0xfe,
  0xff, 0xfe, 0x59, 0xfe, 0x59, 0xfe, 0xb5, 0xfd, 0xb5, 0xfd, 0x12, 0xfd,
  0x12, 0xfd, 0x73, 0xfc, 0x73, 0xfc, 0xd6, 0xfb, 0xd6, 0xfb, 0x3d, 0xfb,
  0x3d, 0xfb, 0xa8, 0xfa, 0xa8, 0xfa, 0x18, 0xfa, 0x18, 0xfa, 0x8c, 0xf9,
  0x8c, 0xf9, 0x06, 0xf9, 0x06, 0xf9, 0x85, 0xf8, 0x85, 0xf8, 0x0c, 0xf8,
  0x0c, 0xf8, 0x98, 0xf7, 0x98, 0xf7, 0x2c, 0xf7, 0x2c, 0xf7, 0xc8, 0xf6,
  0xc8, 0xf6, 0x6b, 0xf6, 0x6b, 0xf6, 0x17, 0xf6, 0x17, 0xf6, 0xcb, 0xf5,
  0xcb, 0xf5, 0x87, 0xf5, 0x87, 0xf5, 0x4d, 0xf5, 0x4d, 0xf5, 0x1b, 0xf5,
  0x1b, 0xf5, 0xf3, 0xf4, 0xf3, 0xf4, 0xd4, 0xf4, 0xd4, 0xf4, 0xbf, 0xf4,
  0xbf, 0xf4, 0xb3, 0xf4, 0xb3, 0xf4, 0xb0, 0xf4, 0xb0, 0xf4, 0xb8, 0xf4,
  0xb8, 0xf4, 0xc9, 0xf4, 0xc9, 0xf4, 0xe3, 0xf4, 0xe3, 0xf4, 0x07, 0xf5,
  0x07, 0xf5, 0x35, 0xf5, 0x35, 0xf5, 0x6b, 0xf5, 0x6b, 0xf5, 0xab, 0xf5,
  0xab, 0xf5, 0xf3, 0xf5, 0xf3, 0xf5, 0x43, 0xf6, 0x43, 0xf6, 0x9d, 0xf6,
  0x9d, 0xf6, 0xfd, 0xf6, 0xfd, 0xf6, 0x66, 0xf7, 0x66, 0xf7, 0xd6, 0xf7,
  0xd6, 0xf7, 0x4d, 0xf8, 0x4d, 0xf8, 0xca, 0xf8, 0xca, 0xf8, 0x4d, 0xf9,
  0x4d, 0xf9, 0xd7, 0xf9, 0xd7, 0xf9, 0x65, 0xfa, 0x65, 0xfa, 0xf8, 0xfa,
  0xf8, 0xfa, 0x90, 0xfb, 0x90, 0xfb, 0x2b, 0xfc, 0x2b, 0xfc, 0xca, 0xfc,
  0xca, 0xfc, 0x6a, 0xfd, 0x6a, 0xfd, 0x0d, 0xfe, 0x0d, 0xfe, 0xb3, 0xfe,
  0xb3, 0xfe, 0x59, 0xff, 0x59, 0xff, 0x00, 0x00, 0x00, 0x00, 0xa6, 0x00,
  0xa6, 0x00, 0x4c, 0x01, 0x4c, 0x01, 0xf2, 0x01, 0xf2, 0x01, 0x95, 0x02,
  0x95, 0x02, 0x36, 0x03, 0x36, 0x03, 0xd5, 0x03, 0xd5, 0x03, 0x70, 0x04,
  0x70, 0x04, 0x07, 0x05, 0x07, 0x05, 0x9b, 0x05, 0x9b, 0x05, 0x29, 0x06,
  0x29, 0x06, 0xb2, 0x06, 0xb2, 0x06, 0x36, 0x07, 0x36, 0x07, 0xb3, 0x07,
  0xb3, 0x07, 0x2a, 0x08, 0x2a, 0x08, 0x9a, 0x08, 0x9a, 0x08, 0x02, 0x09,
  0x02, 0x09, 0x63, 0x09, 0x63, 0x09, 0xbd, 0x09, 0xbd, 0x09, 0x0d, 0x0a,
  0x0d, 0x0a, 0x55, 0x0a, 0x55, 0x0a, 0x94, 0x0a, 0x94, 0x0a, 0xcb, 0x0a,
  0xcb, 0x0a, 0xf9, 0x0a, 0xf9, 0x0a, 0x1c, 0x0b, 0x1c, 0x0b, 0x37, 0x0b,
  0x37, 0x0b, 0x48, 0x0b, 0x48, 0x0b, 0x50, 0x0b, 0x50, 0x0b, 0x4d, 0x0b,
  0x4d, 0x0b, 0x41, 0x0b, 0x41, 0x0b, 0x2c, 0x0b, 0x2c, 0x0b, 0x0d, 0x0b,
  0x0d, 0x0b, 0xe5, 0x0a, 0xe5, 0x0a, 0xb3, 0x0a, 0xb3, 0x0a, 0x79, 0x0a,
  0x79, 0x0a, 0x35, 0x0a, 0x35, 0x0a, 0xea, 0x09, 0xea, 0x09, 0x95, 0x09,
  0x95, 0x09, 0x38, 0x09, 0x38, 0x09, 0xd4, 0x08, 0xd4, 0x08, 0x68, 0x08,
  0x68, 0x08, 0xf4, 0x07, 0xf4, 0x07, 0x7b, 0x07, 0x7b, 0x07, 0xfb, 0x06,
  0xfb, 0x06, 0x74, 0x06, 0x74, 0x06, 0xe9, 0x05, 0xe9, 0x05, 0x58, 0x05,
  0x58, 0x05, 0xc4, 0x04, 0xc4, 0x04, 0x2a, 0x04, 0x2a, 0x04, 0x8d, 0x03,
  0x8d, 0x03, 0xee, 0x02, 0xee, 0x02, 0x4b, 0x02, 0x4b, 0x02, 0xa8, 0x01,
  0xa8, 0x01, 0x02, 0x01, 0x02, 0x01, 0x5b, 0x00, 0x5b, 0x00, 0xb4, 0xff,
  0xb4, 0xff, 0x0e, 0xff, 0x0e, 0xff, 0x68, 0xfe, 0x68, 0xfe, 0xc4, 0xfd,
  0xc4, 0xfd, 0x21, 0xfd, 0x21, 0xfd, 0x82, 0xfc, 0x82, 0xfc, 0xe5, 0xfb,
  0xe5, 0xfb, 0x4a, 0xfb, 0x4a, 0xfb, 0xb5, 0xfa, 0xb5, 0xfa, 0x24, 0xfa,
  0x24, 0xfa, 0x98, 0xf9, 0x98, 0xf9, 0x12, 0xf9, 0x12, 0xf9, 0x91, 0xf8,
  0x91, 0xf8, 0x16, 0xf8, 0x16, 0xf8, 0xa2, 0xf7, 0xa2, 0xf7, 0x36, 0xf7,
  0x36, 0xf7, 0xd1, 0xf6, 0xd1, 0xf6, 0x74, 0xf6, 0x74, 0xf6, 0x1e, 0xf6,
  0x1e, 0xf6, 0xd1, 0xf5, 0xd1, 0xf5, 0x8d, 0xf5, 0x8d, 0xf5, 0x52, 0xf5,
  0x52, 0xf5, 0x1f, 0xf5, 0x1f, 0xf5, 0xf6, 0xf4, 0xf6, 0xf4, 0xd7, 0xf4,
  0xd7, 0xf4, 0xc0, 0xf4, 0xc0, 0xf4, 0xb3, 0xf4, 0xb3, 0xf4, 0xb0, 0xf4,
  0xb0, 0xf4, 0xb7, 0xf4, 0xb7, 0xf4, 0xc7, 0xf4, 0xc7, 0xf4, 0xe1, 0xf4,
  0xe1, 0xf4, 0x04, 0xf5, 0x04, 0xf5, 0x30, 0xf5, 0x30, 0xf5, 0x66, 0xf5,
  0x66, 0xf5, 0xa4, 0xf5, 0xa4, 0xf5, 0xec, 0xf5, 0xec, 0xf5, 0x3c, 0xf6,
  0x3c, 0xf6, 0x94, 0xf6, 0x94, 0xf6, 0xf4, 0xf6, 0xf4, 0xf6, 0x5c, 0xf7,
  0x5c, 0xf7, 0xcb, 0xf7, 0xcb, 0xf7, 0x41, 0xf8, 0x41, 0xf8, 0xbe, 0xf8,
  0xbe, 0xf8, 0x41, 0xf9, 0x41, 0xf9, 0xca, 0xf9, 0xca, 0xf9, 0x58, 0xfa,
  0x58, 0xfa, 0xeb, 0xfa, 0xeb, 0xfa, 0x82, 0xfb, 0x82, 0xfb, 0x1c, 0xfc,
  0x1c, 0xfc, 0xbb, 0xfc, 0xbb, 0xfc, 0x5c, 0xfd, 0x5c, 0xfd, 0xff, 0xfd,
  0xff, 0xfd, 0xa3, 0xfe, 0xa3, 0xfe, 0x4a, 0xff, 0x4a, 0xff, 0xf0, 0xff,
  0xf0, 0xff, 0x97, 0x00, 0x97, 0x00, 0x3d, 0x01, 0x3d, 0x01, 0xe2, 0x01,
  0xe2, 0x01, 0x86, 0x02, 0x86, 0x02, 0x27, 0x03, 0x27, 0x03, 0xc6, 0x03,
  0xc6, 0x03, 0x62, 0x04, 0x62, 0x04, 0xf9, 0x04, 0xf9, 0x04, 0x8d, 0x05,
  0x8d, 0x05, 0x1c, 0x06, 0x1c, 0x06, 0xa5, 0x06, 0xa5, 0x06, 0x2a, 0x07,
  0x2a, 0x07, 0xa7, 0x07, 0xa7, 0x07, 0x1f, 0x08, 0x1f, 0x08, 0x90, 0x08,
  0x90, 0x08, 0xf9, 0x08, 0xf9, 0x08, 0x5b, 0x09, 0x5b, 0x09, 0xb5, 0x09,
  0xb5, 0x09, 0x06, 0x0a, 0x06, 0x0a, 0x4f, 0x0a, 0x4f, 0x0a, 0x8f, 0x0a,
  0x8f, 0x0a, 0xc6, 0x0a, 0xc6, 0x0a, 0xf4, 0x0a, 0xf4, 0x0a, 0x19, 0x0b,
  0x19, 0x0b, 0x35, 0x0b, 0x35, 0x0b, 0x46, 0x0b, 0x46, 0x0b, 0x4f, 0x0b,
  0x4f, 0x0b, 0x4d, 0x0b, 0x4d, 0x0b, 0x43, 0x0b, 0x43, 0x0b, 0x2e, 0x0b,
  0x2e, 0x0b, 0x11, 0x0b, 0x11, 0x0b, 0xe9, 0x0a, 0xe9, 0x0a, 0xb8, 0x0a,
  0xb8, 0x0a, 0x7f, 0x0a, 0x7f, 0x0a, 0x3c, 0x0a, 0x3c, 0x0a, 0xf1, 0x09,
  0xf1, 0x09, 0x9d, 0x09, 0x9d, 0x09, 0x41, 0x09, 0x41, 0x09, 0xdd, 0x08,
  0xdd, 0x08, 0x72, 0x08, 0x72, 0x08, 0x00, 0x08, 0x00, 0x08, 0x86, 0x07,
  0x86, 0x07, 0x07, 0x07, 0x07, 0x07, 0x81, 0x06, 0x81, 0x06, 0xf6, 0x05,
  0xf6, 0x05, 0x66, 0x05, 0x66, 0x05, 0xd1, 0x04, 0xd1, 0x04, 0x38, 0x04,
  0x38, 0x04, 0x9c, 0x03, 0x9c, 0x03, 0xfc, 0x02, 0xfc, 0x02, 0x5a, 0x02,
  0x5a, 0x02, 0xb6, 0x01, 0xb6, 0x01, 0x11, 0x01, 0x11, 0x01, 0x6b, 0x00,
  0x6b, 0x00, 0xc3, 0xff, 0xc3, 0xff, 0x1d, 0xff, 0x1d, 0xff, 0x78, 0xfe,
  0x78, 0xfe, 0xd3, 0xfd, 0xd3, 0xfd, 0x30, 0xfd, 0x30, 0xfd, 0x90, 0xfc,
  0x90, 0xfc, 0xf3, 0xfb, 0xf3, 0xfb, 0x59, 0xfb, 0x59, 0xfb, 0xc3, 0xfa,
  0xc3, 0xfa, 0x31, 0xfa, 0x31, 0xfa, 0xa5, 0xf9, 0xa5, 0xf9, 0x1d, 0xf9,
  0x1d, 0xf9, 0x9d, 0xf8, 0x9d, 0xf8, 0x21, 0xf8, 0x21, 0xf8, 0xad, 0xf7,
  0xad, 0xf7, 0x3f, 0xf7, 0x3f, 0xf7, 0xd9, 0xf6, 0xd9, 0xf6, 0x7b, 0xf6,
  0x7b, 0xf6, 0x26, 0xf6, 0x26, 0xf6, 0xd8, 0xf5, 0xd8, 0xf5, 0x93, 0xf5,
  0x93, 0xf5, 0x57, 0xf5, 0x57, 0xf5, 0x24, 0xf5, 0x24, 0xf5, 0xf9, 0xf4,
  0xf9, 0xf4, 0xd9, 0xf4, 0xd9, 0xf4, 0xc2, 0xf4, 0xc2, 0xf4, 0xb5, 0xf4,
  0xb5, 0xf4, 0xb0, 0xf4, 0xb0, 0xf4, 0xb6, 0xf4, 0xb6, 0xf4, 0xc6, 0xf4,
  0xc6, 0xf4, 0xde, 0xf4, 0xde, 0xf4, 0x00, 0xf5, 0x00, 0xf5, 0x2c, 0xf5,
  0x2c, 0xf5, 0x61, 0xf5, 0x61, 0xf5, 0x9e, 0xf5, 0x9e, 0xf5, 0xe5, 0xf5,
  0xe5, 0xf5, 0x34, 0xf6, 0x34, 0xf6, 0x8c, 0xf6, 0x8c, 0xf6, 0xeb, 0xf6,
  0xeb, 0xf6, 0x52, 0xf7, 0x52, 0xf7, 0xc1, 0xf7, 0xc1, 0xf7, 0x37, 0xf8,
  0x37, 0xf8, 0xb2, 0xf8, 0xb2, 0xf8, 0x35, 0xf9, 0x35, 0xf9, 0xbd, 0xf9,
  0xbd, 0xf9, 0x4b, 0xfa, 0x4b, 0xfa, 0xde, 0xfa, 0xde, 0xfa, 0x73, 0xfb,
  0x73, 0xfb, 0x0e, 0xfc, 0x0e, 0xfc, 0xac, 0xfc, 0xac, 0xfc, 0x4c, 0xfd,
  0x4c, 0xfd, 0xf1, 0xfd, 0xf1, 0xfd, 0x95, 0xfe, 0x95, 0xfe, 0x3b, 0xff,
  0x3b, 0xff, 0xe2, 0xff, 0xe2, 0xff, 0x88, 0x00, 0x88, 0x00, 0x2f, 0x01,
  0x2f, 0x01, 0xd3, 0x01, 0xd3, 0x01, 0x77, 0x02, 0x77, 0x02, 0x19, 0x03,
  0x19, 0x03, 0xb8, 0x03, 0xb8, 0x03, 0x54, 0x04, 0x54, 0x04, 0xec, 0x04,
  0xec, 0x04, 0x80, 0x05, 0x80, 0x05, 0x0f, 0x06, 0x0f, 0x06, 0x99, 0x06,
  0x99, 0x06, 0x1e, 0x07, 0x1e, 0x07, 0x9d, 0x07, 0x9d, 0x07, 0x15, 0x08,
  0x15, 0x08, 0x85, 0x08, 0x85, 0x08, 0xf0, 0x08, 0xf0, 0x08, 0x52, 0x09,
  0x52, 0x09, 0xad, 0x09, 0xad, 0x09, 0xff, 0x09, 0xff, 0x09, 0x49, 0x0a,
  0x49, 0x0a, 0x8a, 0x0a, 0x8a, 0x0a, 0xc2, 0x0a, 0xc2, 0x0a, 0xf1, 0x0a,
  0xf1, 0x0a, 0x16, 0x0b, 0x16, 0x0b, 0x33, 0x0b, 0x33, 0x0b, 0x46, 0x0b,
  0x46, 0x0b, 0x4f, 0x0b, 0x4f, 0x0b, 0x4e, 0x0b, 0x4e, 0x0b, 0x44, 0x0b,
  0x44, 0x0b, 0x30, 0x0b, 0x30, 0x0b, 0x13, 0x0b, 0x13, 0x0b, 0xed, 0x0a,
  0xed, 0x0a, 0xbd, 0x0a, 0xbd, 0x0a, 0x85, 0x0a, 0x85, 0x0a, 0x43, 0x0a,
  0x43, 0x0a, 0xf8, 0x09, 0xf8, 0x09, 0xa5, 0x09, 0xa5, 0x09, 0x4a, 0x09,
  0x4a, 0x09, 0xe7, 0x08, 0xe7, 0x08, 0x7c, 0x08, 0x7c, 0x08, 0x0a, 0x08,
  0x0a, 0x08, 0x91, 0x07, 0x91, 0x07, 0x13, 0x07, 0x13, 0x07, 0x8e, 0x06,
  0x8e, 0x06, 0x03, 0x06, 0x03, 0x06, 0x73, 0x05, 0x73, 0x05, 0xdf, 0x04,
  0xdf, 0x04, 0x46, 0x04, 0x46, 0x04, 0xaa, 0x03, 0xaa, 0x03, 0x0b, 0x03,
  0x0b, 0x03, 0x69, 0x02, 0x69, 0x02, 0xc5, 0x01, 0xc5, 0x01, 0x20, 0x01,
  0x20, 0x01, 0x7a, 0x00, 0x7a, 0x00, 0xd3, 0xff, 0xd3, 0xff, 0x2c, 0xff,
  0x2c, 0xff, 0x86, 0xfe, 0x86, 0xfe, 0xe2, 0xfd, 0xe2, 0xfd, 0x3f, 0xfd,
  0x3f, 0xfd, 0x9f, 0xfc, 0x9f, 0xfc, 0x01, 0xfc, 0x01, 0xfc, 0x67, 0xfb,
  0x67, 0xfb, 0xd0, 0xfa, 0xd0, 0xfa, 0x3e, 0xfa, 0x3e, 0xfa, 0xb2, 0xf9,
  0xb2, 0xf9, 0x29, 0xf9, 0x29, 0xf9, 0xa8, 0xf8, 0xa8, 0xf8, 0x2c, 0xf8,
  0x2c, 0xf8, 0xb7, 0xf7, 0xb7, 0xf7, 0x49, 0xf7, 0x49, 0xf7, 0xe3, 0xf6,
  0xe3, 0xf6, 0x84, 0xf6, 0x84, 0xf6, 0x2d, 0xf6, 0x2d, 0xf6, 0xde, 0xf5,
  0xde, 0xf5, 0x98, 0xf5, 0x98, 0xf5, 0x5c, 0xf5, 0x5c, 0xf5, 0x28, 0xf5,
  0x28, 0xf5, 0xfd, 0xf4, 0xfd, 0xf4, 0xdc, 0xf4, 0xdc, 0xf4, 0xc4, 0xf4,
  0xc4, 0xf4, 0xb5, 0xf4, 0xb5, 0xf4, 0xb0, 0xf4, 0xb0, 0xf4, 0xb5, 0xf4,
  0xb5, 0xf4, 0xc4, 0xf4, 0xc4, 0xf4, 0xdc, 0xf4, 0xdc, 0xf4, 0xfd, 0xf4,
  0xfd, 0xf4, 0x27, 0xf5, 0x27, 0xf5, 0x5c, 0xf5, 0x5c, 0xf5, 0x98, 0xf5,
  0x98, 0xf5, 0xde, 0xf5, 0xde, 0xf5, 0x2d, 0xf6, 0x2d, 0xf6, 0x83, 0xf6,
  0x83, 0xf6, 0xe3, 0xf6, 0xe3, 0xf6, 0x48, 0xf7, 0x48, 0xf7, 0xb7, 0xf7,
  0xb7, 0xf7, 0x2c, 0xf8, 0x2c, 0xf8, 0xa7, 0xf8, 0xa7, 0xf8, 0x29, 0xf9,
  0x29, 0xf9, 0xb1, 0xf9, 0xb1, 0xf9, 0x3e, 0xfa, 0x3e, 0xfa, 0xd0, 0xfa,
  0xd0, 0xfa, 0x66, 0xfb, 0x66, 0xfb, 0x00, 0xfc, 0x00, 0xfc, 0x9e, 0xfc,
  0x9e, 0xfc, 0x3e, 0xfd, 0x3e, 0xfd, 0xe1, 0xfd, 0xe1, 0xfd, 0x86, 0xfe,
  0x86, 0xfe, 0x2c, 0xff, 0x2c, 0xff, 0xd3, 0xff, 0xd3, 0xff, 0x79, 0x00,
  0x79, 0x00, 0x1f, 0x01, 0x1f, 0x01, 0xc5, 0x01, 0xc5, 0x01, 0x69, 0x02,
  0x69, 0x02, 0x0b, 0x03, 0x0b, 0x03, 0xaa, 0x03, 0xaa, 0x03, 0x46, 0x04,
  0x46, 0x04, 0xdf, 0x04, 0xdf, 0x04, 0x72, 0x05, 0x72, 0x05, 0x03, 0x06,
  0x03, 0x06, 0x8d, 0x06, 0x8d, 0x06, 0x12, 0x07, 0x12, 0x07, 0x91, 0x07,
  0x91, 0x07, 0x0a, 0x08, 0x0a, 0x08, 0x7b, 0x08, 0x7b, 0x08, 0xe7, 0x08,
  0xe7, 0x08, 0x4a, 0x09, 0x4a, 0x09, 0xa4, 0x09, 0xa4, 0x09, 0xf8, 0x09,
  0xf8, 0x09, 0x42, 0x0a, 0x42, 0x0a, 0x84, 0x0a, 0x84, 0x0a, 0xbd, 0x0a,
  0xbd, 0x0a, 0xed, 0x0a, 0xed, 0x0a, 0x13, 0x0b, 0x13, 0x0b, 0x30, 0x0b,
  0x30, 0x0b, 0x44, 0x0b, 0x44, 0x0b, 0x4e, 0x0b, 0x4e, 0x0b, 0x4f, 0x0b,
  0x4f, 0x0b, 0x46, 0x0b, 0x46, 0x0b, 0x33, 0x0b, 0x33, 0x0b, 0x16, 0x0b,
  0x16, 0x0b, 0xf1, 0x0a, 0xf1, 0x0a, 0xc2, 0x0a, 0xc2, 0x0a, 0x8a, 0x0a,
  0x8a, 0x0a, 0x49, 0x0a, 0x49, 0x0a, 0xff, 0x09, 0xff, 0x09, 0xad, 0x09,
  0xad, 0x09, 0x52, 0x09, 0x52, 0x09, 0xf0, 0x08, 0xf0, 0x08, 0x86, 0x08,
  0x86, 0x08, 0x15, 0x08, 0x15, 0x08, 0x9d, 0x07, 0x9d, 0x07, 0x1e, 0x07,
  0x1e, 0x07, 0x9a, 0x06, 0x9a, 0x06, 0x10, 0x06, 0x10, 0x06, 0x81, 0x05,
  0x81, 0x05, 0xed, 0x04, 0xed, 0x04, 0x54, 0x04, 0x54, 0x04, 0xb8, 0x03,
  0xb8, 0x03, 0x19, 0x03, 0x19, 0x03, 0x77, 0x02, 0x77, 0x02, 0xd4, 0x01,
  0xd4, 0x01, 0x2f, 0x01, 0x2f, 0x01, 0x88, 0x00, 0x88, 0x00, 0xe2, 0xff,
  0xe2, 0xff, 0x3b, 0xff, 0x3b, 0xff, 0x95, 0xfe, 0x95, 0xfe, 0xf1, 0xfd,
  0xf1, 0xfd, 0x4d, 0xfd, 0x4d, 0xfd, 0xad, 0xfc, 0xad, 0xfc, 0x0f, 0xfc,
  0x0f, 0xfc, 0x74, 0xfb, 0x74, 0xfb, 0xde, 0xfa, 0xde, 0xfa, 0x4c, 0xfa,
  0x4c, 0xfa, 0xbe, 0xf9, 0xbe, 0xf9, 0x36, 0xf9, 0x36, 0xf9, 0xb3, 0xf8,
  0xb3, 0xf8, 0x37, 0xf8, 0x37, 0xf8, 0xc1, 0xf7, 0xc1, 0xf7, 0x52, 0xf7,
  0x52, 0xf7, 0xec, 0xf6, 0xec, 0xf6, 0x8c, 0xf6, 0x8c, 0xf6, 0x35, 0xf6,
  0x35, 0xf6, 0xe5, 0xf5, 0xe5, 0xf5, 0x9f, 0xf5, 0x9f, 0xf5, 0x61, 0xf5,
  0x61, 0xf5, 0x2c, 0xf5, 0x2c, 0xf5, 0x00, 0xf5, 0x00, 0xf5, 0xde, 0xf4,
  0xde, 0xf4, 0xc6, 0xf4, 0xc6, 0xf4, 0xb6, 0xf4, 0xb6, 0xf4, 0xb0, 0xf4,
  0xb0, 0xf4, 0xb4, 0xf4, 0xb4, 0xf4, 0xc2, 0xf4, 0xc2, 0xf4, 0xd9, 0xf4,
  0xd9, 0xf4, 0xf9, 0xf4, 0xf9, 0xf4, 0x23, 0xf5, 0x23, 0xf5, 0x57, 0xf5,
  0x57, 0xf5, 0x93, 0xf5, 0x93, 0xf5, 0xd7, 0xf5, 0xd7, 0xf5, 0x25, 0xf6,
  0x25, 0xf6, 0x7b, 0xf6, 0x7b, 0xf6, 0xd9, 0xf6, 0xd9, 0xf6, 0x3f, 0xf7,
  0x3f, 0xf7, 0xac, 0xf7, 0xac, 0xf7, 0x21, 0xf8, 0x21, 0xf8, 0x9c, 0xf8,
  0x9c, 0xf8, 0x1d, 0xf9, 0x1d, 0xf9, 0xa4, 0xf9, 0xa4, 0xf9, 0x31, 0xfa,
  0x31, 0xfa, 0xc2, 0xfa, 0xc2, 0xfa, 0x59, 0xfb, 0x59, 0xfb, 0xf2, 0xfb,
  0xf2, 0xfb, 0x8f, 0xfc, 0x8f, 0xfc, 0x2f, 0xfd, 0x2f, 0xfd, 0xd2, 0xfd,
  0xd2, 0xfd, 0x77, 0xfe, 0x77, 0xfe, 0x1c, 0xff, 0x1c, 0xff, 0xc3, 0xff,
  0xc3, 0xff, 0x6a, 0x00, 0x6a, 0x00, 0x10, 0x01, 0x10, 0x01, 0xb6, 0x01,
  0xb6, 0x01, 0x5a, 0x02, 0x5a, 0x02, 0xfc, 0x02, 0xfc, 0x02, 0x9b, 0x03,
  0x9b, 0x03, 0x38, 0x04, 0x38, 0x04, 0xd0, 0x04, 0xd0, 0x04, 0x66, 0x05,
  0x66, 0x05, 0xf6, 0x05, 0xf6, 0x05, 0x80, 0x06, 0x80, 0x06, 0x06, 0x07,
  0x06, 0x07, 0x86, 0x07, 0x86, 0x07, 0x00, 0x08, 0x00, 0x08, 0x72, 0x08,
  0x72, 0x08, 0xdd, 0x08, 0xdd, 0x08, 0x41, 0x09, 0x41, 0x09, 0x9d, 0x09,
  0x9d, 0x09, 0xf1, 0x09, 0xf1, 0x09, 0x3c, 0x0a, 0x3c, 0x0a, 0x7e, 0x0a,
  0x7e, 0x0a, 0xb8, 0x0a, 0xb8, 0x0a, 0xe9, 0x0a, 0xe9, 0x0a, 0x10, 0x0b,
  0x10, 0x0b, 0x2e, 0x0b, 0x2e, 0x0b, 0x43, 0x0b, 0x43, 0x0b, 0x4d, 0x0b,
  0x4d, 0x0b, 0x4f, 0x0b, 0x4f, 0x0b, 0x47, 0x0b, 0x47, 0x0b, 0x35, 0x0b,
  0x35, 0x0b, 0x1a, 0x0b, 0x1a, 0x0b, 0xf5, 0x0a, 0xf5, 0x0a, 0xc6, 0x0a,
  0xc6, 0x0a, 0x8f, 0x0a, 0x8f, 0x0a, 0x50, 0x0a, 0x50, 0x0a, 0x06, 0x0a,
  0x06, 0x0a, 0xb5, 0x09, 0xb5, 0x09, 0x5b, 0x09, 0x5b, 0x09, 0xf9, 0x08,
  0xf9, 0x08, 0x90, 0x08, 0x90, 0x08, 0x20, 0x08, 0x20, 0x08, 0xa8, 0x07,
  0xa8, 0x07, 0x2a, 0x07, 0x2a, 0x07, 0xa6, 0x06, 0xa6, 0x06, 0x1d, 0x06,
  0x1d, 0x06, 0x8e, 0x05, 0x8e, 0x05, 0xfa, 0x04, 0xfa, 0x04, 0x62, 0x04,
  0x62, 0x04, 0xc7, 0x03, 0xc7, 0x03, 0x28, 0x03, 0x28, 0x03, 0x87, 0x02,
  0x87, 0x02, 0xe3, 0x01, 0xe3, 0x01, 0x3e, 0x01, 0x3e, 0x01, 0x98, 0x00,
  0x98, 0x00, 0xf1, 0xff, 0xf1, 0xff, 0x4a, 0xff, 0x4a, 0xff, 0xa4, 0xfe,
  0xa4, 0xfe, 0xff, 0xfd, 0xff, 0xfd, 0x5d, 0xfd, 0x5d, 0xfd, 0xbb, 0xfc,
  0xbb, 0xfc, 0x1d, 0xfc, 0x1d, 0xfc, 0x82, 0xfb, 0x82, 0xfb, 0xeb, 0xfa,
  0xeb, 0xfa, 0x59, 0xfa, 0x59, 0xfa, 0xca, 0xf9, 0xca, 0xf9, 0x42, 0xf9,
  0x42, 0xf9, 0xbf, 0xf8, 0xbf, 0xf8, 0x42, 0xf8, 0x42, 0xf8, 0xcc, 0xf7,
  0xcc, 0xf7, 0x5d, 0xf7, 0x5d, 0xf7, 0xf4, 0xf6, 0xf4, 0xf6, 0x94, 0xf6,
  0x94, 0xf6, 0x3c, 0xf6, 0x3c, 0xf6, 0xec, 0xf5, 0xec, 0xf5, 0xa5, 0xf5,
  0xa5, 0xf5, 0x66, 0xf5, 0x66, 0xf5, 0x30, 0xf5, 0x30, 0xf5, 0x04, 0xf5,
  0x04, 0xf5, 0xe1, 0xf4, 0xe1, 0xf4, 0xc7, 0xf4, 0xc7, 0xf4, 0xb7, 0xf4,
  0xb7, 0xf4, 0xb0, 0xf4, 0xb0, 0xf4, 0xb3, 0xf4, 0xb3, 0xf4, 0xc0, 0xf4,
  0xc0, 0xf4, 0xd7, 0xf4, 0xd7, 0xf4, 0xf6, 0xf4, 0xf6, 0xf4, 0x1f, 0xf5,
  0x1f, 0xf5, 0x52, 0xf5, 0x52, 0xf5, 0x8d, 0xf5, 0x8d, 0xf5, 0xd1, 0xf5,
  0xd1, 0xf5, 0x1d, 0xf6, 0x1d, 0xf6, 0x73, 0xf6, 0x73, 0xf6, 0xd0, 0xf6,
  0xd0, 0xf6, 0x35, 0xf7, 0x35, 0xf7, 0xa2, 0xf7, 0xa2, 0xf7, 0x16, 0xf8,
  0x16, 0xf8, 0x90, 0xf8, 0x90, 0xf8, 0x11, 0xf9, 0x11, 0xf9, 0x98, 0xf9,
  0x98, 0xf9, 0x24, 0xfa, 0x24, 0xfa, 0xb5, 0xfa, 0xb5, 0xfa, 0x4a, 0xfb,
  0x4a, 0xfb, 0xe4, 0xfb, 0xe4, 0xfb, 0x81, 0xfc, 0x81, 0xfc, 0x21, 0xfd,
  0x21, 0xfd, 0xc3, 0xfd, 0xc3, 0xfd, 0x67, 0xfe, 0x67, 0xfe, 0x0d, 0xff,
  0x0d, 0xff, 0xb4, 0xff, 0xb4, 0xff, 0x5b, 0x00, 0x5b, 0x00, 0x01, 0x01,
  0x01, 0x01, 0xa7, 0x01, 0xa7, 0x01, 0x4b, 0x02, 0x4b, 0x02, 0xee, 0x02,
  0xee, 0x02, 0x8d, 0x03, 0x8d, 0x03, 0x2a, 0x04, 0x2a, 0x04, 0xc3, 0x04,
  0xc3, 0x04, 0x58, 0x05, 0x58, 0x05, 0xe8, 0x05, 0xe8, 0x05, 0x74, 0x06,
  0x74, 0x06, 0xfa, 0x06, 0xfa, 0x06, 0x7b, 0x07, 0x7b, 0x07, 0xf4, 0x07,
  0xf4, 0x07, 0x68, 0x08, 0x68, 0x08, 0xd4, 0x08, 0xd4, 0x08, 0x38, 0x09,
  0x38, 0x09, 0x95, 0x09, 0x95, 0x09, 0xe9, 0x09, 0xe9, 0x09, 0x35, 0x0a,
  0x35, 0x0a, 0x79, 0x0a, 0x79, 0x0a, 0xb3, 0x0a, 0xb3, 0x0a, 0xe5, 0x0a,
  0xe5, 0x0a, 0x0d, 0x0b, 0x0d, 0x0b, 0x2c, 0x0b, 0x2c, 0x0b, 0x41, 0x0b,
  0x41, 0x0b, 0x4d, 0x0b, 0x4d, 0x0b, 0x50, 0x0b, 0x50, 0x0b, 0x48, 0x0b,
  0x48, 0x0b, 0x37, 0x0b, 0x37, 0x0b, 0x1d, 0x0b, 0x1d, 0x0b, 0xf9, 0x0a,
  0xf9, 0x0a, 0xcb, 0x0a, 0xcb, 0x0a, 0x95, 0x0a, 0x95, 0x0a, 0x55, 0x0a,
  0x55, 0x0a, 0x0d, 0x0a, 0x0d, 0x0a, 0xbd, 0x09, 0xbd, 0x09, 0x63, 0x09,
  0x63, 0x09, 0x03, 0x09, 0x03, 0x09, 0x9a, 0x08, 0x9a, 0x08, 0x2a, 0x08,
  0x2a, 0x08, 0xb3, 0x07, 0xb3, 0x07, 0x36, 0x07, 0x36, 0x07, 0xb3, 0x06,
  0xb3, 0x06, 0x29, 0x06, 0x29, 0x06, 0x9b, 0x05, 0x9b, 0x05, 0x08, 0x05,
  0x08, 0x05, 0x70, 0x04, 0x70, 0x04, 0xd5, 0x03, 0xd5, 0x03, 0x36, 0x03,
  0x36, 0x03, 0x96, 0x02, 0x96, 0x02, 0xf3, 0x01, 0xf3, 0x01, 0x4d, 0x01,
  0x4d, 0x01, 0xa7, 0x00, 0xa7, 0x00, 0x00, 0x00, 0x00, 0x00, 0x5a, 0xff,
  0x5a, 0xff, 0xb4, 0xfe, 0xb4, 0xfe, 0x0e, 0xfe, 0x0e, 0xfe, 0x6b, 0xfd,
  0x6b, 0xfd, 0xca, 0xfc, 0xca, 0xfc, 0x2b, 0xfc, 0x2b, 0xfc, 0x90, 0xfb,
  0x90, 0xfb, 0xf9, 0xfa, 0xf9, 0xfa, 0x65, 0xfa, 0x65, 0xfa, 0xd7, 0xf9,
  0xd7, 0xf9, 0x4e, 0xf9, 0x4e, 0xf9, 0xca, 0xf8, 0xca, 0xf8, 0x4d, 0xf8,
  0x4d, 0xf8, 0xd6, 0xf7, 0xd6, 0xf7, 0x66, 0xf7, 0x66, 0xf7, 0xfe, 0xf6,
  0xfe, 0xf6, 0x9d, 0xf6, 0x9d, 0xf6, 0x43, 0xf6, 0x43, 0xf6, 0xf3, 0xf5,
  0xf3, 0xf5, 0xab, 0xf5, 0xab, 0xf5, 0x6c, 0xf5, 0x6c, 0xf5, 0x35, 0xf5,
  0x35, 0xf5, 0x07, 0xf5, 0x07, 0xf5, 0xe4, 0xf4, 0xe4, 0xf4, 0xc9, 0xf4,
  0xc9, 0xf4, 0xb8, 0xf4, 0xb8, 0xf4, 0xb0, 0xf4, 0xb0, 0xf4, 0xb3, 0xf4,
  0xb3, 0xf4, 0xbf, 0xf4, 0xbf, 0xf4, 0xd4, 0xf4, 0xd4, 0xf4, 0xf3, 0xf4,
  0xf3, 0xf4, 0x1b, 0xf5, 0x1b, 0xf5, 0x4d, 0xf5, 0x4d, 0xf5, 0x87, 0xf5,
  0x87, 0xf5, 0xcb, 0xf5, 0xcb, 0xf5, 0x16, 0xf6, 0x16, 0xf6, 0x6b, 0xf6,
  0x6b, 0xf6, 0xc8, 0xf6, 0xc8, 0xf6, 0x2c, 0xf7, 0x2c, 0xf7, 0x98, 0xf7,
  0x98, 0xf7, 0x0c, 0xf8, 0x0c, 0xf8, 0x85, 0xf8, 0x85, 0xf8, 0x05, 0xf9,
  0x05, 0xf9, 0x8c, 0xf9, 0x8c, 0xf9, 0x17, 0xfa, 0x17, 0xfa, 0xa8, 0xfa,
  0xa8, 0xfa, 0x3c, 0xfb, 0x3c, 0xfb, 0xd6, 0xfb, 0xd6, 0xfb, 0x73, 0xfc,
  0x73, 0xfc, 0x12, 0xfd, 0x12, 0xfd, 0xb5, 0xfd, 0xb5, 0xfd, 0x58, 0xfe,
  0x58, 0xfe, 0xfe, 0xfe, 0xfe, 0xfe, 0xa5, 0xff, 0xa5, 0xff, 0x4c, 0x00,
  0x4c, 0x00, 0xf2, 0x00, 0xf2, 0x00, 0x98, 0x01, 0x98, 0x01, 0x3c, 0x02,
  0x3c, 0x02, 0xdf, 0x02, 0xdf, 0x02, 0x7e, 0x03, 0x7e, 0x03, 0x1b, 0x04,
  0x1b, 0x04, 0xb6, 0x04, 0xb6, 0x04, 0x4b, 0x05, 0x4b, 0x05, 0xdc, 0x05,
  0xdc, 0x05, 0x68, 0x06, 0x68, 0x06, 0xee, 0x06, 0xee, 0x06, 0x6f, 0x07,
  0x6f, 0x07, 0xea, 0x07, 0xea, 0x07, 0x5e, 0x08, 0x5e, 0x08, 0xca, 0x08,
  0xca, 0x08, 0x2f, 0x09, 0x2f, 0x09, 0x8c, 0x09, 0x8c, 0x09, 0xe2, 0x09,
  0xe2, 0x09, 0x2f, 0x0a, 0x2f, 0x0a, 0x73, 0x0a, 0x73, 0x0a, 0xae, 0x0a,
  0xae, 0x0a, 0xe1, 0x0a, 0xe1, 0x0a, 0x0a, 0x0b, 0x0a, 0x0b, 0x29, 0x0b,
  0x29, 0x0b, 0x40, 0x0b, 0x40, 0x0b, 0x4d, 0x0b, 0x4d, 0x0b, 0x50, 0x0b,
  0x50, 0x0b, 0x49, 0x0b, 0x49, 0x0b, 0x39, 0x0b, 0x39, 0x0b, 0x1f, 0x0b,
  0x1f, 0x0b, 0xfc, 0x0a, 0xfc, 0x0a, 0xd0, 0x0a, 0xd0, 0x0a, 0x9a, 0x0a,
  0x9a, 0x0a, 0x5c, 0x0a, 0x5c, 0x0a, 0x14, 0x0a, 0x14, 0x0a, 0xc4, 0x09,
  0xc4, 0x09, 0x6c, 0x09, 0x6c, 0x09, 0x0c, 0x09, 0x0c, 0x09, 0xa4, 0x08,
  0xa4, 0x08, 0x35, 0x08, 0x35, 0x08, 0xbf, 0x07, 0xbf, 0x07, 0x42, 0x07,
  0x42, 0x07, 0xbf, 0x06, 0xbf, 0x06, 0x36, 0x06, 0x36, 0x06, 0xa8, 0x05,
  0xa8, 0x05, 0x15, 0x05, 0x15, 0x05, 0x7e, 0x04, 0x7e, 0x04, 0xe4, 0x03,
  0xe4, 0x03, 0x45, 0x03, 0x45, 0x03, 0xa4, 0x02, 0xa4, 0x02, 0x01, 0x02,
  0x01, 0x02, 0x5d, 0x01, 0x5d, 0x01, 0xb6, 0x00, 0xb6, 0x00, 0x10, 0x00,
  0x10, 0x00, 0x69, 0xff, 0x69, 0xff, 0xc3, 0xfe, 0xc3, 0xfe, 0x1e, 0xfe,
  0x1e, 0xfe, 0x7a, 0xfd, 0x7a, 0xfd, 0xd9, 0xfc, 0xd9, 0xfc, 0x3a, 0xfc,
  0x3a, 0xfc, 0x9e, 0xfb, 0x9e, 0xfb, 0x07, 0xfb, 0x07, 0xfb, 0x73, 0xfa,
  0x73, 0xfa, 0xe4, 0xf9, 0xe4, 0xf9, 0x5b, 0xf9, 0x5b, 0xf9, 0xd6, 0xf8,
  0xd6, 0xf8, 0x59, 0xf8, 0x59, 0xf8, 0xe1, 0xf7, 0xe1, 0xf7, 0x70, 0xf7,
  0x70, 0xf7, 0x07, 0xf7, 0x07, 0xf7, 0xa5, 0xf6, 0xa5, 0xf6, 0x4b, 0xf6,
  0x4b, 0xf6, 0xfa, 0xf5, 0xfa, 0xf5, 0xb1, 0xf5, 0xb1, 0xf5, 0x71, 0xf5,
  0x71, 0xf5, 0x3a, 0xf5, 0x3a, 0xf5, 0x0c, 0xf5, 0x0c, 0xf5, 0xe7, 0xf4,
  0xe7, 0xf4, 0xcb, 0xf4, 0xcb, 0xf4, 0xba, 0xf4, 0xba, 0xf4, 0xb1, 0xf4,
  0xb1, 0xf4, 0xb3, 0xf4, 0xb3, 0xf4, 0xbd, 0xf4, 0xbd, 0xf4, 0xd2, 0xf4,
  0xd2, 0xf4, 0xef, 0xf4, 0xef, 0xf4, 0x17, 0xf5, 0x17, 0xf5, 0x48, 0xf5,
  0x48, 0xf5, 0x81, 0xf5, 0x81, 0xf5, 0xc4, 0xf5, 0xc4, 0xf5, 0x0f, 0xf6,
  0x0f, 0xf6, 0x63, 0xf6, 0x63, 0xf6, 0xbf, 0xf6, 0xbf, 0xf6, 0x23, 0xf7,
  0x23, 0xf7, 0x8e, 0xf7, 0x8e, 0xf7, 0x00, 0xf8, 0x00, 0xf8, 0x7a, 0xf8,
  0x7a, 0xf8, 0xf9, 0xf8, 0xf9, 0xf8, 0x7f, 0xf9, 0x7f, 0xf9, 0x0a, 0xfa,
  0x0a, 0xfa, 0x9a, 0xfa, 0x9a, 0xfa, 0x2f, 0xfb, 0x2f, 0xfb, 0xc8, 0xfb,
  0xc8, 0xfb, 0x64, 0xfc, 0x64, 0xfc, 0x04, 0xfd, 0x04, 0xfd, 0xa6, 0xfd,
  0xa6, 0xfd, 0x4a, 0xfe, 0x4a, 0xfe, 0xef, 0xfe, 0xef, 0xfe, 0x95, 0xff,
  0x95, 0xff, 0x3d, 0x00, 0x3d, 0x00, 0xe3, 0x00, 0xe3, 0x00, 0x88, 0x01,
  0x88, 0x01, 0x2d, 0x02, 0x2d, 0x02, 0xd0, 0x02, 0xd0, 0x02, 0x70, 0x03,
  0x70, 0x03, 0x0d, 0x04, 0x0d, 0x04, 0xa7, 0x04, 0xa7, 0x04, 0x3d, 0x05,
  0x3d, 0x05, 0xcf, 0x05, 0xcf, 0x05, 0x5b, 0x06, 0x5b, 0x06, 0xe3, 0x06,
  0xe3, 0x06, 0x63, 0x07, 0x63, 0x07, 0xdf, 0x07, 0xdf, 0x07, 0x53, 0x08,
  0x53, 0x08, 0xc1, 0x08, 0xc1, 0x08, 0x27, 0x09, 0x27, 0x09, 0x85, 0x09,
  0x85, 0x09, 0xda, 0x09, 0xda, 0x09, 0x28, 0x0a, 0x28, 0x0a, 0x6d, 0x0a,
  0x6d, 0x0a, 0xa9, 0x0a, 0xa9, 0x0a, 0xdc, 0x0a, 0xdc, 0x0a, 0x07, 0x0b,
  0x07, 0x0b, 0x27, 0x0b, 0x27, 0x0b, 0x3e, 0x0b, 0x3e, 0x0b, 0x4b, 0x0b,
  0x4b, 0x0b, 0x50, 0x0b, 0x50, 0x0b, 0x4a, 0x0b, 0x4a, 0x0b, 0x3a, 0x0b,
  0x3a, 0x0b, 0x22, 0x0b, 0x22, 0x0b, 0x00, 0x0b, 0x00, 0x0b, 0xd4, 0x0a,
  0xd4, 0x0a, 0x9f, 0x0a, 0x9f, 0x0a, 0x62, 0x0a, 0x62, 0x0a, 0x1b, 0x0a,
  0x1b, 0x0a, 0xcc, 0x09, 0xcc, 0x09, 0x74, 0x09, 0x74, 0x09, 0x15, 0x09,
  0x15, 0x09, 0xae, 0x08, 0xae, 0x08, 0x3f, 0x08, 0x3f, 0x08, 0xc9, 0x07,
  0xc9, 0x07, 0x4e, 0x07, 0x4e, 0x07, 0xcb, 0x06, 0xcb, 0x06, 0x43, 0x06,
  0x43, 0x06, 0xb5, 0x05, 0xb5, 0x05, 0x22, 0x05, 0x22, 0x05, 0x8d, 0x04,
  0x8d, 0x04, 0xf2, 0x03, 0xf2, 0x03, 0x54, 0x03, 0x54, 0x03, 0xb4, 0x02,
  0xb4, 0x02, 0x0f, 0x02, 0x0f, 0x02, 0x6b, 0x01, 0x6b, 0x01, 0xc5, 0x00,
  0xc5, 0x00, 0x1e, 0x00, 0x1e, 0x00, 0x78, 0xff, 0x78, 0xff, 0xd1, 0xfe,
  0xd1, 0xfe, 0x2d, 0xfe, 0x2d, 0xfe, 0x89, 0xfd, 0x89, 0xfd, 0xe7, 0xfc,
  0xe7, 0xfc, 0x48, 0xfc, 0x48, 0xfc, 0xac, 0xfb, 0xac, 0xfb, 0x14, 0xfb,
  0x14, 0xfb, 0x80, 0xfa, 0x80, 0xfa, 0xf1, 0xf9, 0xf1, 0xf9, 0x67, 0xf9,
  0x67, 0xf9, 0xe2, 0xf8, 0xe2, 0xf8, 0x63, 0xf8, 0x63, 0xf8, 0xeb, 0xf7,
  0xeb, 0xf7, 0x7b, 0xf7, 0x7b, 0xf7, 0x10, 0xf7, 0x10, 0xf7, 0xae, 0xf6,
  0xae, 0xf6, 0x53, 0xf6, 0x53, 0xf6, 0x01, 0xf6, 0x01, 0xf6, 0xb7, 0xf5,
  0xb7, 0xf5, 0x76, 0xf5, 0x76, 0xf5, 0x3e, 0xf5, 0x3e, 0xf5, 0x0f, 0xf5,
  0x0f, 0xf5, 0xea, 0xf4, 0xea, 0xf4, 0xcd, 0xf4, 0xcd, 0xf4, 0xba, 0xf4,
  0xba, 0xf4, 0xb1, 0xf4, 0xb1, 0xf4, 0xb2, 0xf4, 0xb2, 0xf4, 0xbc, 0xf4,
  0xbc, 0xf4, 0xd0, 0xf4, 0xd0, 0xf4, 0xed, 0xf4, 0xed, 0xf4, 0x13, 0xf5,
  0x13, 0xf5, 0x43, 0xf5, 0x43, 0xf5, 0x7b, 0xf5, 0x7b, 0xf5, 0xbd, 0xf5,
  0xbd, 0xf5, 0x08, 0xf6, 0x08, 0xf6, 0x5b, 0xf6, 0x5b, 0xf6, 0xb6, 0xf6,
  0xb6, 0xf6, 0x19, 0xf7, 0x19, 0xf7, 0x84, 0xf7, 0x84, 0xf7, 0xf6, 0xf7,
  0xf6, 0xf7, 0x6f, 0xf8, 0x6f, 0xf8, 0xed, 0xf8, 0xed, 0xf8, 0x72, 0xf9,
  0x72, 0xf9, 0xfd, 0xf9, 0xfd, 0xf9, 0x8d, 0xfa, 0x8d, 0xfa, 0x21, 0xfb,
  0x21, 0xfb, 0xba, 0xfb, 0xba, 0xfb, 0x56, 0xfc, 0x56, 0xfc, 0xf5, 0xfc,
  0xf5, 0xfc, 0x97, 0xfd, 0x97, 0xfd, 0x3b, 0xfe, 0x3b, 0xfe, 0xe0, 0xfe,
  0xe0, 0xfe, 0x86, 0xff, 0x86, 0xff, 0x2d, 0x00, 0x2d, 0x00, 0xd4, 0x00,
  0xd4, 0x00, 0x7a, 0x01, 0x7a, 0x01, 0x1e, 0x02, 0x1e, 0x02, 0xc1, 0x02,
  0xc1, 0x02, 0x61, 0x03, 0x61, 0x03, 0xff, 0x03, 0xff, 0x03, 0x99, 0x04,
  0x99, 0x04, 0x30, 0x05, 0x30, 0x05, 0xc2, 0x05, 0xc2, 0x05, 0x4e, 0x06,
  0x4e, 0x06, 0xd7, 0x06, 0xd7, 0x06, 0x58, 0x07, 0x58, 0x07, 0xd4, 0x07,
  0xd4, 0x07, 0x49, 0x08, 0x49, 0x08, 0xb7, 0x08, 0xb7, 0x08, 0x1d, 0x09,
  0x1d, 0x09, 0x7c, 0x09, 0x7c, 0x09, 0xd3, 0x09, 0xd3, 0x09, 0x22, 0x0a,
  0x22, 0x0a, 0x68, 0x0a, 0x68, 0x0a, 0xa4, 0x0a, 0xa4, 0x0a, 0xd8, 0x0a,
  0xd8, 0x0a, 0x03, 0x0b, 0x03, 0x0b, 0x24, 0x0b, 0x24, 0x0b, 0x3c, 0x0b,
  0x3c, 0x0b, 0x4b, 0x0b, 0x4b, 0x0b, 0x50, 0x0b, 0x50, 0x0b, 0x4b, 0x0b,
  0x4b, 0x0b, 0x3c, 0x0b, 0x3c, 0x0b, 0x24, 0x0b, 0x24, 0x0b, 0x03, 0x0b,
  0x03, 0x0b, 0xd9, 0x0a, 0xd9, 0x0a, 0xa4, 0x0a, 0xa4, 0x0a, 0x68, 0x0a,
  0x68, 0x0a, 0x22, 0x0a, 0x22, 0x0a, 0xd3, 0x09, 0xd3, 0x09, 0x7d, 0x09,
  0x7d, 0x09, 0x1d, 0x09, 0x1d, 0x09, 0xb8, 0x08, 0xb8, 0x08, 0x49, 0x08,
  0x49, 0x08, 0xd4, 0x07, 0xd4, 0x07, 0x59, 0x07, 0x59, 0x07, 0xd7, 0x06,
  0xd7, 0x06, 0x4f, 0x06, 0x4f, 0x06, 0xc2, 0x05, 0xc2, 0x05, 0x30, 0x05,
  0x30, 0x05, 0x9a, 0x04, 0x9a, 0x04, 0x00, 0x04, 0x00, 0x04, 0x62, 0x03,
  0x62, 0x03, 0xc2, 0x02, 0xc2, 0x02, 0x1f, 0x02, 0x1f, 0x02, 0x7a, 0x01,
  0x7a, 0x01, 0xd4, 0x00, 0xd4, 0x00, 0x2d, 0x00, 0x2d, 0x00, 0x87, 0xff,
  0x87, 0xff, 0xe1, 0xfe, 0xe1, 0xfe, 0x3b, 0xfe, 0x3b, 0xfe, 0x97, 0xfd,
  0x97, 0xfd, 0xf5, 0xfc, 0xf5, 0xfc, 0x56, 0xfc, 0x56, 0xfc, 0xba, 0xfb,
  0xba, 0xfb, 0x21, 0xfb, 0x21, 0xfb, 0x8e, 0xfa, 0x8e, 0xfa, 0xfd, 0xf9,
  0xfd, 0xf9, 0x73, 0xf9, 0x73, 0xf9, 0xee, 0xf8, 0xee, 0xf8, 0x6f, 0xf8,
  0x6f, 0xf8, 0xf6, 0xf7, 0xf6, 0xf7, 0x85, 0xf7, 0x85, 0xf7, 0x19, 0xf7,
  0x19, 0xf7, 0xb6, 0xf6, 0xb6, 0xf6, 0x5c, 0xf6, 0x5c, 0xf6, 0x08, 0xf6,
  0x08, 0xf6, 0xbe, 0xf5, 0xbe, 0xf5, 0x7c, 0xf5, 0x7c, 0xf5, 0x43, 0xf5,
  0x43, 0xf5, 0x13, 0xf5, 0x13, 0xf5, 0xed, 0xf4, 0xed, 0xf4, 0xd0, 0xf4,
  0xd0, 0xf4, 0xbc, 0xf4, 0xbc, 0xf4, 0xb2, 0xf4, 0xb2, 0xf4, 0xb1, 0xf4,
  0xb1, 0xf4, 0xba, 0xf4, 0xba, 0xf4, 0xcd, 0xf4, 0xcd, 0xf4, 0xea, 0xf4,
  0xea, 0xf4, 0x0f, 0xf5, 0x0f, 0xf5, 0x3e, 0xf5, 0x3e, 0xf5, 0x76, 0xf5,
  0x76, 0xf5, 0xb7, 0xf5, 0xb7, 0xf5, 0x01, 0xf6, 0x01, 0xf6, 0x53, 0xf6,
  0x53, 0xf6, 0xae, 0xf6, 0xae, 0xf6, 0x10, 0xf7, 0x10, 0xf7, 0x7a, 0xf7,
  0x7a, 0xf7, 0xeb, 0xf7, 0xeb, 0xf7, 0x63, 0xf8, 0x63, 0xf8, 0xe2, 0xf8,
  0xe2, 0xf8, 0x66, 0xf9, 0x66, 0xf9, 0xf0, 0xf9, 0xf0, 0xf9, 0x7f, 0xfa,
  0x7f, 0xfa, 0x13, 0xfb, 0x13, 0xfb, 0xac, 0xfb, 0xac, 0xfb, 0x48, 0xfc,
  0x48, 0xfc, 0xe7, 0xfc, 0xe7, 0xfc, 0x89, 0xfd, 0x89, 0xfd, 0x2c, 0xfe,
  0x2c, 0xfe, 0xd1, 0xfe, 0xd1, 0xfe, 0x78, 0xff, 0x78, 0xff, 0x1e, 0x00,
  0x1e, 0x00, 0xc5, 0x00, 0xc5, 0x00, 0x6b, 0x01, 0x6b, 0x01, 0x0f, 0x02,
  0x0f, 0x02, 0xb3, 0x02, 0xb3, 0x02, 0x53, 0x03, 0x53, 0x03, 0xf1, 0x03,
  0xf1, 0x03, 0x8c, 0x04, 0x8c, 0x04, 0x22, 0x05, 0x22, 0x05, 0xb4, 0x05,
  0xb4, 0x05, 0x42, 0x06, 0x42, 0x06, 0xca, 0x06, 0xca, 0x06, 0x4d, 0x07,
  0x4d, 0x07, 0xc9, 0x07, 0xc9, 0x07, 0x3f, 0x08, 0x3f, 0x08, 0xae, 0x08,
  0xae, 0x08, 0x14, 0x09, 0x14, 0x09, 0x74, 0x09, 0x74, 0x09, 0xcb, 0x09,
  0xcb, 0x09, 0x1b, 0x0a, 0x1b, 0x0a, 0x61, 0x0a, 0x61, 0x0a, 0x9f, 0x0a,
  0x9f, 0x0a, 0xd4, 0x0a, 0xd4, 0x0a, 0x00, 0x0b, 0x00, 0x0b, 0x22, 0x0b,
  0x22, 0x0b, 0x3a, 0x0b, 0x3a, 0x0b, 0x4a, 0x0b, 0x4a, 0x0b, 0x50, 0x0b,
  0x50, 0x0b, 0x4c, 0x0b, 0x4c, 0x0b, 0x3e, 0x0b, 0x3e, 0x0b, 0x27, 0x0b,
  0x27, 0x0b, 0x07, 0x0b, 0x07, 0x0b, 0xdd, 0x0a, 0xdd, 0x0a, 0xa9, 0x0a,
  0xa9, 0x0a, 0x6d, 0x0a, 0x6d, 0x0a, 0x29, 0x0a, 0x29, 0x0a, 0xdb, 0x09,
  0xdb, 0x09, 0x85, 0x09, 0x85, 0x09, 0x27, 0x09, 0x27, 0x09, 0xc1, 0x08,
  0xc1, 0x08, 0x54, 0x08, 0x54, 0x08, 0xdf, 0x07, 0xdf, 0x07, 0x64, 0x07,
  0x64, 0x07, 0xe3, 0x06, 0xe3, 0x06, 0x5c, 0x06, 0x5c, 0x06, 0xcf, 0x05,
  0xcf, 0x05, 0x3e, 0x05, 0x3e, 0x05, 0xa7, 0x04, 0xa7, 0x04, 0x0e, 0x04,
  0x0e, 0x04, 0x71, 0x03, 0x71, 0x03, 0xd1, 0x02, 0xd1, 0x02, 0x2e, 0x02,
  0x2e, 0x02, 0x89, 0x01, 0x89, 0x01, 0xe4, 0x00, 0xe4, 0x00, 0x3d, 0x00,
  0x3d, 0x00, 0x96, 0xff, 0x96, 0xff, 0xf0, 0xfe, 0xf0, 0xfe, 0x4a, 0xfe,
  0x4a, 0xfe, 0xa6, 0xfd, 0xa6, 0xfd, 0x04, 0xfd, 0x04, 0xfd, 0x65, 0xfc,
  0x65, 0xfc, 0xc8, 0xfb, 0xc8, 0xfb, 0x30, 0xfb, 0x30, 0xfb, 0x9a, 0xfa,
  0x9a, 0xfa, 0x0a, 0xfa, 0x0a, 0xfa, 0x80, 0xf9, 0x80, 0xf9, 0xfa, 0xf8,
  0xfa, 0xf8, 0x7a, 0xf8, 0x7a, 0xf8, 0x00, 0xf8, 0x00, 0xf8, 0x8e, 0xf7,
  0x8e, 0xf7, 0x23, 0xf7, 0x23, 0xf7, 0xbf, 0xf6, 0xbf, 0xf6, 0x63, 0xf6,
  0x63, 0xf6, 0x0f, 0xf6, 0x0f, 0xf6, 0xc4, 0xf5, 0xc4, 0xf5, 0x82, 0xf5,
  0x82, 0xf5, 0x48, 0xf5, 0x48, 0xf5, 0x17, 0xf5, 0x17, 0xf5, 0xf0, 0xf4,
  0xf0, 0xf4, 0xd2, 0xf4, 0xd2, 0xf4, 0xbd, 0xf4, 0xbd, 0xf4, 0xb3, 0xf4,
  0xb3, 0xf4, 0xb1, 0xf4, 0xb1, 0xf4, 0xb9, 0xf4, 0xb9, 0xf4, 0xcb, 0xf4,
  0xcb, 0xf4, 0xe6, 0xf4, 0xe6, 0xf4, 0x0b, 0xf5, 0x0b, 0xf5, 0x3a, 0xf5,
  0x3a, 0xf5, 0x71, 0xf5, 0x71, 0xf5, 0xb0, 0xf5, 0xb0, 0xf5, 0xfa, 0xf5,
  0xfa, 0xf5, 0x4b, 0xf6, 0x4b, 0xf6, 0xa5, 0xf6, 0xa5, 0xf6, 0x07, 0xf7,
  0x07, 0xf7, 0x70, 0xf7, 0x70, 0xf7, 0xe0, 0xf7, 0xe0, 0xf7, 0x58, 0xf8,
  0x58, 0xf8, 0xd6, 0xf8, 0xd6, 0xf8, 0x5a, 0xf9, 0x5a, 0xf9, 0xe3, 0xf9,
  0xe3, 0xf9, 0x72, 0xfa, 0x72, 0xfa, 0x06, 0xfb, 0x06, 0xfb, 0x9e, 0xfb,
  0x9e, 0xfb, 0x39, 0xfc, 0x39, 0xfc, 0xd8, 0xfc, 0xd8, 0xfc, 0x79, 0xfd,
  0x79, 0xfd, 0x1d, 0xfe, 0x1d, 0xfe, 0xc2, 0xfe, 0xc2, 0xfe, 0x68, 0xff,
  0x68, 0xff, 0x0f, 0x00, 0x0f, 0x00, 0xb6, 0x00, 0xb6, 0x00, 0x5c, 0x01,
  0x5c, 0x01, 0x01, 0x02, 0x01, 0x02, 0xa3, 0x02, 0xa3, 0x02, 0x45, 0x03,
  0x45, 0x03, 0xe3, 0x03, 0xe3, 0x03, 0x7e, 0x04, 0x7e, 0x04, 0x15, 0x05,
  0x15, 0x05, 0xa7, 0x05, 0xa7, 0x05, 0x36, 0x06, 0x36, 0x06, 0xbe, 0x06,
  0xbe, 0x06, 0x41, 0x07, 0x41, 0x07, 0xbe, 0x07, 0xbe, 0x07, 0x34, 0x08,
  0x34, 0x08, 0xa3, 0x08, 0xa3, 0x08, 0x0c, 0x09, 0x0c, 0x09, 0x6c, 0x09,
  0x6c, 0x09, 0xc4, 0x09, 0xc4, 0x09, 0x14, 0x0a, 0x14, 0x0a, 0x5b, 0x0a,
  0x5b, 0x0a, 0x9a, 0x0a, 0x9a, 0x0a, 0xd0, 0x0a, 0xd0, 0x0a, 0xfc, 0x0a,
  0xfc, 0x0a, 0x1f, 0x0b, 0x1f, 0x0b, 0x39, 0x0b, 0x39, 0x0b, 0x49, 0x0b,
  0x49, 0x0b, 0x50, 0x0b, 0x50, 0x0b, 0x4d, 0x0b, 0x4d, 0x0b, 0x40, 0x0b,
  0x40, 0x0b, 0x29, 0x0b, 0x29, 0x0b, 0x0a, 0x0b, 0x0a, 0x0b, 0xe1, 0x0a,
  0xe1, 0x0a, 0xae, 0x0a, 0xae, 0x0a, 0x73, 0x0a, 0x73, 0x0a, 0x2f, 0x0a,
  0x2f, 0x0a, 0xe3, 0x09, 0xe3, 0x09, 0x8d, 0x09, 0x8d, 0x09, 0x30, 0x09,
  0x30, 0x09, 0xcb, 0x08, 0xcb, 0x08, 0x5e, 0x08, 0x5e, 0x08, 0xea, 0x07,
  0xea, 0x07, 0x70, 0x07, 0x70, 0x07, 0xef, 0x06, 0xef, 0x06, 0x68, 0x06,
  0x68, 0x06, 0xdc, 0x05, 0xdc, 0x05, 0x4b, 0x05, 0x4b, 0x05, 0xb6, 0x04,
  0xb6, 0x04, 0x1c, 0x04, 0x1c, 0x04, 0x7f, 0x03, 0x7f, 0x03, 0xdf, 0x02,
  0xdf, 0x02, 0x3d, 0x02, 0x3d, 0x02, 0x99, 0x01, 0x99, 0x01, 0xf3, 0x00,
  0xf3, 0x00, 0x4c, 0x00, 0x4c, 0x00, 0xa5, 0xff, 0xa5, 0xff, 0xff, 0xfe,
  0xff, 0xfe, 0x59, 0xfe, 0x59, 0xfe, 0xb5, 0xfd, 0xb5, 0xfd, 0x12, 0xfd,
  0x12, 0xfd, 0x73, 0xfc, 0x73, 0xfc, 0xd6, 0xfb, 0xd6, 0xfb, 0x3d, 0xfb,
  0x3d, 0xfb, 0xa8, 0xfa, 0xa8, 0xfa, 0x18, 0xfa, 0x18, 0xfa, 0x8c, 0xf9,
  0x8c, 0xf9, 0x06, 0xf9, 0x06, 0xf9, 0x85, 0xf8, 0x85, 0xf8, 0x0c, 0xf8,
  0x0c, 0xf8, 0x98, 0xf7, 0x98, 0xf7, 0x2c, 0xf7, 0x2c, 0xf7, 0xc8, 0xf6,
  0xc8, 0xf6, 0x6b, 0xf6, 0x6b, 0xf6, 0x17, 0xf6, 0x17, 0xf6, 0xcb, 0xf5,
  0xcb, 0xf5, 0x87, 0xf5, 0x87, 0xf5, 0x4d, 0xf5, 0x4d, 0xf5, 0x1b, 0xf5,
  0x1b, 0xf5, 0xf3, 0xf4, 0xf3, 0xf4, 0xd4, 0xf4, 0xd4, 0xf4, 0xbf, 0xf4,
  0xbf, 0xf4, 0xb3, 0xf4, 0xb3, 0xf4, 0xb0, 0xf4, 0xb0, 0xf4, 0xb8, 0xf4,
  0xb8, 0xf4, 0xc9, 0xf4, 0xc9, 0xf4, 0xe3, 0xf4, 0xe3, 0xf4, 0x07, 0xf5,
  0x07, 0xf5, 0x35, 0xf5, 0x35, 0xf5, 0x6b, 0xf5, 0x6b, 0xf5, 0xab, 0xf5,
  0xab, 0xf5, 0xf3, 0xf5, 0xf3, 0xf5, 0x43, 0xf6, 0x43, 0xf6, 0x9d, 0xf6,
  0x9d, 0xf6, 0xfd, 0xf6, 0xfd, 0xf6, 0x66, 0xf7, 0x66, 0xf7, 0xd6, 0xf7,
  0xd6, 0xf7, 0x4d, 0xf8, 0x4d, 0xf8, 0xca, 0xf8, 0xca, 0xf8, 0x4d, 0xf9,
  0x4d, 0xf9, 0xd7, 0xf9, 0xd7, 0xf9, 0x65, 0xfa, 0x65, 0xfa, 0xf8, 0xfa,
  0xf8, 0xfa, 0x90, 0xfb, 0x90, 0xfb, 0x2b, 0xfc, 0x2b, 0xfc, 0xca, 0xfc,
  0xca, 0xfc, 0x6a, 0xfd, 0x6a, 0xfd, 0x0d, 0xfe, 0x0d, 0xfe, 0xb3, 0xfe,
  0xb3, 0xfe, 0x59, 0xff, 0x59, 0xff, 0x00, 0x00, 0x00, 0x00, 0xa6, 0x00,
  0xa6, 0x00, 0x4c, 0x01, 0x4c, 0x01, 0xf2, 0x01, 0xf2, 0x01, 0x95, 0x02,
  0x95, 0x02, 0x36, 0x03, 0x36, 0x03, 0xd5, 0x03, 0xd5, 0x03, 0x70, 0x04,
  0x70, 0x04, 0x07, 0x05, 0x07, 0x05, 0x9b, 0x05, 0x9b, 0x05, 0x29, 0x06,
  0x29, 0x06, 0xb2, 0x06, 0xb2, 0x06, 0x36, 0x07, 0x36, 0x07, 0xb3, 0x07,
  0xb3, 0x07, 0x2a, 0x08, 0x2a, 0x08, 0x9a, 0x08, 0x9a, 0x08, 0x02, 0x09,
  0x02, 0x09, 0x63, 0x09, 0x63, 0x09, 0xbd, 0x09, 0xbd, 0x09, 0x0d, 0x0a,
  0x0d, 0x0a, 0x55, 0x0a, 0x55, 0x0a, 0x94, 0x0a, 0x94, 0x0a, 0xcb, 0x0a,
  0xcb, 0x0a, 0xf9, 0x0a, 0xf9, 0x0a, 0x1c, 0x0b, 0x1c, 0x0b, 0x37, 0x0b,
  0x37, 0x0b, 0x48, 0x0b, 0x48, 0x0b, 0x50, 0x0b, 0x50, 0x0b, 0x4d, 0x0b,
  0x4d, 0x0b, 0x41, 0x0b, 0x41, 0x0b, 0x2c, 0x0b, 0x2c, 0x0b, 0x0d, 0x0b,
  0x0d, 0x0b, 0xe5, 0x0a, 0xe5, 0x0a, 0xb3, 0x0a, 0xb3, 0x0a, 0x79, 0x0a,
  0x79, 0x0a, 0x35, 0x0a, 0x35, 0x0a, 0xea, 0x09, 0xea, 0x09, 0x95, 0x09,
  0x95, 0x09, 0x38, 0x09, 0x38, 0x09, 0xd4, 0x08, 0xd4, 0x08, 0x68, 0x08,
  0x68, 0x08, 0xf4, 0x07, 0xf4, 0x07, 0x7b, 0x07, 0x7b, 0x07, 0xfb, 0x06,
  0xfb, 0x06, 0x74, 0x06, 0x74, 0x06, 0xe9, 0x05, 0xe9, 0x05, 0x58, 0x05,
  0x58, 0x05, 0xc4, 0x04, 0xc4, 0x04, 0x2a, 0x04, 0x2a, 0x04, 0x8d, 0x03,
  0x8d, 0x03, 0xee, 0x02, 0xee, 0x02, 0x4b, 0x02, 0x4b, 0x02, 0xa8, 0x01,
  0xa8, 0x01, 0x02, 0x01, 0x02, 0x01, 0x5b, 0x00, 0x5b, 0x00, 0xb4, 0xff,
  0xb4, 0xff, 0x0e, 0xff, 0x0e, 0xff, 0x68, 0xfe, 0x68, 0xfe, 0xc4, 0xfd,
  0xc4, 0xfd, 0x21, 0xfd, 0x21, 0xfd, 0x82, 0xfc, 0x82, 0xfc, 0xe5, 0xfb,
  0xe5, 0xfb, 0x4a, 0xfb, 0x4a, 0xfb, 0xb5, 0xfa, 0xb5, 0xfa, 0x24, 0xfa,
  0x24, 0xfa, 0x98, 0xf9, 0x98, 0xf9, 0x12, 0xf9, 0x12, 0xf9, 0x91, 0xf8,
  0x91, 0xf8, 0x16, 0xf8, 0x16, 0xf8, 0xa2, 0xf7, 0xa2, 0xf7, 0x36, 0xf7,
  0x36, 0xf7, 0xd1, 0xf6, 0xd1, 0xf6, 0x74, 0xf6, 0x74, 0xf6, 0x1e, 0xf6,
  0x1e, 0xf6, 0xd1, 0xf5, 0xd1, 0xf5, 0x8d, 0xf5, 0x8d, 0xf5, 0x52, 0xf5,
  0x52, 0xf5, 0x1f, 0xf5, 0x1f, 0xf5, 0xf6, 0xf4, 0xf6, 0xf4, 0xd7, 0xf4,
  0xd7, 0xf4, 0xc0, 0xf4, 0xc0, 0xf4, 0xb3, 0xf4, 0xb3, 0xf4, 0xb0, 0xf4,
  0xb0, 0xf4, 0xb7, 0xf4, 0xb7, 0xf4, 0xc7, 0xf4, 0xc7, 0xf4, 0xe1, 0xf4,
  0xe1, 0xf4, 0x04, 0xf5, 0x04, 0xf5, 0x30, 0xf5, 0x30, 0xf5, 0x66, 0xf5,
  0x66, 0xf5, 0xa4, 0xf5, 0xa4, 0xf5, 0xec, 0xf5, 0xec, 0xf5, 0x3c, 0xf6,
  0x3c, 0xf6, 0x94, 0xf6, 0x94, 0xf6, 0xf4, 0xf6, 0xf4, 0xf6, 0x5c, 0xf7,
  0x5c, 0xf7, 0xcb, 0xf7, 0xcb, 0xf7, 0x41, 0xf8, 0x41, 0xf8, 0xbe, 0xf8,
  0xbe, 0xf8, 0x41, 0xf9, 0x41, 0xf9, 0xca, 0xf9, 0xca, 0xf9, 0x58, 0xfa,
  0x58, 0xfa, 0xeb, 0xfa, 0xeb, 0xfa, 0x82, 0xfb, 0x82, 0xfb, 0x1c, 0xfc,
  0x1c, 0xfc, 0xbb, 0xfc, 0xbb, 0xfc, 0x5c, 0xfd, 0x5c, 0xfd, 0xff, 0xfd,
  0xff, 0xfd, 0xa3, 0xfe, 0xa3, 0xfe, 0x4a, 0xff, 0x4a, 0xff, 0xf0, 0xff,
  0xf0, 0xff, 0x97, 0x00, 0x97, 0x00, 0x3d, 0x01, 0x3d, 0x01, 0xe2, 0x01,
  0xe2, 0x01, 0x86, 0x02, 0x86, 0x02, 0x27, 0x03, 0x27, 0x03, 0xc6, 0x03,
  0xc6, 0x03, 0x62, 0x04, 0x62, 0x04, 0xf9, 0x04, 0xf9, 0x04, 0x8d, 0x05,
  0x8d, 0x05, 0x1c, 0x06, 0x1c, 0x06, 0xa5, 0x06, 0xa5, 0x06, 0x2a, 0x07,
  0x2a, 0x07, 0xa7, 0x07, 0xa7, 0x07, 0x1f, 0x08, 0x1f, 0x08, 0x90, 0x08,
  0x90, 0x08, 0xf9, 0x08, 0xf9, 0x08, 0x5b, 0x09, 0x5b, 0x09, 0xb5, 0x09,
  0xb5, 0x09, 0x06, 0x0a, 0x06, 0x0a, 0x4f, 0x0a, 0x4f, 0x0a, 0x8f, 0x0a,
  0x8f, 0x0a, 0xc6, 0x0a, 0xc6, 0x0a, 0xf4, 0x0a, 0xf4, 0x0a, 0x19, 0x0b,
  0x19, 0x0b, 0x35, 0x0b, 0x35, 0x0b, 0x46, 0x0b, 0x46, 0x0b, 0x4f, 0x0b,
  0x4f, 0x0b, 0x4d, 0x0b, 0x4d, 0x0b, 0x43, 0x0b, 0x43, 0x0b, 0x2e, 0x0b,
  0x2e, 0x0b, 0x11, 0x0b, 0x11, 0x0b, 0xe9, 0x0a, 0xe9, 0x0a, 0xb8, 0x0a,
  0xb8, 0x0a, 0x7f, 0x0a, 0x7f, 0x0a, 0x3c, 0x0a, 0x3c, 0x0a, 0xf1, 0x09,
  0xf1, 0x09, 0x9d, 0x09, 0x9d, 0x09, 0x41, 0x09, 0x41, 0x09, 0xdd, 0x08,
  0xdd, 0x08, 0x72, 0x08, 0x72, 0x08, 0x00, 0x08, 0x00, 0x08, 0x86, 0x07,
  0x86, 0x07, 0x07, 0x07, 0x07, 0x07, 0x81, 0x06, 0x81, 0x06, 0xf6, 0x05,
  0xf6, 0x05, 0x66, 0x05, 0x66, 0x05, 0xd1, 0x04, 0xd1, 0x04, 0x38, 0x04,
  0x38, 0x04, 0x9c, 0x03, 0x9c, 0x03, 0xfc, 0x02, 0xfc, 0x02, 0x5a, 0x02,
  0x5a, 0x02, 0xb6, 0x01, 0xb6, 0x01, 0x11, 0x01, 0x11, 0x01, 0x6b, 0x00,
  0x6b, 0x00, 0xc3, 0xff, 0xc3, 0xff, 0x1d, 0xff, 0x1d, 0xff, 0x78, 0xfe,
  0x78, 0xfe, 0xd3, 0xfd, 0xd3, 0xfd, 0x30, 0xfd, 0x30, 0xfd, 0x90, 0xfc,
  0x90, 0xfc, 0xf3, 0xfb, 0xf3, 0xfb, 0x59, 0xfb, 0x59, 0xfb, 0xc3, 0xfa,
  0xc3, 0xfa, 0x31, 0xfa, 0x31, 0xfa, 0xa5, 0xf9, 0xa5, 0xf9, 0x1d, 0xf9,
  0x1d, 0xf9, 0x9d, 0xf8, 0x9d, 0xf8, 0x21, 0xf8, 0x21, 0xf8, 0xad, 0xf7,
  0xad, 0xf7, 0x3f, 0xf7, 0x3f, 0xf7, 0xd9, 0xf6, 0xd9, 0xf6, 0x7b, 0xf6,
  0x7b, 0xf6, 0x26, 0xf6, 0x26, 0xf6, 0xd8, 0xf5, 0xd8, 0xf5, 0x93, 0xf5,
  0x93, 0xf5, 0x57, 0xf5, 0x57, 0xf5, 0x24, 0xf5, 0x24, 0xf5, 0xf9, 0xf4,
  0xf9, 0xf4, 0xd9, 0xf4, 0xd9, 0xf4, 0xc2, 0xf4, 0xc2, 0xf4, 0xb5, 0xf4,
  0xb5, 0xf4, 0xb0, 0xf4, 0xb0, 0xf4, 0xb6, 0xf4, 0xb6, 0xf4, 0xc6, 0xf4,
  0xc6, 0xf4, 0xde, 0xf4, 0xde, 0xf4, 0x00, 0xf5, 0x00, 0xf5, 0x2c, 0xf5,
  0x2c, 0xf5, 0x61, 0xf5, 0x61, 0xf5, 0x9e, 0xf5, 0x9e, 0xf5, 0xe5, 0xf5,
  0xe5, 0xf5, 0x34, 0xf6, 0x34, 0xf6, 0x8c, 0xf6, 0x8c, 0xf6, 0xeb, 0xf6,
  0xeb, 0xf6, 0x52, 0xf7, 0x52, 0xf7, 0xc1, 0xf7, 0xc1, 0xf7, 0x37, 0xf8,
  0x37, 0xf8, 0xb2, 0xf8, 0xb2, 0xf8, 0x35, 0xf9, 0x35, 0xf9, 0xbd, 0xf9,
  0xbd, 0xf9, 0x4b, 0xfa, 0x4b, 0xfa, 0xde, 0xfa, 0xde, 0xfa, 0x73, 0xfb,
  0x73, 0xfb, 0x0e, 0xfc, 0x0e, 0xfc, 0xac, 0xfc, 0xac, 0xfc, 0x4c, 0xfd,
  0x4c, 0xfd, 0xf1, 0xfd, 0xf1, 0xfd, 0x95, 0xfe, 0x95, 0xfe, 0x3b, 0xff,
  0x3b, 0xff, 0xe2, 0xff, 0xe2, 0xff, 0x88, 0x00, 0x88, 0x00, 0x2f, 0x01,
  0x2f, 0x01, 0xd3, 0x01, 0xd3, 0x01, 0x77, 0x02, 0x77, 0x02, 0x19, 0x03,
  0x19, 0x03, 0xb8, 0x03, 0xb8, 0x03, 0x54, 0x04, 0x54, 0x04, 0xec, 0x04,
  0xec, 0x04, 0x80, 0x05, 0x80, 0x05, 0x0f, 0x06, 0x0f, 0x06, 0x99, 0x06,
  0x99, 0x06, 0x1e, 0x07, 0x1e, 0x07, 0x9d, 0x07, 0x9d, 0x07, 0x15, 0x08,
  0x15, 0x08, 0x85, 0x08, 0x85, 0x08, 0xf0, 0x08, 0xf0, 0x08, 0x52, 0x09,
  0x52, 0x09, 0xad, 0x09, 0xad, 0x09, 0xff, 0x09, 0xff, 0x09, 0x49, 0x0a,
  0x49, 0x0a, 0x8a, 0x0a, 0x8a, 0x0a, 0xc2, 0x0a, 0xc2, 0x0a, 0xf1, 0x0a,
  0xf1, 0x0a, 0x16, 0x0b, 0x16, 0x0b, 0x33, 0x0b, 0x33, 0x0b, 0x46, 0x0b,
  0x46, 0x0b, 0x4f, 0x0b, 0x4f, 0x0b, 0x4e, 0x0b, 0x4e, 0x0b, 0x44, 0x0b,
  0x44, 0x0b, 0x30, 0x0b, 0x30, 0x0b, 0x13, 0x0b, 0x13, 0x0b, 0xed, 0x0a,
  0xed, 0x0a, 0xbd, 0x0a, 0xbd, 0x0a, 0x85, 0x0a, 0x85, 0x0a, 0x43, 0x0a,
  0x43, 0x0a, 0xf8, 0x09, 0xf8, 0x09, 0xa5, 0x09, 0xa5, 0x09, 0x4a, 0x09,
  0x4a, 0x09, 0xe7, 0x08, 0xe7, 0x08, 0x7c, 0x08, 0x7c, 0x08, 0x0a, 0x08,
  0x0a, 0x08, 0x91, 0x07, 0x91, 0x07, 0x13, 0x07, 0x13, 0x07, 0x8e, 0x06,
  0x8e, 0x06, 0x03, 0x06, 0x03, 0x06, 0x73, 0x05, 0x73, 0x05, 0xdf, 0x04,
  0xdf, 0x04, 0x46, 0x04, 0x46, 0x04, 0xaa, 0x03, 0xaa, 0x03, 0x0b, 0x03,
  0x0b, 0x03, 0x69, 0x02, 0x69, 0x02, 0xc5, 0x01, 0xc5, 0x01, 0x20, 0x01,
  0x20, 0x01, 0x7a, 0x00, 0x7a, 0x00, 0xd3, 0xff, 0xd3, 0xff, 0x2c, 0xff,
  0x2c, 0xff, 0x86, 0xfe, 0x86, 0xfe, 0xe2, 0xfd, 0xe2, 0xfd, 0x3f, 0xfd,
  0x3f, 0xfd, 0x9f, 0xfc, 0x9f, 0xfc, 0x01, 0xfc, 0x01, 0xfc, 0x67, 0xfb,
  0x67, 0xfb, 0xd0, 0xfa, 0xd0, 0xfa, 0x3e, 0xfa, 0x3e, 0xfa, 0xb2, 0xf9,
  0xb2, 0xf9, 0x29, 0xf9, 0x29, 0xf9, 0xa8, 0xf8, 0xa8, 0xf8, 0x2c, 0xf8,
  0x2c, 0xf8, 0xb7, 0xf7, 0xb7, 0xf7, 0x49, 0xf7, 0x49, 0xf7, 0xe3, 0xf6,
  0xe3, 0xf6, 0x84, 0xf6, 0x84, 0xf6, 0x2d, 0xf6, 0x2d, 0xf6, 0xde, 0xf5,
  0xde, 0xf5, 0x98, 0xf5, 0x98, 0xf5, 0x5c, 0xf5, 0x5c, 0xf5, 0x28, 0xf5,
  0x28, 0xf5, 0xfd, 0xf4, 0xfd, 0xf4, 0xdc, 0xf4, 0xdc, 0xf4, 0xc4, 0xf4,
  0xc4, 0xf4, 0xb5, 0xf4, 0xb5, 0xf4, 0xb0, 0xf4, 0xb0, 0xf4, 0xb5, 0xf4,
  0xb5, 0xf4, 0xc4, 0xf4, 0xc4, 0xf4, 0xdc, 0xf4, 0xdc, 0xf4, 0xfd, 0xf4,
  0xfd, 0xf4, 0x27, 0xf5, 0x27, 0xf5, 0x5c, 0xf5, 0x5c, 0xf5, 0x98, 0xf5,
  0x98, 0xf5, 0xde, 0xf5, 0xde, 0xf5, 0x2d, 0xf6, 0x2d, 0xf6, 0x83, 0xf6,
  0x83, 0xf6, 0xe3, 0xf6, 0xe3, 0xf6, 0x48, 0xf7, 0x48, 0xf7, 0xb7, 0xf7,
  0xb7, 0xf7, 0x2c, 0xf8, 0x2c, 0xf8, 0xa7, 0xf8, 0xa7, 0xf8, 0x29, 0xf9,
  0x29, 0xf9, 0xb1, 0xf9, 0xb1, 0xf9, 0x3e, 0xfa, 0x3e, 0xfa, 0xd0, 0xfa,
  0xd0, 0xfa, 0x66, 0xfb, 0x66, 0xfb, 0x00, 0xfc, 0x00, 0xfc, 0x9e, 0xfc,
  0x9e, 0xfc, 0x3e, 0xfd, 0x3e, 0xfd, 0xe1, 0xfd, 0xe1, 0xfd, 0x86, 0xfe,
  0x86, 0xfe, 0x2c, 0xff, 0x2c, 0xff, 0xd3, 0xff, 0xd3, 0xff, 0x79, 0x00,
  0x79, 0x00, 0x1f, 0x01, 0x1f, 0x01, 0xc5, 0x01, 0xc5, 0x01, 0x69, 0x02,
  0x69, 0x02, 0x0b, 0x03, 0x0b, 0x03, 0xaa, 0x03, 0xaa, 0x03, 0x46, 0x04,
  0x46, 0x04, 0xdf, 0x04, 0xdf, 0x04, 0x72, 0x05, 0x72, 0x05, 0x03, 0x06,
  0x03, 0x06, 0x8d, 0x06, 0x8d, 0x06, 0x12, 0x07, 0x12, 0x07, 0x91, 0x07,
  0x91, 0x07, 0x0a, 0x08, 0x0a, 0x08, 0x7b, 0x08, 0x7b, 0x08, 0xe7, 0x08,
  0xe7, 0x08, 0x4a, 0x09, 0x4a, 0x09, 0xa4, 0x09, 0xa4, 0x09, 0xf8, 0x09,
  0xf8, 0x09, 0x42, 0x0a, 0x42, 0x0a, 0x84, 0x0a, 0x84, 0x0a, 0xbd, 0x0a,
  0xbd, 0x0a, 0xed, 0x0a, 0xed, 0x0a, 0x13, 0x0b, 0x13, 0x0b, 0x30, 0x0b,
  0x30, 0x0b, 0x44, 0x0b, 0x44, 0x0b, 0x4e, 0x0b, 0x4e, 0x0b, 0x4f, 0x0b,
  0x4f, 0x0b, 0x46, 0x0b, 0x46, 0x0b, 0x33, 0x0b, 0x33, 0x0b, 0x16, 0x0b,
  0x16, 0x0b, 0xf1, 0x0a, 0xf1, 0x0a, 0xc2, 0x0a, 0xc2, 0x0a, 0x8a, 0x0a,
  0x8a, 0x0a, 0x49, 0x0a, 0x49, 0x0a, 0xff, 0x09, 0xff, 0x09, 0xad, 0x09,
  0xad, 0x09, 0x52, 0x09, 0x52, 0x09, 0xf0, 0x08, 0xf0, 0x08, 0x86, 0x08,
  0x86, 0x08, 0x15, 0x08, 0x15, 0x08, 0x9d, 0x07, 0x9d, 0x07, 0x1e, 0x07,
  0x1e, 0x07, 0x9a, 0x06, 0x9a, 0x06, 0x10, 0x06, 0x10, 0x06, 0x81, 0x05,
  0x81, 0x05, 0xed, 0x04, 0xed, 0x04, 0x54, 0x04, 0x54, 0x04, 0xb8, 0x03,
  0xb8, 0x03, 0x19, 0x03, 0x19, 0x03, 0x77, 0x02, 0x77, 0x02, 0xd4, 0x01,
  0xd4, 0x01, 0x2f, 0x01, 0x2f, 0x01, 0x88, 0x00, 0x88, 0x00, 0xe2, 0xff,
  0xe2, 0xff, 0x3b, 0xff, 0x3b, 0xff, 0x95, 0xfe, 0x95, 0xfe, 0xf1, 0xfd,
  0xf1, 0xfd, 0x4d, 0xfd, 0x4d, 0xfd, 0xad, 0xfc, 0xad, 0xfc, 0x0f, 0xfc,
  0x0f, 0xfc, 0x74, 0xfb, 0x74, 0xfb, 0xde, 0xfa, 0xde, 0xfa, 0x4c, 0xfa,
  0x4c, 0xfa, 0xbe, 0xf9, 0xbe, 0xf9, 0x36, 0xf9, 0x36, 0xf9, 0xb3, 0xf8,
  0xb3, 0xf8, 0x37, 0xf8, 0x37, 0xf8, 0xc1, 0xf7, 0xc1, 0xf7, 0x52, 0xf7,
  0x52, 0xf7, 0xec, 0xf6, 0xec, 0xf6, 0x8c, 0xf6, 0x8c, 0xf6, 0x35, 0xf6,
  0x35, 0xf6, 0xe5, 0xf5, 0xe5, 0xf5, 0x9f, 0xf5, 0x9f, 0xf5, 0x61, 0xf5,
  0x61, 0xf5, 0x2c, 0xf5, 0x2c, 0xf5, 0x00, 0xf5, 0x00, 0xf5, 0xde, 0xf4,
  0xde, 0xf4, 0xc6, 0xf4, 0xc6, 0xf4, 0xb6, 0xf4, 0xb6, 0xf4, 0xb0, 0xf4,
  0xb0, 0xf4, 0xb4, 0xf4, 0xb4, 0xf4, 0xc2, 0xf4, 0xc2, 0xf4, 0xd9, 0xf4,
  0xd9, 0xf4, 0xf9, 0xf4, 0xf9, 0xf4, 0x23, 0xf5, 0x23, 0xf5, 0x57, 0xf5,
  0x57, 0xf5, 0x93, 0xf5, 0x93, 0xf5, 0xd7, 0xf5, 0xd7, 0xf5, 0x25, 0xf6,
  0x25, 0xf6, 0x7b, 0xf6, 0x7b, 0xf6, 0xd9, 0xf6, 0xd9, 0xf6, 0x3f, 0xf7,
  0x3f, 0xf7, 0xac, 0xf7, 0xac, 0xf7, 0x21, 0xf8, 0x21, 0xf8, 0x9c, 0xf8,
  0x9c, 0xf8, 0x1d, 0xf9, 0x1d, 0xf9, 0xa4, 0xf9, 0xa4, 0xf9, 0x31, 0xfa,
  0x31, 0xfa, 0xc2, 0xfa, 0xc2, 0xfa, 0x59, 0xfb, 0x59, 0xfb, 0xf2, 0xfb,
  0xf2, 0xfb, 0x8f, 0xfc, 0x8f, 0xfc, 0x2f, 0xfd, 0x2f, 0xfd, 0xd2, 0xfd,
  0xd2, 0xfd, 0x77, 0xfe, 0x77, 0xfe, 0x1c, 0xff, 0x1c, 0xff, 0xc3, 0xff,
  0xc3, 0xff, 0x6a, 0x00, 0x6a, 0x00, 0x10, 0x01, 0x10, 0x01, 0xb6, 0x01,
  0xb6, 0x01, 0x5a, 0x02, 0x5a, 0x02, 0xfc, 0x02, 0xfc, 0x02, 0x9b, 0x03,
  0x9b, 0x03, 0x38, 0x04, 0x38, 0x04, 0xd0, 0x04, 0xd0, 0x04, 0x66, 0x05,
  0x66, 0x05, 0xf6, 0x05, 0xf6, 0x05, 0x80, 0x06, 0x80, 0x06, 0x06, 0x07,
  0x06, 0x07, 0x86, 0x07, 0x86, 0x07, 0x00, 0x08, 0x00, 0x08, 0x72, 0x08,
  0x72, 0x08, 0xdd, 0x08, 0xdd, 0x08, 0x41, 0x09, 0x41, 0x09, 0x9d, 0x09,
  0x9d, 0x09, 0xf1, 0x09, 0xf1, 0x09, 0x3c, 0x0a, 0x3c, 0x0a, 0x7e, 0x0a,
  0x7e, 0x0a, 0xb8, 0x0a, 0xb8, 0x0a, 0xe9, 0x0a, 0xe9, 0x0a, 0x10, 0x0b,
  0x10, 0x0b, 0x2e, 0x0b, 0x2e, 0x0b, 0x43, 0x0b, 0x43, 0x0b, 0x4d, 0x0b,
  0x4d, 0x0b, 0x4f, 0x0b, 0x4f, 0x0b, 0x47, 0x0b, 0x47, 0x0b, 0x35, 0x0b,
  0x35, 0x0b, 0x1a, 0x0b, 0x1a, 0x0b, 0xf5, 0x0a, 0xf5, 0x0a, 0xc6, 0x0a,
  0xc6, 0x0a, 0x8f, 0x0a, 0x8f, 0x0a, 0x50, 0x0a, 0x50, 0x0a, 0x06, 0x0a,
  0x06, 0x0a, 0xb5, 0x09, 0xb5, 0x09, 0x5b, 0x09, 0x5b, 0x09, 0xf9, 0x08,
  0xf9, 0x08, 0x90, 0x08, 0x90, 0x08, 0x20, 0x08, 0x20, 0x08, 0xa8, 0x07,
  0xa8, 0x07, 0x2a, 0x07, 0x2a, 0x07, 0xa6, 0x06, 0xa6, 0x06, 0x1d, 0x06,
  0x1d, 0x06, 0x8e, 0x05, 0x8e, 0x05, 0xfa, 0x04, 0xfa, 0x04, 0x62, 0x04,
  0x62, 0x04, 0xc7, 0x03, 0xc7, 0x03, 0x28, 0x03, 0x28, 0x03, 0x87, 0x02,
  0x87, 0x02, 0xe3, 0x01, 0xe3, 0x01, 0x3e, 0x01, 0x3e, 0x01, 0x98, 0x00,
  0x98, 0x00, 0xf1, 0xff, 0xf1, 0xff, 0x4a, 0xff, 0x4a, 0xff, 0xa4, 0xfe,
  0xa4, 0xfe, 0xff, 0xfd, 0xff, 0xfd, 0x5d, 0xfd, 0x5d, 0xfd, 0xbb, 0xfc,
  0xbb, 0xfc, 0x1d, 0xfc, 0x1d, 0xfc, 0x82, 0xfb, 0x82, 0xfb, 0xeb, 0xfa,
  0xeb, 0xfa, 0x59, 0xfa, 0x59, 0xfa, 0xca, 0xf9, 0xca, 0xf9, 0x42, 0xf9,
  0x42, 0xf9, 0xbf, 0xf8, 0xbf, 0xf8, 0x42, 0xf8, 0x42, 0xf8, 0xcc, 0xf7,
  0xcc, 0xf7, 0x5d, 0xf7, 0x5d, 0xf7, 0xf4, 0xf6, 0xf4, 0xf6, 0x94, 0xf6,
  0x94, 0xf6, 0x3c, 0xf6, 0x3c, 0xf6, 0xec, 0xf5, 0xec, 0xf5, 0xa5, 0xf5,
  0xa5, 0xf5, 0x66, 0xf5, 0x66, 0xf5, 0x30, 0xf5, 0x30, 0xf5, 0x04, 0xf5,
  0x04, 0xf5, 0xe1, 0xf4, 0xe1, 0xf4, 0xc7, 0xf4, 0xc7, 0xf4, 0xb7, 0xf4,
  0xb7, 0xf4, 0xb0, 0xf4, 0xb0, 0xf4, 0xb3, 0xf4, 0xb3, 0xf4, 0xc0, 0xf4,
  0xc0, 0xf4, 0xd7, 0xf4, 0xd7, 0xf4, 0xf6, 0xf4, 0xf6, 0xf4, 0x1f, 0xf5,
  0x1f, 0xf5, 0x52, 0xf5, 0x52, 0xf5, 0x8d, 0xf5, 0x8d, 0xf5, 0xd1, 0xf5,
  0xd1, 0xf5, 0x1d, 0xf6, 0x1d, 0xf6, 0x73, 0xf6, 0x73, 0xf6, 0xd0, 0xf6,
  0xd0, 0xf6, 0x35, 0xf7, 0x35, 0xf7, 0xa2, 0xf7, 0xa2, 0xf7, 0x16, 0xf8,
  0x16, 0xf8, 0x90, 0xf8, 0x90, 0xf8, 0x11, 0xf9, 0x11, 0xf9, 0x98, 0xf9,
  0x98, 0xf9, 0x24, 0xfa, 0x24, 0xfa, 0xb5, 0xfa, 0xb5, 0xfa, 0x4a, 0xfb,
  0x4a, 0xfb, 0xe4, 0xfb, 0xe4, 0xfb, 0x81, 0xfc, 0x81, 0xfc, 0x21, 0xfd,
  0x21, 0xfd, 0xc3, 0xfd, 0xc3, 0xfd, 0x67, 0xfe, 0x67, 0xfe, 0x0d, 0xff,
  0x0d, 0xff, 0xb4, 0xff, 0xb4, 0xff, 0x5b, 0x00, 0x5b, 0x00, 0x01, 0x01,
  0x01, 0x01, 0xa7, 0x01, 0xa7, 0x01, 0x4b, 0x02, 0x4b, 0x02, 0xee, 0x02,
  0xee, 0x02, 0x8d, 0x03, 0x8d, 0x03, 0x2a, 0x04, 0x2a, 0x04, 0xc3, 0x04,
  0xc3, 0x04, 0x58, 0x05, 0x58, 0x05, 0xe8, 0x05, 0xe8, 0x05, 0x74, 0x06,
  0x74, 0x06, 0xfa, 0x06, 0xfa, 0x06, 0x7b, 0x07, 0x7b, 0x07, 0xf4, 0x07,
  0xf4, 0x07, 0x68, 0x08, 0x68, 0x08, 0xd4, 0x08, 0xd4, 0x08, 0x38, 0x09,
  0x38, 0x09, 0x95, 0x09, 0x95, 0x09, 0xe9, 0x09, 0xe9, 0x09, 0x35, 0x0a,
  0x35, 0x0a, 0x79, 0x0a, 0x79, 0x0a, 0xb3, 0x0a, 0xb3, 0x0a, 0xe5, 0x0a,
  0xe5, 0x0a, 0x0d, 0x0b, 0x0d, 0x0b, 0x2c, 0x0b, 0x2c, 0x0b, 0x41, 0x0b,
  0x41, 0x0b, 0x4d, 0x0b, 0x4d, 0x0b, 0x50, 0x0b, 0x50, 0x0b, 0x48, 0x0b,
  0x48, 0x0b, 0x37, 0x0b, 0x37, 0x0b, 0x1d, 0x0b, 0x1d, 0x0b, 0xf9, 0x0a,
  0xf9, 0x0a, 0xcb, 0x0a, 0xcb, 0x0a, 0x95, 0x0a, 0x95, 0x0a, 0x55, 0x0a,
  0x55, 0x0a, 0x0d, 0x0a, 0x0d, 0x0a, 0xbd, 0x09, 0xbd, 0x09, 0x63, 0x09,
  0x63, 0x09, 0x03, 0x09, 0x03, 0x09, 0x9a, 0x08, 0x9a, 0x08, 0x2a, 0x08,
  0x2a, 0x08, 0xb3, 0x07, 0xb3, 0x07, 0x36, 0x07, 0x36, 0x07, 0xb3, 0x06,
  0xb3, 0x06, 0x29, 0x06, 0x29, 0x06, 0x9b, 0x05, 0x9b, 0x05, 0x08, 0x05,
  0x08, 0x05, 0x70, 0x04, 0x70, 0x04, 0xd5, 0x03, 0xd5, 0x03, 0x36, 0x03,
  0x36, 0x03, 0x96, 0x02, 0x96, 0x02, 0xf3, 0x01, 0xf3, 0x01, 0x4d, 0x01,
  0x4d, 0x01, 0xa7, 0x00, 0xa7, 0x00, 0x00, 0x00, 0x00, 0x00, 0x5a, 0xff,
  0x5a, 0xff, 0xb4, 0xfe, 0xb4, 0xfe, 0x0e, 0xfe, 0x0e, 0xfe, 0x6b, 0xfd,
  0x6b, 0xfd, 0xca, 0xfc, 0xca, 0xfc, 0x2b, 0xfc, 0x2b, 0xfc, 0x90, 0xfb,
  0x90, 0xfb, 0xf9, 0xfa, 0xf9, 0xfa, 0x65, 0xfa, 0x65, 0xfa, 0xd7, 0xf9,
  0xd7, 0xf9, 0x4e, 0xf9, 0x4e, 0xf9, 0xca, 0xf8, 0xca, 0xf8, 0x4d, 0xf8,
  0x4d, 0xf8, 0xd6, 0xf7, 0xd6, 0xf7, 0x66, 0xf7, 0x66, 0xf7, 0xfe, 0xf6,
  0xfe, 0xf6, 0x9d, 0xf6, 0x9d, 0xf6, 0x43, 0xf6, 0x43, 0xf6, 0xf3, 0xf5,
  0xf3, 0xf5, 0xab, 0xf5, 0xab, 0xf5, 0x6c, 0xf5, 0x6c, 0xf5, 0x35, 0xf5,
  0x35, 0xf5, 0x07, 0xf5, 0x07, 0xf5, 0xe4, 0xf4, 0xe4, 0xf4, 0xc9, 0xf4,
  0xc9, 0xf4, 0xb8, 0xf4, 0xb8, 0xf4, 0xb0, 0xf4, 0xb0, 0xf4, 0xb3, 0xf4,
  0xb3, 0xf4, 0xbf, 0xf4, 0xbf, 0xf4, 0xd4, 0xf4, 0xd4, 0xf4, 0xf3, 0xf4,
  0xf3, 0xf4, 0x1b, 0xf5, 0x1b, 0xf5, 0x4d, 0xf5, 0x4d, 0xf5, 0x87, 0xf5,
  0x87, 0xf5, 0xcb, 0xf5, 0xcb, 0xf5, 0x16, 0xf6, 0x16, 0xf6, 0x6b, 0xf6,
  0x6b, 0xf6, 0xc8, 0xf6, 0xc8, 0xf6, 0x2c, 0xf7, 0x2c, 0xf7, 0x98, 0xf7,
  0x98, 0xf7, 0x0c, 0xf8, 0x0c, 0xf8, 0x85, 0xf8, 0x85, 0xf8, 0x05, 0xf9,
  0x05, 0xf9, 0x8c, 0xf9, 0x8c, 0xf9, 0x17, 0xfa, 0x17, 0xfa, 0xa8, 0xfa,
  0xa8, 0xfa, 0x3c, 0xfb, 0x3c, 0xfb, 0xd6, 0xfb, 0xd6, 0xfb, 0x73, 0xfc,
  0x73, 0xfc, 0x12, 0xfd, 0x12, 0xfd, 0xb5, 0xfd, 0xb5, 0xfd, 0x58, 0xfe,
  0x58, 0xfe, 0xfe, 0xfe, 0xfe, 0xfe, 0xa5, 0xff, 0xa5, 0xff, 0x4c, 0x00,
  0x4c, 0x00, 0xf2, 0x00, 0xf2, 0x00, 0x98, 0x01, 0x98, 0x01, 0x3c, 0x02,
  0x3c, 0x02, 0xdf, 0x02, 0xdf, 0x02, 0x7e, 0x03, 0x7e, 0x03, 0x1b, 0x04,
  0x1b, 0x04, 0xb6, 0x04, 0xb6, 0x04, 0x4b, 0x05, 0x4b, 0x05, 0xdc, 0x05,
  0xdc, 0x05, 0x68, 0x06, 0x68, 0x06, 0xee, 0x06, 0xee, 0x06, 0x6f, 0x07,
  0x6f, 0x07, 0xea, 0x07, 0xea, 0x07, 0x5e, 0x08, 0x5e, 0x08, 0xca, 0x08,
  0xca, 0x08, 0x2f, 0x09, 0x2f, 0x09, 0x8c, 0x09, 0x8c, 0x09, 0xe2, 0x09,
  0xe2, 0x09, 0x2f, 0x0a, 0x2f, 0x0a, 0x73, 0x0a, 0x73, 0x0a, 0xae, 0x0a,
  0xae, 0x0a, 0xe1, 0x0a, 0xe1, 0x0a, 0x0a, 0x0b, 0x0a, 0x0b, 0x29, 0x0b,
  0x29, 0x0b, 0x40, 0x0b, 0x40, 0x0b, 0x4d, 0x0b, 0x4d, 0x0b, 0x50, 0x0b,
  0x50, 0x0b, 0x49, 0x0b, 0x49, 0x0b, 0x39, 0x0b, 0x39, 0x0b, 0x1f, 0x0b,
  0x1f, 0x0b, 0xfc, 0x0a, 0xfc, 0x0a, 0xd0, 0x0a, 0xd0, 0x0a, 0x9a, 0x0a,
  0x9a, 0x0a, 0x5c, 0x0a, 0x5c, 0x0a, 0x14, 0x0a, 0x14, 0x0a, 0xc4, 0x09,
  0xc4, 0x09, 0x6c, 0x09, 0x6c, 0x09, 0x0c, 0x09, 0x0c, 0x09, 0xa4, 0x08,
  0xa4, 0x08, 0x35, 0x08, 0x35, 0x08, 0xbf, 0x07, 0xbf, 0x07, 0x42, 0x07,
  0x42, 0x07, 0xbf, 0x06, 0xbf, 0x06, 0x36, 0x06, 0x36, 0x06, 0xa8, 0x05,
  0xa8, 0x05, 0x15, 0x05, 0x15, 0x05, 0x7e, 0x04, 0x7e, 0x04, 0xe4, 0x03,
  0xe4, 0x03, 0x45, 0x03, 0x45, 0x03, 0xa4, 0x02, 0xa4, 0x02, 0x01, 0x02,
  0x01, 0x02, 0x5d, 0x01, 0x5d, 0x01, 0xb6, 0x00, 0xb6, 0x00, 0x10, 0x00,
  0x10, 0x00, 0x69, 0xff, 0x69, 0xff, 0xc3, 0xfe, 0xc3, 0xfe, 0x1e, 0xfe,
  0x1e, 0xfe, 0x7a, 0xfd, 0x7a, 0xfd, 0xd9, 0xfc, 0xd9, 0xfc, 0x3a, 0xfc,
  0x3a, 0xfc, 0x9e, 0xfb, 0x9e, 0xfb, 0x07, 0xfb, 0x07, 0xfb, 0x73, 0xfa,
  0x73, 0xfa, 0xe4, 0xf9, 0xe4, 0xf9, 0x5b, 0xf9, 0x5b, 0xf9, 0xd6, 0xf8,
  0xd6, 0xf8, 0x59, 0xf8, 0x59, 0xf8, 0xe1, 0xf7, 0xe1, 0xf7, 0x70, 0xf7,
  0x70, 0xf7, 0x07, 0xf7, 0x07, 0xf7, 0xa5, 0xf6, 0xa5, 0xf6, 0x4b, 0xf6,
  0x4b, 0xf6, 0xfa, 0xf5, 0xfa, 0xf5, 0xb1, 0xf5, 0xb1, 0xf5, 0x71, 0xf5,
  0x71, 0xf5, 0x3a, 0xf5, 0x3a, 0xf5, 0x0c, 0xf5, 0x0c, 0xf5, 0xe7, 0xf4,
  0xe7, 0xf4, 0xcb, 0xf4, 0xcb, 0xf4, 0xba, 0xf4, 0xba, 0xf4, 0xb1, 0xf4,
  0xb1, 0xf4, 0xb3, 0xf4, 0xb3, 0xf4, 0xbd, 0xf4, 0xbd, 0xf4, 0xd2, 0xf4,
  0xd2, 0xf4, 0xef, 0xf4, 0xef, 0xf4, 0x17, 0xf5, 0x17, 0xf5, 0x48, 0xf5,
  0x48, 0xf5, 0x81, 0xf5, 0x81, 0xf5, 0xc4, 0xf5, 0xc4, 0xf5, 0x0f, 0xf6,
  0x0f, 0xf6, 0x63, 0xf6, 0x63, 0xf6, 0xbf, 0xf6, 0xbf, 0xf6, 0x23, 0xf7,
  0x23, 0xf7, 0x8e, 0xf7, 0x8e, 0xf7, 0x00, 0xf8, 0x00, 0xf8, 0x7a, 0xf8,
  0x7a, 0xf8, 0xf9, 0xf8, 0xf9, 0xf8, 0x7f, 0xf9, 0x7f, 0xf9, 0x0a, 0xfa,
  0x0a, 0xfa, 0x9a, 0xfa, 0x9a, 0xfa, 0x2f, 0xfb, 0x2f, 0xfb, 0xc8, 0xfb,
  0xc8, 0xfb, 0x64, 0xfc, 0x64, 0xfc, 0x04, 0xfd, 0x04, 0xfd, 0xa6, 0xfd,
  0xa6, 0xfd, 0x4a, 0xfe, 0x4a, 0xfe, 0xef, 0xfe, 0xef, 0xfe, 0x95, 0xff,
  0x95, 0xff, 0x3d, 0x00, 0x3d, 0x00, 0xe3, 0x00, 0xe3, 0x00, 0x88, 0x01,
  0x88, 0x01, 0x2d, 0x02, 0x2d, 0x02, 0xd0, 0x02, 0xd0, 0x02, 0x70, 0x03,
  0x70, 0x03, 0x0d, 0x04, 0x0d, 0x04, 0xa7, 0x04, 0xa7, 0x04, 0x3d, 0x05,
  0x3d, 0x05, 0xcf, 0x05, 0xcf, 0x05, 0x5b, 0x06, 0x5b, 0x06, 0xe3, 0x06,
  0xe3, 0x06, 0x63, 0x07, 0x63, 0x07, 0xdf, 0x07, 0xdf, 0x07, 0x53, 0x08,
  0x53, 0x08, 0xc1, 0x08, 0xc1, 0x08, 0x27, 0x09, 0x27, 0x09, 0x85, 0x09,
  0x85, 0x09, 0xda, 0x09, 0xda, 0x09, 0x28, 0x0a, 0x28, 0x0a, 0x6d, 0x0a,
  0x6d, 0x0a, 0xa9, 0x0a, 0xa9, 0x0a, 0xdc, 0x0a, 0xdc, 0x0a, 0x07, 0x0b,
  0x07, 0x0b, 0x27, 0x0b, 0x27, 0x0b, 0x3e, 0x0b, 0x3e, 0x0b, 0x4b, 0x0b,
  0x4b, 0x0b, 0x50, 0x0b, 0x50, 0x0b, 0x4a, 0x0b, 0x4a, 0x0b, 0x3a, 0x0b,
  0x3a, 0x0b, 0x22, 0x0b, 0x22, 0x0b, 0x00, 0x0b, 0x00, 0x0b, 0xd4, 0x0a,
  0xd4, 0x0a, 0x9f, 0x0a, 0x9f, 0x0a, 0x62, 0x0a, 0x62, 0x0a, 0x1b, 0x0a,
  0x1b, 0x0a, 0xcc, 0x09, 0xcc, 0x09, 0x74, 0x09, 0x74, 0x09, 0x15, 0x09,
  0x15, 0x09, 0xae, 0x08, 0xae, 0x08, 0x3f, 0x08, 0x3f, 0x08, 0xc9, 0x07,
  0xc9, 0x07, 0x4e, 0x07, 0x4e, 0x07, 0xcb, 0x06, 0xcb, 0x06, 0x43, 0x06,
  0x43, 0x06, 0xb5, 0x05, 0xb5, 0x05, 0x22, 0x05, 0x22, 0x05, 0x8d, 0x04,
  0x8d, 0x04, 0xf2, 0x03, 0xf2, 0x03, 0x54, 0x03, 0x54, 0x03, 0xb4, 0x02,
  0xb4, 0x02, 0x0f, 0x02, 0x0f, 0x02, 0x6b, 0x01, 0x6b, 0x01, 0xc5, 0x00,
  0xc5, 0x00, 0x1e, 0x00, 0x1e, 0x00, 0x78, 0xff, 0x78, 0xff, 0xd1, 0xfe,
  0xd1, 0xfe, 0x2d, 0xfe, 0x2d, 0xfe, 0x89, 0xfd, 0x89, 0xfd, 0xe7, 0xfc,
  0xe7, 0xfc, 0x48, 0xfc, 0x48, 0xfc, 0xac, 0xfb, 0xac, 0xfb, 0x14, 0xfb,
  0x14, 0xfb, 0x80, 0xfa, 0x80, 0xfa, 0xf1, 0xf9, 0xf1, 0xf9, 0x67, 0xf9,
  0x67, 0xf9, 0xe2, 0xf8, 0xe2, 0xf8, 0x63, 0xf8, 0x63, 0xf8, 0xeb, 0xf7,
  0xeb, 0xf7, 0x7b, 0xf7, 0x7b, 0xf7, 0x10, 0xf7, 0x10, 0xf7, 0xae, 0xf6,
  0xae, 0xf6, 0x53, 0xf6, 0x53, 0xf6, 0x01, 0xf6, 0x01, 0xf6, 0xb7, 0xf5,
  0xb7, 0xf5, 0x76, 0xf5, 0x76, 0xf5, 0x3e, 0xf5, 0x3e, 0xf5, 0x0f, 0xf5,
  0x0f, 0xf5, 0xea, 0xf4, 0xea, 0xf4, 0xcd, 0xf4, 0xcd, 0xf4, 0xba, 0xf4,
  0xba, 0xf4, 0xb1, 0xf4, 0xb1, 0xf4, 0xb2, 0xf4, 0xb2, 0xf4, 0xbc, 0xf4,
  0xbc, 0xf4, 0xd0, 0xf4, 0xd0, 0xf4, 0xed, 0xf4, 0xed, 0xf4, 0x13, 0xf5,
  0x13, 0xf5, 0x43, 0xf5, 0x43, 0xf5, 0x7b, 0xf5, 0x7b, 0xf5, 0xbd, 0xf5,
  0xbd, 0xf5, 0x08, 0xf6, 0x08, 0xf6, 0x5b, 0xf6, 0x5b, 0xf6, 0xb6, 0xf6,
  0xb6, 0xf6, 0x19, 0xf7, 0x19, 0xf7, 0x84, 0xf7, 0x84, 0xf7, 0xf6, 0xf7,
  0xf6, 0xf7, 0x6f, 0xf8, 0x6f, 0xf8, 0xed, 0xf8, 0xed, 0xf8, 0x72, 0xf9,
  0x72, 0xf9, 0xfd, 0xf9, 0xfd, 0xf9, 0x8d, 0xfa, 0x8d, 0xfa, 0x21, 0xfb,
  0x21, 0xfb, 0xba, 0xfb, 0xba, 0xfb, 0x56, 0xfc, 0x56, 0xfc, 0xf5, 0xfc,
  0xf5, 0xfc, 0x97, 0xfd, 0x97, 0xfd, 0x3b, 0xfe, 0x3b, 0xfe, 0xe0, 0xfe,
  0xe0, 0xfe, 0x86, 0xff, 0x86, 0xff, 0x2d, 0x00, 0x2d, 0x00, 0xd4, 0x00,
  0xd4, 0x00, 0x7a, 0x01, 0x7a, 0x01, 0x1e, 0x02, 0x1e, 0x02, 0xc1, 0x02,
  0xc1, 0x02, 0x61, 0x03, 0x61, 0x03, 0xff, 0x03, 0xff, 0x03, 0x99, 0x04,
  0x99, 0x04, 0x30, 0x05, 0x30, 0x05, 0xc2, 0x05, 0xc2, 0x05, 0x4e, 0x06,
  0x4e, 0x06, 0xd7, 0x06, 0xd7, 0x06, 0x58, 0x07, 0x58, 0x07, 0xd4, 0x07,
  0xd4, 0x07, 0x49, 0x08, 0x49, 0x08, 0xb7, 0x08, 0xb7, 0x08, 0x1d, 0x09,
  0x1d, 0x09, 0x7c, 0x09, 0x7c, 0x09, 0xd3, 0x09, 0xd3, 0x09, 0x22, 0x0a,
  0x22, 0x0a, 0x68, 0x0a, 0x68, 0x0a, 0xa4, 0x0a, 0xa4, 0x0a, 0xd8, 0x0a,
  0xd8, 0x0a, 0x03, 0x0b, 0x03, 0x0b, 0x24, 0x0b, 0x24, 0x0b, 0x3c, 0x0b,
  0x3c, 0x0b, 0x4b, 0x0b, 0x4b, 0x0b, 0x50, 0x0b, 0x50, 0x0b, 0x4b, 0x0b,
  0x4b, 0x0b, 0x3c, 0x0b, 0x3c, 0x0b, 0x24, 0x0b, 0x24, 0x0b, 0x03, 0x0b,
  0x03, 0x0b, 0xd9, 0x0a, 0xd9, 0x0a, 0xa4, 0x0a, 0xa4, 0x0a, 0x68, 0x0a,
  0x68, 0x0a, 0x22, 0x0a, 0x22, 0x0a, 0xd3, 0x09, 0xd3, 0x09, 0x7d, 0x09,
  0x7d, 0x09, 0x1d, 0x09, 0x1d, 0x09, 0xb8, 0x08, 0xb8, 0x08, 0x49, 0x08,
  0x49, 0x08, 0xd4, 0x07, 0xd4, 0x07, 0x59, 0x07, 0x59, 0x07, 0xd7, 0x06,
  0xd7, 0x06, 0x4f, 0x06, 0x4f, 0x06, 0xc2, 0x05, 0xc2, 0x05, 0x30, 0x05,
  0x30, 0x05, 0x9a, 0x04, 0x9a, 0x04, 0x00, 0x04, 0x00, 0x04, 0x62, 0x03,
  0x62, 0x03, 0xc2, 0x02, 0xc2, 0x02, 0x1f, 0x02, 0x1f, 0x02, 0x7a, 0x01,
  0x7a, 0x01, 0xd4, 0x00, 0xd4, 0x00, 0x2d, 0x00, 0x2d, 0x00, 0x87, 0xff,
  0x87, 0xff, 0xe1, 0xfe, 0xe1, 0xfe, 0x3b, 0xfe, 0x3b, 0xfe, 0x97, 0xfd,
  0x97, 0xfd, 0xf5, 0xfc, 0xf5, 0xfc, 0x56, 0xfc, 0x56, 0xfc, 0xba, 0xfb,
  0xba, 0xfb, 0x21, 0xfb, 0x21, 0xfb, 0x8e, 0xfa, 0x8e, 0xfa, 0xfd, 0xf9,
  0xfd, 0xf9, 0x73, 0xf9, 0x73, 0xf9, 0xee, 0xf8, 0xee, 0xf8, 0x6f, 0xf8,
  0x6f, 0xf8, 0xf6, 0xf7, 0xf6, 0xf7, 0x85, 0xf7, 0x85, 0xf7, 0x19, 0xf7,
  0x19, 0xf7, 0xb6, 0xf6, 0xb6, 0xf6, 0x5c, 0xf6, 0x5c, 0xf6, 0x08, 0xf6,
  0x08, 0xf6, 0xbe, 0xf5, 0xbe, 0xf5, 0x7c, 0xf5, 0x7c, 0xf5, 0x43, 0xf5,
  0x43, 0xf5, 0x13, 0xf5, 0x13, 0xf5, 0xed, 0xf4, 0xed, 0xf4, 0xd0, 0xf4,
  0xd0, 0xf4, 0xbc, 0xf4, 0xbc, 0xf4, 0xb2, 0xf4, 0xb2, 0xf4, 0xb1, 0xf4,
  0xb1, 0xf4, 0xba, 0xf4, 0xba, 0xf4, 0xcd, 0xf4, 0xcd, 0xf4, 0xea, 0xf4,
  0xea, 0xf4, 0x0f, 0xf5, 0x0f, 0xf5, 0x3e, 0xf5, 0x3e, 0xf5, 0x76, 0xf5,
  0x76, 0xf5, 0xb7, 0xf5, 0xb7, 0xf5, 0x01, 0xf6, 0x01, 0xf6, 0x53, 0xf6,
  0x53, 0xf6, 0xae, 0xf6, 0xae, 0xf6, 0x10, 0xf7, 0x10, 0xf7, 0x7a, 0xf7,
  0x7a, 0xf7, 0xeb, 0xf7, 0xeb, 0xf7, 0x63, 0xf8, 0x63, 0xf8, 0xe2, 0xf8,
  0xe2, 0xf8, 0x66, 0xf9, 0x66, 0xf9, 0xf0, 0xf9, 0xf0, 0xf9, 0x7f, 0xfa,
  0x7f, 0xfa, 0x13, 0xfb, 0x13, 0xfb, 0xac, 0xfb, 0xac, 0xfb, 0x48, 0xfc,
  0x48, 0xfc, 0xe7, 0xfc, 0xe7, 0xfc, 0x89, 0xfd, 0x89, 0xfd, 0x2c, 0xfe,
  0x2c, 0xfe, 0xd1, 0xfe, 0xd1, 0xfe, 0x78, 0xff, 0x78, 0xff, 0x1e, 0x00,
  0x1e, 0x00, 0xc5, 0x00, 0xc5, 0x00, 0x6b, 0x01, 0x6b, 0x01, 0x0f, 0x02,
  0x0f, 0x02, 0xb3, 0x02, 0xb3, 0x02, 0x53, 0x03, 0x53, 0x03, 0xf1, 0x03,
  0xf1, 0x03, 0x8c, 0x04, 0x8c, 0x04, 0x22, 0x05, 0x22, 0x05, 0xb4, 0x05,
  0xb4, 0x05, 0x42, 0x06, 0x42, 0x06, 0xca, 0x06, 0xca, 0x06, 0x4d, 0x07,
  0x4d, 0x07, 0xc9, 0x07, 0xc9, 0x07, 0x3f, 0x08, 0x3f, 0x08, 0xae, 0x08,
  0xae, 0x08, 0x14, 0x09, 0x14, 0x09, 0x74, 0x09, 0x74, 0x09, 0xcb, 0x09,
  0xcb, 0x09, 0x1b, 0x0a, 0x1b, 0x0a, 0x61, 0x0a, 0x61, 0x0a, 0x9f, 0x0a,
  0x9f, 0x0a, 0xd4, 0x0a, 0xd4, 0x0a, 0x00, 0x0b, 0x00, 0x0b, 0x22, 0x0b,
  0x22, 0x0b, 0x3a, 0x0b, 0x3a, 0x0b, 0x4a, 0x0b, 0x4a, 0x0b, 0x50, 0x0b,
  0x50, 0x0b, 0x4c, 0x0b, 0x4c, 0x0b, 0x3e, 0x0b, 0x3e, 0x0b, 0x27, 0x0b,
  0x27, 0x0b, 0x07, 0x0b, 0x07, 0x0b, 0xdd, 0x0a, 0xdd, 0x0a, 0xa9, 0x0a,
  0xa9, 0x0a, 0x6d, 0x0a, 0x6d, 0x0a, 0x29, 0x0a, 0x29, 0x0a, 0xdb, 0x09,
  0xdb, 0x09, 0x85, 0x09, 0x85, 0x09, 0x27, 0x09, 0x27, 0x09, 0xc1, 0x08,
  0xc1, 0x08, 0x54, 0x08, 0x54, 0x08, 0xdf, 0x07, 0xdf, 0x07, 0x64, 0x07,
  0x64, 0x07, 0xe3, 0x06, 0xe3, 0x06, 0x5c, 0x06, 0x5c, 0x06, 0xcf, 0x05,
  0xcf, 0x05, 0x3e, 0x05, 0x3e, 0x05, 0xa7, 0x04, 0xa7, 0x04, 0x0e, 0x04,
  0x0e, 0x04, 0x71, 0x03, 0x71, 0x03, 0xd1, 0x02, 0xd1, 0x02, 0x2e, 0x02,
  0x2e, 0x02, 0x89, 0x01, 0x89, 0x01, 0xe4, 0x00, 0xe4, 0x00, 0x3d, 0x00,
  0x3d, 0x00, 0x96, 0xff, 0x96, 0xff, 0xf0, 0xfe, 0xf0, 0xfe, 0x4a, 0xfe,
  0x4a, 0xfe, 0xa6, 0xfd, 0xa6, 0xfd, 0x04, 0xfd, 0x04, 0xfd, 0x65, 0xfc,
  0x65, 0xfc, 0xc8, 0xfb, 0xc8, 0xfb, 0x30, 0xfb, 0x30, 0xfb, 0x9a, 0xfa,
  0x9a, 0xfa, 0x0a, 0xfa, 0x0a, 0xfa, 0x80, 0xf9, 0x80, 0xf9, 0xfa, 0xf8,
  0xfa, 0xf8, 0x7a, 0xf8, 0x7a, 0xf8, 0x00, 0xf8, 0x00, 0xf8, 0x8e, 0xf7,
  0x8e, 0xf7, 0x23, 0xf7, 0x23, 0xf7, 0xbf, 0xf6, 0xbf, 0xf6, 0x63, 0xf6,
  0x63, 0xf6, 0x0f, 0xf6, 0x0f, 0xf6, 0xc4, 0xf5, 0xc4, 0xf5, 0x82, 0xf5,
  0x82, 0xf5, 0x48, 0xf5, 0x48, 0xf5, 0x17, 0xf5, 0x17, 0xf5, 0xf0, 0xf4,
  0xf0, 0xf4, 0xd2, 0xf4, 0xd2, 0xf4, 0xbd, 0xf4, 0xbd, 0xf4, 0xb3, 0xf4,
  0xb3, 0xf4, 0xb1, 0xf4, 0xb1, 0xf4, 0xb9, 0xf4, 0xb9, 0xf4, 0xcb, 0xf4,
  0xcb, 0xf4, 0xe6, 0xf4, 0xe6, 0xf4, 0x0b, 0xf5, 0x0b, 0xf5, 0x3a, 0xf5,
  0x3a, 0xf5, 0x71, 0xf5, 0x71, 0xf5, 0xb0, 0xf5, 0xb0, 0xf5, 0xfa, 0xf5,
  0xfa, 0xf5, 0x4b, 0xf6, 0x4b, 0xf6, 0xa5, 0xf6, 0xa5, 0xf6, 0x07, 0xf7,
  0x07, 0xf7, 0x70, 0xf7, 0x70, 0xf7, 0xe0, 0xf7, 0xe0, 0xf7, 0x58, 0xf8,
  0x58, 0xf8, 0xd6, 0xf8, 0xd6, 0xf8, 0x5a, 0xf9, 0x5a, 0xf9, 0xe3, 0xf9,
  0xe3, 0xf9, 0x72, 0xfa, 0x72, 0xfa, 0x06, 0xfb, 0x06, 0xfb, 0x9e, 0xfb,
  0x9e, 0xfb, 0x39, 0xfc, 0x39, 0xfc, 0xd8, 0xfc, 0xd8, 0xfc, 0x79, 0xfd,
  0x79, 0xfd, 0x1d, 0xfe, 0x1d, 0xfe, 0xc2, 0xfe, 0xc2, 0xfe, 0x68, 0xff,
  0x68, 0xff, 0x0f, 0x00, 0x0f, 0x00, 0xb6, 0x00, 0xb6, 0x00, 0x5c, 0x01,
  0x5c, 0x01, 0x01, 0x02, 0x01, 0x02, 0xa3, 0x02, 0xa3, 0x02, 0x45, 0x03,
  0x45, 0x03, 0xe3, 0x03, 0xe3, 0x03, 0x7e, 0x04, 0x7e, 0x04, 0x15, 0x05,
  0x15, 0x05, 0xa7, 0x05, 0xa7, 0x05, 0x36, 0x06, 0x36, 0x06, 0xbe, 0x06,
  0xbe, 0x06, 0x41, 0x07, 0x41, 0x07, 0xbe, 0x07, 0xbe, 0x07, 0x34, 0x08,
  0x34, 0x08, 0xa3, 0x08, 0xa3, 0x08, 0x0c, 0x09, 0x0c, 0x09, 0x6c, 0x09,
  0x6c, 0x09, 0xc4, 0x09, 0xc4, 0x09, 0x14, 0x0a, 0x14, 0x0a, 0x5b, 0x0a,
  0x5b, 0x0a, 0x9a, 0x0a, 0x9a, 0x0a, 0xd0, 0x0a, 0xd0, 0x0a, 0xfc, 0x0a,
  0xfc, 0x0a, 0x1f, 0x0b, 0x1f, 0x0b, 0x39, 0x0b, 0x39, 0x0b, 0x49, 0x0b,
  0x49, 0x0b, 0x50, 0x0b, 0x50, 0x0b, 0x4d, 0x0b, 0x4d, 0x0b, 0x40, 0x0b,
  0x40, 0x0b, 0x29, 0x0b, 0x29, 0x0b, 0x0a, 0x0b, 0x0a, 0x0b, 0xe1, 0x0a,
  0xe1, 0x0a, 0xae, 0x0a, 0xae, 0x0a, 0x73, 0x0a, 0x73, 0x0a, 0x2f, 0x0a,
  0x2f, 0x0a, 0xe3, 0x09, 0xe3, 0x09, 0x8d, 0x09, 0x8d, 0x09, 0x30, 0x09,
  0x30, 0x09, 0xcb, 0x08, 0xcb, 0x08, 0x5e, 0x08, 0x5e, 0x08, 0xea, 0x07,
  0xea, 0x07, 0x70, 0x07, 0x70, 0x07, 0xef, 0x06, 0xef, 0x06, 0x68, 0x06,
  0x68, 0x06, 0xdc, 0x05, 0xdc, 0x05, 0x4b, 0x05, 0x4b, 0x05, 0xb6, 0x04,
  0xb6, 0x04, 0x1c, 0x04, 0x1c, 0x04, 0x7f, 0x03, 0x7f, 0x03, 0xdf, 0x02,
  0xdf, 0x02, 0x3d, 0x02, 0x3d, 0x02, 0x99, 0x01, 0x99, 0x01, 0xf3, 0x00,
  0xf3, 0x00, 0x4c, 0x00, 0x4c, 0x00, 0xa5, 0xff, 0xa5, 0xff, 0xff, 0xfe,
  0xff, 0xfe, 0x59, 0xfe, 0x59, 0xfe, 0xb5, 0xfd, 0xb5, 0xfd, 0x12, 0xfd,
  0x12, 0xfd, 0x73, 0xfc, 0x73, 0xfc, 0xd6, 0xfb, 0xd6, 0xfb, 0x3d, 0xfb,
  0x3d, 0xfb, 0xa8, 0xfa, 0xa8, 0xfa, 0x18, 0xfa, 0x18, 0xfa, 0x8c, 0xf9,
  0x8c, 0xf9, 0x06, 0xf9, 0x06, 0xf9, 0x85, 0xf8, 0x85, 0xf8, 0x0c, 0xf8,
  0x0c, 0xf8, 0x98, 0xf7, 0x98, 0xf7, 0x2c, 0xf7, 0x2c, 0xf7, 0xc8, 0xf6,
  0xc8, 0xf6, 0x6b, 0xf6, 0x6b, 0xf6, 0x17, 0xf6, 0x17, 0xf6, 0xcb, 0xf5,
  0xcb, 0xf5, 0x87, 0xf5, 0x87, 0xf5, 0x4d, 0xf5, 0x4d, 0xf5, 0x1b, 0xf5,
  0x1b, 0xf5, 0xf3, 0xf4, 0xf3, 0xf4, 0xd4, 0xf4, 0xd4, 0xf4, 0xbf, 0xf4,
  0xbf, 0xf4, 0xb3, 0xf4, 0xb3, 0xf4, 0xb0, 0xf4, 0xb0, 0xf4, 0xb8, 0xf4,
  0xb8, 0xf4, 0xc9, 0xf4, 0xc9, 0xf4, 0xe3, 0xf4, 0xe3, 0xf4, 0x07, 0xf5,
  0x07, 0xf5, 0x35, 0xf5, 0x35, 0xf5, 0x6b, 0xf5, 0x6b, 0xf5, 0xab, 0xf5,
  0xab, 0xf5, 0xf3, 0xf5, 0xf3, 0xf5, 0x43, 0xf6, 0x43, 0xf6, 0x9d, 0xf6,
  0x9d, 0xf6, 0xfd, 0xf6, 0xfd, 0xf6, 0x66, 0xf7, 0x66, 0xf7, 0xd6, 0xf7,
  0xd6, 0xf7, 0x4d, 0xf8, 0x4d, 0xf8, 0xca, 0xf8, 0xca, 0xf8, 0x4d, 0xf9,
  0x4d, 0xf9, 0xd7, 0xf9, 0xd7, 0xf9, 0x65, 0xfa, 0x65, 0xfa, 0xf8, 0xfa,
  0xf8, 0xfa, 0x90, 0xfb, 0x90, 0xfb, 0x2b, 0xfc, 0x2b, 0xfc, 0xca, 0xfc,
  0xca, 0xfc, 0x6a, 0xfd, 0x6a, 0xfd, 0x0d, 0xfe, 0x0d, 0xfe, 0xb3, 0xfe,
  0xb3, 0xfe, 0x59, 0xff, 0x59, 0xff, 0x00, 0x00, 0x00, 0x00, 0xa6, 0x00,
  0xa6, 0x00, 0x4c, 0x01, 0x4c, 0x01, 0xf2, 0x01, 0xf2, 0x01, 0x95, 0x02,
  0x95, 0x02, 0x36, 0x03, 0x36, 0x03, 0xd5, 0x03, 0xd5, 0x03, 0x70, 0x04,
  0x70, 0x04, 0x07, 0x05, 0x07, 0x05, 0x9b, 0x05, 0x9b, 0x05, 0x29, 0x06,
  0x29, 0x06, 0xb2, 0x06, 0xb2, 0x06, 0x36, 0x07, 0x36, 0x07, 0xb3, 0x07,
  0xb3, 0x07, 0x2a, 0x08, 0x2a, 0x08, 0x9a, 0x08, 0x9a, 0x08, 0x02, 0x09,
  0x02, 0x09, 0x63, 0x09, 0x63, 0x09, 0xbd, 0x09, 0xbd, 0x09, 0x0d, 0x0a,
  0x0d, 0x0a, 0x55, 0x0a, 0x55, 0x0a, 0x94, 0x0a, 0x94, 0x0a, 0xcb, 0x0a,
  0xcb, 0x0a, 0xf9, 0x0a, 0xf9, 0x0a, 0x1c, 0x0b, 0x1c, 0x0b, 0x37, 0x0b,
  0x37, 0x0b, 0x48, 0x0b, 0x48, 0x0b, 0x50, 0x0b, 0x50, 0x0b, 0x4d, 0x0b,
  0x4d, 0x0b, 0x41, 0x0b, 0x41, 0x0b, 0x2c, 0x0b, 0x2c, 0x0b, 0x0d, 0x0b,
  0x0d, 0x0b, 0xe5, 0x0a, 0xe5, 0x0a, 0xb3, 0x0a, 0xb3, 0x0a, 0x79, 0x0a,
  0x79, 0x0a, 0x35, 0x0a, 0x35, 0x0a, 0xea, 0x09, 0xea, 0x09, 0x95, 0x09,
  0x95, 0x09, 0x38, 0x09, 0x38, 0x09, 0xd4, 0x08, 0xd4, 0x08, 0x68, 0x08,
  0x68, 0x08, 0xf4, 0x07, 0xf4, 0x07, 0x7b, 0x07, 0x7b, 0x07, 0xfb, 0x06,
  0xfb, 0x06, 0x74, 0x06, 0x74, 0x06, 0xe9, 0x05, 0xe9, 0x05, 0x58, 0x05,
  0x58, 0x05, 0xc4, 0x04, 0xc4, 0x04, 0x2a, 0x04, 0x2a, 0x04, 0x8d, 0x03,
  0x8d, 0x03, 0xee, 0x02, 0xee, 0x02, 0x4b, 0x02, 0x4b, 0x02, 0xa8, 0x01,
  0xa8, 0x01, 0x02, 0x01, 0x02, 0x01, 0x5b, 0x00, 0x5b, 0x00, 0xb4, 0xff,
  0xb4, 0xff, 0x0e, 0xff, 0x0e, 0xff, 0x68, 0xfe, 0x68, 0xfe, 0xc4, 0xfd,
  0xc4, 0xfd, 0x21, 0xfd, 0x21, 0xfd, 0x82, 0xfc, 0x82, 0xfc, 0xe5, 0xfb,
  0xe5, 0xfb, 0x4a, 0xfb, 0x4a, 0xfb, 0xb5, 0xfa, 0xb5, 0xfa, 0x24, 0xfa,
  0x24, 0xfa, 0x98, 0xf9, 0x98, 0xf9, 0x12, 0xf9, 0x12, 0xf9, 0x91, 0xf8,
  0x91, 0xf8, 0x16, 0xf8, 0x16, 0xf8, 0xa2, 0xf7, 0xa2, 0xf7, 0x36, 0xf7,
  0x36, 0xf7, 0xd1, 0xf6, 0xd1, 0xf6, 0x74, 0xf6, 0x74, 0xf6, 0x1e, 0xf6,
  0x1e, 0xf6, 0xd1, 0xf5, 0xd1, 0xf5, 0x8d, 0xf5, 0x8d, 0xf5, 0x52, 0xf5,
  0x52, 0xf5, 0x1f, 0xf5, 0x1f, 0xf5, 0xf6, 0xf4, 0xf6, 0xf4, 0xd7, 0xf4,
  0xd7, 0xf4, 0xc0, 0xf4, 0xc0, 0xf4, 0xb3, 0xf4, 0xb3, 0xf4, 0xb0, 0xf4,
  0xb0, 0xf4, 0xb7, 0xf4, 0xb7, 0xf4, 0xc7, 0xf4, 0xc7, 0xf4, 0xe1, 0xf4,
  0xe1, 0xf4, 0x04, 0xf5, 0x04, 0xf5, 0x30, 0xf5, 0x30, 0xf5, 0x66, 0xf5,
  0x66, 0xf5, 0xa4, 0xf5, 0xa4, 0xf5, 0xec, 0xf5, 0xec, 0xf5, 0x3c, 0xf6,
  0x3c, 0xf6, 0x94, 0xf6, 0x94, 0xf6, 0xf4, 0xf6, 0xf4, 0xf6, 0x5c, 0xf7,
  0x5c, 0xf7, 0xcb, 0xf7, 0xcb, 0xf7, 0x41, 0xf8, 0x41, 0xf8, 0xbe, 0xf8,
  0xbe, 0xf8, 0x41, 0xf9, 0x41, 0xf9, 0xca, 0xf9, 0xca, 0xf9, 0x58, 0xfa,
  0x58, 0xfa, 0xeb, 0xfa, 0xeb, 0xfa, 0x82, 0xfb, 0x82, 0xfb, 0x1c, 0xfc,
  0x1c, 0xfc, 0xbb, 0xfc, 0xbb, 0xfc, 0x5c, 0xfd, 0x5c, 0xfd, 0xff, 0xfd,
  0xff, 0xfd, 0xa3, 0xfe, 0xa3, 0xfe, 0x4a, 0xff, 0x4a, 0xff, 0xf0, 0xff,
  0xf0, 0xff, 0x97, 0x00, 0x97, 0x00, 0x3d, 0x01, 0x3d, 0x01, 0xe2, 0x01,
  0xe2, 0x01, 0x86, 0x02, 0x86, 0x02, 0x27, 0x03, 0x27, 0x03, 0xc6, 0x03,
  0xc6, 0x03, 0x62, 0x04, 0x62, 0x04, 0xf9, 0x04, 0xf9, 0x04, 0x8d, 0x05,
  0x8d, 0x05, 0x1c, 0x06, 0x1c, 0x06, 0xa5, 0x06, 0xa5, 0x06, 0x2a, 0x07,
  0x2a, 0x07, 0xa7, 0x07, 0xa7, 0x07, 0x1f, 0x08, 0x1f, 0x08, 0x90, 0x08,
  0x90, 0x08, 0xf9, 0x08, 0xf9, 0x08, 0x5b, 0x09, 0x5b, 0x09, 0xb5, 0x09,
  0xb5, 0x09, 0x06, 0x0a, 0x06, 0x0a, 0x4f, 0x0a, 0x4f, 0x0a, 0x8f, 0x0a,
  0x8f, 0x0a, 0xc6, 0x0a, 0xc6, 0x0a, 0xf4, 0x0a, 0xf4, 0x0a, 0x19, 0x0b,
  0x19, 0x0b, 0x35, 0x0b, 0x35, 0x0b, 0x46, 0x0b, 0x46, 0x0b, 0x4f, 0x0b,
  0x4f, 0x0b, 0x4d, 0x0b, 0x4d, 0x0b, 0x43, 0x0b, 0x43, 0x0b, 0x2e, 0x0b,
  0x2e, 0x0b, 0x11, 0x0b, 0x11, 0x0b, 0xe9, 0x0a, 0xe9, 0x0a, 0xb8, 0x0a,
  0xb8, 0x0a, 0x7f, 0x0a, 0x7f, 0x0a, 0x3c, 0x0a, 0x3c, 0x0a, 0xf1, 0x09,
  0xf1, 0x09, 0x9d, 0x09, 0x9d, 0x09, 0x41, 0x09, 0x41, 0x09, 0xdd, 0x08,
  0xdd, 0x08, 0x72, 0x08, 0x72, 0x08, 0x00, 0x08, 0x00, 0x08, 0x86, 0x07,
  0x86, 0x07, 0x07, 0x07, 0x07, 0x07, 0x81, 0x06, 0x81, 0x06, 0xf6, 0x05,
  0xf6, 0x05, 0x66, 0x05, 0x66, 0x05, 0xd1, 0x04, 0xd1, 0x04, 0x38, 0x04,
  0x38, 0x04, 0x9c, 0x03, 0x9c, 0x03, 0xfc, 0x02, 0xfc, 0x02, 0x5a, 0x02,
  0x5a, 0x02, 0xb6, 0x01, 0xb6, 0x01, 0x11, 0x01, 0x11, 0x01, 0x6b, 0x00,
  0x6b, 0x00, 0xc3, 0xff, 0xc3, 0xff, 0x1d, 0xff, 0x1d, 0xff, 0x78, 0xfe,
  0x78, 0xfe, 0xd3, 0xfd, 0xd3, 0xfd, 0x30, 0xfd, 0x30, 0xfd, 0x90, 0xfc,
  0x90, 0xfc, 0xf3, 0xfb, 0xf3, 0xfb, 0x59, 0xfb, 0x59, 0xfb, 0xc3, 0xfa,
  0xc3, 0xfa, 0x31, 0xfa, 0x31, 0xfa, 0xa5, 0xf9, 0xa5, 0xf9, 0x1d, 0xf9,
  0x1d, 0xf9, 0x9d, 0xf8, 0x9d, 0xf8, 0x21, 0xf8, 0x21, 0xf8, 0xad, 0xf7,
  0xad, 0xf7, 0x3f, 0xf7, 0x3f, 0xf7, 0xd9, 0xf6, 0xd9, 0xf6, 0x7b, 0xf6,
  0x7b, 0xf6, 0x26, 0xf6, 0x26, 0xf6, 0xd8, 0xf5, 0xd8, 0xf5, 0x93, 0xf5,
  0x93, 0xf5, 0x57, 0xf5, 0x57, 0xf5, 0x24, 0xf5, 0x24, 0xf5, 0xf9, 0xf4,
  0xf9, 0xf4, 0xd9, 0xf4, 0xd9, 0xf4, 0xc2, 0xf4, 0xc2, 0xf4, 0xb5, 0xf4,
  0xb5, 0xf4, 0xb0, 0xf4, 0xb0, 0xf4, 0xb6, 0xf4, 0xb6, 0xf4, 0xc6, 0xf4,
  0xc6, 0xf4, 0xde, 0xf4, 0xde, 0xf4, 0x00, 0xf5, 0x00, 0xf5, 0x2c, 0xf5,
  0x2c, 0xf5, 0x61, 0xf5, 0x61, 0xf5, 0x9e, 0xf5, 0x9e, 0xf5, 0xe5, 0xf5,
  0xe5, 0xf5, 0x34, 0xf6, 0x34, 0xf6, 0x8c, 0xf6, 0x8c, 0xf6, 0xeb, 0xf6,
  0xeb, 0xf6, 0x52, 0xf7, 0x52, 0xf7, 0xc1, 0xf7, 0xc1, 0xf7, 0x37, 0xf8,
  0x37, 0xf8, 0xb2, 0xf8, 0xb2, 0xf8, 0x35, 0xf9, 0x35, 0xf9, 0xbd, 0xf9,
  0xbd, 0xf9, 0x4b, 0xfa, 0x4b, 0xfa, 0xde, 0xfa, 0xde, 0xfa, 0x73, 0xfb,
  0x73, 0xfb, 0x0e, 0xfc, 0x0e, 0xfc, 0xac, 0xfc, 0xac, 0xfc, 0x4c, 0xfd,
  0x4c, 0xfd, 0xf1, 0xfd, 0xf1, 0xfd, 0x95, 0xfe, 0x95, 0xfe, 0x3b, 0xff,
  0x3b, 0xff, 0xe2, 0xff, 0xe2, 0xff, 0x88, 0x00, 0x88, 0x00, 0x2f, 0x01,
  0x2f, 0x01, 0xd3, 0x01, 0xd3, 0x01, 0x77, 0x02, 0x77, 0x02, 0x19, 0x03,
  0x19, 0x03, 0xb8, 0x03, 0xb8, 0x03, 0x54, 0x04, 0x54, 0x04, 0xec, 0x04,
  0xec, 0x04, 0x80, 0x05, 0x80, 0x05, 0x0f, 0x06, 0x0f, 0x06, 0x99, 0x06,
  0x99, 0x06, 0x1e, 0x07, 0x1e, 0x07, 0x9d, 0x07, 0x9d, 0x07, 0x15, 0x08,
  0x15, 0x08, 0x85, 0x08, 0x85, 0x08, 0xf0, 0x08, 0xf0, 0x08, 0x52, 0x09,
  0x52, 0x09, 0xad, 0x09, 0xad, 0x09, 0xff, 0x09, 0xff, 0x09, 0x49, 0x0a,
  0x49, 0x0a, 0x8a, 0x0a, 0x8a, 0x0a, 0xc2, 0x0a, 0xc2, 0x0a, 0xf1, 0x0a,
  0xf1, 0x0a, 0x16, 0x0b, 0x16, 0x0b, 0x33, 0x0b, 0x33, 0x0b, 0x46, 0x0b,
  0x46, 0x0b, 0x4f, 0x0b, 0x4f, 0x0b, 0x4e, 0x0b, 0x4e, 0x0b, 0x44, 0x0b,
  0x44, 0x0b, 0x30, 0x0b, 0x30, 0x0b, 0x13, 0x0b, 0x13, 0x0b, 0xed, 0x0a,
  0xed, 0x0a, 0xbd, 0x0a, 0xbd, 0x0a, 0x85, 0x0a, 0x85, 0x0a, 0x43, 0x0a,
  0x43, 0x0a, 0xf8, 0x09, 0xf8, 0x09, 0xa5, 0x09, 0xa5, 0x09, 0x4a, 0x09,
  0x4a, 0x09, 0xe7, 0x08, 0xe7, 0x08, 0x7c, 0x08, 0x7c, 0x08, 0x0a, 0x08,
  0x0a, 0x08, 0x91, 0x07, 0x91, 0x07, 0x13, 0x07, 0x13, 0x07, 0x8e, 0x06,
  0x8e, 0x06, 0x03, 0x06, 0x03, 0x06, 0x73, 0x05, 0x73, 0x05, 0xdf, 0x04,
  0xdf, 0x04, 0x46, 0x04, 0x46, 0x04, 0xaa, 0x03, 0xaa, 0x03, 0x0b, 0x03,
  0x0b, 0x03, 0x69, 0x02, 0x69, 0x02, 0xc5, 0x01, 0xc5, 0x01, 0x20, 0x01,
  0x20, 0x01, 0x7a, 0x00, 0x7a, 0x00, 0xd3, 0xff, 0xd3, 0xff, 0x2c, 0xff,
  0x2c, 0xff, 0x86, 0xfe, 0x86, 0xfe, 0xe2, 0xfd, 0xe2, 0xfd, 0x3f, 0xfd,
  0x3f, 0xfd, 0x9f, 0xfc, 0x9f, 0xfc, 0x01, 0xfc, 0x01, 0xfc, 0x67, 0xfb,
  0x67, 0xfb, 0xd0, 0xfa, 0xd0, 0xfa, 0x3e, 0xfa, 0x3e, 0xfa, 0xb2, 0xf9,
  0xb2, 0xf9, 0x29, 0xf9, 0x29, 0xf9, 0xa8, 0xf8, 0xa8, 0xf8, 0x2c, 0xf8,
  0x2c, 0xf8, 0xb7, 0xf7, 0xb7, 0xf7, 0x49, 0xf7, 0x49, 0xf7, 0xe3, 0xf6,
  0xe3, 0xf6, 0x84, 0xf6, 0x84, 0xf6, 0x2d, 0xf6, 0x2d, 0xf6, 0xde, 0xf5,
  0xde, 0xf5, 0x98, 0xf5, 0x98, 0xf5, 0x5c, 0xf5, 0x5c, 0xf5, 0x28, 0xf5,
  0x28, 0xf5, 0xfd, 0xf4, 0xfd, 0xf4, 0xdc, 0xf4, 0xdc, 0xf4, 0xc4, 0xf4,
  0xc4, 0xf4, 0xb5, 0xf4, 0xb5, 0xf4, 0xb0, 0xf4, 0xb0, 0xf4, 0xb5, 0xf4,
  0xb5, 0xf4, 0xc4, 0xf4, 0xc4, 0xf4, 0xdc, 0xf4, 0xdc, 0xf4, 0xfd, 0xf4,
  0xfd, 0xf4, 0x27, 0xf5, 0x27, 0xf5, 0x5c, 0xf5, 0x5c, 0xf5, 0x98, 0xf5,
  0x98, 0xf5, 0xde, 0xf5, 0xde, 0xf5, 0x2d, 0xf6, 0x2d, 0xf6, 0x83, 0xf6,
  0x83, 0xf6, 0xe3, 0xf6, 0xe3, 0xf6, 0x48, 0xf7, 0x48, 0xf7, 0xb7, 0xf7,
  0xb7, 0xf7, 0x2c, 0xf8, 0x2c, 0xf8, 0xa7, 0xf8, 0xa7, 0xf8, 0x29, 0xf9,
  0x29, 0xf9, 0xb1, 0xf9, 0xb1, 0xf9, 0x3e, 0xfa, 0x3e, 0xfa, 0xd0, 0xfa,
  0xd0, 0xfa, 0x66, 0xfb, 0x66, 0xfb, 0x00, 0xfc, 0x00, 0xfc, 0x9e, 0xfc,
  0x9e, 0xfc, 0x3e, 0xfd, 0x3e, 0xfd, 0xe1, 0xfd, 0xe1, 0xfd, 0x86, 0xfe,
  0x86, 0xfe, 0x2c, 0xff, 0x2c, 0xff, 0xd3, 0xff, 0xd3, 0xff, 0x79, 0x00,
  0x79, 0x00, 0x1f, 0x01, 0x1f, 0x01, 0xc5, 0x01, 0xc5, 0x01, 0x69, 0x02,
  0x69, 0x02, 0x0b, 0x03, 0x0b, 0x03, 0xaa, 0x03, 0xaa, 0x03, 0x46, 0x04,
  0x46, 0x04, 0xdf, 0x04, 0xdf, 0x04, 0x72, 0x05, 0x72, 0x05, 0x03, 0x06,
  0x03, 0x06, 0x8d, 0x06, 0x8d, 0x06, 0x12, 0x07, 0x12, 0x07, 0x91, 0x07,
  0x91, 0x07, 0x0a, 0x08, 0x0a, 0x08, 0x7b, 0x08, 0x7b, 0x08, 0xe7, 0x08,
  0xe7, 0x08, 0x4a, 0x09, 0x4a, 0x09, 0xa4, 0x09, 0xa4, 0x09, 0xf8, 0x09,
  0xf8, 0x09, 0x42, 0x0a, 0x42, 0x0a, 0x84, 0x0a, 0x84, 0x0a, 0xbd, 0x0a,
  0xbd, 0x0a, 0xed, 0x0a, 0xed, 0x0a, 0x13, 0x0b, 0x13, 0x0b, 0x30, 0x0b,
  0x30, 0x0b, 0x44, 0x0b, 0x44, 0x0b, 0x4e, 0x0b, 0x4e, 0x0b, 0x4f, 0x0b,
  0x4f, 0x0b, 0x46, 0x0b, 0x46, 0x0b, 0x33, 0x0b, 0x33, 0x0b, 0x16, 0x0b,
  0x16, 0x0b, 0xf1, 0x0a, 0xf1, 0x0a, 0xc2, 0x0a, 0xc2, 0x0a, 0x8a, 0x0a,
  0x8a, 0x0a, 0x49, 0x0a, 0x49, 0x0a, 0xff, 0x09, 0xff, 0x09, 0xad, 0x09,
  0xad, 0x09, 0x52, 0x09, 0x52, 0x09, 0xf0, 0x08, 0xf0, 0x08, 0x86, 0x08,
  0x86, 0x08, 0x15, 0x08, 0x15, 0x08, 0x9d, 0x07, 0x9d, 0x07, 0x1e, 0x07,
  0x1e, 0x07, 0x9a, 0x06, 0x9a, 0x06, 0x10, 0x06, 0x10, 0x06, 0x81, 0x05,
  0x81, 0x05, 0xed, 0x04, 0xed, 0x04, 0x54, 0x04, 0x54, 0x04, 0xb8, 0x03,
  0xb8, 0x03, 0x19, 0x03, 0x19, 0x03, 0x77, 0x02, 0x77, 0x02, 0xd4, 0x01,
  0xd4, 0x01, 0x2f, 0x01, 0x2f, 0x01, 0x88, 0x00, 0x88, 0x00, 0xe2, 0xff,
  0xe2, 0xff, 0x3b, 0xff, 0x3b, 0xff, 0x95, 0xfe, 0x95, 0xfe, 0xf1, 0xfd,
  0xf1, 0xfd, 0x4d, 0xfd, 0x4d, 0xfd, 0xad, 0xfc, 0xad, 0xfc, 0x0f, 0xfc,
  0x0f, 0xfc, 0x74, 0xfb, 0x74, 0xfb, 0xde, 0xfa, 0xde, 0xfa, 0x4c, 0xfa,
  0x4c, 0xfa, 0xbe, 0xf9, 0xbe, 0xf9, 0x36, 0xf9, 0x36, 0xf9, 0xb3, 0xf8,
  0xb3, 0xf8, 0x37, 0xf8, 0x37, 0xf8, 0xc1, 0xf7, 0xc1, 0xf7, 0x52, 0xf7,
  0x52, 0xf7, 0xec, 0xf6, 0xec, 0xf6, 0x8c, 0xf6, 0x8c, 0xf6, 0x35, 0xf6,
  0x35, 0xf6, 0xe5, 0xf5, 0xe5, 0xf5, 0x9f, 0xf5, 0x9f, 0xf5, 0x61, 0xf5,
  0x61, 0xf5, 0x2c, 0xf5, 0x2c, 0xf5, 0x00, 0xf5, 0x00, 0xf5, 0xde, 0xf4,
  0xde, 0xf4, 0xc6, 0xf4, 0xc6, 0xf4, 0xb6, 0xf4, 0xb6, 0xf4, 0xb0, 0xf4,
  0xb0, 0xf4, 0xb4, 0xf4, 0xb4, 0xf4, 0xc2, 0xf4, 0xc2, 0xf4, 0xd9, 0xf4,
  0xd9, 0xf4, 0xf9, 0xf4, 0xf9, 0xf4, 0x23, 0xf5, 0x23, 0xf5, 0x57, 0xf5,
  0x57, 0xf5, 0x93, 0xf5, 0x93, 0xf5, 0xd7, 0xf5, 0xd7, 0xf5, 0x25, 0xf6,
  0x25, 0xf6, 0x7b, 0xf6, 0x7b, 0xf6, 0xd9, 0xf6, 0xd9, 0xf6, 0x3f, 0xf7,
  0x3f, 0xf7, 0xac, 0xf7, 0xac, 0xf7, 0x21, 0xf8, 0x21, 0xf8, 0x9c, 0xf8,
  0x9c, 0xf8, 0x1d, 0xf9, 0x1d, 0xf9, 0xa4, 0xf9, 0xa4, 0xf9, 0x31, 0xfa,
  0x31, 0xfa, 0xc2, 0xfa, 0xc2, 0xfa, 0x59, 0xfb, 0x59, 0xfb, 0xf2, 0xfb,
  0xf2, 0xfb, 0x8f, 0xfc, 0x8f, 0xfc, 0x2f, 0xfd, 0x2f, 0xfd, 0xd2, 0xfd,
  0xd2, 0xfd, 0x77, 0xfe, 0x77, 0xfe, 0x1c, 0xff, 0x1c, 0xff, 0xc3, 0xff,
  0xc3, 0xff, 0x6a, 0x00, 0x6a, 0x00, 0x10, 0x01, 0x10, 0x01, 0xb6, 0x01,
  0xb6, 0x01, 0x5a, 0x02, 0x5a, 0x02, 0xfc, 0x02, 0xfc, 0x02, 0x9b, 0x03,
  0x9b, 0x03, 0x38, 0x04, 0x38, 0x04, 0xd0, 0x04, 0xd0, 0x04, 0x66, 0x05,
  0x66, 0x05, 0xf6, 0x05, 0xf6, 0x05, 0x80, 0x06, 0x80, 0x06, 0x06, 0x07,
  0x06, 0x07, 0x86, 0x07, 0x86, 0x07, 0x00, 0x08, 0x00, 0x08, 0x72, 0x08,
  0x72, 0x08, 0xdd, 0x08, 0xdd, 0x08, 0x41, 0x09, 0x41, 0x09, 0x9d, 0x09,
  0x9d, 0x09, 0xf1, 0x09, 0xf1, 0x09, 0x3c, 0x0a, 0x3c, 0x0a, 0x7e, 0x0a,
  0x7e, 0x0a, 0xb8, 0x0a, 0xb8, 0x0a, 0xe9, 0x0a, 0xe9, 0x0a, 0x10, 0x0b,
  0x10, 0x0b, 0x2e, 0x0b, 0x2e, 0x0b, 0x43, 0x0b, 0x43, 0x0b, 0x4d, 0x0b,
  0x4d, 0x0b, 0x4f, 0x0b, 0x4f, 0x0b, 0x47, 0x0b, 0x47, 0x0b, 0x35, 0x0b,
  0x35, 0x0b, 0x1a, 0x0b, 0x1a, 0x0b, 0xf5, 0x0a, 0xf5, 0x0a, 0xc6, 0x0a,
  0xc6, 0x0a, 0x8f, 0x0a, 0x8f, 0x0a, 0x50, 0x0a, 0x50, 0x0a, 0x06, 0x0a,
  0x06, 0x0a, 0xb5, 0x09, 0xb5, 0x09, 0x5b, 0x09, 0x5b, 0x09, 0xf9, 0x08,
  0xf9, 0x08, 0x90, 0x08, 0x90, 0x08, 0x20, 0x08, 0x20, 0x08, 0xa8, 0x07,
  0xa8, 0x07, 0x2a, 0x07, 0x2a, 0x07, 0xa6, 0x06, 0xa6, 0x06, 0x1d, 0x06,
  0x1d, 0x06, 0x8e, 0x05, 0x8e, 0x05, 0xfa, 0x04, 0xfa, 0x04, 0x62, 0x04,
  0x62, 0x04, 0xc7, 0x03, 0xc7, 0x03, 0x28, 0x03, 0x28, 0x03, 0x87, 0x02,
  0x87, 0x02, 0xe3, 0x01, 0xe3, 0x01, 0x3e, 0x01, 0x3e, 0x01, 0x98, 0x00,
  0x98, 0x00, 0xf1, 0xff, 0xf1, 0xff, 0x4a, 0xff, 0x4a, 0xff, 0xa4, 0xfe,
  0xa4, 0xfe, 0xff, 0xfd, 0xff, 0xfd, 0x5d, 0xfd, 0x5d, 0xfd, 0xbb, 0xfc,
  0xbb, 0xfc, 0x1d, 0xfc, 0x1d, 0xfc, 0x82, 0xfb, 0x82, 0xfb, 0xeb, 0xfa,
  0xeb, 0xfa, 0x59, 0xfa, 0x59, 0xfa, 0xca, 0xf9, 0xca, 0xf9, 0x42, 0xf9,
  0x42, 0xf9, 0xbf, 0xf8, 0xbf, 0xf8, 0x42, 0xf8, 0x42, 0xf8, 0xcc, 0xf7,
  0xcc, 0xf7, 0x5d, 0xf7, 0x5d, 0xf7, 0xf4, 0xf6, 0xf4, 0xf6, 0x94, 0xf6,
  0x94, 0xf6, 0x3c, 0xf6, 0x3c, 0xf6, 0xec, 0xf5, 0xec, 0xf5, 0xa5, 0xf5,
  0xa5, 0xf5, 0x66, 0xf5, 0x66, 0xf5, 0x30, 0xf5, 0x30, 0xf5, 0x04, 0xf5,
  0x04, 0xf5, 0xe1, 0xf4, 0xe1, 0xf4, 0xc7, 0xf4, 0xc7, 0xf4, 0xb7, 0xf4,
  0xb7, 0xf4, 0xb0, 0xf4, 0xb0, 0xf4, 0xb3, 0xf4, 0xb3, 0xf4, 0xc0, 0xf4,
  0xc0, 0xf4, 0xd7, 0xf4, 0xd7, 0xf4, 0xf6, 0xf4, 0xf6, 0xf4, 0x1f, 0xf5,
  0x1f, 0xf5, 0x52, 0xf5, 0x52, 0xf5, 0x8d, 0xf5, 0x8d, 0xf5, 0xd1, 0xf5,
  0xd1, 0xf5, 0x1d, 0xf6, 0x1d, 0xf6, 0x73, 0xf6, 0x73, 0xf6, 0xd0, 0xf6,
  0xd0, 0xf6, 0x35, 0xf7, 0x35, 0xf7, 0xa2, 0xf7, 0xa2, 0xf7, 0x16, 0xf8,
  0x16, 0xf8, 0x90, 0xf8, 0x90, 0xf8, 0x11, 0xf9, 0x11, 0xf9, 0x98, 0xf9,
  0x98, 0xf9, 0x24, 0xfa, 0x24, 0xfa, 0xb5, 0xfa, 0xb5, 0xfa, 0x4a, 0xfb,
  0x4a, 0xfb, 0xe4, 0xfb, 0xe4, 0xfb, 0x81, 0xfc, 0x81, 0xfc, 0x21, 0xfd,
  0x21, 0xfd, 0xc3, 0xfd, 0xc3, 0xfd, 0x67, 0xfe, 0x67, 0xfe, 0x0d, 0xff,
  0x0d, 0xff, 0xb4, 0xff, 0xb4, 0xff, 0x5b, 0x00, 0x5b, 0x00, 0x01, 0x01,
  0x01, 0x01, 0xa7, 0x01, 0xa7, 0x01, 0x4b, 0x02, 0x4b, 0x02, 0xee, 0x02,
  0xee, 0x02, 0x8d, 0x03, 0x8d, 0x03, 0x2a, 0x04, 0x2a, 0x04, 0xc3, 0x04,
  0xc3, 0x04, 0x58, 0x05, 0x58, 0x05, 0xe8, 0x05, 0xe8, 0x05, 0x74, 0x06,
  0x74, 0x06, 0xfa, 0x06, 0xfa, 0x06, 0x7b, 0x07, 0x7b, 0x07, 0xf4, 0x07,
  0xf4, 0x07, 0x68, 0x08, 0x68, 0x08, 0xd4, 0x08, 0xd4, 0x08, 0x38, 0x09,
  0x38, 0x09, 0x95, 0x09, 0x95, 0x09, 0xe9, 0x09, 0xe9, 0x09, 0x35, 0x0a,
  0x35, 0x0a, 0x79, 0x0a, 0x79, 0x0a, 0xb3, 0x0a, 0xb3, 0x0a, 0xe5, 0x0a,
  0xe5, 0x0a, 0x0d, 0x0b, 0x0d, 0x0b, 0x2c, 0x0b, 0x2c, 0x0b, 0x41, 0x0b,
  0x41, 0x0b, 0x4d, 0x0b, 0x4d, 0x0b, 0x50, 0x0b, 0x50, 0x0b, 0x48, 0x0b,
  0x48, 0x0b, 0x37, 0x0b, 0x37, 0x0b, 0x1d, 0x0b, 0x1d, 0x0b, 0xf9, 0x0a,
  0xf9, 0x0a, 0xcb, 0x0a, 0xcb, 0x0a, 0x95, 0x0a, 0x95, 0x0a, 0x55, 0x0a,
  0x55, 0x0a, 0x0d, 0x0a, 0x0d, 0x0a, 0xbd, 0x09, 0xbd, 0x09, 0x63, 0x09,
  0x63, 0x09, 0x03, 0x09, 0x03, 0x09, 0x9a, 0x08, 0x9a, 0x08, 0x2a, 0x08,
  0x2a, 0x08, 0xb3, 0x07, 0xb3, 0x07, 0x36, 0x07, 0x36, 0x07, 0xb3, 0x06,
  0xb3, 0x06, 0x29, 0x06, 0x29, 0x06, 0x9b, 0x05, 0x9b, 0x05, 0x08, 0x05,
  0x08, 0x05, 0x70, 0x04, 0x70, 0x04, 0xd5, 0x03, 0xd5, 0x03, 0x36, 0x03,
  0x36, 0x03, 0x96, 0x02, 0x96, 0x02, 0xf3, 0x01, 0xf3, 0x01, 0x4d, 0x01,
  0x4d, 0x01, 0xa7, 0x00, 0xa7, 0x00, 0x00, 0x00, 0x00, 0x00, 0x5a, 0xff,
  0x5a, 0xff, 0xb4, 0xfe, 0xb4, 0xfe, 0x0e, 0xfe, 0x0e, 0xfe, 0x6b, 0xfd,
  0x6b, 0xfd, 0xca, 0xfc, 0xca, 0xfc, 0x2b, 0xfc, 0x2b, 0xfc, 0x90, 0xfb,
  0x90, 0xfb, 0xf9, 0xfa, 0xf9, 0xfa, 0x65, 0xfa, 0x65, 0xfa, 0xd7, 0xf9,
  0xd7, 0xf9, 0x4e, 0xf9, 0x4e, 0xf9, 0xca, 0xf8, 0xca, 0xf8, 0x4d, 0xf8,
  0x4d, 0xf8, 0xd6, 0xf7, 0xd6, 0xf7, 0x66, 0xf7, 0x66, 0xf7, 0xfe, 0xf6,
  0xfe, 0xf6, 0x9d, 0xf6, 0x9d, 0xf6, 0x43, 0xf6, 0x43, 0xf6, 0xf3, 0xf5,
  0xf3, 0xf5, 0xab, 0xf5, 0xab, 0xf5, 0x6c, 0xf5, 0x6c, 0xf5, 0x35, 0xf5,
  0x35, 0xf5, 0x07, 0xf5, 0x07, 0xf5, 0xe4, 0xf4, 0xe4, 0xf4, 0xc9, 0xf4,
  0xc9, 0xf4, 0xb8, 0xf4, 0xb8, 0xf4, 0xb0, 0xf4, 0xb0, 0xf4, 0xb3, 0xf4,
  0xb3, 0xf4, 0xbf, 0xf4, 0xbf, 0xf4, 0xd4, 0xf4, 0xd4, 0xf4, 0xf3, 0xf4,
  0xf3, 0xf4, 0x1b, 0xf5, 0x1b, 0xf5, 0x4d, 0xf5, 0x4d, 0xf5, 0x87, 0xf5,
  0x87, 0xf5, 0xcb, 0xf5, 0xcb, 0xf5, 0x16, 0xf6, 0x16, 0xf6, 0x6b, 0xf6,
  0x6b, 0xf6, 0xc8, 0xf6, 0xc8, 0xf6, 0x2c, 0xf7, 0x2c, 0xf7, 0x98, 0xf7,
  0x98, 0xf7, 0x0c, 0xf8, 0x0c, 0xf8, 0x85, 0xf8, 0x85, 0xf8, 0x05, 0xf9,
  0x05, 0xf9, 0x8c, 0xf9, 0x8c, 0xf9, 0x17, 0xfa, 0x17, 0xfa, 0xa8, 0xfa,
  0xa8, 0xfa, 0x3c, 0xfb, 0x3c, 0xfb, 0xd6, 0xfb, 0xd6, 0xfb, 0x73, 0xfc,
  0x73, 0xfc, 0x12, 0xfd, 0x12, 0xfd, 0xb5, 0xfd, 0xb5, 0xfd, 0x58, 0xfe,
  0x58, 0xfe, 0xfe, 0xfe, 0xfe, 0xfe, 0xa5, 0xff, 0xa5, 0xff, 0x4c, 0x00,
  0x4c, 0x00, 0xf2, 0x00, 0xf2, 0x00, 0x98, 0x01, 0x98, 0x01, 0x3c, 0x02,
  0x3c, 0x02, 0xdf, 0x02, 0xdf, 0x02, 0x7e, 0x03, 0x7e, 0x03, 0x1b, 0x04,
  0x1b, 0x04, 0xb6, 0x04, 0xb6, 0x04, 0x4b, 0x05, 0x4b, 0x05, 0xdc, 0x05,
  0xdc, 0x05, 0x68, 0x06, 0x68, 0x06, 0xee, 0x06, 0xee, 0x06, 0x6f, 0x07,
  0x6f, 0x07, 0xea, 0x07, 0xea, 0x07, 0x5e, 0x08, 0x5e, 0x08, 0xca, 0x08,
  0xca, 0x08, 0x2f, 0x09, 0x2f, 0x09, 0x8c, 0x09, 0x8c, 0x09, 0xe2, 0x09,
  0xe2, 0x09, 0x2f, 0x0a, 0x2f, 0x0a, 0x73, 0x0a, 0x73, 0x0a, 0xae, 0x0a,
  0xae, 0x0a, 0xe1, 0x0a, 0xe1, 0x0a, 0x0a, 0x0b, 0x0a, 0x0b, 0x29, 0x0b,
  0x29, 0x0b, 0x40, 0x0b, 0x40, 0x0b, 0x4d, 0x0b, 0x4d, 0x0b, 0x50, 0x0b,
  0x50, 0x0b, 0x49, 0x0b, 0x49, 0x0b, 0x39, 0x0b, 0x39, 0x0b, 0x1f, 0x0b,
  0x1f, 0x0b, 0xfc, 0x0a, 0xfc, 0x0a, 0xd0, 0x0a, 0xd0, 0x0a, 0x9a, 0x0a,
  0x9a, 0x0a, 0x5c, 0x0a, 0x5c, 0x0a, 0x14, 0x0a, 0x14, 0x0a, 0xc4, 0x09,
  0xc4, 0x09, 0x6c, 0x09, 0x6c, 0x09, 0x0c, 0x09, 0x0c, 0x09, 0xa4, 0x08,
  0xa4, 0x08, 0x35, 0x08, 0x35, 0x08, 0xbf, 0x07, 0xbf, 0x07, 0x42, 0x07,
  0x42, 0x07, 0xbf, 0x06, 0xbf, 0x06, 0x36, 0x06, 0x36, 0x06, 0xa8, 0x05,
  0xa8, 0x05, 0x15, 0x05, 0x15, 0x05, 0x7e, 0x04, 0x7e, 0x04, 0xe4, 0x03,
  0xe4, 0x03, 0x45, 0x03, 0x45, 0x03, 0xa4, 0x02, 0xa4, 0x02, 0x01, 0x02,
  0x01, 0x02, 0x5d, 0x01, 0x5d, 0x01, 0xb6, 0x00, 0xb6, 0x00, 0x10, 0x00,
  0x10, 0x00, 0x69, 0xff, 0x69, 0xff, 0xc3, 0xfe, 0xc3, 0xfe, 0x1e, 0xfe,
  0x1e, 0xfe, 0x7a, 0xfd, 0x7a, 0xfd, 0xd9, 0xfc, 0xd9, 0xfc, 0x3a, 0xfc,
  0x3a, 0xfc, 0x9e, 0xfb, 0x9e, 0xfb, 0x07, 0xfb, 0x07, 0xfb, 0x73, 0xfa,
  0x73, 0xfa, 0xe4, 0xf9, 0xe4, 0xf9, 0x5b, 0xf9, 0x5b, 0xf9, 0xd6, 0xf8,
  0xd6, 0xf8, 0x59, 0xf8, 0x59, 0xf8, 0xe1, 0xf7, 0xe1, 0xf7, 0x70, 0xf7,
  0x70, 0xf7, 0x07, 0xf7, 0x07, 0xf7, 0xa5, 0xf6, 0xa5, 0xf6, 0x4b, 0xf6,
  0x4b, 0xf6, 0xfa, 0xf5, 0xfa, 0xf5, 0xb1, 0xf5, 0xb1, 0xf5, 0x71, 0xf5,
  0x71, 0xf5, 0x3a, 0xf5, 0x3a, 0xf5, 0x0c, 0xf5, 0x0c, 0xf5, 0xe7, 0xf4,
  0xe7, 0xf4, 0xcb, 0xf4, 0xcb, 0xf4, 0xba, 0xf4, 0xba, 0xf4, 0xb1, 0xf4,
  0xb1, 0xf4, 0xb3, 0xf4, 0xb3, 0xf4, 0xbd, 0xf4, 0xbd, 0xf4, 0xd2, 0xf4,
  0xd2, 0xf4, 0xef, 0xf4, 0xef, 0xf4, 0x17, 0xf5, 0x17, 0xf5, 0x48, 0xf5,
  0x48, 0xf5, 0x81, 0xf5, 0x81, 0xf5, 0xc4, 0xf5, 0xc4, 0xf5, 0x0f, 0xf6,
  0x0f, 0xf6, 0x63, 0xf6, 0x63, 0xf6, 0xbf, 0xf6, 0xbf, 0xf6, 0x23, 0xf7,
  0x23, 0xf7, 0x8e, 0xf7, 0x8e, 0xf7, 0x00, 0xf8, 0x00, 0xf8, 0x7a, 0xf8,
  0x7a, 0xf8, 0xf9, 0xf8, 0xf9, 0xf8, 0x7f, 0xf9, 0x7f, 0xf9, 0x0a, 0xfa,
  0x0a, 0xfa, 0x9a, 0xfa, 0x9a, 0xfa, 0x2f, 0xfb, 0x2f, 0xfb, 0xc8, 0xfb,
  0xc8, 0xfb, 0x64, 0xfc, 0x64, 0xfc, 0x04, 0xfd, 0x04, 0xfd, 0xa6, 0xfd,
  0xa6, 0xfd, 0x4a, 0xfe, 0x4a, 0xfe, 0xef, 0xfe, 0xef, 0xfe, 0x95, 0xff,
  0x95, 0xff, 0x3d, 0x00, 0x3d, 0x00, 0xe3, 0x00, 0xe3, 0x00, 0x88, 0x01,
  0x88, 0x01, 0x2d, 0x02, 0x2d, 0x02, 0xd0, 0x02, 0xd0, 0x02, 0x70, 0x03,
  0x70, 0x03, 0x0d, 0x04, 0x0d, 0x04, 0xa7, 0x04, 0xa7, 0x04, 0x3d, 0x05,
  0x3d, 0x05, 0xcf, 0x05, 0xcf, 0x05, 0x5b, 0x06, 0x5b, 0x06, 0xe3, 0x06,
  0xe3, 0x06, 0x63, 0x07, 0x63, 0x07, 0xdf, 0x07, 0xdf, 0x07, 0x53, 0x08,
  0x53, 0x08, 0xc1, 0x08, 0xc1, 0x08, 0x27, 0x09, 0x27, 0x09, 0x85, 0x09,
  0x85, 0x09, 0xda, 0x09, 0xda, 0x09, 0x28, 0x0a, 0x28, 0x0a, 0x6d, 0x0a,
  0x6d, 0x0a, 0xa9, 0x0a, 0xa9, 0x0a, 0xdc, 0x0a, 0xdc, 0x0a, 0x07, 0x0b,
  0x07, 0x0b, 0x27, 0x0b, 0x27, 0x0b, 0x3e, 0x0b, 0x3e, 0x0b, 0x4b, 0x0b,
  0x4b, 0x0b, 0x50, 0x0b, 0x50, 0x0b, 0x4a, 0x0b, 0x4a, 0x0b, 0x3a, 0x0b,
  0x3a, 0x0b, 0x22, 0x0b, 0x22, 0x0b, 0x00, 0x0b, 0x00, 0x0b, 0xd4, 0x0a,
  0xd4, 0x0a, 0x9f, 0x0a, 0x9f, 0x0a, 0x62, 0x0a, 0x62, 0x0a, 0x1b, 0x0a,
  0x1b, 0x0a, 0xcc, 0x09, 0xcc, 0x09, 0x74, 0x09, 0x74, 0x09, 0x15, 0x09,
  0x15, 0x09, 0xae, 0x08, 0xae, 0x08, 0x3f, 0x08, 0x3f, 0x08, 0xc9, 0x07,
  0xc9, 0x07, 0x4e, 0x07, 0x4e, 0x07, 0xcb, 0x06, 0xcb, 0x06, 0x43, 0x06,
  0x43, 0x06, 0xb5, 0x05, 0xb5, 0x05, 0x22, 0x05, 0x22, 0x05, 0x8d, 0x04,
  0x8d, 0x04, 0xf2, 0x03, 0xf2, 0x03, 0x54, 0x03, 0x54, 0x03, 0xb4, 0x02,
  0xb4, 0x02, 0x0f, 0x02, 0x0f, 0x02, 0x6b, 0x01, 0x6b, 0x01, 0xc5, 0x00,
  0xc5, 0x00, 0x1e, 0x00, 0x1e, 0x00, 0x78, 0xff, 0x78, 0xff, 0xd1, 0xfe,
  0xd1, 0xfe, 0x2d, 0xfe, 0x2d, 0xfe, 0x89, 0xfd, 0x89, 0xfd, 0xe7, 0xfc,
  0xe7, 0xfc, 0x48, 0xfc, 0x48, 0xfc, 0xac, 0xfb, 0xac, 0xfb, 0x14, 0xfb,
  0x14, 0xfb, 0x80, 0xfa, 0x80, 0xfa, 0xf1, 0xf9, 0xf1, 0xf9, 0x67, 0xf9,
  0x67, 0xf9, 0xe2, 0xf8, 0xe2, 0xf8, 0x63, 0xf8, 0x63, 0xf8, 0xeb, 0xf7,
  0xeb, 0xf7, 0x7b, 0xf7, 0x7b, 0xf7, 0x10, 0xf7, 0x10, 0xf7, 0xae, 0xf6,
  0xae, 0xf6, 0x53, 0xf6, 0x53, 0xf6, 0x01, 0xf6, 0x01, 0xf6, 0xb7, 0xf5,
  0xb7, 0xf5, 0x76, 0xf5, 0x76, 0xf5, 0x3e, 0xf5, 0x3e, 0xf5, 0x0f, 0xf5,
  0x0f, 0xf5, 0xea, 0xf4, 0xea, 0xf4, 0xcd, 0xf4, 0xcd, 0xf4, 0xba, 0xf4,
  0xba, 0xf4, 0xb1, 0xf4, 0xb1, 0xf4, 0xb2, 0xf4, 0xb2, 0xf4, 0xbc, 0xf4,
  0xbc, 0xf4, 0xd0, 0xf4, 0xd0, 0xf4, 0xed, 0xf4, 0xed, 0xf4, 0x13, 0xf5,
  0x13, 0xf5, 0x43, 0xf5, 0x43, 0xf5, 0x7b, 0xf5, 0x7b, 0xf5, 0xbd, 0xf5,
  0xbd, 0xf5, 0x08, 0xf6, 0x08, 0xf6, 0x5b, 0xf6, 0x5b, 0xf6, 0xb6, 0xf6,
  0xb6, 0xf6, 0x19, 0xf7, 0x19, 0xf7, 0x84, 0xf7, 0x84, 0xf7, 0xf6, 0xf7,
  0xf6, 0xf7, 0x6f, 0xf8, 0x6f, 0xf8, 0xed, 0xf8, 0xed, 0xf8, 0x72, 0xf9,
  0x72, 0xf9, 0xfd, 0xf9, 0xfd, 0xf9, 0x8d, 0xfa, 0x8d, 0xfa, 0x21, 0xfb,
  0x21, 0xfb, 0xba, 0xfb, 0xba, 0xfb, 0x56, 0xfc, 0x56, 0xfc, 0xf5, 0xfc,
  0xf5, 0xfc, 0x97, 0xfd, 0x97, 0xfd, 0x3b, 0xfe, 0x3b, 0xfe, 0xe0, 0xfe,
  0xe0, 0xfe, 0x86, 0xff, 0x86, 0xff, 0x2d, 0x00, 0x2d, 0x00, 0xd4, 0x00,
  0xd4, 0x00, 0x7a, 0x01, 0x7a, 0x01, 0x1e, 0x02, 0x1e, 0x02, 0xc1, 0x02,
  0xc1, 0x02, 0x61, 0x03, 0x61, 0x03, 0xff, 0x03, 0xff, 0x03, 0x99, 0x04,
  0x99, 0x04, 0x30, 0x05, 0x30, 0x05, 0xc2, 0x05, 0xc2, 0x05, 0x4e, 0x06,
  0x4e, 0x06, 0xd7, 0x06, 0xd7, 0x06, 0x58, 0x07, 0x58, 0x07, 0xd4, 0x07,
  0xd4, 0x07, 0x49, 0x08, 0x49, 0x08, 0xb7, 0x08, 0xb7, 0x08, 0x1d, 0x09,
  0x1d, 0x09, 0x7c, 0x09, 0x7c, 0x09, 0xd3, 0x09, 0xd3, 0x09, 0x22, 0x0a,
  0x22, 0x0a, 0x68, 0x0a, 0x68, 0x0a, 0xa4, 0x0a, 0xa4, 0x0a, 0xd8, 0x0a,
  0xd8, 0x0a, 0x03, 0x0b, 0x03, 0x0b, 0x24, 0x0b, 0x24, 0x0b, 0x3c, 0x0b,
  0x3c, 0x0b, 0x4b, 0x0b, 0x4b, 0x0b, 0x50, 0x0b, 0x50, 0x0b, 0x4b, 0x0b,
  0x4b, 0x0b, 0x3c, 0x0b, 0x3c, 0x0b, 0x24, 0x0b, 0x24, 0x0b, 0x03, 0x0b,
  0x03, 0x0b, 0xd9, 0x0a, 0xd9, 0x0a, 0xa4, 0x0a, 0xa4, 0x0a, 0x68, 0x0a,
  0x68, 0x0a, 0x22, 0x0a, 0x22, 0x0a, 0xd3, 0x09, 0xd3, 0x09, 0x7d, 0x09,
  0x7d, 0x09, 0x1d, 0x09, 0x1d, 0x09, 0xb8, 0x08, 0xb8, 0x08, 0x49, 0x08,
  0x49, 0x08, 0xd4, 0x07, 0xd4, 0x07, 0x59, 0x07, 0x59, 0x07, 0xd7, 0x06,
  0xd7, 0x06, 0x4f, 0x06, 0x4f, 0x06, 0xc2, 0x05, 0xc2, 0x05, 0x30, 0x05,
  0x30, 0x05, 0x9a, 0x04, 0x9a, 0x04, 0x00, 0x04, 0x00, 0x04, 0x62, 0x03,
  0x62, 0x03, 0xc2, 0x02, 0xc2, 0x02, 0x1f, 0x02, 0x1f, 0x02, 0x7a, 0x01,
  0x7a, 0x01, 0xd4, 0x00, 0xd4, 0x00, 0x2d, 0x00, 0x2d, 0x00, 0x87, 0xff,
  0x87, 0xff, 0xe1, 0xfe, 0xe1, 0xfe, 0x3b, 0xfe, 0x3b, 0xfe, 0x97, 0xfd,
  0x97, 0xfd, 0xf5, 0xfc, 0xf5, 0xfc, 0x56, 0xfc, 0x56, 0xfc, 0xba, 0xfb,
  0xba, 0xfb, 0x21, 0xfb, 0x21, 0xfb, 0x8e, 0xfa, 0x8e, 0xfa, 0xfd, 0xf9,
  0xfd, 0xf9, 0x73, 0xf9, 0x73, 0xf9, 0xee, 0xf8, 0xee, 0xf8, 0x6f, 0xf8,
  0x6f, 0xf8, 0xf6, 0xf7, 0xf6, 0xf7, 0x85, 0xf7, 0x85, 0xf7, 0x19, 0xf7,
  0x19, 0xf7, 0xb6, 0xf6, 0xb6, 0xf6, 0x5c, 0xf6, 0x5c, 0xf6, 0x08, 0xf6,
  0x08, 0xf6, 0xbe, 0xf5, 0xbe, 0xf5, 0x7c, 0xf5, 0x7c, 0xf5, 0x43, 0xf5,
  0x43, 0xf5, 0x13, 0xf5, 0x13, 0xf5, 0xed, 0xf4, 0xed, 0xf4, 0xd0, 0xf4,
  0xd0, 0xf4, 0xbc, 0xf4, 0xbc, 0xf4, 0xb2, 0xf4, 0xb2, 0xf4, 0xb1, 0xf4,
  0xb1, 0xf4, 0xba, 0xf4, 0xba, 0xf4, 0xcd, 0xf4, 0xcd, 0xf4, 0xea, 0xf4,
  0xea, 0xf4, 0x0f, 0xf5, 0x0f, 0xf5, 0x3e, 0xf5, 0x3e, 0xf5, 0x76, 0xf5,
  0x76, 0xf5, 0xb7, 0xf5, 0xb7, 0xf5, 0x01, 0xf6, 0x01, 0xf6, 0x53, 0xf6,
  0x53, 0xf6, 0xae, 0xf6, 0xae, 0xf6, 0x10, 0xf7, 0x10, 0xf7, 0x7a, 0xf7,
  0x7a, 0xf7, 0xeb, 0xf7, 0xeb, 0xf7, 0x63, 0xf8, 0x63, 0xf8, 0xe2, 0xf8,
  0xe2, 0xf8, 0x66, 0xf9, 0x66, 0xf9, 0xf0, 0xf9, 0xf0, 0xf9, 0x7f, 0xfa,
  0x7f, 0xfa, 0x13, 0xfb, 0x13, 0xfb, 0xac, 0xfb, 0xac, 0xfb, 0x48, 0xfc,
  0x48, 0xfc, 0xe7, 0xfc, 0xe7, 0xfc, 0x89, 0xfd, 0x89, 0xfd, 0x2c, 0xfe,
  0x2c, 0xfe, 0xd1, 0xfe, 0xd1, 0xfe, 0x78, 0xff, 0x78, 0xff, 0x1e, 0x00,
  0x1e, 0x00, 0xc5, 0x00, 0xc5, 0x00, 0x6b, 0x01, 0x6b, 0x01, 0x0f, 0x02,
  0x0f, 0x02, 0xb3, 0x02, 0xb3, 0x02, 0x53, 0x03, 0x53, 0x03, 0xf1, 0x03,
  0xf1, 0x03, 0x8c, 0x04, 0x8c, 0x04, 0x22, 0x05, 0x22, 0x05, 0xb4, 0x05,
  0xb4, 0x05, 0x42, 0x06, 0x42, 0x06, 0xca, 0x06, 0xca, 0x06, 0x4d, 0x07,
  0x4d, 0x07, 0xc9, 0x07, 0xc9, 0x07, 0x3f, 0x08, 0x3f, 0x08, 0xae, 0x08,
  0xae, 0x08, 0x14, 0x09, 0x14, 0x09, 0x74, 0x09, 0x74, 0x09, 0xcb, 0x09,
  0xcb, 0x09, 0x1b, 0x0a, 0x1b, 0x0a, 0x61, 0x0a, 0x61, 0x0a, 0x9f, 0x0a,
  0x9f, 0x0a, 0xd4, 0x0a, 0xd4, 0x0a, 0x00, 0x0b, 0x00, 0x0b, 0x22, 0x0b,
  0x22, 0x0b, 0x3a, 0x0b, 0x3a, 0x0b, 0x4a, 0x0b, 0x4a, 0x0b, 0x50, 0x0b,
  0x50, 0x0b, 0x4c, 0x0b, 0x4c, 0x0b, 0x3e, 0x0b, 0x3e, 0x0b, 0x27, 0x0b,
  0x27, 0x0b, 0x07, 0x0b, 0x07, 0x0b, 0xdd, 0x0a, 0xdd, 0x0a, 0xa9, 0x0a,
  0xa9, 0x0a, 0x6d, 0x0a, 0x6d, 0x0a, 0x29, 0x0a, 0x29, 0x0a, 0xdb, 0x09,
  0xdb, 0x09, 0x85, 0x09, 0x85, 0x09, 0x27, 0x09, 0x27, 0x09, 0xc1, 0x08,
  0xc1, 0x08, 0x54, 0x08, 0x54, 0x08, 0xdf, 0x07, 0xdf, 0x07, 0x64, 0x07,
  0x64, 0x07, 0xe3, 0x06, 0xe3, 0x06, 0x5c, 0x06, 0x5c, 0x06, 0xcf, 0x05,
  0xcf, 0x05, 0x3e, 0x05, 0x3e, 0x05, 0xa7, 0x04, 0xa7, 0x04, 0x0e, 0x04,
  0x0e, 0x04, 0x71, 0x03, 0x71, 0x03, 0xd1, 0x02, 0xd1, 0x02, 0x2e, 0x02,
  0x2e, 0x02, 0x89, 0x01, 0x89, 0x01, 0xe4, 0x00, 0xe4, 0x00, 0x3d, 0x00,
  0x3d, 0x00, 0x96, 0xff, 0x96, 0xff, 0xf0, 0xfe, 0xf0, 0xfe, 0x4a, 0xfe,
  0x4a, 0xfe, 0xa6, 0xfd, 0xa6, 0xfd, 0x04, 0xfd, 0x04, 0xfd, 0x65, 0xfc,
  0x65, 0xfc, 0xc8, 0xfb, 0xc8, 0xfb, 0x30, 0xfb, 0x30, 0xfb, 0x9a, 0xfa,
  0x9a, 0xfa, 0x0a, 0xfa, 0x0a, 0xfa, 0x80, 0xf9, 0x80, 0xf9, 0xfa, 0xf8,
  0xfa, 0xf8, 0x7a, 0xf8, 0x7a, 0xf8, 0x00, 0xf8, 0x00, 0xf8, 0x8e, 0xf7,
  0x8e, 0xf7, 0x23, 0xf7, 0x23, 0xf7, 0xbf, 0xf6, 0xbf, 0xf6, 0x63, 0xf6,
  0x63, 0xf6, 0x0f, 0xf6, 0x0f, 0xf6, 0xc4, 0xf5, 0xc4, 0xf5, 0x82, 0xf5,
  0x82, 0xf5, 0x48, 0xf5, 0x48, 0xf5, 0x17, 0xf5, 0x17, 0xf5, 0xf0, 0xf4,
  0xf0, 0xf4, 0xd2, 0xf4, 0xd2, 0xf4, 0xbd, 0xf4, 0xbd, 0xf4, 0xb3, 0xf4,
  0xb3, 0xf4, 0xb1, 0xf4, 0xb1, 0xf4, 0xb9, 0xf4, 0xb9, 0xf4, 0xcb, 0xf4,
  0xcb, 0xf4, 0xe6, 0xf4, 0xe6, 0xf4, 0x0b, 0xf5, 0x0b, 0xf5, 0x3a, 0xf5,
  0x3a, 0xf5, 0x71, 0xf5, 0x71, 0xf5, 0xb0, 0xf5, 0xb0, 0xf5, 0xfa, 0xf5,
  0xfa, 0xf5, 0x4b, 0xf6, 0x4b, 0xf6, 0xa5, 0xf6, 0xa5, 0xf6, 0x07, 0xf7,
  0x07, 0xf7, 0x70, 0xf7, 0x70, 0xf7, 0xe0, 0xf7, 0xe0, 0xf7, 0x58, 0xf8,
  0x58, 0xf8, 0xd6, 0xf8, 0xd6, 0xf8, 0x5a, 0xf9, 0x5a, 0xf9, 0xe3, 0xf9,
  0xe3, 0xf9, 0x72, 0xfa, 0x72, 0xfa, 0x06, 0xfb, 0x06, 0xfb, 0x9e, 0xfb,
  0x9e, 0xfb, 0x39, 0xfc, 0x39, 0xfc, 0xd8, 0xfc, 0xd8, 0xfc, 0x79, 0xfd,
  0x79, 0xfd, 0x1d, 0xfe, 0x1d, 0xfe, 0xc2, 0xfe, 0xc2, 0xfe, 0x68, 0xff,
  0x68, 0xff, 0x0f, 0x00, 0x0f, 0x00, 0xb6, 0x00, 0xb6, 0x00, 0x5c, 0x01,
  0x5c, 0x01, 0x01, 0x02, 0x01, 0x02, 0xa3, 0x02, 0xa3, 0x02, 0x45, 0x03,
  0x45, 0x03, 0xe3, 0x03, 0xe3, 0x03, 0x7e, 0x04, 0x7e, 0x04, 0x15, 0x05,
  0x15, 0x05, 0xa7, 0x05, 0xa7, 0x05, 0x36, 0x06, 0x36, 0x06, 0xbe, 0x06,
  0xbe, 0x06, 0x41, 0x07, 0x41, 0x07, 0xbe, 0x07, 0xbe, 0x07, 0x34, 0x08,
  0x34, 0x08, 0xa3, 0x08, 0xa3, 0x08, 0x0c, 0x09, 0x0c, 0x09, 0x6c, 0x09,
  0x6c, 0x09, 0xc4, 0x09, 0xc4, 0x09, 0x14, 0x0a, 0x14, 0x0a, 0x5b, 0x0a,
  0x5b, 0x0a, 0x9a, 0x0a, 0x9a, 0x0a, 0xd0, 0x0a, 0xd0, 0x0a, 0xfc, 0x0a,
  0xfc, 0x0a, 0x1f, 0x0b, 0x1f, 0x0b, 0x39, 0x0b, 0x39, 0x0b, 0x49, 0x0b,
  0x49, 0x0b, 0x50, 0x0b, 0x50, 0x0b, 0x4d, 0x0b, 0x4d, 0x0b, 0x40, 0x0b,
  0x40, 0x0b, 0x29, 0x0b, 0x29, 0x0b, 0x0a, 0x0b, 0x0a, 0x0b, 0xe1, 0x0a,
  0xe1, 0x0a, 0xae, 0x0a, 0xae, 0x0a, 0x73, 0x0a, 0x73, 0x0a, 0x2f, 0x0a,
  0x2f, 0x0a, 0xe3, 0x09, 0xe3, 0x09, 0x8d, 0x09, 0x8d, 0x09, 0x30, 0x09,
  0x30, 0x09, 0xcb, 0x08, 0xcb, 0x08, 0x5e, 0x08, 0x5e, 0x08, 0xea, 0x07,
  0xea, 0x07, 0x70, 0x07, 0x70, 0x07, 0xef, 0x06, 0xef, 0x06, 0x68, 0x06,
  0x68, 0x06, 0xdc, 0x05, 0xdc, 0x05, 0x4b, 0x05, 0x4b, 0x05, 0xb6, 0x04,
  0xb6, 0x04, 0x1c, 0x04, 0x1c, 0x04, 0x7f, 0x03, 0x7f, 0x03, 0xdf, 0x02,
  0xdf, 0x02, 0x3d, 0x02, 0x3d, 0x02, 0x99, 0x01, 0x99, 0x01, 0xf3, 0x00,
  0xf3, 0x00, 0x4c, 0x00, 0x4c, 0x00, 0xa5, 0xff, 0xa5, 0xff, 0xff, 0xfe,
  0xff, 0xfe, 0x59, 0xfe, 0x59, 0xfe, 0xb5, 0xfd, 0xb5, 0xfd, 0x12, 0xfd,
  0x12, 0xfd, 0x73, 0xfc, 0x73, 0xfc, 0xd6, 0xfb, 0xd6, 0xfb, 0x3d, 0xfb,
  0x3d, 0xfb, 0xa8, 0xfa, 0xa8, 0xfa, 0x18, 0xfa, 0x18, 0xfa, 0x8c, 0xf9,
  0x8c, 0xf9, 0x06, 0xf9, 0x06, 0xf9, 0x85, 0xf8, 0x85, 0xf8, 0x0c, 0xf8,
  0x0c, 0xf8, 0x98, 0xf7, 0x98, 0xf7, 0x2c, 0xf7, 0x2c, 0xf7, 0xc8, 0xf6,
  0xc8, 0xf6, 0x6b, 0xf6, 0x6b, 0xf6, 0x17, 0xf6, 0x17, 0xf6, 0xcb, 0xf5,
  0xcb, 0xf5, 0x87, 0xf5, 0x87, 0xf5, 0x4d, 0xf5, 0x4d, 0xf5, 0x1b, 0xf5,
  0x1b, 0xf5, 0xf3, 0xf4, 0xf3, 0xf4, 0xd4, 0xf4, 0xd4, 0xf4, 0xbf, 0xf4,
  0xbf, 0xf4, 0xb3, 0xf4, 0xb3, 0xf4, 0xb0, 0xf4, 0xb0, 0xf4, 0xb8, 0xf4,
  0xb8, 0xf4, 0xc9, 0xf4, 0xc9, 0xf4, 0xe3, 0xf4, 0xe3, 0xf4, 0x07, 0xf5,
  0x07, 0xf5, 0x35, 0xf5, 0x35, 0xf5, 0x6b, 0xf5, 0x6b, 0xf5, 0xab, 0xf5,
  0xab, 0xf5, 0xf3, 0xf5, 0xf3, 0xf5, 0x43, 0xf6, 0x43, 0xf6, 0x9d, 0xf6,
  0x9d, 0xf6, 0xfd, 0xf6, 0xfd, 0xf6, 0x66, 0xf7, 0x66, 0xf7, 0xd6, 0xf7,
  0xd6, 0xf7, 0x4d, 0xf8, 0x4d, 0xf8, 0xca, 0xf8, 0xca, 0xf8, 0x4d, 0xf9,
  0x4d, 0xf9, 0xd7, 0xf9, 0xd7, 0xf9, 0x65, 0xfa, 0x65, 0xfa, 0xf8, 0xfa,
  0xf8, 0xfa, 0x90, 0xfb, 0x90, 0xfb, 0x2b, 0xfc, 0x2b, 0xfc, 0xca, 0xfc,
  0xca, 0xfc, 0x6a, 0xfd, 0x6a, 0xfd, 0x0d, 0xfe, 0x0d, 0xfe, 0xb3, 0xfe,
  0xb3, 0xfe, 0x59, 0xff, 0x59, 0xff, 0x00, 0x00, 0x00, 0x00, 0xa6, 0x00,
  0xa6, 0x00, 0x4c, 0x01, 0x4c, 0x01, 0xf2, 0x01, 0xf2, 0x01, 0x95, 0x02,
  0x95, 0x02, 0x36, 0x03, 0x36, 0x03, 0xd5, 0x03, 0xd5, 0x03, 0x70, 0x04,
  0x70, 0x04, 0x07, 0x05, 0x07, 0x05, 0x9b, 0x05, 0x9b, 0x05, 0x29, 0x06,
  0x29, 0x06, 0xb2, 0x06, 0xb2, 0x06, 0x36, 0x07, 0x36, 0x07, 0xb3, 0x07,
  0xb3, 0x07, 0x2a, 0x08, 0x2a, 0x08, 0x9a, 0x08, 0x9a, 0x08, 0x02, 0x09,
  0x02, 0x09, 0x63, 0x09, 0x63, 0x09, 0xbd, 0x09, 0xbd, 0x09, 0x0d, 0x0a,
  0x0d, 0x0a, 0x55, 0x0a, 0x55, 0x0a, 0x94, 0x0a, 0x94, 0x0a, 0xcb, 0x0a,
  0xcb, 0x0a, 0xf9, 0x0a, 0xf9, 0x0a, 0x1c, 0x0b, 0x1c, 0x0b, 0x37, 0x0b,
  0x37, 0x0b, 0x48, 0x0b, 0x48, 0x0b, 0x50, 0x0b, 0x50, 0x0b, 0x4d, 0x0b,
  0x4d, 0x0b, 0x41, 0x0b, 0x41, 0x0b, 0x2c, 0x0b, 0x2c, 0x0b, 0x0d, 0x0b,
  0x0d, 0x0b, 0xe5, 0x0a, 0xe5, 0x0a, 0xb3, 0x0a, 0xb3, 0x0a, 0x79, 0x0a,
  0x79, 0x0a, 0x35, 0x0a, 0x35, 0x0a, 0xea, 0x09, 0xea, 0x09, 0x95, 0x09,
  0x95, 0x09, 0x38, 0x09, 0x38, 0x09, 0xd4, 0x08, 0xd4, 0x08, 0x68, 0x08,
  0x68, 0x08, 0xf4, 0x07, 0xf4, 0x07, 0x7b, 0x07, 0x7b, 0x07, 0xfb, 0x06,
  0xfb, 0x06, 0x74, 0x06, 0x74, 0x06, 0xe9, 0x05, 0xe9, 0x05, 0x58, 0x05,
  0x58, 0x05, 0xc4, 0x04, 0xc4, 0x04, 0x2a, 0x04, 0x2a, 0x04, 0x8d, 0x03,
  0x8d, 0x03, 0xee, 0x02, 0xee, 0x02, 0x4b, 0x02, 0x4b, 0x02, 0xa8, 0x01,
  0xa8, 0x01, 0x02, 0x01, 0x02, 0x01, 0x5b, 0x00, 0x5b, 0x00, 0xb4, 0xff,
  0xb4, 0xff, 0x0e, 0xff, 0x0e, 0xff, 0x68, 0xfe, 0x68, 0xfe, 0xc4, 0xfd,
  0xc4, 0xfd, 0x21, 0xfd, 0x21, 0xfd, 0x82, 0xfc, 0x82, 0xfc, 0xe5, 0xfb,
  0xe5, 0xfb, 0x4a, 0xfb, 0x4a, 0xfb, 0xb5, 0xfa, 0xb5, 0xfa, 0x24, 0xfa,
  0x24, 0xfa, 0x98, 0xf9, 0x98, 0xf9, 0x12, 0xf9, 0x12, 0xf9, 0x91, 0xf8,
  0x91, 0xf8, 0x16, 0xf8, 0x16, 0xf8, 0xa2, 0xf7, 0xa2, 0xf7, 0x36, 0xf7,
  0x36, 0xf7, 0xd1, 0xf6, 0xd1, 0xf6, 0x74, 0xf6, 0x74, 0xf6, 0x1e, 0xf6,
  0x1e, 0xf6, 0xd1, 0xf5, 0xd1, 0xf5, 0x8d, 0xf5, 0x8d, 0xf5, 0x52, 0xf5,
  0x52, 0xf5, 0x1f, 0xf5, 0x1f, 0xf5, 0xf6, 0xf4, 0xf6, 0xf4, 0xd7, 0xf4,
  0xd7, 0xf4, 0xc0, 0xf4, 0xc0, 0xf4, 0xb3, 0xf4, 0xb3, 0xf4, 0xb0, 0xf4,
  0xb0, 0xf4, 0xb7, 0xf4, 0xb7, 0xf4, 0xc7, 0xf4, 0xc7, 0xf4, 0xe1, 0xf4,
  0xe1, 0xf4, 0x04, 0xf5, 0x04, 0xf5, 0x30, 0xf5, 0x30, 0xf5, 0x66, 0xf5,
  0x66, 0xf5, 0xa4, 0xf5, 0xa4, 0xf5, 0xec, 0xf5, 0xec, 0xf5, 0x3c, 0xf6,
  0x3c, 0xf6, 0x94, 0xf6, 0x94, 0xf6, 0xf4, 0xf6, 0xf4, 0xf6, 0x5c, 0xf7,
  0x5c, 0xf7, 0xcb, 0xf7, 0xcb, 0xf7, 0x41, 0xf8, 0x41, 0xf8, 0xbe, 0xf8,
  0xbe, 0xf8, 0x41, 0xf9, 0x41, 0xf9, 0xca, 0xf9, 0xca, 0xf9, 0x58, 0xfa,
  0x58, 0xfa, 0xeb, 0xfa, 0xeb, 0xfa, 0x82, 0xfb, 0x82, 0xfb, 0x1c, 0xfc,
  0x1c, 0xfc, 0xbb, 0xfc, 0xbb, 0xfc, 0x5c, 0xfd, 0x5c, 0xfd, 0xff, 0xfd,
  0xff, 0xfd, 0xa3, 0xfe, 0xa3, 0xfe, 0x4a, 0xff, 0x4a, 0xff, 0xf0, 0xff,
  0xf0, 0xff, 0x97, 0x00, 0x97, 0x00, 0x3d, 0x01, 0x3d, 0x01, 0xe2, 0x01,
  0xe2, 0x01, 0x86, 0x02, 0x86, 0x02, 0x27, 0x03, 0x27, 0x03, 0xc6, 0x03,
  0xc6, 0x03, 0x62, 0x04, 0x62, 0x04, 0xf9, 0x04, 0xf9, 0x04, 0x8d, 0x05,
  0x8d, 0x05, 0x1c, 0x06, 0x1c, 0x06, 0xa5, 0x06, 0xa5, 0x06, 0x2a, 0x07,
  0x2a, 0x07, 0xa7, 0x07, 0xa7, 0x07, 0x1f, 0x08, 0x1f, 0x08, 0x90, 0x08,
  0x90, 0x08, 0xf9, 0x08, 0xf9, 0x08, 0x5b, 0x09, 0x5b, 0x09, 0xb5, 0x09,
  0xb5, 0x09, 0x06, 0x0a, 0x06, 0x0a, 0x4f, 0x0a, 0x4f, 0x0a, 0x8f, 0x0a,
  0x8f, 0x0a, 0xc6, 0x0a, 0xc6, 0x0a, 0xf4, 0x0a, 0xf4, 0x0a, 0x19, 0x0b,
  0x19, 0x0b, 0x35, 0x0b, 0x35, 0x0b, 0x46, 0x0b, 0x46, 0x0b, 0x4f, 0x0b,
  0x4f, 0x0b, 0x4d, 0x0b, 0x4d, 0x0b, 0x43, 0x0b, 0x43, 0x0b, 0x2e, 0x0b,
  0x2e, 0x0b, 0x11, 0x0b, 0x11, 0x0b, 0xe9, 0x0a, 0xe9, 0x0a, 0xb8, 0x0a,
  0xb8, 0x0a, 0x7f, 0x0a, 0x7f, 0x0a, 0x3c, 0x0a, 0x3c, 0x0a, 0xf1, 0x09,
  0xf1, 0x09, 0x9d, 0x09, 0x9d, 0x09, 0x41, 0x09, 0x41, 0x09, 0xdd, 0x08,
  0xdd, 0x08, 0x72, 0x08, 0x72, 0x08, 0x00, 0x08, 0x00, 0x08, 0x86, 0x07,
  0x86, 0x07, 0x07, 0x07, 0x07, 0x07, 0x81, 0x06, 0x81, 0x06, 0xf6, 0x05,
  0xf6, 0x05, 0x66, 0x05, 0x66, 0x05, 0xd1, 0x04, 0xd1, 0x04, 0x38, 0x04,
  0x38, 0x04, 0x9c, 0x03, 0x9c, 0x03, 0xfc, 0x02, 0xfc, 0x02, 0x5a, 0x02,
  0x5a, 0x02, 0xb6, 0x01, 0xb6, 0x01, 0x11, 0x01, 0x11, 0x01, 0x6b, 0x00,
  0x6b, 0x00, 0xc3, 0xff, 0xc3, 0xff, 0x1d, 0xff, 0x1d, 0xff, 0x78, 0xfe,
  0x78, 0xfe, 0xd3, 0xfd, 0xd3, 0xfd, 0x30, 0xfd, 0x30, 0xfd, 0x90, 0xfc,
  0x90, 0xfc, 0xf3, 0xfb, 0xf3, 0xfb, 0x59, 0xfb, 0x59, 0xfb, 0xc3, 0xfa,
  0xc3, 0xfa, 0x31, 0xfa, 0x31, 0xfa, 0xa5, 0xf9, 0xa5, 0xf9, 0x1d, 0xf9,
  0x1d, 0xf9, 0x9d, 0xf8, 0x9d, 0xf8, 0x21, 0xf8, 0x21, 0xf8, 0xad, 0xf7,
  0xad, 0xf7, 0x3f, 0xf7, 0x3f, 0xf7, 0xd9, 0xf6, 0xd9, 0xf6, 0x7b, 0xf6,
  0x7b, 0xf6, 0x26, 0xf6, 0x26, 0xf6, 0xd8, 0xf5, 0xd8, 0xf5, 0x93, 0xf5,
  0x93, 0xf5, 0x57, 0xf5, 0x57, 0xf5, 0x24, 0xf5, 0x24, 0xf5, 0xf9, 0xf4,
  0xf9, 0xf4, 0xd9, 0xf4, 0xd9, 0xf4, 0xc2, 0xf4, 0xc2, 0xf4, 0xb5, 0xf4,
  0xb5, 0xf4, 0xb0, 0xf4, 0xb0, 0xf4, 0xb6, 0xf4, 0xb6, 0xf4, 0xc6, 0xf4,
  0xc6, 0xf4, 0xde, 0xf4, 0xde, 0xf4, 0x00, 0xf5, 0x00, 0xf5, 0x2c, 0xf5,
  0x2c, 0xf5, 0x61, 0xf5, 0x61, 0xf5, 0x9e, 0xf5, 0x9e, 0xf5, 0xe5, 0xf5,
  0xe5, 0xf5, 0x34, 0xf6, 0x34, 0xf6, 0x8c, 0xf6, 0x8c, 0xf6, 0xeb, 0xf6,
  0xeb, 0xf6, 0x52, 0xf7, 0x52, 0xf7, 0xc1, 0xf7, 0xc1, 0xf7, 0x37, 0xf8,
  0x37, 0xf8, 0xb2, 0xf8, 0xb2, 0xf8, 0x35, 0xf9, 0x35, 0xf9, 0xbd, 0xf9,
  0xbd, 0xf9, 0x4b, 0xfa, 0x4b, 0xfa, 0xde, 0xfa, 0xde, 0xfa, 0x73, 0xfb,
  0x73, 0xfb, 0x0e, 0xfc, 0x0e, 0xfc, 0xac, 0xfc, 0xac, 0xfc, 0x4c, 0xfd,
  0x4c, 0xfd, 0xf1, 0xfd, 0xf1, 0xfd, 0x95, 0xfe, 0x95, 0xfe, 0x3b, 0xff,
  0x3b, 0xff, 0xe2, 0xff, 0xe2, 0xff, 0x88, 0x00, 0x88, 0x00, 0x2f, 0x01,
  0x2f, 0x01, 0xd3, 0x01, 0xd3, 0x01, 0x77, 0x02, 0x77, 0x02, 0x19, 0x03,
  0x19, 0x03, 0xb8, 0x03, 0xb8, 0x03, 0x54, 0x04, 0x54, 0x04, 0xec, 0x04,
  0xec, 0x04, 0x80, 0x05, 0x80, 0x05, 0x0f, 0x06, 0x0f, 0x06, 0x99, 0x06,
  0x99, 0x06, 0x1e, 0x07, 0x1e, 0x07, 0x9d, 0x07, 0x9d, 0x07, 0x15, 0x08,
  0x15, 0x08, 0x85, 0x08, 0x85, 0x08, 0xf0, 0x08, 0xf0, 0x08, 0x52, 0x09,
  0x52, 0x09, 0xad, 0x09, 0xad, 0x09, 0xff, 0x09, 0xff, 0x09, 0x49, 0x0a,
  0x49, 0x0a, 0x8a, 0x0a, 0x8a, 0x0a, 0xc2, 0x0a, 0xc2, 0x0a, 0xf1, 0x0a,
  0xf1, 0x0a, 0x16, 0x0b, 0x16, 0x0b, 0x33, 0x0b, 0x33, 0x0b, 0x46, 0x0b,
  0x46, 0x0b, 0x4f, 0x0b, 0x4f, 0x0b, 0x4e, 0x0b, 0x4e, 0x0b, 0x44, 0x0b,
  0x44, 0x0b, 0x30, 0x0b, 0x30, 0x0b, 0x13, 0x0b, 0x13, 0x0b, 0xed, 0x0a,
  0xed, 0x0a, 0xbd, 0x0a, 0xbd, 0x0a, 0x85, 0x0a, 0x85, 0x0a, 0x43, 0x0a,
  0x43, 0x0a, 0xf8, 0x09, 0xf8, 0x09, 0xa5, 0x09, 0xa5, 0x09, 0x4a, 0x09,
  0x4a, 0x09, 0xe7, 0x08, 0xe7, 0x08, 0x7c, 0x08, 0x7c, 0x08, 0x0a, 0x08,
  0x0a, 0x08, 0x91, 0x07, 0x91, 0x07, 0x13, 0x07, 0x13, 0x07, 0x8e, 0x06,
  0x8e, 0x06, 0x03, 0x06, 0x03, 0x06, 0x73, 0x05, 0x73, 0x05, 0xdf, 0x04,
  0xdf, 0x04, 0x46, 0x04, 0x46, 0x04, 0xaa, 0x03, 0xaa, 0x03, 0x0b, 0x03,
  0x0b, 0x03, 0x69, 0x02, 0x69, 0x02, 0xc5, 0x01, 0xc5, 0x01, 0x20, 0x01,
  0x20, 0x01, 0x7a, 0x00, 0x7a, 0x00, 0xd3, 0xff, 0xd3, 0xff, 0x2c, 0xff,
  0x2c, 0xff, 0x86, 0xfe, 0x86, 0xfe, 0xe2, 0xfd, 0xe2, 0xfd, 0x3f, 0xfd,
  0x3f, 0xfd, 0x9f, 0xfc, 0x9f, 0xfc, 0x01, 0xfc, 0x01, 0xfc, 0x67, 0xfb,
  0x67, 0xfb, 0xd0, 0xfa, 0xd0, 0xfa, 0x3e, 0xfa, 0x3e, 0xfa, 0xb2, 0xf9,
  0xb2, 0xf9, 0x29, 0xf9, 0x29, 0xf9, 0xa8, 0xf8, 0xa8, 0xf8, 0x2c, 0xf8,
  0x2c, 0xf8, 0xb7, 0xf7, 0xb7, 0xf7, 0x49, 0xf7, 0x49, 0xf7, 0xe3, 0xf6,
  0xe3, 0xf6, 0x84, 0xf6, 0x84, 0xf6, 0x2d, 0xf6, 0x2d, 0xf6, 0xde, 0xf5,
  0xde, 0xf5, 0x98, 0xf5, 0x98, 0xf5, 0x5c, 0xf5, 0x5c, 0xf5, 0x28, 0xf5,
  0x28, 0xf5, 0xfd, 0xf4, 0xfd, 0xf4, 0xdc, 0xf4, 0xdc, 0xf4, 0xc4, 0xf4,
  0xc4, 0xf4, 0xb5, 0xf4, 0xb5, 0xf4, 0xb0, 0xf4, 0xb0, 0xf4, 0xb5, 0xf4,
  0xb5, 0xf4, 0xc4, 0xf4, 0xc4, 0xf4, 0xdc, 0xf4, 0xdc, 0xf4, 0xfd, 0xf4,
  0xfd, 0xf4, 0x27, 0xf5, 0x27, 0xf5, 0x5c, 0xf5, 0x5c, 0xf5, 0x98, 0xf5,
  0x98, 0xf5, 0xde, 0xf5, 0xde, 0xf5, 0x2d, 0xf6, 0x2d, 0xf6, 0x83, 0xf6,
  0x83, 0xf6, 0xe3, 0xf6, 0xe3, 0xf6, 0x48, 0xf7, 0x48, 0xf7, 0xb7, 0xf7,
  0xb7, 0xf7, 0x2c, 0xf8, 0x2c, 0xf8, 0xa7, 0xf8, 0xa7, 0xf8, 0x29, 0xf9,
  0x29, 0xf9, 0xb1, 0xf9, 0xb1, 0xf9, 0x3e, 0xfa, 0x3e, 0xfa, 0xd0, 0xfa,
  0xd0, 0xfa, 0x66, 0xfb, 0x66, 0xfb, 0x00, 0xfc, 0x00, 0xfc, 0x9e, 0xfc,
  0x9e, 0xfc, 0x3e, 0xfd, 0x3e, 0xfd, 0xe1, 0xfd, 0xe1, 0xfd, 0x86, 0xfe,
  0x86, 0xfe, 0x2c, 0xff, 0x2c, 0xff, 0xd3, 0xff, 0xd3, 0xff, 0x79, 0x00,
  0x79, 0x00, 0x1f, 0x01, 0x1f, 0x01, 0xc5, 0x01, 0xc5, 0x01, 0x69, 0x02,
  0x69, 0x02, 0x0b, 0x03, 0x0b, 0x03, 0xaa, 0x03, 0xaa, 0x03, 0x46, 0x04,
  0x46, 0x04, 0xdf, 0x04, 0xdf, 0x04, 0x72, 0x05, 0x72, 0x05, 0x03, 0x06,
  0x03, 0x06, 0x8d, 0x06, 0x8d, 0x06, 0x12, 0x07, 0x12, 0x07, 0x91, 0x07,
  0x91, 0x07, 0x0a, 0x08, 0x0a, 0x08, 0x7b, 0x08, 0x7b, 0x08, 0xe7, 0x08,
  0xe7, 0x08, 0x4a, 0x09, 0x4a, 0x09, 0xa4, 0x09, 0xa4, 0x09, 0xf8, 0x09,
  0xf8, 0x09, 0x42, 0x0a, 0x42, 0x0a, 0x84, 0x0a, 0x84, 0x0a, 0xbd, 0x0a,
  0xbd, 0x0a, 0xed, 0x0a, 0xed, 0x0a, 0x13, 0x0b, 0x13, 0x0b, 0x30, 0x0b,
  0x30, 0x0b, 0x44, 0x0b, 0x44, 0x0b, 0x4e, 0x0b, 0x4e, 0x0b, 0x4f, 0x0b,
  0x4f, 0x0b, 0x46, 0x0b, 0x46, 0x0b, 0x33, 0x0b, 0x33, 0x0b, 0x16, 0x0b,
  0x16, 0x0b, 0xf1, 0x0a, 0xf1, 0x0a, 0xc2, 0x0a, 0xc2, 0x0a, 0x8a, 0x0a,
  0x8a, 0x0a, 0x49, 0x0a, 0x49, 0x0a, 0xff, 0x09, 0xff, 0x09, 0xad, 0x09,
  0xad, 0x09, 0x52, 0x09, 0x52, 0x09, 0xf0, 0x08, 0xf0, 0x08, 0x86, 0x08,
  0x86, 0x08, 0x15, 0x08, 0x15, 0x08, 0x9d, 0x07, 0x9d, 0x07, 0x1e, 0x07,
  0x1e, 0x07, 0x9a, 0x06, 0x9a, 0x06, 0x10, 0x06, 0x10, 0x06, 0x81, 0x05,
  0x81, 0x05, 0xed, 0x04, 0xed, 0x04, 0x54, 0x04, 0x54, 0x04, 0xb8, 0x03,
  0xb8, 0x03, 0x19, 0x03, 0x19, 0x03, 0x77, 0x02, 0x77, 0x02, 0xd4, 0x01,
  0xd4, 0x01, 0x2f, 0x01, 0x2f, 0x01, 0x88, 0x00, 0x88, 0x00, 0xe2, 0xff,
  0xe2, 0xff, 0x3b, 0xff, 0x3b, 0xff, 0x95, 0xfe, 0x95, 0xfe, 0xf1, 0xfd,
  0xf1, 0xfd, 0x4d, 0xfd, 0x4d, 0xfd, 0xad, 0xfc, 0xad, 0xfc, 0x0f, 0xfc,
  0x0f, 0xfc, 0x74, 0xfb, 0x74, 0xfb, 0xde, 0xfa, 0xde, 0xfa, 0x4c, 0xfa,
  0x4c, 0xfa, 0xbe, 0xf9, 0xbe, 0xf9, 0x36, 0xf9, 0x36, 0xf9, 0xb3, 0xf8,
  0xb3, 0xf8, 0x37, 0xf8, 0x37, 0xf8, 0xc1, 0xf7, 0xc1, 0xf7, 0x52, 0xf7,
  0x52, 0xf7, 0xec, 0xf6, 0xec, 0xf6, 0x8c, 0xf6, 0x8c, 0xf6, 0x35, 0xf6,
  0x35, 0xf6, 0xe5, 0xf5, 0xe5, 0xf5, 0x9f, 0xf5, 0x9f, 0xf5, 0x61, 0xf5,
  0x61, 0xf5, 0x2c, 0xf5, 0x2c, 0xf5, 0x00, 0xf5, 0x00, 0xf5, 0xde, 0xf4,
  0xde, 0xf4, 0xc6, 0xf4, 0xc6, 0xf4, 0xb6, 0xf4, 0xb6, 0xf4, 0xb0, 0xf4,
  0xb0, 0xf4, 0xb4, 0xf4, 0xb4, 0xf4, 0xc2, 0xf4, 0xc2, 0xf4, 0xd9, 0xf4,
  0xd9, 0xf4, 0xf9, 0xf4, 0xf9, 0xf4, 0x23, 0xf5, 0x23, 0xf5, 0x57, 0xf5,
  0x57, 0xf5, 0x93, 0xf5, 0x93, 0xf5, 0xd7, 0xf5, 0xd7, 0xf5, 0x25, 0xf6,
  0x25, 0xf6, 0x7b, 0xf6, 0x7b, 0xf6, 0xd9, 0xf6, 0xd9, 0xf6, 0x3f, 0xf7,
  0x3f, 0xf7, 0xac, 0xf7, 0xac, 0xf7, 0x21, 0xf8, 0x21, 0xf8, 0x9c, 0xf8,
  0x9c, 0xf8, 0x1d, 0xf9, 0x1d, 0xf9, 0xa4, 0xf9, 0xa4, 0xf9, 0x31, 0xfa,
  0x31, 0xfa, 0xc2, 0xfa, 0xc2, 0xfa, 0x59, 0xfb, 0x59, 0xfb, 0xf2, 0xfb,
  0xf2, 0xfb, 0x8f, 0xfc, 0x8f, 0xfc, 0x2f, 0xfd, 0x2f, 0xfd, 0xd2, 0xfd,
  0xd2, 0xfd, 0x77, 0xfe, 0x77, 0xfe, 0x1c, 0xff, 0x1c, 0xff, 0xc3, 0xff,
  0xc3, 0xff, 0x6a, 0x00, 0x6a, 0x00, 0x10, 0x01, 0x10, 0x01, 0xb6, 0x01,
  0xb6, 0x01, 0x5a, 0x02, 0x5a, 0x02, 0xfc, 0x02, 0xfc, 0x02, 0x9b, 0x03,
  0x9b, 0x03, 0x38, 0x04, 0x38, 0x04, 0xd0, 0x04, 0xd0, 0x04, 0x66, 0x05,
  0x66, 0x05, 0xf6, 0x05, 0xf6, 0x05, 0x80, 0x06, 0x80, 0x06, 0x06, 0x07,
  0x06, 0x07, 0x86, 0x07, 0x86, 0x07, 0x00, 0x08, 0x00, 0x08, 0x72, 0x08,
  0x72, 0x08, 0xdd, 0x08, 0xdd, 0x08, 0x41, 0x09, 0x41, 0x09, 0x9d, 0x09,
  0x9d, 0x09, 0xf1, 0x09, 0xf1, 0x09, 0x3c, 0x0a, 0x3c, 0x0a, 0x7e, 0x0a,
  0x7e, 0x0a, 0xb8, 0x0a, 0xb8, 0x0a, 0xe9, 0x0a, 0xe9, 0x0a, 0x10, 0x0b,
  0x10, 0x0b, 0x2e, 0x0b, 0x2e, 0x0b, 0x43, 0x0b, 0x43, 0x0b, 0x4d, 0x0b,
  0x4d, 0x0b, 0x4f, 0x0b, 0x4f, 0x0b, 0x47, 0x0b, 0x47, 0x0b, 0x35, 0x0b,
  0x35, 0x0b, 0x1a, 0x0b, 0x1a, 0x0b, 0xf5, 0x0a, 0xf5, 0x0a, 0xc6, 0x0a,
  0xc6, 0x0a, 0x8f, 0x0a, 0x8f, 0x0a, 0x50, 0x0a, 0x50, 0x0a, 0x06, 0x0a,
  0x06, 0x0a, 0xb5, 0x09, 0xb5, 0x09, 0x5b, 0x09, 0x5b, 0x09, 0xf9, 0x08,
  0xf9, 0x08, 0x90, 0x08, 0x90, 0x08, 0x20, 0x08, 0x20, 0x08, 0xa8, 0x07,
  0xa8, 0x07, 0x2a, 0x07, 0x2a, 0x07, 0xa6, 0x06, 0xa6, 0x06, 0x1d, 0x06,
  0x1d, 0x06, 0x8e, 0x05, 0x8e, 0x05, 0xfa, 0x04, 0xfa, 0x04, 0x62, 0x04,
  0x62, 0x04, 0xc7, 0x03, 0xc7, 0x03, 0x28, 0x03, 0x28, 0x03, 0x87, 0x02,
  0x87, 0x02, 0xe3, 0x01, 0xe3, 0x01, 0x3e, 0x01, 0x3e, 0x01, 0x98, 0x00,
  0x98, 0x00, 0xf1, 0xff, 0xf1, 0xff, 0x4a, 0xff, 0x4a, 0xff, 0xa4, 0xfe,
  0xa4, 0xfe, 0xff, 0xfd, 0xff, 0xfd, 0x5d, 0xfd, 0x5d, 0xfd, 0xbb, 0xfc,
  0xbb, 0xfc, 0x1d, 0xfc, 0x1d, 0xfc, 0x82, 0xfb, 0x82, 0xfb, 0xeb, 0xfa,
  0xeb, 0xfa, 0x59, 0xfa, 0x59, 0xfa, 0xca, 0xf9, 0xca, 0xf9, 0x42, 0xf9,
  0x42, 0xf9, 0xbf, 0xf8, 0xbf, 0xf8, 0x42, 0xf8, 0x42, 0xf8, 0xcc, 0xf7,
  0xcc, 0xf7, 0x5d, 0xf7, 0x5d, 0xf7, 0xf4, 0xf6, 0xf4, 0xf6, 0x94, 0xf6,
  0x94, 0xf6, 0x3c, 0xf6, 0x3c, 0xf6, 0xec, 0xf5, 0xec, 0xf5, 0xa5, 0xf5,
  0xa5, 0xf5, 0x66, 0xf5, 0x66, 0xf5, 0x30, 0xf5, 0x30, 0xf5, 0x04, 0xf5,
  0x04, 0xf5, 0xe1, 0xf4, 0xe1, 0xf4, 0xc7, 0xf4, 0xc7, 0xf4, 0xb7, 0xf4,
  0xb7, 0xf4, 0xb0, 0xf4, 0xb0, 0xf4, 0xb3, 0xf4, 0xb3, 0xf4, 0xc0, 0xf4,
  0xc0, 0xf4, 0xd7, 0xf4, 0xd7, 0xf4, 0xf6, 0xf4, 0xf6, 0xf4, 0x1f, 0xf5,
  0x1f, 0xf5, 0x52, 0xf5, 0x52, 0xf5, 0x8d, 0xf5, 0x8d, 0xf5, 0xd1, 0xf5,
  0xd1, 0xf5, 0x1d, 0xf6, 0x1d, 0xf6, 0x73, 0xf6, 0x73, 0xf6, 0xd0, 0xf6,
  0xd0, 0xf6, 0x35, 0xf7, 0x35, 0xf7, 0xa2, 0xf7, 0xa2, 0xf7, 0x16, 0xf8,
  0x16, 0xf8, 0x90, 0xf8, 0x90, 0xf8, 0x11, 0xf9, 0x11, 0xf9, 0x98, 0xf9,
  0x98, 0xf9, 0x24, 0xfa, 0x24, 0xfa, 0xb5, 0xfa, 0xb5, 0xfa, 0x4a, 0xfb,
  0x4a, 0xfb, 0xe4, 0xfb, 0xe4, 0xfb, 0x81, 0xfc, 0x81, 0xfc, 0x21, 0xfd,
  0x21, 0xfd, 0xc3, 0xfd, 0xc3, 0xfd, 0x67, 0xfe, 0x67, 0xfe, 0x0d, 0xff,
  0x0d, 0xff, 0xb4, 0xff, 0xb4, 0xff, 0x5b, 0x00, 0x5b, 0x00, 0x01, 0x01,
  0x01, 0x01, 0xa7, 0x01, 0xa7, 0x01, 0x4b, 0x02, 0x4b, 0x02, 0xee, 0x02,
  0xee, 0x02, 0x8d, 0x03, 0x8d, 0x03, 0x2a, 0x04, 0x2a, 0x04, 0xc3, 0x04,
  0xc3, 0x04, 0x58, 0x05, 0x58, 0x05, 0xe8, 0x05, 0xe8, 0x05, 0x74, 0x06,
  0x74, 0x06, 0xfa, 0x06, 0xfa, 0x06, 0x7b, 0x07, 0x7b, 0x07, 0xf4, 0x07,
  0xf4, 0x07, 0x68, 0x08, 0x68, 0x08, 0xd4, 0x08, 0xd4, 0x08, 0x38, 0x09,
  0x38, 0x09, 0x95, 0x09, 0x95, 0x09, 0xe9, 0x09, 0xe9, 0x09, 0x35, 0x0a,
  0x35, 0x0a, 0x79, 0x0a, 0x79, 0x0a, 0xb3, 0x0a, 0xb3, 0x0a, 0xe5, 0x0a,
  0xe5, 0x0a, 0x0d, 0x0b, 0x0d, 0x0b, 0x2c, 0x0b, 0x2c, 0x0b, 0x41, 0x0b,
  0x41, 0x0b, 0x4d, 0x0b, 0x4d, 0x0b, 0x50, 0x0b, 0x50, 0x0b, 0x48, 0x0b,
  0x48, 0x0b, 0x37, 0x0b, 0x37, 0x0b, 0x1d, 0x0b, 0x1d, 0x0b, 0xf9, 0x0a,
  0xf9, 0x0a, 0xcb, 0x0a, 0xcb, 0x0a, 0x95, 0x0a, 0x95, 0x0a, 0x55, 0x0a,
  0x55, 0x0a, 0x0d, 0x0a, 0x0d, 0x0a, 0xbd, 0x09, 0xbd, 0x09, 0x63, 0x09,
  0x63, 0x09, 0x03, 0x09, 0x03, 0x09, 0x9a, 0x08, 0x9a, 0x08, 0x2a, 0x08,
  0x2a, 0x08, 0xb3, 0x07, 0xb3, 0x07, 0x36, 0x07, 0x36, 0x07, 0xb3, 0x06,
  0xb3, 0x06, 0x29, 0x06, 0x29, 0x06, 0x9b, 0x05, 0x9b, 0x05, 0x08, 0x05,
  0x08, 0x05, 0x70, 0x04, 0x70, 0x04, 0xd5, 0x03, 0xd5, 0x03, 0x36, 0x03,
  0x36, 0x03, 0x96, 0x02, 0x96, 0x02, 0xf3, 0x01, 0xf3, 0x01, 0x4d, 0x01,
  0x4d, 0x01, 0xa7, 0x00, 0xa7, 0x00, 0x00, 0x00, 0x00, 0x00, 0x5a, 0xff,
  0x5a, 0xff, 0xb4, 0xfe, 0xb4, 0xfe, 0x0e, 0xfe, 0x0e, 0xfe, 0x6b, 0xfd,
  0x6b, 0xfd, 0xca, 0xfc, 0xca, 0xfc, 0x2b, 0xfc, 0x2b, 0xfc, 0x90, 0xfb,
  0x90, 0xfb, 0xf9, 0xfa, 0xf9, 0xfa, 0x65, 0xfa, 0x65, 0xfa, 0xd7, 0xf9,
  0xd7, 0xf9, 0x4e, 0xf9, 0x4e, 0xf9, 0xca, 0xf8, 0xca, 0xf8, 0x4d, 0xf8,
  0x4d, 0xf8, 0xd6, 0xf7, 0xd6, 0xf7, 0x66, 0xf7, 0x66, 0xf7, 0xfe, 0xf6,
  0xfe, 0xf6, 0x9d, 0xf6, 0x9d, 0xf6, 0x43, 0xf6, 0x43, 0xf6, 0xf3, 0xf5,
  0xf3, 0xf5, 0xab, 0xf5, 0xab, 0xf5, 0x6c, 0xf5, 0x6c, 0xf5, 0x35, 0xf5,
  0x35, 0xf5, 0x07, 0xf5, 0x07, 0xf5, 0xe4, 0xf4, 0xe4, 0xf4, 0xc9, 0xf4,
  0xc9, 0xf4, 0xb8, 0xf4, 0xb8, 0xf4, 0xb0, 0xf4, 0xb0, 0xf4, 0xb3, 0xf4,
  0xb3, 0xf4, 0xbf, 0xf4, 0xbf, 0xf4, 0xd4, 0xf4, 0xd4, 0xf4, 0xf3, 0xf4,
  0xf3, 0xf4, 0x1b, 0xf5, 0x1b, 0xf5, 0x4d, 0xf5, 0x4d, 0xf5, 0x87, 0xf5,
  0x87, 0xf5, 0xcb, 0xf5, 0xcb, 0xf5, 0x16, 0xf6, 0x16, 0xf6, 0x6b, 0xf6,
  0x6b, 0xf6, 0xc8, 0xf6, 0xc8, 0xf6, 0x2c, 0xf7, 0x2c, 0xf7, 0x98, 0xf7,
  0x98, 0xf7, 0x0c, 0xf8, 0x0c, 0xf8, 0x85, 0xf8, 0x85, 0xf8, 0x05, 0xf9,
  0x05, 0xf9, 0x8c, 0xf9, 0x8c, 0xf9, 0x17, 0xfa, 0x17, 0xfa, 0xa8, 0xfa,
  0xa8, 0xfa, 0x3c, 0xfb, 0x3c, 0xfb, 0xd6, 0xfb, 0xd6, 0xfb, 0x73, 0xfc,
  0x73, 0xfc, 0x12, 0xfd, 0x12, 0xfd, 0xb5, 0xfd, 0xb5, 0xfd, 0x58, 0xfe,
  0x58, 0xfe, 0xfe, 0xfe, 0xfe, 0xfe, 0xa5, 0xff, 0xa5, 0xff, 0x4c, 0x00,
  0x4c, 0x00, 0xf2, 0x00, 0xf2, 0x00, 0x98, 0x01, 0x98, 0x01, 0x3c, 0x02,
  0x3c, 0x02, 0xdf, 0x02, 0xdf, 0x02, 0x7e, 0x03, 0x7e, 0x03, 0x1b, 0x04,
  0x1b, 0x04, 0xb6, 0x04, 0xb6, 0x04, 0x4b, 0x05, 0x4b, 0x05, 0xdc, 0x05,
  0xdc, 0x05, 0x68, 0x06, 0x68, 0x06, 0xee, 0x06, 0xee, 0x06, 0x6f, 0x07,
  0x6f, 0x07, 0xea, 0x07, 0xea, 0x07, 0x5e, 0x08, 0x5e, 0x08, 0xca, 0x08,
  0xca, 0x08, 0x2f, 0x09, 0x2f, 0x09, 0x8c, 0x09, 0x8c, 0x09, 0xe2, 0x09,
  0xe2, 0x09, 0x2f, 0x0a, 0x2f, 0x0a, 0x73, 0x0a, 0x73, 0x0a, 0xae, 0x0a,
  0xae, 0x0a, 0xe1, 0x0a, 0xe1, 0x0a, 0x0a, 0x0b, 0x0a, 0x0b, 0x29, 0x0b,
  0x29, 0x0b, 0x40, 0x0b, 0x40, 0x0b, 0x4d, 0x0b, 0x4d, 0x0b, 0x50, 0x0b,
  0x50, 0x0b, 0x49, 0x0b, 0x49, 0x0b, 0x39, 0x0b, 0x39, 0x0b, 0x1f, 0x0b,
  0x1f, 0x0b, 0xfc, 0x0a, 0xfc, 0x0a, 0xd0, 0x0a, 0xd0, 0x0a, 0x9a, 0x0a,
  0x9a, 0x0a, 0x5c, 0x0a, 0x5c, 0x0a, 0x14, 0x0a, 0x14, 0x0a, 0xc4, 0x09,
  0xc4, 0x09, 0x6c, 0x09, 0x6c, 0x09, 0x0c, 0x09, 0x0c, 0x09, 0xa4, 0x08,
  0xa4, 0x08, 0x35, 0x08, 0x35, 0x08, 0xbf, 0x07, 0xbf, 0x07, 0x42, 0x07,
  0x42, 0x07, 0xbf, 0x06, 0xbf, 0x06, 0x36, 0x06, 0x36, 0x06, 0xa8, 0x05,
  0xa8, 0x05, 0x15, 0x05, 0x15, 0x05, 0x7e, 0x04, 0x7e, 0x04, 0xe4, 0x03,
  0xe4, 0x03, 0x45, 0x03, 0x45, 0x03, 0xa4, 0x02, 0xa4, 0x02, 0x01, 0x02,
  0x01, 0x02, 0x5d, 0x01, 0x5d, 0x01, 0xb6, 0x00, 0xb6, 0x00, 0x10, 0x00,
  0x10, 0x00, 0x69, 0xff, 0x69, 0xff, 0xc3, 0xfe, 0xc3, 0xfe, 0x1e, 0xfe,
  0x1e, 0xfe, 0x7a, 0xfd, 0x7a, 0xfd, 0xd9, 0xfc, 0xd9, 0xfc, 0x3a, 0xfc,
  0x3a, 0xfc, 0x9e, 0xfb, 0x9e, 0xfb, 0x07, 0xfb, 0x07, 0xfb, 0x73, 0xfa,
  0x73, 0xfa, 0xe4, 0xf9, 0xe4, 0xf9, 0x5b, 0xf9, 0x5b, 0xf9, 0xd6, 0xf8,
  0xd6, 0xf8, 0x59, 0xf8, 0x59, 0xf8, 0xe1, 0xf7, 0xe1, 0xf7, 0x70, 0xf7,
  0x70, 0xf7, 0x07, 0xf7, 0x07, 0xf7, 0xa5, 0xf6, 0xa5, 0xf6, 0x4b, 0xf6,
  0x4b, 0xf6, 0xfa, 0xf5, 0xfa, 0xf5, 0xb1, 0xf5, 0xb1, 0xf5, 0x71, 0xf5,
  0x71, 0xf5, 0x3a, 0xf5, 0x3a, 0xf5, 0x0c, 0xf5, 0x0c, 0xf5, 0xe7, 0xf4,
  0xe7, 0xf4, 0xcb, 0xf4, 0xcb, 0xf4, 0xba, 0xf4, 0xba, 0xf4, 0xb1, 0xf4,
  0xb1, 0xf4, 0xb3, 0xf4, 0xb3, 0xf4, 0xbd, 0xf4, 0xbd, 0xf4, 0xd2, 0xf4,
  0xd2, 0xf4, 0xef, 0xf4, 0xef, 0xf4, 0x17, 0xf5, 0x17, 0xf5, 0x48, 0xf5,
  0x48, 0xf5, 0x81, 0xf5, 0x81, 0xf5, 0xc4, 0xf5, 0xc4, 0xf5, 0x0f, 0xf6,
  0x0f, 0xf6, 0x63, 0xf6, 0x63, 0xf6, 0xbf, 0xf6, 0xbf, 0xf6, 0x23, 0xf7,
  0x23, 0xf7, 0x8e, 0xf7, 0x8e, 0xf7, 0x00, 0xf8, 0x00, 0xf8, 0x7a, 0xf8,
  0x7a, 0xf8, 0xf9, 0xf8, 0xf9, 0xf8, 0x7f, 0xf9, 0x7f, 0xf9, 0x0a, 0xfa,
  0x0a, 0xfa, 0x9a, 0xfa, 0x9a, 0xfa, 0x2f, 0xfb, 0x2f, 0xfb, 0xc8, 0xfb,
  0xc8, 0xfb, 0x64, 0xfc, 0x64, 0xfc, 0x04, 0xfd, 0x04, 0xfd, 0xa6, 0xfd,
  0xa6, 0xfd, 0x4a, 0xfe, 0x4a, 0xfe, 0xef, 0xfe, 0xef, 0xfe, 0x95, 0xff,
  0x95, 0xff, 0x3d, 0x00, 0x3d, 0x00, 0xe3, 0x00, 0xe3, 0x00, 0x88, 0x01,
  0x88, 0x01, 0x2d, 0x02, 0x2d, 0x02, 0xd0, 0x02, 0xd0, 0x02, 0x70, 0x03,
  0x70, 0x03, 0x0d, 0x04, 0x0d, 0x04, 0xa7, 0x04, 0xa7, 0x04, 0x3d, 0x05,
  0x3d, 0x05, 0xcf, 0x05, 0xcf, 0x05, 0x5b, 0x06, 0x5b, 0x06, 0xe3, 0x06,
  0xe3, 0x06, 0x63, 0x07, 0x63, 0x07, 0xdf, 0x07, 0xdf, 0x07, 0x53, 0x08,
  0x53, 0x08, 0xc1, 0x08, 0xc1, 0x08, 0x27, 0x09, 0x27, 0x09, 0x85, 0x09,
  0x85, 0x09, 0xda, 0x09, 0xda, 0x09, 0x28, 0x0a, 0x28, 0x0a, 0x6d, 0x0a,
  0x6d, 0x0a, 0xa9, 0x0a, 0xa9, 0x0a, 0xdc, 0x0a, 0xdc, 0x0a, 0x07, 0x0b,
  0x07, 0x0b, 0x27, 0x0b, 0x27, 0x0b, 0x3e, 0x0b, 0x3e, 0x0b, 0x4b, 0x0b,
  0x4b, 0x0b, 0x50, 0x0b, 0x50, 0x0b, 0x4a, 0x0b, 0x4a, 0x0b, 0x3a, 0x0b,
  0x3a, 0x0b, 0x22, 0x0b, 0x22, 0x0b, 0x00, 0x0b, 0x00, 0x0b, 0xd4, 0x0a,
  0xd4, 0x0a, 0x9f, 0x0a, 0x9f, 0x0a, 0x62, 0x0a, 0x62, 0x0a, 0x1b, 0x0a,
  0x1b, 0x0a, 0xcc, 0x09, 0xcc, 0x09, 0x74, 0x09, 0x74, 0x09, 0x15, 0x09,
  0x15, 0x09, 0xae, 0x08, 0xae, 0x08, 0x3f, 0x08, 0x3f, 0x08, 0xc9, 0x07,
  0xc9, 0x07, 0x4e, 0x07, 0x4e, 0x07, 0xcb, 0x06, 0xcb, 0x06, 0x43, 0x06,
  0x43, 0x06, 0xb5, 0x05, 0xb5, 0x05, 0x22, 0x05, 0x22, 0x05, 0x8d, 0x04,
  0x8d, 0x04, 0xf2, 0x03, 0xf2, 0x03, 0x54, 0x03, 0x54, 0x03, 0xb4, 0x02,
  0xb4, 0x02, 0x0f, 0x02, 0x0f, 0x02, 0x6b, 0x01, 0x6b, 0x01, 0xc5, 0x00,
  0xc5, 0x00, 0x1e, 0x00, 0x1e, 0x00, 0x78, 0xff, 0x78, 0xff, 0xd1, 0xfe,
  0xd1, 0xfe, 0x2d, 0xfe, 0x2d, 0xfe, 0x89, 0xfd, 0x89, 0xfd, 0xe7, 0xfc,
  0xe7, 0xfc, 0x48, 0xfc, 0x48, 0xfc, 0xac, 0xfb, 0xac, 0xfb, 0x14, 0xfb,
  0x14, 0xfb, 0x80, 0xfa, 0x80, 0xfa, 0xf1, 0xf9, 0xf1, 0xf9, 0x67, 0xf9,
  0x67, 0xf9, 0xe2, 0xf8, 0xe2, 0xf8, 0x63, 0xf8, 0x63, 0xf8, 0xeb, 0xf7,
  0xeb, 0xf7, 0x7b, 0xf7, 0x7b, 0xf7, 0x10, 0xf7, 0x10, 0xf7, 0xae, 0xf6,
  0xae, 0xf6, 0x53, 0xf6, 0x53, 0xf6, 0x01, 0xf6, 0x01, 0xf6, 0xb7, 0xf5,
  0xb7, 0xf5, 0x76, 0xf5, 0x76, 0xf5, 0x3e, 0xf5, 0x3e, 0xf5, 0x0f, 0xf5,
  0x0f, 0xf5, 0xea, 0xf4, 0xea, 0xf4, 0xcd, 0xf4, 0xcd, 0xf4, 0xba, 0xf4,
  0xba, 0xf4, 0xb1, 0xf4, 0xb1, 0xf4, 0xb2, 0xf4, 0xb2, 0xf4, 0xbc, 0xf4,
  0xbc, 0xf4, 0xd0, 0xf4, 0xd0, 0xf4, 0xed, 0xf4, 0xed, 0xf4, 0x13, 0xf5,
  0x13, 0xf5, 0x43, 0xf5, 0x43, 0xf5, 0x7b, 0xf5, 0x7b, 0xf5, 0xbd, 0xf5,
  0xbd, 0xf5, 0x08, 0xf6, 0x08, 0xf6, 0x5b, 0xf6, 0x5b, 0xf6, 0xb6, 0xf6,
  0xb6, 0xf6, 0x19, 0xf7, 0x19, 0xf7, 0x84, 0xf7, 0x84, 0xf7, 0xf6, 0xf7,
  0xf6, 0xf7, 0x6f, 0xf8, 0x6f, 0xf8, 0xed, 0xf8, 0xed, 0xf8, 0x72, 0xf9,
  0x72, 0xf9, 0xfd, 0xf9, 0xfd, 0xf9, 0x8d, 0xfa, 0x8d, 0xfa, 0x21, 0xfb,
  0x21, 0xfb, 0xba, 0xfb, 0xba, 0xfb, 0x56, 0xfc, 0x56, 0xfc, 0xf5, 0xfc,
  0xf5, 0xfc, 0x97, 0xfd, 0x97, 0xfd, 0x3b, 0xfe, 0x3b, 0xfe, 0xe0, 0xfe,
  0xe0, 0xfe, 0x86, 0xff, 0x86, 0xff, 0x2d, 0x00, 0x2d, 0x00, 0xd4, 0x00,
  0xd4, 0x00, 0x7a, 0x01, 0x7a, 0x01, 0x1e, 0x02, 0x1e, 0x02, 0xc1, 0x02,
  0xc1, 0x02, 0x61, 0x03, 0x61, 0x03, 0xff, 0x03, 0xff, 0x03, 0x99, 0x04,
  0x99, 0x04, 0x30, 0x05, 0x30, 0x05, 0xc2, 0x05, 0xc2, 0x05, 0x4e, 0x06,
  0x4e, 0x06, 0xd7, 0x06, 0xd7, 0x06, 0x58, 0x07, 0x58, 0x07, 0xd4, 0x07,
  0xd4, 0x07, 0x49, 0x08, 0x49, 0x08, 0xb7, 0x08, 0xb7, 0x08, 0x1d, 0x09,
  0x1d, 0x09, 0x7c, 0x09, 0x7c, 0x09, 0xd3, 0x09, 0xd3, 0x09, 0x22, 0x0a,
  0x22, 0x0a, 0x68, 0x0a, 0x68, 0x0a, 0xa4, 0x0a, 0xa4, 0x0a, 0xd8, 0x0a,
  0xd8, 0x0a, 0x03, 0x0b, 0x03, 0x0b, 0x24, 0x0b, 0x24, 0x0b, 0x3c, 0x0b,
  0x3c, 0x0b, 0x4b, 0x0b, 0x4b, 0x0b, 0x50, 0x0b, 0x50, 0x0b, 0x4b, 0x0b,
  0x4b, 0x0b, 0x3c, 0x0b, 0x3c, 0x0b, 0x24, 0x0b, 0x24, 0x0b, 0x03, 0x0b,
  0x03, 0x0b, 0xd9, 0x0a, 0xd9, 0x0a, 0xa4, 0x0a, 0xa4, 0x0a, 0x68, 0x0a,
  0x68, 0x0a, 0x22, 0x0a, 0x22, 0x0a, 0xd3, 0x09, 0xd3, 0x09, 0x7d, 0x09,
  0x7d, 0x09, 0x1d, 0x09, 0x1d, 0x09, 0xb8, 0x08, 0xb8, 0x08, 0x49, 0x08,
  0x49, 0x08, 0xd4, 0x07, 0xd4, 0x07, 0x59, 0x07, 0x59, 0x07, 0xd7, 0x06,
  0xd7, 0x06, 0x4f, 0x06, 0x4f, 0x06, 0xc2, 0x05, 0xc2, 0x05, 0x30, 0x05,
  0x30, 0x05, 0x9a, 0x04, 0x9a, 0x04, 0x00, 0x04, 0x00, 0x04, 0x62, 0x03,
  0x62, 0x03, 0xc2, 0x02, 0xc2, 0x02, 0x1f, 0x02, 0x1f, 0x02, 0x7a, 0x01,
  0x7a, 0x01, 0xd4, 0x00, 0xd4, 0x00, 0x2d, 0x00, 0x2d, 0x00, 0x87, 0xff,
  0x87, 0xff, 0xe1, 0xfe, 0xe1, 0xfe, 0x3b, 0xfe, 0x3b, 0xfe, 0x97, 0xfd,
  0x97, 0xfd, 0xf5, 0xfc, 0xf5, 0xfc, 0x56, 0xfc, 0x56, 0xfc, 0xba, 0xfb,
  0xba, 0xfb, 0x21, 0xfb, 0x21, 0xfb, 0x8e, 0xfa, 0x8e, 0xfa, 0xfd, 0xf9,
  0xfd, 0xf9, 0x73, 0xf9, 0x73, 0xf9, 0xee, 0xf8, 0xee, 0xf8, 0x6f, 0xf8,
  0x6f, 0xf8, 0xf6, 0xf7, 0xf6, 0xf7, 0x85, 0xf7, 0x85, 0xf7, 0x19, 0xf7,
  0x19, 0xf7, 0xb6, 0xf6, 0xb6, 0xf6, 0x5c, 0xf6, 0x5c, 0xf6, 0x08, 0xf6,
  0x08, 0xf6, 0xbe, 0xf5, 0xbe, 0xf5, 0x7c, 0xf5, 0x7c, 0xf5, 0x43, 0xf5,
  0x43, 0xf5, 0x13, 0xf5, 0x13, 0xf5, 0xed, 0xf4, 0xed, 0xf4, 0xd0, 0xf4,
  0xd0, 0xf4, 0xbc, 0xf4, 0xbc, 0xf4, 0xb2, 0xf4, 0xb2, 0xf4, 0xb1, 0xf4,
  0xb1, 0xf4, 0xba, 0xf4, 0xba, 0xf4, 0xcd, 0xf4, 0xcd, 0xf4, 0xea, 0xf4,
  0xea, 0xf4, 0x0f, 0xf5, 0x0f, 0xf5, 0x3e, 0xf5, 0x3e, 0xf5, 0x76, 0xf5,
  0x76, 0xf5, 0xb7, 0xf5, 0xb7, 0xf5, 0x01, 0xf6, 0x01, 0xf6, 0x53, 0xf6,
  0x53, 0xf6, 0xae, 0xf6, 0xae, 0xf6, 0x10, 0xf7, 0x10, 0xf7, 0x7a, 0xf7,
  0x7a, 0xf7, 0xeb, 0xf7, 0xeb, 0xf7, 0x63, 0xf8, 0x63, 0xf8, 0xe2, 0xf8,
  0xe2, 0xf8, 0x66, 0xf9, 0x66, 0xf9, 0xf0, 0xf9, 0xf0, 0xf9, 0x7f, 0xfa,
  0x7f, 0xfa, 0x13, 0xfb, 0x13, 0xfb, 0xac, 0xfb, 0xac, 0xfb, 0x48, 0xfc,
  0x48, 0xfc, 0xe7, 0xfc, 0xe7, 0xfc, 0x89, 0xfd, 0x89, 0xfd, 0x2c, 0xfe,
  0x2c, 0xfe, 0xd1, 0xfe, 0xd1, 0xfe, 0x78, 0xff, 0x78, 0xff, 0x1e, 0x00,
  0x1e, 0x00, 0xc5, 0x00, 0xc5, 0x00, 0x6b, 0x01, 0x6b, 0x01, 0x0f, 0x02,
  0x0f, 0x02, 0xb3, 0x02, 0xb3, 0x02, 0x53, 0x03, 0x53, 0x03, 0xf1, 0x03,
  0xf1, 0x03, 0x8c, 0x04, 0x8c, 0x04, 0x22, 0x05, 0x22, 0x05, 0xb4, 0x05,
  0xb4, 0x05, 0x42, 0x06, 0x42, 0x06, 0xca, 0x06, 0xca, 0x06, 0x4d, 0x07,
  0x4d, 0x07, 0xc9, 0x07, 0xc9, 0x07, 0x3f, 0x08, 0x3f, 0x08, 0xae, 0x08,
  0xae, 0x08, 0x14, 0x09, 0x14, 0x09, 0x74, 0x09, 0x74, 0x09, 0xcb, 0x09,
  0xcb, 0x09, 0x1b, 0x0a, 0x1b, 0x0a, 0x61, 0x0a, 0x61, 0x0a, 0x9f, 0x0a,
  0x9f, 0x0a, 0xd4, 0x0a, 0xd4, 0x0a, 0x00, 0x0b, 0x00, 0x0b, 0x22, 0x0b,
  0x22, 0x0b, 0x3a, 0x0b, 0x3a, 0x0b, 0x4a, 0x0b, 0x4a, 0x0b, 0x50, 0x0b,
  0x50, 0x0b, 0x4c, 0x0b, 0x4c, 0x0b, 0x3e, 0x0b, 0x3e, 0x0b, 0x27, 0x0b,
  0x27, 0x0b, 0x07, 0x0b, 0x07, 0x0b, 0xdd, 0x0a, 0xdd, 0x0a, 0xa9, 0x0a,
  0xa9, 0x0a, 0x6d, 0x0a, 0x6d, 0x0a, 0x29, 0x0a, 0x29, 0x0a, 0xdb, 0x09,
  0xdb, 0x09, 0x85, 0x09, 0x85, 0x09, 0x27, 0x09, 0x27, 0x09, 0xc1, 0x08,
  0xc1, 0x08, 0x54, 0x08, 0x54, 0x08, 0xdf, 0x07, 0xdf, 0x07, 0x64, 0x07,
  0x64, 0x07, 0xe3, 0x06, 0xe3, 0x06, 0x5c, 0x06, 0x5c, 0x06, 0xcf, 0x05,
  0xcf, 0x05, 0x3e, 0x05, 0x3e, 0x05, 0xa7, 0x04, 0xa7, 0x04, 0x0e, 0x04,
  0x0e, 0x04, 0x71, 0x03, 0x71, 0x03, 0xd1, 0x02, 0xd1, 0x02, 0x2e, 0x02,
  0x2e, 0x02, 0x89, 0x01, 0x89, 0x01, 0xe4, 0x00, 0xe4, 0x00, 0x3d, 0x00,
  0x3d, 0x00, 0x96, 0xff, 0x96, 0xff, 0xf0, 0xfe, 0xf0, 0xfe, 0x4a, 0xfe,
  0x4a, 0xfe, 0xa6, 0xfd, 0xa6, 0xfd, 0x04, 0xfd, 0x04, 0xfd, 0x65, 0xfc,
  0x65, 0xfc, 0xc8, 0xfb, 0xc8, 0xfb, 0x30, 0xfb, 0x30, 0xfb, 0x9a, 0xfa,
  0x9a, 0xfa, 0x0a, 0xfa, 0x0a, 0xfa, 0x80, 0xf9, 0x80, 0xf9, 0xfa, 0xf8,
  0xfa, 0xf8, 0x7a, 0xf8, 0x7a, 0xf8, 0x00, 0xf8, 0x00, 0xf8, 0x8e, 0xf7,
  0x8e, 0xf7, 0x23, 0xf7, 0x23, 0xf7, 0xbf, 0xf6, 0xbf, 0xf6, 0x63, 0xf6,
  0x63, 0xf6, 0x0f, 0xf6, 0x0f, 0xf6, 0xc4, 0xf5, 0xc4, 0xf5, 0x82, 0xf5,
  0x82, 0xf5, 0x48, 0xf5, 0x48, 0xf5, 0x17, 0xf5, 0x17, 0xf5, 0xf0, 0xf4,
  0xf0, 0xf4, 0xd2, 0xf4, 0xd2, 0xf4, 0xbd, 0xf4, 0xbd, 0xf4, 0xb3, 0xf4,
  0xb3, 0xf4, 0xb1, 0xf4, 0xb1, 0xf4, 0xb9, 0xf4, 0xb9, 0xf4, 0xcb, 0xf4,
  0xcb, 0xf4, 0xe6, 0xf4, 0xe6, 0xf4, 0x0b, 0xf5, 0x0b, 0xf5, 0x3a, 0xf5,
  0x3a, 0xf5, 0x71, 0xf5, 0x71, 0xf5, 0xb0, 0xf5, 0xb0, 0xf5, 0xfa, 0xf5,
  0xfa, 0xf5, 0x4b, 0xf6, 0x4b, 0xf6, 0xa5, 0xf6, 0xa5, 0xf6, 0x07, 0xf7,
  0x07, 0xf7, 0x70, 0xf7, 0x70, 0xf7, 0xe0, 0xf7, 0xe0, 0xf7, 0x58, 0xf8,
  0x58, 0xf8, 0xd6, 0xf8, 0xd6, 0xf8, 0x5a, 0xf9, 0x5a, 0xf9, 0xe3, 0xf9,
  0xe3, 0xf9, 0x72, 0xfa, 0x72, 0xfa, 0x06, 0xfb, 0x06, 0xfb, 0x9e, 0xfb,
  0x9e, 0xfb, 0x39, 0xfc, 0x39, 0xfc, 0xd8, 0xfc, 0xd8, 0xfc, 0x79, 0xfd,
  0x79, 0xfd, 0x1d, 0xfe, 0x1d, 0xfe, 0xc2, 0xfe, 0xc2, 0xfe, 0x68, 0xff,
  0x68, 0xff, 0x0f, 0x00, 0x0f, 0x00, 0xb6, 0x00, 0xb6, 0x00, 0x5c, 0x01,
  0x5c, 0x01, 0x01, 0x02, 0x01, 0x02, 0xa3, 0x02, 0xa3, 0x02, 0x45, 0x03,
  0x45, 0x03, 0xe3, 0x03, 0xe3, 0x03, 0x7e, 0x04, 0x7e, 0x04, 0x15, 0x05,
  0x15, 0x05, 0xa7, 0x05, 0xa7, 0x05, 0x36, 0x06, 0x36, 0x06, 0xbe, 0x06,
  0xbe, 0x06, 0x41, 0x07, 0x41, 0x07, 0xbe, 0x07, 0xbe, 0x07, 0x34, 0x08,
  0x34, 0x08, 0xa3, 0x08, 0xa3, 0x08, 0x0c, 0x09, 0x0c, 0x09, 0x6c, 0x09,
  0x6c, 0x09, 0xc4, 0x09, 0xc4, 0x09, 0x14, 0x0a, 0x14, 0x0a, 0x5b, 0x0a,
  0x5b, 0x0a, 0x9a, 0x0a, 0x9a, 0x0a, 0xd0, 0x0a, 0xd0, 0x0a, 0xfc, 0x0a,
  0xfc, 0x0a, 0x1f, 0x0b, 0x1f, 0x0b, 0x39, 0x0b, 0x39, 0x0b, 0x49, 0x0b,
  0x49, 0x0b, 0x50, 0x0b, 0x50, 0x0b, 0x4d, 0x0b, 0x4d, 0x0b, 0x40, 0x0b,
  0x40, 0x0b, 0x29, 0x0b, 0x29, 0x0b, 0x0a, 0x0b, 0x0a, 0x0b, 0xe1, 0x0a,
  0xe1, 0x0a, 0xae, 0x0a, 0xae, 0x0a, 0x73, 0x0a, 0x73, 0x0a, 0x2f, 0x0a,
  0x2f, 0x0a, 0xe3, 0x09, 0xe3, 0x09, 0x8d, 0x09, 0x8d, 0x09, 0x30, 0x09,
  0x30, 0x09, 0xcb, 0x08, 0xcb, 0x08, 0x5e, 0x08, 0x5e, 0x08, 0xea, 0x07,
  0xea, 0x07, 0x70, 0x07, 0x70, 0x07, 0xef, 0x06, 0xef, 0x06, 0x68, 0x06,
  0x68, 0x06, 0xdc, 0x05, 0xdc, 0x05, 0x4b, 0x05, 0x4b, 0x05, 0xb6, 0x04,
  0xb6, 0x04, 0x1c, 0x04, 0x1c, 0x04, 0x7f, 0x03, 0x7f, 0x03, 0xdf, 0x02,
  0xdf, 0x02, 0x3d, 0x02, 0x3d, 0x02, 0x99, 0x01, 0x99, 0x01, 0xf3, 0x00,
  0xf3, 0x00, 0x4c, 0x00, 0x4c, 0x00, 0xa5, 0xff, 0xa5, 0xff, 0xff, 0xfe,
  0xff, 0xfe, 0x59, 0xfe, 0x59, 0xfe, 0xb5, 0xfd, 0xb5, 0xfd, 0x12, 0xfd,
  0x12, 0xfd, 0x73, 0xfc, 0x73, 0xfc, 0xd6, 0xfb, 0xd6, 0xfb, 0x3d, 0xfb,
  0x3d, 0xfb, 0xa8, 0xfa, 0xa8, 0xfa, 0x18, 0xfa, 0x18, 0xfa, 0x8c, 0xf9,
  0x8c, 0xf9, 0x06, 0xf9, 0x06, 0xf9, 0x85, 0xf8, 0x85, 0xf8, 0x0c, 0xf8,
  0x0c, 0xf8, 0x98, 0xf7, 0x98, 0xf7, 0x2c, 0xf7, 0x2c, 0xf7, 0xc8, 0xf6,
  0xc8, 0xf6, 0x6b, 0xf6, 0x6b, 0xf6, 0x17, 0xf6, 0x17, 0xf6, 0xcb, 0xf5,
  0xcb, 0xf5, 0x87, 0xf5, 0x87, 0xf5, 0x4d, 0xf5, 0x4d, 0xf5, 0x1b, 0xf5,
  0x1b, 0xf5, 0xf3, 0xf4, 0xf3, 0xf4, 0xd4, 0xf4, 0xd4, 0xf4, 0xbf, 0xf4,
  0xbf, 0xf4, 0xb3, 0xf4, 0xb3, 0xf4, 0xb0, 0xf4, 0xb0, 0xf4, 0xb8, 0xf4,
  0xb8, 0xf4, 0xc9, 0xf4, 0xc9, 0xf4, 0xe3, 0xf4, 0xe3, 0xf4, 0x07, 0xf5,
  0x07, 0xf5, 0x35, 0xf5, 0x35, 0xf5, 0x6b, 0xf5, 0x6b, 0xf5, 0xab, 0xf5,
  0xab, 0xf5, 0xf3, 0xf5, 0xf3, 0xf5, 0x43, 0xf6, 0x43, 0xf6, 0x9d, 0xf6,
  0x9d, 0xf6, 0xfd, 0xf6, 0xfd, 0xf6, 0x66, 0xf7, 0x66, 0xf7, 0xd6, 0xf7,
  0xd6, 0xf7, 0x4d, 0xf8, 0x4d, 0xf8, 0xca, 0xf8, 0xca, 0xf8, 0x4d, 0xf9,
  0x4d, 0xf9, 0xd7, 0xf9, 0xd7, 0xf9, 0x65, 0xfa, 0x65, 0xfa, 0xf8, 0xfa,
  0xf8, 0xfa, 0x90, 0xfb, 0x90, 0xfb, 0x2b, 0xfc, 0x2b, 0xfc, 0xca, 0xfc,
  0xca, 0xfc, 0x6a, 0xfd, 0x6a, 0xfd, 0x0d, 0xfe, 0x0d, 0xfe, 0xb3, 0xfe,
  0xb3, 0xfe, 0x59, 0xff, 0x59, 0xff, 0x00, 0x00, 0x00, 0x00, 0xa6, 0x00,
  0xa6, 0x00, 0x4c, 0x01, 0x4c, 0x01, 0xf2, 0x01, 0xf2, 0x01, 0x95, 0x02,
  0x95, 0x02, 0x36, 0x03, 0x36, 0x03, 0xd5, 0x03, 0xd5, 0x03, 0x70, 0x04,
  0x70, 0x04, 0x07, 0x05, 0x07, 0x05, 0x9b, 0x05, 0x9b, 0x05, 0x29, 0x06,
  0x29, 0x06, 0xb2, 0x06, 0xb2, 0x06, 0x36, 0x07, 0x36, 0x07, 0xb3, 0x07,
  0xb3, 0x07, 0x2a, 0x08, 0x2a, 0x08, 0x9a, 0x08, 0x9a, 0x08, 0x02, 0x09,
  0x02, 0x09, 0x63, 0x09, 0x63, 0x09, 0xbd, 0x09, 0xbd, 0x09, 0x0d, 0x0a,
  0x0d, 0x0a, 0x55, 0x0a, 0x55, 0x0a, 0x94, 0x0a, 0x94, 0x0a, 0xcb, 0x0a,
  0xcb, 0x0a, 0xf9, 0x0a, 0xf9, 0x0a, 0x1c, 0x0b, 0x1c, 0x0b, 0x37, 0x0b,
  0x37, 0x0b, 0x48, 0x0b, 0x48, 0x0b, 0x50, 0x0b, 0x50, 0x0b, 0x4d, 0x0b,
  0x4d, 0x0b, 0x41, 0x0b, 0x41, 0x0b, 0x2c, 0x0b, 0x2c, 0x0b, 0x0d, 0x0b,
  0x0d, 0x0b, 0xe5, 0x0a, 0xe5, 0x0a, 0xb3, 0x0a, 0xb3, 0x0a, 0x79, 0x0a,
  0x79, 0x0a, 0x35, 0x0a, 0x35, 0x0a, 0xea, 0x09, 0xea, 0x09, 0x95, 0x09,
  0x95, 0x09, 0x38, 0x09, 0x38, 0x09, 0xd4, 0x08, 0xd4, 0x08, 0x68, 0x08,
  0x68, 0x08, 0xf4, 0x07, 0xf4, 0x07, 0x7b, 0x07, 0x7b, 0x07, 0xfb, 0x06,
  0xfb, 0x06, 0x74, 0x06, 0x74, 0x06, 0xe9, 0x05, 0xe9, 0x05, 0x58, 0x05,
  0x58, 0x05, 0xc4, 0x04, 0xc4, 0x04, 0x2a, 0x04, 0x2a, 0x04, 0x8d, 0x03,
  0x8d, 0x03, 0xee, 0x02, 0xee, 0x02, 0x4b, 0x02, 0x4b, 0x02, 0xa8, 0x01,
  0xa8, 0x01, 0x02, 0x01, 0x02, 0x01, 0x5b, 0x00, 0x5b, 0x00, 0xb4, 0xff,
  0xb4, 0xff, 0x0e, 0xff, 0x0e, 0xff, 0x68, 0xfe, 0x68, 0xfe, 0xc4, 0xfd,
  0xc4, 0xfd, 0x21, 0xfd, 0x21, 0xfd, 0x82, 0xfc, 0x82, 0xfc, 0xe5, 0xfb,
  0xe5, 0xfb, 0x4a, 0xfb, 0x4a, 0xfb, 0xb5, 0xfa, 0xb5, 0xfa, 0x24, 0xfa,
  0x24, 0xfa, 0x98, 0xf9, 0x98, 0xf9, 0x12, 0xf9, 0x12, 0xf9, 0x91, 0xf8,
  0x91, 0xf8, 0x16, 0xf8, 0x16, 0xf8, 0xa2, 0xf7, 0xa2, 0xf7, 0x36, 0xf7,
  0x36, 0xf7, 0xd1, 0xf6, 0xd1, 0xf6, 0x74, 0xf6, 0x74, 0xf6, 0x1e, 0xf6,
  0x1e, 0xf6, 0xd1, 0xf5, 0xd1, 0xf5, 0x8d, 0xf5, 0x8d, 0xf5, 0x52, 0xf5,
  0x52, 0xf5, 0x1f, 0xf5, 0x1f, 0xf5, 0xf6, 0xf4, 0xf6, 0xf4, 0xd7, 0xf4,
  0xd7, 0xf4, 0xc0, 0xf4, 0xc0, 0xf4, 0xb3, 0xf4, 0xb3, 0xf4, 0xb0, 0xf4,
  0xb0, 0xf4, 0xb7, 0xf4, 0xb7, 0xf4, 0xc7, 0xf4, 0xc7, 0xf4, 0xe1, 0xf4,
  0xe1, 0xf4, 0x04, 0xf5, 0x04, 0xf5, 0x30, 0xf5, 0x30, 0xf5, 0x66, 0xf5,
  0x66, 0xf5, 0xa4, 0xf5, 0xa4, 0xf5, 0xec, 0xf5, 0xec, 0xf5, 0x3c, 0xf6,
  0x3c, 0xf6, 0x94, 0xf6, 0x94, 0xf6, 0xf4, 0xf6, 0xf4, 0xf6, 0x5c, 0xf7,
  0x5c, 0xf7, 0xcb, 0xf7, 0xcb, 0xf7, 0x41, 0xf8, 0x41, 0xf8, 0xbe, 0xf8,
  0xbe, 0xf8, 0x41, 0xf9, 0x41, 0xf9, 0xca, 0xf9, 0xca, 0xf9, 0x58, 0xfa,
  0x58, 0xfa, 0xeb, 0xfa, 0xeb, 0xfa, 0x82, 0xfb, 0x82, 0xfb, 0x1c, 0xfc,
  0x1c, 0xfc, 0xbb, 0xfc, 0xbb, 0xfc, 0x5c, 0xfd, 0x5c, 0xfd, 0xff, 0xfd,
  0xff, 0xfd, 0xa3, 0xfe, 0xa3, 0xfe, 0x4a, 0xff, 0x4a, 0xff, 0xf0, 0xff,
  0xf0, 0xff, 0x97, 0x00, 0x97, 0x00, 0x3d, 0x01, 0x3d, 0x01, 0xe2, 0x01,
  0xe2, 0x01, 0x86, 0x02, 0x86, 0x02, 0x27, 0x03, 0x27, 0x03, 0xc6, 0x03,
  0xc6, 0x03, 0x62, 0x04, 0x62, 0x04, 0xf9, 0x04, 0xf9, 0x04, 0x8d, 0x05,
  0x8d, 0x05, 0x1c, 0x06, 0x1c, 0x06, 0xa5, 0x06, 0xa5, 0x06, 0x2a, 0x07,
  0x2a, 0x07, 0xa7, 0x07, 0xa7, 0x07, 0x1f, 0x08, 0x1f, 0x08, 0x90, 0x08,
  0x90, 0x08, 0xf9, 0x08, 0xf9, 0x08, 0x5b, 0x09, 0x5b, 0x09, 0xb5, 0x09,
  0xb5, 0x09, 0x06, 0x0a, 0x06, 0x0a, 0x4f, 0x0a, 0x4f, 0x0a, 0x8f, 0x0a,
  0x8f, 0x0a, 0xc6, 0x0a, 0xc6, 0x0a, 0xf4, 0x0a, 0xf4, 0x0a, 0x19, 0x0b,
  0x19, 0x0b, 0x35, 0x0b, 0x35, 0x0b, 0x46, 0x0b, 0x46, 0x0b, 0x4f, 0x0b,
  0x4f, 0x0b, 0x4d, 0x0b, 0x4d, 0x0b, 0x43, 0x0b, 0x43, 0x0b, 0x2e, 0x0b,
  0x2e, 0x0b, 0x11, 0x0b, 0x11, 0x0b, 0xe9, 0x0a, 0xe9, 0x0a, 0xb8, 0x0a,
  0xb8, 0x0a, 0x7f, 0x0a, 0x7f, 0x0a, 0x3c, 0x0a, 0x3c, 0x0a, 0xf1, 0x09,
  0xf1, 0x09, 0x9d, 0x09, 0x9d, 0x09, 0x41, 0x09, 0x41, 0x09, 0xdd, 0x08,
  0xdd, 0x08, 0x72, 0x08, 0x72, 0x08, 0x00, 0x08, 0x00, 0x08, 0x86, 0x07,
  0x86, 0x07, 0x07, 0x07, 0x07, 0x07, 0x81, 0x06, 0x81, 0x06, 0xf6, 0x05,
  0xf6, 0x05, 0x66, 0x05, 0x66, 0x05, 0xd1, 0x04, 0xd1, 0x04, 0x38, 0x04,
  0x38, 0x04, 0x9c, 0x03, 0x9c, 0x03, 0xfc, 0x02, 0xfc, 0x02, 0x5a, 0x02,
  0x5a, 0x02, 0xb6, 0x01, 0xb6, 0x01, 0x11, 0x01, 0x11, 0x01, 0x6b, 0x00,
  0x6b, 0x00, 0xc3, 0xff, 0xc3, 0xff, 0x1d, 0xff, 0x1d, 0xff, 0x78, 0xfe,
  0x78, 0xfe, 0xd3, 0xfd, 0xd3, 0xfd, 0x30, 0xfd, 0x30, 0xfd, 0x90, 0xfc,
  0x90, 0xfc, 0xf3, 0xfb, 0xf3, 0xfb, 0x59, 0xfb, 0x59, 0xfb, 0xc3, 0xfa,
  0xc3, 0xfa, 0x31, 0xfa, 0x31, 0xfa, 0xa5, 0xf9, 0xa5, 0xf9, 0x1d, 0xf9,
  0x1d, 0xf9, 0x9d, 0xf8, 0x9d, 0xf8, 0x21, 0xf8, 0x21, 0xf8, 0xad, 0xf7,
  0xad, 0xf7, 0x3f, 0xf7, 0x3f, 0xf7, 0xd9, 0xf6, 0xd9, 0xf6, 0x7b, 0xf6,
  0x7b, 0xf6, 0x26, 0xf6, 0x26, 0xf6, 0xd8, 0xf5, 0xd8, 0xf5, 0x93, 0xf5,
  0x93, 0xf5, 0x57, 0xf5, 0x57, 0xf5, 0x24, 0xf5, 0x24, 0xf5, 0xf9, 0xf4,
  0xf9, 0xf4, 0xd9, 0xf4, 0xd9, 0xf4, 0xc2, 0xf4, 0xc2, 0xf4, 0xb5, 0xf4,
  0xb5, 0xf4, 0xb0, 0xf4, 0xb0, 0xf4, 0xb6, 0xf4, 0xb6, 0xf4, 0xc6, 0xf4,
  0xc6, 0xf4, 0xde, 0xf4, 0xde, 0xf4, 0x00, 0xf5, 0x00, 0xf5, 0x2c, 0xf5,
  0x2c, 0xf5, 0x61, 0xf5, 0x61, 0xf5, 0x9e, 0xf5, 0x9e, 0xf5, 0xe5, 0xf5,
  0xe5, 0xf5, 0x34, 0xf6, 0x34, 0xf6, 0x8c, 0xf6, 0x8c, 0xf6, 0xeb, 0xf6,
  0xeb, 0xf6, 0x52, 0xf7, 0x52, 0xf7, 0xc1, 0xf7, 0xc1, 0xf7, 0x37, 0xf8,
  0x37, 0xf8, 0xb2, 0xf8, 0xb2, 0xf8, 0x35, 0xf9, 0x35, 0xf9, 0xbd, 0xf9,
  0xbd, 0xf9, 0x4b, 0xfa, 0x4b, 0xfa, 0xde, 0xfa, 0xde, 0xfa, 0x73, 0xfb,
  0x73, 0xfb, 0x0e, 0xfc, 0x0e, 0xfc, 0xac, 0xfc, 0xac, 0xfc, 0x4c, 0xfd,
  0x4c, 0xfd, 0xf1, 0xfd, 0xf1, 0xfd, 0x95, 0xfe, 0x95, 0xfe, 0x3b, 0xff,
  0x3b, 0xff, 0xe2, 0xff, 0xe2, 0xff, 0x88, 0x00, 0x88, 0x00, 0x2f, 0x01,
  0x2f, 0x01, 0xd3, 0x01, 0xd3, 0x01, 0x77, 0x02, 0x77, 0x02, 0x19, 0x03,
  0x19, 0x03, 0xb8, 0x03, 0xb8, 0x03, 0x54, 0x04, 0x54, 0x04, 0xec, 0x04,
  0xec, 0x04, 0x80, 0x05, 0x80, 0x05, 0x0f, 0x06, 0x0f, 0x06, 0x99, 0x06,
  0x99, 0x06, 0x1e, 0x07, 0x1e, 0x07, 0x9d, 0x07, 0x9d, 0x07, 0x15, 0x08,
  0x15, 0x08, 0x85, 0x08, 0x85, 0x08, 0xf0, 0x08, 0xf0, 0x08, 0x52, 0x09,
  0x52, 0x09, 0xad, 0x09, 0xad, 0x09, 0xff, 0x09, 0xff, 0x09, 0x49, 0x0a,
  0x49, 0x0a, 0x8a, 0x0a, 0x8a, 0x0a, 0xc2, 0x0a, 0xc2, 0x0a, 0xf1, 0x0a,
  0xf1, 0x0a, 0x16, 0x0b, 0x16, 0x0b, 0x33, 0x0b, 0x33, 0x0b, 0x46, 0x0b,
  0x46, 0x0b, 0x4f, 0x0b, 0x4f, 0x0b, 0x4e, 0x0b, 0x4e, 0x0b, 0x44, 0x0b,
  0x44, 0x0b, 0x30, 0x0b, 0x30, 0x0b, 0x13, 0x0b, 0x13, 0x0b, 0xed, 0x0a,
  0xed, 0x0a, 0xbd, 0x0a, 0xbd, 0x0a, 0x85, 0x0a, 0x85, 0x0a, 0x43, 0x0a,
  0x43, 0x0a, 0xf8, 0x09, 0xf8, 0x09, 0xa5, 0x09, 0xa5, 0x09, 0x4a, 0x09,
  0x4a, 0x09, 0xe7, 0x08, 0xe7, 0x08, 0x7c, 0x08, 0x7c, 0x08, 0x0a, 0x08,
  0x0a, 0x08, 0x91, 0x07, 0x91, 0x07, 0x13, 0x07, 0x13, 0x07, 0x8e, 0x06,
  0x8e, 0x06, 0x03, 0x06, 0x03, 0x06, 0x73, 0x05, 0x73, 0x05, 0xdf, 0x04,
  0xdf, 0x04, 0x46, 0x04, 0x46, 0x04, 0xaa, 0x03, 0xaa, 0x03, 0x0b, 0x03,
  0x0b, 0x03, 0x69, 0x02, 0x69, 0x02, 0xc5, 0x01, 0xc5, 0x01, 0x20, 0x01,
  0x20, 0x01, 0x7a, 0x00, 0x7a, 0x00, 0xd3, 0xff, 0xd3, 0xff, 0x2c, 0xff,
  0x2c, 0xff, 0x86, 0xfe, 0x86, 0xfe, 0xe2, 0xfd, 0xe2, 0xfd, 0x3f, 0xfd,
  0x3f, 0xfd, 0x9f, 0xfc, 0x9f, 0xfc, 0x01, 0xfc, 0x01, 0xfc, 0x67, 0xfb,
  0x67, 0xfb, 0xd0, 0xfa, 0xd0, 0xfa, 0x3e, 0xfa, 0x3e, 0xfa, 0xb2, 0xf9,
  0xb2, 0xf9, 0x29, 0xf9, 0x29, 0xf9, 0xa8, 0xf8, 0xa8, 0xf8, 0x2c, 0xf8,
  0x2c, 0xf8, 0xb7, 0xf7, 0xb7, 0xf7, 0x49, 0xf7, 0x49, 0xf7, 0xe3, 0xf6,
  0xe3, 0xf6, 0x84, 0xf6, 0x84, 0xf6, 0x2d, 0xf6, 0x2d, 0xf6, 0xde, 0xf5,
  0xde, 0xf5, 0x98, 0xf5, 0x98, 0xf5, 0x5c, 0xf5, 0x5c, 0xf5, 0x28, 0xf5,
  0x28, 0xf5, 0xfd, 0xf4, 0xfd, 0xf4, 0xdc, 0xf4, 0xdc, 0xf4, 0xc4, 0xf4,
  0xc4, 0xf4, 0xb5, 0xf4, 0xb5, 0xf4, 0xb0, 0xf4, 0xb0, 0xf4, 0xb5, 0xf4,
  0xb5, 0xf4, 0xc4, 0xf4, 0xc4, 0xf4, 0xdc, 0xf4, 0xdc, 0xf4, 0xfd, 0xf4,
  0xfd, 0xf4, 0x27, 0xf5, 0x27, 0xf5, 0x5c, 0xf5, 0x5c, 0xf5, 0x98, 0xf5,
  0x98, 0xf5, 0xde, 0xf5, 0xde, 0xf5, 0x2d, 0xf6, 0x2d, 0xf6, 0x83, 0xf6,
  0x83, 0xf6, 0xe3, 0xf6, 0xe3, 0xf6, 0x48, 0xf7, 0x48, 0xf7, 0xb7, 0xf7,
  0xb7, 0xf7, 0x2c, 0xf8, 0x2c, 0xf8, 0xa7, 0xf8, 0xa7, 0xf8, 0x29, 0xf9,
  0x29, 0xf9, 0xb1, 0xf9, 0xb1, 0xf9, 0x3e, 0xfa, 0x3e, 0xfa, 0xd0, 0xfa,
  0xd0, 0xfa, 0x66, 0xfb, 0x66, 0xfb, 0x00, 0xfc, 0x00, 0xfc, 0x9e, 0xfc,
  0x9e, 0xfc, 0x3e, 0xfd, 0x3e, 0xfd, 0xe1, 0xfd, 0xe1, 0xfd, 0x86, 0xfe,
  0x86, 0xfe, 0x2c, 0xff, 0x2c, 0xff, 0xd3, 0xff, 0xd3, 0xff, 0x79, 0x00,
  0x79, 0x00, 0x1f, 0x01, 0x1f, 0x01, 0xc5, 0x01, 0xc5, 0x01, 0x69, 0x02,
  0x69, 0x02, 0x0b, 0x03, 0x0b, 0x03, 0xaa, 0x03, 0xaa, 0x03, 0x46, 0x04,
  0x46, 0x04, 0xdf, 0x04, 0xdf, 0x04, 0x72, 0x05, 0x72, 0x05, 0x03, 0x06,
  0x03, 0x06, 0x8d, 0x06, 0x8d, 0x06, 0x12, 0x07, 0x12, 0x07, 0x91, 0x07,
  0x91, 0x07, 0x0a, 0x08, 0x0a, 0x08, 0x7b, 0x08, 0x7b, 0x08, 0xe7, 0x08,
  0xe7, 0x08, 0x4a, 0x09, 0x4a, 0x09, 0xa4, 0x09, 0xa4, 0x09, 0xf8, 0x09,
  0xf8, 0x09, 0x42, 0x0a, 0x42, 0x0a, 0x84, 0x0a, 0x84, 0x0a, 0xbd, 0x0a,
  0xbd, 0x0a, 0xed, 0x0a, 0xed, 0x0a, 0x13, 0x0b, 0x13, 0x0b, 0x30, 0x0b,
  0x30, 0x0b, 0x44, 0x0b, 0x44, 0x0b, 0x4e, 0x0b, 0x4e, 0x0b, 0x4f, 0x0b,
  0x4f, 0x0b, 0x46, 0x0b, 0x46, 0x0b, 0x33, 0x0b, 0x33, 0x0b, 0x16, 0x0b,
  0x16, 0x0b, 0xf1, 0x0a, 0xf1, 0x0a, 0xc2, 0x0a, 0xc2, 0x0a, 0x8a, 0x0a,
  0x8a, 0x0a, 0x49, 0x0a, 0x49, 0x0a, 0xff, 0x09, 0xff, 0x09, 0xad, 0x09,
  0xad, 0x09, 0x52, 0x09, 0x52, 0x09, 0xf0, 0x08, 0xf0, 0x08, 0x86, 0x08,
  0x86, 0x08, 0x15, 0x08, 0x15, 0x08, 0x9d, 0x07, 0x9d, 0x07, 0x1e, 0x07,
  0x1e, 0x07, 0x9a, 0x06, 0x9a, 0x06, 0x10, 0x06, 0x10, 0x06, 0x81, 0x05,
  0x81, 0x05, 0xed, 0x04, 0xed, 0x04, 0x54, 0x04, 0x54, 0x04, 0xb8, 0x03,
  0xb8, 0x03, 0x19, 0x03, 0x19, 0x03, 0x77, 0x02, 0x77, 0x02, 0xd4, 0x01,
  0xd4, 0x01, 0x2f, 0x01, 0x2f, 0x01, 0x88, 0x00, 0x88, 0x00, 0xe2, 0xff,
  0xe2, 0xff, 0x3b, 0xff, 0x3b, 0xff, 0x95, 0xfe, 0x95, 0xfe, 0xf1, 0xfd,
  0xf1, 0xfd, 0x4d, 0xfd, 0x4d, 0xfd, 0xad, 0xfc, 0xad, 0xfc, 0x0f, 0xfc,
  0x0f, 0xfc, 0x74, 0xfb, 0x74, 0xfb, 0xde, 0xfa, 0xde, 0xfa, 0x4c, 0xfa,
  0x4c, 0xfa, 0xbe, 0xf9, 0xbe, 0xf9, 0x36, 0xf9, 0x36, 0xf9, 0xb3, 0xf8,
  0xb3, 0xf8, 0x37, 0xf8, 0x37, 0xf8, 0xc1, 0xf7, 0xc1, 0xf7, 0x52, 0xf7,
  0x52, 0xf7, 0xec, 0xf6, 0xec, 0xf6, 0x8c, 0xf6, 0x8c, 0xf6, 0x35, 0xf6,
  0x35, 0xf6, 0xe5, 0xf5, 0xe5, 0xf5, 0x9f, 0xf5, 0x9f, 0xf5, 0x61, 0xf5,
  0x61, 0xf5, 0x2c, 0xf5, 0x2c, 0xf5, 0x00, 0xf5, 0x00, 0xf5, 0xde, 0xf4,
  0xde, 0xf4, 0xc6, 0xf4, 0xc6, 0xf4, 0xb6, 0xf4, 0xb6, 0xf4, 0xb0, 0xf4,
  0xb0, 0xf4, 0xb4, 0xf4, 0xb4, 0xf4, 0xc2, 0xf4, 0xc2, 0xf4, 0xd9, 0xf4,
  0xd9, 0xf4, 0xf9, 0xf4, 0xf9, 0xf4, 0x23, 0xf5, 0x23, 0xf5, 0x57, 0xf5,
  0x57, 0xf5, 0x93, 0xf5, 0x93, 0xf5, 0xd7, 0xf5, 0xd7, 0xf5, 0x25, 0xf6,
  0x25, 0xf6, 0x7b, 0xf6, 0x7b, 0xf6, 0xd9, 0xf6, 0xd9, 0xf6, 0x3f, 0xf7,
  0x3f, 0xf7, 0xac, 0xf7, 0xac, 0xf7, 0x21, 0xf8, 0x21, 0xf8, 0x9c, 0xf8,
  0x9c, 0xf8, 0x1d, 0xf9, 0x1d, 0xf9, 0xa4, 0xf9, 0xa4, 0xf9, 0x31, 0xfa,
  0x31, 0xfa, 0xc2, 0xfa, 0xc2, 0xfa, 0x59, 0xfb, 0x59, 0xfb, 0xf2, 0xfb,
  0xf2, 0xfb, 0x8f, 0xfc, 0x8f, 0xfc, 0x2f, 0xfd, 0x2f, 0xfd, 0xd2, 0xfd,
  0xd2, 0xfd, 0x77, 0xfe, 0x77, 0xfe, 0x1c, 0xff, 0x1c, 0xff, 0xc3, 0xff,
  0xc3, 0xff, 0x6a, 0x00, 0x6a, 0x00, 0x10, 0x01, 0x10, 0x01, 0xb6, 0x01,
  0xb6, 0x01, 0x5a, 0x02, 0x5a, 0x02, 0xfc, 0x02, 0xfc, 0x02, 0x9b, 0x03,
  0x9b, 0x03, 0x38, 0x04, 0x38, 0x04, 0xd0, 0x04, 0xd0, 0x04, 0x66, 0x05,
  0x66, 0x05, 0xf6, 0x05, 0xf6, 0x05, 0x80, 0x06, 0x80, 0x06, 0x06, 0x07,
  0x06, 0x07, 0x86, 0x07, 0x86, 0x07, 0x00, 0x08, 0x00, 0x08, 0x72, 0x08,
  0x72, 0x08, 0xdd, 0x08, 0xdd, 0x08, 0x41, 0x09, 0x41, 0x09, 0x9d, 0x09,
  0x9d, 0x09, 0xf1, 0x09, 0xf1, 0x09, 0x3c, 0x0a, 0x3c, 0x0a, 0x7e, 0x0a,
  0x7e, 0x0a, 0xb8, 0x0a, 0xb8, 0x0a, 0xe9, 0x0a, 0xe9, 0x0a, 0x10, 0x0b,
  0x10, 0x0b, 0x2e, 0x0b, 0x2e, 0x0b, 0x43, 0x0b, 0x43, 0x0b, 0x4d, 0x0b,
  0x4d, 0x0b, 0x4f, 0x0b, 0x4f, 0x0b, 0x47, 0x0b, 0x47, 0x0b, 0x35, 0x0b,
  0x35, 0x0b, 0x1a, 0x0b, 0x1a, 0x0b, 0xf5, 0x0a, 0xf5, 0x0a, 0xc6, 0x0a,
  0xc6, 0x0a, 0x8f, 0x0a, 0x8f, 0x0a, 0x50, 0x0a, 0x50, 0x0a, 0x06, 0x0a,
  0x06, 0x0a, 0xb5, 0x09, 0xb5, 0x09, 0x5b, 0x09, 0x5b, 0x09, 0xf9, 0x08,
  0xf9, 0x08, 0x90, 0x08, 0x90, 0x08, 0x20, 0x08, 0x20, 0x08, 0xa8, 0x07,
  0xa8, 0x07, 0x2a, 0x07, 0x2a, 0x07, 0xa6, 0x06, 0xa6, 0x06, 0x1d, 0x06,
  0x1d, 0x06, 0x8e, 0x05, 0x8e, 0x05, 0xfa, 0x04, 0xfa, 0x04, 0x62, 0x04,
  0x62, 0x04, 0xc7, 0x03, 0xc7, 0x03, 0x28, 0x03, 0x28, 0x03, 0x87, 0x02,
  0x87, 0x02, 0xe3, 0x01, 0xe3, 0x01, 0x3e, 0x01, 0x3e, 0x01, 0x98, 0x00,
  0x98, 0x00, 0xf1, 0xff, 0xf1, 0xff, 0x4a, 0xff, 0x4a, 0xff, 0xa4, 0xfe,
  0xa4, 0xfe, 0xff, 0xfd, 0xff, 0xfd, 0x5d, 0xfd, 0x5d, 0xfd, 0xbb, 0xfc,
  0xbb, 0xfc, 0x1d, 0xfc, 0x1d, 0xfc, 0x82, 0xfb, 0x82, 0xfb, 0xeb, 0xfa,
  0xeb, 0xfa, 0x59, 0xfa, 0x59, 0xfa, 0xca, 0xf9, 0xca, 0xf9, 0x42, 0xf9,
  0x42, 0xf9, 0xbf, 0xf8, 0xbf, 0xf8, 0x42, 0xf8, 0x42, 0xf8, 0xcc, 0xf7,
  0xcc, 0xf7, 0x5d, 0xf7, 0x5d, 0xf7, 0xf4, 0xf6, 0xf4, 0xf6, 0x94, 0xf6,
  0x94, 0xf6, 0x3c, 0xf6, 0x3c, 0xf6, 0xec, 0xf5, 0xec, 0xf5, 0xa5, 0xf5,
  0xa5, 0xf5, 0x66, 0xf5, 0x66, 0xf5, 0x30, 0xf5, 0x30, 0xf5, 0x04, 0xf5,
  0x04, 0xf5, 0xe1, 0xf4, 0xe1, 0xf4, 0xc7, 0xf4, 0xc7, 0xf4, 0xb7, 0xf4,
  0xb7, 0xf4, 0xb0, 0xf4, 0xb0, 0xf4, 0xb3, 0xf4, 0xb3, 0xf4, 0xc0, 0xf4,
  0xc0, 0xf4, 0xd7, 0xf4, 0xd7, 0xf4, 0xf6, 0xf4, 0xf6, 0xf4, 0x1f, 0xf5,
  0x1f, 0xf5, 0x52, 0xf5, 0x52, 0xf5, 0x8d, 0xf5, 0x8d, 0xf5, 0xd1, 0xf5,
  0xd1, 0xf5, 0x1d, 0xf6, 0x1d, 0xf6, 0x73, 0xf6, 0x73, 0xf6, 0xd0, 0xf6,
  0xd0, 0xf6, 0x35, 0xf7, 0x35, 0xf7, 0xa2, 0xf7, 0xa2, 0xf7, 0x16, 0xf8,
  0x16, 0xf8, 0x90, 0xf8, 0x90, 0xf8, 0x11, 0xf9, 0x11, 0xf9, 0x98, 0xf9,
  0x98, 0xf9, 0x24, 0xfa, 0x24, 0xfa, 0xb5, 0xfa, 0xb5, 0xfa, 0x4a, 0xfb,
  0x4a, 0xfb, 0xe4, 0xfb, 0xe4, 0xfb, 0x81, 0xfc, 0x81, 0xfc, 0x21, 0xfd,
  0x21, 0xfd, 0xc3, 0xfd, 0xc3, 0xfd, 0x67, 0xfe, 0x67, 0xfe, 0x0d, 0xff,
  0x0d, 0xff, 0xb4, 0xff, 0xb4, 0xff, 0x5b, 0x00, 0x5b, 0x00, 0x01, 0x01,
  0x01, 0x01, 0xa7, 0x01, 0xa7, 0x01, 0x4b, 0x02, 0x4b, 0x02, 0xee, 0x02,
  0xee, 0x02, 0x8d, 0x03, 0x8d, 0x03, 0x2a, 0x04, 0x2a, 0x04, 0xc3, 0x04,
  0xc3, 0x04, 0x58, 0x05, 0x58, 0x05, 0xe8, 0x05, 0xe8, 0x05, 0x74, 0x06,
  0x74, 0x06, 0xfa, 0x06, 0xfa, 0x06, 0x7b, 0x07, 0x7b, 0x07, 0xf4, 0x07,
  0xf4, 0x07, 0x68, 0x08, 0x68, 0x08, 0xd4, 0x08, 0xd4, 0x08, 0x38, 0x09,
  0x38, 0x09, 0x95, 0x09, 0x95, 0x09, 0xe9, 0x09, 0xe9, 0x09, 0x35, 0x0a,
  0x35, 0x0a, 0x79, 0x0a, 0x79, 0x0a, 0xb3, 0x0a, 0xb3, 0x0a, 0xe5, 0x0a,
  0xe5, 0x0a, 0x0d, 0x0b, 0x0d, 0x0b, 0x2c, 0x0b, 0x2c, 0x0b, 0x41, 0x0b,
  0x41, 0x0b, 0x4d, 0x0b, 0x4d, 0x0b, 0x50, 0x0b, 0x50, 0x0b, 0x48, 0x0b,
  0x48, 0x0b, 0x37, 0x0b, 0x37, 0x0b, 0x1d, 0x0b, 0x1d, 0x0b, 0xf9, 0x0a,
  0xf9, 0x0a, 0xcb, 0x0a, 0xcb, 0x0a, 0x95, 0x0a, 0x95, 0x0a, 0x55, 0x0a,
  0x55, 0x0a, 0x0d, 0x0a, 0x0d, 0x0a, 0xbd, 0x09, 0xbd, 0x09, 0x63, 0x09,
  0x63, 0x09, 0x03, 0x09, 0x03, 0x09, 0x9a, 0x08, 0x9a, 0x08, 0x2a, 0x08,
  0x2a, 0x08, 0xb3, 0x07, 0xb3, 0x07, 0x36, 0x07, 0x36, 0x07, 0xb3, 0x06,
  0xb3, 0x06, 0x29, 0x06, 0x29, 0x06, 0x9b, 0x05, 0x9b, 0x05, 0x08, 0x05,
  0x08, 0x05, 0x70, 0x04, 0x70, 0x04, 0xd5, 0x03, 0xd5, 0x03, 0x36, 0x03,
  0x36, 0x03, 0x96, 0x02, 0x96, 0x02, 0xf3, 0x01, 0xf3, 0x01, 0x4d, 0x01,
  0x4d, 0x01, 0xa7, 0x00, 0xa7, 0x00, 0x00, 0x00, 0x00, 0x00, 0x5a, 0xff,
  0x5a, 0xff, 0xb4, 0xfe, 0xb4, 0xfe, 0x0e, 0xfe, 0x0e, 0xfe, 0x6b, 0xfd,
  0x6b, 0xfd, 0xca, 0xfc, 0xca, 0xfc, 0x2b, 0xfc, 0x2b, 0xfc, 0x90, 0xfb,
  0x90, 0xfb, 0xf9, 0xfa, 0xf9, 0xfa, 0x65, 0xfa, 0x65, 0xfa, 0xd7, 0xf9,
  0xd7, 0xf9, 0x4e, 0xf9, 0x4e, 0xf9, 0xca, 0xf8, 0xca, 0xf8, 0x4d, 0xf8,
  0x4d, 0xf8, 0xd6, 0xf7, 0xd6, 0xf7, 0x66, 0xf7, 0x66, 0xf7, 0xfe, 0xf6,
  0xfe, 0xf6, 0x9d, 0xf6, 0x9d, 0xf6, 0x43, 0xf6, 0x43, 0xf6, 0xf3, 0xf5,
  0xf3, 0xf5, 0xab, 0xf5, 0xab, 0xf5, 0x6c, 0xf5, 0x6c, 0xf5, 0x35, 0xf5,
  0x35, 0xf5, 0x07, 0xf5, 0x07, 0xf5, 0xe4, 0xf4, 0xe4, 0xf4, 0xc9, 0xf4,
  0xc9, 0xf4, 0xb8, 0xf4, 0xb8, 0xf4, 0xb0, 0xf4, 0xb0, 0xf4, 0xb3, 0xf4,
  0xb3, 0xf4, 0xbf, 0xf4, 0xbf, 0xf4, 0xd4, 0xf4, 0xd4, 0xf4, 0xf3, 0xf4,
  0xf3, 0xf4, 0x1b, 0xf5, 0x1b, 0xf5, 0x4d, 0xf5, 0x4d, 0xf5, 0x87, 0xf5,
  0x87, 0xf5, 0xcb, 0xf5, 0xcb, 0xf5, 0x16, 0xf6, 0x16, 0xf6, 0x6b, 0xf6,
  0x6b, 0xf6, 0xc8, 0xf6, 0xc8, 0xf6, 0x2c, 0xf7, 0x2c, 0xf7, 0x98, 0xf7,
  0x98, 0xf7, 0x0c, 0xf8, 0x0c, 0xf8, 0x85, 0xf8, 0x85, 0xf8, 0x05, 0xf9,
  0x05, 0xf9, 0x8c, 0xf9, 0x8c, 0xf9, 0x17, 0xfa, 0x17, 0xfa, 0xa8, 0xfa,
  0xa8, 0xfa, 0x3c, 0xfb, 0x3c, 0xfb, 0xd6, 0xfb, 0xd6, 0xfb, 0x73, 0xfc,
  0x73, 0xfc, 0x12, 0xfd, 0x12, 0xfd, 0xb5, 0xfd, 0xb5, 0xfd, 0x58, 0xfe,
  0x58, 0xfe, 0xfe, 0xfe, 0xfe, 0xfe, 0xa5, 0xff, 0xa5, 0xff, 0x4c, 0x00,
  0x4c, 0x00, 0xf2, 0x00, 0xf2, 0x00, 0x98, 0x01, 0x98, 0x01, 0x3c, 0x02,
  0x3c, 0x02, 0xdf, 0x02, 0xdf, 0x02, 0x7e, 0x03, 0x7e, 0x03, 0x1b, 0x04,
  0x1b, 0x04, 0xb6, 0x04, 0xb6, 0x04, 0x4b, 0x05, 0x4b, 0x05, 0xdc, 0x05,
  0xdc, 0x05, 0x68, 0x06, 0x68, 0x06, 0xee, 0x06, 0xee, 0x06, 0x6f, 0x07,
  0x6f, 0x07, 0xea, 0x07, 0xea, 0x07, 0x5e, 0x08, 0x5e, 0x08, 0xca, 0x08,
  0xca, 0x08, 0x2f, 0x09, 0x2f, 0x09, 0x8c, 0x09, 0x8c, 0x09, 0xe2, 0x09,
  0xe2, 0x09, 0x2f, 0x0a, 0x2f, 0x0a, 0x73, 0x0a, 0x73, 0x0a, 0xae, 0x0a,
  0xae, 0x0a, 0xe1, 0x0a, 0xe1, 0x0a, 0x0a, 0x0b, 0x0a, 0x0b, 0x29, 0x0b,
  0x29, 0x0b, 0x40, 0x0b, 0x40, 0x0b, 0x4d, 0x0b, 0x4d, 0x0b, 0x50, 0x0b,
  0x50, 0x0b, 0x49, 0x0b, 0x49, 0x0b, 0x39, 0x0b, 0x39, 0x0b, 0x1f, 0x0b,
  0x1f, 0x0b, 0xfc, 0x0a, 0xfc, 0x0a, 0xd0, 0x0a, 0xd0, 0x0a, 0x9a, 0x0a,
  0x9a, 0x0a, 0x5c, 0x0a, 0x5c, 0x0a, 0x14, 0x0a, 0x14, 0x0a, 0xc4, 0x09,
  0xc4, 0x09, 0x6c, 0x09, 0x6c, 0x09, 0x0c, 0x09, 0x0c, 0x09, 0xa4, 0x08,
  0xa4, 0x08, 0x35, 0x08, 0x35, 0x08, 0xbf, 0x07, 0xbf, 0x07, 0x42, 0x07,
  0x42, 0x07, 0xbf, 0x06, 0xbf, 0x06, 0x36, 0x06, 0x36, 0x06, 0xa8, 0x05,
  0xa8, 0x05, 0x15, 0x05, 0x15, 0x05, 0x7e, 0x04, 0x7e, 0x04, 0xe4, 0x03,
  0xe4, 0x03, 0x45, 0x03, 0x45, 0x03, 0xa4, 0x02, 0xa4, 0x02, 0x01, 0x02,
  0x01, 0x02, 0x5d, 0x01, 0x5d, 0x01, 0xb6, 0x00, 0xb6, 0x00, 0x10, 0x00,
  0x10, 0x00, 0x69, 0xff, 0x69, 0xff, 0xc3, 0xfe, 0xc3, 0xfe, 0x1e, 0xfe,
  0x1e, 0xfe, 0x7a, 0xfd, 0x7a, 0xfd, 0xd9, 0xfc, 0xd9, 0xfc, 0x3a, 0xfc,
  0x3a, 0xfc, 0x9e, 0xfb, 0x9e, 0xfb, 0x07, 0xfb, 0x07, 0xfb, 0x73, 0xfa,
  0x73, 0xfa, 0xe4, 0xf9, 0xe4, 0xf9, 0x5b, 0xf9, 0x5b, 0xf9, 0xd6, 0xf8,
  0xd6, 0xf8, 0x59, 0xf8, 0x59, 0xf8, 0xe1, 0xf7, 0xe1, 0xf7, 0x70, 0xf7,
  0x70, 0xf7, 0x07, 0xf7, 0x07, 0xf7, 0xa5, 0xf6, 0xa5, 0xf6, 0x4b, 0xf6,
  0x4b, 0xf6, 0xfa, 0xf5, 0xfa, 0xf5, 0xb1, 0xf5, 0xb1, 0xf5, 0x71, 0xf5,
  0x71, 0xf5, 0x3a, 0xf5, 0x3a, 0xf5, 0x0c, 0xf5, 0x0c, 0xf5, 0xe7, 0xf4,
  0xe7, 0xf4, 0xcb, 0xf4, 0xcb, 0xf4, 0xba, 0xf4, 0xba, 0xf4, 0xb1, 0xf4,
  0xb1, 0xf4, 0xb3, 0xf4, 0xb3, 0xf4, 0xbd, 0xf4, 0xbd, 0xf4, 0xd2, 0xf4,
  0xd2, 0xf4, 0xef, 0xf4, 0xef, 0xf4, 0x17, 0xf5, 0x17, 0xf5, 0x48, 0xf5,
  0x48, 0xf5, 0x81, 0xf5, 0x81, 0xf5, 0xc4, 0xf5, 0xc4, 0xf5, 0x0f, 0xf6,
  0x0f, 0xf6, 0x63, 0xf6, 0x63, 0xf6, 0xbf, 0xf6, 0xbf, 0xf6, 0x23, 0xf7,
  0x23, 0xf7, 0x8e, 0xf7, 0x8e, 0xf7, 0x00, 0xf8, 0x00, 0xf8, 0x7a, 0xf8,
  0x7a, 0xf8, 0xf9, 0xf8, 0xf9, 0xf8, 0x7f, 0xf9, 0x7f, 0xf9, 0x0a, 0xfa,
  0x0a, 0xfa, 0x9a, 0xfa, 0x9a, 0xfa, 0x2f, 0xfb, 0x2f, 0xfb, 0xc8, 0xfb,
  0xc8, 0xfb, 0x64, 0xfc, 0x64, 0xfc, 0x04, 0xfd, 0x04, 0xfd, 0xa6, 0xfd,
  0xa6, 0xfd, 0x4a, 0xfe, 0x4a, 0xfe, 0xef, 0xfe, 0xef, 0xfe, 0x95, 0xff,
  0x95, 0xff, 0x3d, 0x00, 0x3d, 0x00, 0xe3, 0x00, 0xe3, 0x00, 0x88, 0x01,
  0x88, 0x01, 0x2d, 0x02, 0x2d, 0x02, 0xd0, 0x02, 0xd0, 0x02, 0x70, 0x03,
  0x70, 0x03, 0x0d, 0x04, 0x0d, 0x04, 0xa7, 0x04, 0xa7, 0x04, 0x3d, 0x05,
  0x3d, 0x05, 0xcf, 0x05, 0xcf, 0x05, 0x5b, 0x06, 0x5b, 0x06, 0xe3, 0x06,
  0xe3, 0x06, 0x63, 0x07, 0x63, 0x07, 0xdf, 0x07, 0xdf, 0x07, 0x53, 0x08,
  0x53, 0x08, 0xc1, 0x08, 0xc1, 0x08, 0x27, 0x09, 0x27, 0x09, 0x85, 0x09,
  0x85, 0x09, 0xda, 0x09, 0xda, 0x09, 0x28, 0x0a, 0x28, 0x0a, 0x6d, 0x0a,
  0x6d, 0x0a, 0xa9, 0x0a, 0xa9, 0x0a, 0xdc, 0x0a, 0xdc, 0x0a, 0x07, 0x0b,
  0x07, 0x0b, 0x27, 0x0b, 0x27, 0x0b, 0x3e, 0x0b, 0x3e, 0x0b, 0x4b, 0x0b,
  0x4b, 0x0b, 0x50, 0x0b, 0x50, 0x0b, 0x4a, 0x0b, 0x4a, 0x0b, 0x3a, 0x0b,
  0x3a, 0x0b, 0x22, 0x0b, 0x22, 0x0b, 0x00, 0x0b, 0x00, 0x0b, 0xd4, 0x0a,
  0xd4, 0x0a, 0x9f, 0x0a, 0x9f, 0x0a, 0x62, 0x0a, 0x62, 0x0a, 0x1b, 0x0a,
  0x1b, 0x0a, 0xcc, 0x09, 0xcc, 0x09, 0x74, 0x09, 0x74, 0x09, 0x15, 0x09,
  0x15, 0x09, 0xae, 0x08, 0xae, 0x08, 0x3f, 0x08, 0x3f, 0x08, 0xc9, 0x07,
  0xc9, 0x07, 0x4e, 0x07, 0x4e, 0x07, 0xcb, 0x06, 0xcb, 0x06, 0x43, 0x06,
  0x43, 0x06, 0xb5, 0x05, 0xb5, 0x05, 0x22, 0x05, 0x22, 0x05, 0x8d, 0x04,
  0x8d, 0x04, 0xf2, 0x03, 0xf2, 0x03, 0x54, 0x03, 0x54, 0x03, 0xb4, 0x02,
  0xb4, 0x02, 0x0f, 0x02, 0x0f, 0x02, 0x6b, 0x01, 0x6b, 0x01, 0xc5, 0x00,
  0xc5, 0x00, 0x1e, 0x00, 0x1e, 0x00, 0x78, 0xff, 0x78, 0xff, 0xd1, 0xfe,
  0xd1, 0xfe, 0x2d, 0xfe, 0x2d, 0xfe, 0x89, 0xfd, 0x89, 0xfd, 0xe7, 0xfc,
  0xe7, 0xfc, 0x48, 0xfc, 0x48, 0xfc, 0xac, 0xfb, 0xac, 0xfb, 0x14, 0xfb,
  0x14, 0xfb, 0x80, 0xfa, 0x80, 0xfa, 0xf1, 0xf9, 0xf1, 0xf9, 0x67, 0xf9,
  0x67, 0xf9, 0xe2, 0xf8, 0xe2, 0xf8, 0x63, 0xf8, 0x63, 0xf8, 0xeb, 0xf7,
  0xeb, 0xf7, 0x7b, 0xf7, 0x7b, 0xf7, 0x10, 0xf7, 0x10, 0xf7, 0xae, 0xf6,
  0xae, 0xf6, 0x53, 0xf6, 0x53, 0xf6, 0x01, 0xf6, 0x01, 0xf6, 0xb7, 0xf5,
  0xb7, 0xf5, 0x76, 0xf5, 0x76, 0xf5, 0x3e, 0xf5, 0x3e, 0xf5, 0x0f, 0xf5,
  0x0f, 0xf5, 0xea, 0xf4, 0xea, 0xf4, 0xcd, 0xf4, 0xcd, 0xf4, 0xba, 0xf4,
  0xba, 0xf4, 0xb1, 0xf4, 0xb1, 0xf4, 0xb2, 0xf4, 0xb2, 0xf4, 0xbc, 0xf4,
  0xbc, 0xf4, 0xd0, 0xf4, 0xd0, 0xf4, 0xed, 0xf4, 0xed, 0xf4, 0x13, 0xf5,
  0x13, 0xf5, 0x43, 0xf5, 0x43, 0xf5, 0x7b, 0xf5, 0x7b, 0xf5, 0xbd, 0xf5,
  0xbd, 0xf5, 0x08, 0xf6, 0x08, 0xf6, 0x5b, 0xf6, 0x5b, 0xf6, 0xb6, 0xf6,
  0xb6, 0xf6, 0x19, 0xf7, 0x19, 0xf7, 0x84, 0xf7, 0x84, 0xf7, 0xf6, 0xf7,
  0xf6, 0xf7, 0x6f, 0xf8, 0x6f, 0xf8, 0xed, 0xf8, 0xed, 0xf8, 0x72, 0xf9,
  0x72, 0xf9, 0xfd, 0xf9, 0xfd, 0xf9, 0x8d, 0xfa, 0x8d, 0xfa, 0x21, 0xfb,
  0x21, 0xfb, 0xba, 0xfb, 0xba, 0xfb, 0x56, 0xfc, 0x56, 0xfc, 0xf5, 0xfc,
  0xf5, 0xfc, 0x97, 0xfd, 0x97, 0xfd, 0x3b, 0xfe, 0x3b, 0xfe, 0xe0, 0xfe,
  0xe0, 0xfe, 0x86, 0xff, 0x86, 0xff, 0x2d, 0x00, 0x2d, 0x00, 0xd4, 0x00,
  0xd4, 0x00, 0x7a, 0x01, 0x7a, 0x01, 0x1e, 0x02, 0x1e, 0x02, 0xc1, 0x02,
  0xc1, 0x02, 0x61, 0x03, 0x61, 0x03, 0xff, 0x03, 0xff, 0x03, 0x99, 0x04,
  0x99, 0x04, 0x30, 0x05, 0x30, 0x05, 0xc2, 0x05, 0xc2, 0x05, 0x4e, 0x06,
  0x4e, 0x06, 0xd7, 0x06, 0xd7, 0x06, 0x58, 0x07, 0x58, 0x07, 0xd4, 0x07,
  0xd4, 0x07, 0x49, 0x08, 0x49, 0x08, 0xb7, 0x08, 0xb7, 0x08, 0x1d, 0x09,
  0x1d, 0x09, 0x7c, 0x09, 0x7c, 0x09, 0xd3, 0x09, 0xd3, 0x09, 0x22, 0x0a,
  0x22, 0x0a, 0x68, 0x0a, 0x68, 0x0a, 0xa4, 0x0a, 0xa4, 0x0a, 0xd8, 0x0a,
  0xd8, 0x0a, 0x03, 0x0b, 0x03, 0x0b, 0x24, 0x0b, 0x24, 0x0b, 0x3c, 0x0b,
  0x3c, 0x0b, 0x4b, 0x0b, 0x4b, 0x0b, 0x50, 0x0b, 0x50, 0x0b, 0x4b, 0x0b,
  0x4b, 0x0b, 0x3c, 0x0b, 0x3c, 0x0b, 0x24, 0x0b, 0x24, 0x0b, 0x03, 0x0b,
  0x03, 0x0b, 0xd9, 0x0a, 0xd9, 0x0a, 0xa4, 0x0a, 0xa4, 0x0a, 0x68, 0x0a,
  0x68, 0x0a, 0x22, 0x0a, 0x22, 0x0a, 0xd3, 0x09, 0xd3, 0x09, 0x7d, 0x09,
  0x7d, 0x09, 0x1d, 0x09, 0x1d, 0x09, 0xb8, 0x08, 0xb8, 0x08, 0x49, 0x08,
  0x49, 0x08, 0xd4, 0x07, 0xd4, 0x07, 0x59, 0x07, 0x59, 0x07, 0xd7, 0x06,
  0xd7, 0x06, 0x4f, 0x06, 0x4f, 0x06, 0xc2, 0x05, 0xc2, 0x05, 0x30, 0x05,
  0x30, 0x05, 0x9a, 0x04, 0x9a, 0x04, 0x00, 0x04, 0x00, 0x04, 0x62, 0x03,
  0x62, 0x03, 0xc2, 0x02, 0xc2, 0x02, 0x1f, 0x02, 0x1f, 0x02, 0x7a, 0x01,
  0x7a, 0x01, 0xd4, 0x00, 0xd4, 0x00, 0x2d, 0x00, 0x2d, 0x00, 0x87, 0xff,
  0x87, 0xff, 0xe1, 0xfe, 0xe1, 0xfe, 0x3b, 0xfe, 0x3b, 0xfe, 0x97, 0xfd,
  0x97, 0xfd, 0xf5, 0xfc, 0xf5, 0xfc, 0x56, 0xfc, 0x56, 0xfc, 0xba, 0xfb,
  0xba, 0xfb, 0x21, 0xfb, 0x21, 0xfb, 0x8e, 0xfa, 0x8e, 0xfa, 0xfd, 0xf9,
  0xfd, 0xf9, 0x73, 0xf9, 0x73, 0xf9, 0xee, 0xf8, 0xee, 0xf8, 0x6f, 0xf8,
  0x6f, 0xf8, 0xf6, 0xf7, 0xf6, 0xf7, 0x85, 0xf7, 0x85, 0xf7, 0x19, 0xf7,
  0x19, 0xf7, 0xb6, 0xf6, 0xb6, 0xf6, 0x5c, 0xf6, 0x5c, 0xf6, 0x08, 0xf6,
  0x08, 0xf6, 0xbe, 0xf5, 0xbe, 0xf5, 0x7c, 0xf5, 0x7c, 0xf5, 0x43, 0xf5,
  0x43, 0xf5, 0x13, 0xf5, 0x13, 0xf5, 0xed, 0xf4, 0xed, 0xf4, 0xd0, 0xf4,
  0xd0, 0xf4, 0xbc, 0xf4, 0xbc, 0xf4, 0xb2, 0xf4, 0xb2, 0xf4, 0xb1, 0xf4,
  0xb1, 0xf4, 0xba, 0xf4, 0xba, 0xf4, 0xcd, 0xf4, 0xcd, 0xf4, 0xea, 0xf4,
  0xea, 0xf4, 0x0f, 0xf5, 0x0f, 0xf5, 0x3e, 0xf5, 0x3e, 0xf5, 0x76, 0xf5,
  0x76, 0xf5, 0xb7, 0xf5, 0xb7, 0xf5, 0x01, 0xf6, 0x01, 0xf6, 0x53, 0xf6,
  0x53, 0xf6, 0xae, 0xf6, 0xae, 0xf6, 0x10, 0xf7, 0x10, 0xf7, 0x7a, 0xf7,
  0x7a, 0xf7, 0xeb, 0xf7, 0xeb, 0xf7, 0x63, 0xf8, 0x63, 0xf8, 0xe2, 0xf8,
  0xe2, 0xf8, 0x66, 0xf9, 0x66, 0xf9, 0xf0, 0xf9, 0xf0, 0xf9, 0x7f, 0xfa,
  0x7f, 0xfa, 0x13, 0xfb, 0x13, 0xfb, 0xac, 0xfb, 0xac, 0xfb, 0x48, 0xfc,
  0x48, 0xfc, 0xe7, 0xfc, 0xe7, 0xfc, 0x89, 0xfd, 0x89, 0xfd, 0x2c, 0xfe,
  0x2c, 0xfe, 0xd1, 0xfe, 0xd1, 0xfe, 0x78, 0xff, 0x78, 0xff, 0x1e, 0x00,
  0x1e, 0x00, 0xc5, 0x00, 0xc5, 0x00, 0x6b, 0x01, 0x6b, 0x01, 0x0f, 0x02,
  0x0f, 0x02, 0xb3, 0x02, 0xb3, 0x02, 0x53, 0x03, 0x53, 0x03, 0xf1, 0x03,
  0xf1, 0x03, 0x8c, 0x04, 0x8c, 0x04, 0x22, 0x05, 0x22, 0x05, 0xb4, 0x05,
  0xb4, 0x05, 0x42, 0x06, 0x42, 0x06, 0xca, 0x06, 0xca, 0x06, 0x4d, 0x07,
  0x4d, 0x07, 0xc9, 0x07, 0xc9, 0x07, 0x3f, 0x08, 0x3f, 0x08, 0xae, 0x08,
  0xae, 0x08, 0x14, 0x09, 0x14, 0x09, 0x74, 0x09, 0x74, 0x09, 0xcb, 0x09,
  0xcb, 0x09, 0x1b, 0x0a, 0x1b, 0x0a, 0x61, 0x0a, 0x61, 0x0a, 0x9f, 0x0a,
  0x9f, 0x0a, 0xd4, 0x0a, 0xd4, 0x0a, 0x00, 0x0b, 0x00, 0x0b, 0x22, 0x0b,
  0x22, 0x0b, 0x3a, 0x0b, 0x3a, 0x0b, 0x4a, 0x0b, 0x4a, 0x0b, 0x50, 0x0b,
  0x50, 0x0b, 0x4c, 0x0b, 0x4c, 0x0b, 0x3e, 0x0b, 0x3e, 0x0b, 0x27, 0x0b,
  0x27, 0x0b, 0x07, 0x0b, 0x07, 0x0b, 0xdd, 0x0a, 0xdd, 0x0a, 0xa9, 0x0a,
  0xa9, 0x0a, 0x6d, 0x0a, 0x6d, 0x0a, 0x29, 0x0a, 0x29, 0x0a, 0xdb, 0x09,
  0xdb, 0x09, 0x85, 0x09, 0x85, 0x09, 0x27, 0x09, 0x27, 0x09, 0xc1, 0x08,
  0xc1, 0x08, 0x54, 0x08, 0x54, 0x08, 0xdf, 0x07, 0xdf, 0x07, 0x64, 0x07,
  0x64, 0x07, 0xe3, 0x06, 0xe3, 0x06, 0x5c, 0x06, 0x5c, 0x06, 0xcf, 0x05,
  0xcf, 0x05, 0x3e, 0x05, 0x3e, 0x05, 0xa7, 0x04, 0xa7, 0x04, 0x0e, 0x04,
  0x0e, 0x04, 0x71, 0x03, 0x71, 0x03, 0xd1, 0x02, 0xd1, 0x02, 0x2e, 0x02,
  0x2e, 0x02, 0x89, 0x01, 0x89, 0x01, 0xe4, 0x00, 0xe4, 0x00, 0x3d, 0x00,
  0x3d, 0x00, 0x96, 0xff, 0x96, 0xff, 0xf0, 0xfe, 0xf0, 0xfe, 0x4a, 0xfe,
  0x4a, 0xfe, 0xa6, 0xfd, 0xa6, 0xfd, 0x04, 0xfd, 0x04, 0xfd, 0x65, 0xfc,
  0x65, 0xfc, 0xc8, 0xfb, 0xc8, 0xfb, 0x30, 0xfb, 0x30, 0xfb, 0x9a, 0xfa,
  0x9a, 0xfa, 0x0a, 0xfa, 0x0a, 0xfa, 0x80, 0xf9, 0x80, 0xf9, 0xfa, 0xf8,
  0xfa, 0xf8, 0x7a, 0xf8, 0x7a, 0xf8, 0x00, 0xf8, 0x00, 0xf8, 0x8e, 0xf7,
  0x8e, 0xf7, 0x23, 0xf7, 0x23, 0xf7, 0xbf, 0xf6, 0xbf, 0xf6, 0x63, 0xf6,
  0x63, 0xf6, 0x0f, 0xf6, 0x0f, 0xf6, 0xc4, 0xf5, 0xc4, 0xf5, 0x82, 0xf5,
  0x82, 0xf5, 0x48, 0xf5, 0x48, 0xf5, 0x17, 0xf5, 0x17, 0xf5, 0xf0, 0xf4,
  0xf0, 0xf4, 0xd2, 0xf4, 0xd2, 0xf4, 0xbd, 0xf4, 0xbd, 0xf4, 0xb3, 0xf4,
  0xb3, 0xf4, 0xb1, 0xf4, 0xb1, 0xf4, 0xb9, 0xf4, 0xb9, 0xf4, 0xcb, 0xf4,
  0xcb, 0xf4, 0xe6, 0xf4, 0xe6, 0xf4, 0x0b, 0xf5, 0x0b, 0xf5, 0x3a, 0xf5,
  0x3a, 0xf5, 0x71, 0xf5, 0x71, 0xf5, 0xb0, 0xf5, 0xb0, 0xf5, 0xfa, 0xf5,
  0xfa, 0xf5, 0x4b, 0xf6, 0x4b, 0xf6, 0xa5, 0xf6, 0xa5, 0xf6, 0x07, 0xf7,
  0x07, 0xf7, 0x70, 0xf7, 0x70, 0xf7, 0xe0, 0xf7, 0xe0, 0xf7, 0x58, 0xf8,
  0x58, 0xf8, 0xd6, 0xf8, 0xd6, 0xf8, 0x5a, 0xf9, 0x5a, 0xf9, 0xe3, 0xf9,
  0xe3, 0xf9, 0x72, 0xfa, 0x72, 0xfa, 0x06, 0xfb, 0x06, 0xfb, 0x9e, 0xfb,
  0x9e, 0xfb, 0x39, 0xfc, 0x39, 0xfc, 0xd8, 0xfc, 0xd8, 0xfc, 0x79, 0xfd,
  0x79, 0xfd, 0x1d, 0xfe, 0x1d, 0xfe, 0xc2, 0xfe, 0xc2, 0xfe, 0x68, 0xff,
  0x68, 0xff, 0x0f, 0x00, 0x0f, 0x00, 0xb6, 0x00, 0xb6, 0x00, 0x5c, 0x01,
  0x5c, 0x01, 0x01, 0x02, 0x01, 0x02, 0xa3, 0x02, 0xa3, 0x02, 0x45, 0x03,
  0x45, 0x03, 0xe3, 0x03, 0xe3, 0x03, 0x7e, 0x04, 0x7e, 0x04, 0x15, 0x05,
  0x15, 0x05, 0xa7, 0x05, 0xa7, 0x05, 0x36, 0x06, 0x36, 0x06, 0xbe, 0x06,
  0xbe, 0x06, 0x41, 0x07, 0x41, 0x07, 0xbe, 0x07, 0xbe, 0x07, 0x34, 0x08,
  0x34, 0x08, 0xa3, 0x08, 0xa3, 0x08, 0x0c, 0x09, 0x0c, 0x09, 0x6c, 0x09,
  0x6c, 0x09, 0xc4, 0x09, 0xc4, 0x09, 0x14, 0x0a, 0x14, 0x0a, 0x5b, 0x0a,
  0x5b, 0x0a, 0x9a, 0x0a, 0x9a, 0x0a, 0xd0, 0x0a, 0xd0, 0x0a, 0xfc, 0x0a,
  0xfc, 0x0a, 0x1f, 0x0b, 0x1f, 0x0b, 0x39, 0x0b, 0x39, 0x0b, 0x49, 0x0b,
  0x49, 0x0b, 0x50, 0x0b, 0x50, 0x0b, 0x4d, 0x0b, 0x4d, 0x0b, 0x40, 0x0b,
  0x40, 0x0b, 0x29, 0x0b, 0x29, 0x0b, 0x0a, 0x0b, 0x0a, 0x0b, 0xe1, 0x0a,
  0xe1, 0x0a, 0xae, 0x0a, 0xae, 0x0a, 0x73, 0x0a, 0x73, 0x0a, 0x2f, 0x0a,
  0x2f, 0x0a, 0xe3, 0x09, 0xe3, 0x09, 0x8d, 0x09, 0x8d, 0x09, 0x30, 0x09,
  0x30, 0x09, 0xcb, 0x08, 0xcb, 0x08, 0x5e, 0x08, 0x5e, 0x08, 0xea, 0x07,
  0xea, 0x07, 0x70, 0x07, 0x70, 0x07, 0xef, 0x06, 0xef, 0x06, 0x68, 0x06,
  0x68, 0x06, 0xdc, 0x05, 0xdc, 0x05, 0x4b, 0x05, 0x4b, 0x05, 0xb6, 0x04,
  0xb6, 0x04, 0x1c, 0x04, 0x1c, 0x04, 0x7f, 0x03, 0x7f, 0x03, 0xdf, 0x02,
  0xdf, 0x02, 0x3d, 0x02, 0x3d, 0x02, 0x99, 0x01, 0x99, 0x01, 0xf3, 0x00,
  0xf3, 0x00, 0x4c, 0x00, 0x4c, 0x00, 0xa5, 0xff, 0xa5, 0xff, 0xff, 0xfe,
  0xff, 0xfe, 0x59, 0xfe, 0x59, 0xfe, 0xb5, 0xfd, 0xb5, 0xfd, 0x12, 0xfd,
  0x12, 0xfd, 0x73, 0xfc, 0x73, 0xfc, 0xd6, 0xfb, 0xd6, 0xfb, 0x3d, 0xfb,
  0x3d, 0xfb, 0xa8, 0xfa, 0xa8, 0xfa, 0x18, 0xfa, 0x18, 0xfa, 0x8c, 0xf9,
  0x8c, 0xf9, 0x06, 0xf9, 0x06, 0xf9, 0x85, 0xf8, 0x85, 0xf8, 0x0c, 0xf8,
  0x0c, 0xf8, 0x98, 0xf7, 0x98, 0xf7, 0x2c, 0xf7, 0x2c, 0xf7, 0xc8, 0xf6,
  0xc8, 0xf6, 0x6b, 0xf6, 0x6b, 0xf6, 0x17, 0xf6, 0x17, 0xf6, 0xcb, 0xf5,
  0xcb, 0xf5, 0x87, 0xf5, 0x87, 0xf5, 0x4d, 0xf5, 0x4d, 0xf5, 0x1b, 0xf5,
  0x1b, 0xf5, 0xf3, 0xf4, 0xf3, 0xf4, 0xd4, 0xf4, 0xd4, 0xf4, 0xbf, 0xf4,
  0xbf, 0xf4, 0xb3, 0xf4, 0xb3, 0xf4, 0xb0, 0xf4, 0xb0, 0xf4, 0xb8, 0xf4,
  0xb8, 0xf4, 0xc9, 0xf4, 0xc9, 0xf4, 0xe3, 0xf4, 0xe3, 0xf4, 0x07, 0xf5,
  0x07, 0xf5, 0x35, 0xf5, 0x35, 0xf5, 0x6b, 0xf5, 0x6b, 0xf5, 0xab, 0xf5,
  0xab, 0xf5, 0xf3, 0xf5, 0xf3, 0xf5, 0x43, 0xf6, 0x43, 0xf6, 0x9d, 0xf6,
  0x9d, 0xf6, 0xfd, 0xf6, 0xfd, 0xf6, 0x66, 0xf7, 0x66, 0xf7, 0xd6, 0xf7,
  0xd6, 0xf7, 0x4d, 0xf8, 0x4d, 0xf8, 0xca, 0xf8, 0xca, 0xf8, 0x4d, 0xf9,
  0x4d, 0xf9, 0xd7, 0xf9, 0xd7, 0xf9, 0x65, 0xfa, 0x65, 0xfa, 0xf8, 0xfa,
  0xf8, 0xfa, 0x90, 0xfb, 0x90, 0xfb, 0x2b, 0xfc, 0x2b, 0xfc, 0xca, 0xfc,
  0xca, 0xfc, 0x6a, 0xfd, 0x6a, 0xfd, 0x0d, 0xfe, 0x0d, 0xfe, 0xb3, 0xfe,
  0xb3, 0xfe, 0x59, 0xff, 0x59, 0xff, 0x00, 0x00, 0x00, 0x00, 0xa6, 0x00,
  0xa6, 0x00, 0x4c, 0x01, 0x4c, 0x01, 0xf2, 0x01, 0xf2, 0x01, 0x95, 0x02,
  0x95, 0x02, 0x36, 0x03, 0x36, 0x03, 0xd5, 0x03, 0xd5, 0x03, 0x70, 0x04,
  0x70, 0x04, 0x07, 0x05, 0x07, 0x05, 0x9b, 0x05, 0x9b, 0x05, 0x29, 0x06,
  0x29, 0x06, 0xb2, 0x06, 0xb2, 0x06, 0x36, 0x07, 0x36, 0x07, 0xb3, 0x07,
  0xb3, 0x07, 0x2a, 0x08, 0x2a, 0x08, 0x9a, 0x08, 0x9a, 0x08, 0x02, 0x09,
  0x02, 0x09, 0x63, 0x09, 0x63, 0x09, 0xbd, 0x09, 0xbd, 0x09, 0x0d, 0x0a,
  0x0d, 0x0a, 0x55, 0x0a, 0x55, 0x0a, 0x94, 0x0a, 0x94, 0x0a, 0xcb, 0x0a,
  0xcb, 0x0a, 0xf9, 0x0a, 0xf9, 0x0a, 0x1c, 0x0b, 0x1c, 0x0b, 0x37, 0x0b,
  0x37, 0x0b, 0x48, 0x0b, 0x48, 0x0b, 0x50, 0x0b, 0x50, 0x0b, 0x4d, 0x0b,
  0x4d, 0x0b, 0x41, 0x0b, 0x41, 0x0b, 0x2c, 0x0b, 0x2c, 0x0b, 0x0d, 0x0b,
  0x0d, 0x0b, 0xe5, 0x0a, 0xe5, 0x0a, 0xb3, 0x0a, 0xb3, 0x0a, 0x79, 0x0a,
  0x79, 0x0a, 0x35, 0x0a, 0x35, 0x0a, 0xea, 0x09, 0xea, 0x09, 0x95, 0x09,
  0x95, 0x09, 0x38, 0x09, 0x38, 0x09, 0xd4, 0x08, 0xd4, 0x08, 0x68, 0x08,
  0x68, 0x08, 0xf4, 0x07, 0xf4, 0x07, 0x7b, 0x07, 0x7b, 0x07, 0xfb, 0x06,
  0xfb, 0x06, 0x74, 0x06, 0x74, 0x06, 0xe9, 0x05, 0xe9, 0x05, 0x58, 0x05,
  0x58, 0x05, 0xc4, 0x04, 0xc4, 0x04, 0x2a, 0x04, 0x2a, 0x04, 0x8d, 0x03,
  0x8d, 0x03, 0xee, 0x02, 0xee, 0x02, 0x4b, 0x02, 0x4b, 0x02, 0xa8, 0x01,
  0xa8, 0x01, 0x02, 0x01, 0x02, 0x01, 0x5b, 0x00, 0x5b, 0x00, 0xb4, 0xff,
  0xb4, 0xff, 0x0e, 0xff, 0x0e, 0xff, 0x68, 0xfe, 0x68, 0xfe, 0xc4, 0xfd,
  0xc4, 0xfd, 0x21, 0xfd, 0x21, 0xfd, 0x82, 0xfc, 0x82, 0xfc, 0xe5, 0xfb,
  0xe5, 0xfb, 0x4a, 0xfb, 0x4a, 0xfb, 0xb5, 0xfa, 0xb5, 0xfa, 0x24, 0xfa,
  0x24, 0xfa, 0x98, 0xf9, 0x98, 0xf9, 0x12, 0xf9, 0x12, 0xf9, 0x91, 0xf8,
  0x91, 0xf8, 0x16, 0xf8, 0x16, 0xf8, 0xa2, 0xf7, 0xa2, 0xf7, 0x36, 0xf7,
  0x36, 0xf7, 0xd1, 0xf6, 0xd1, 0xf6, 0x74, 0xf6, 0x74, 0xf6, 0x1e, 0xf6,
  0x1e, 0xf6, 0xd1, 0xf5, 0xd1, 0xf5, 0x8d, 0xf5, 0x8d, 0xf5, 0x52, 0xf5,
  0x52, 0xf5, 0x1f, 0xf5, 0x1f, 0xf5, 0xf6, 0xf4, 0xf6, 0xf4, 0xd7, 0xf4,
  0xd7, 0xf4, 0xc0, 0xf4, 0xc0, 0xf4, 0xb3, 0xf4, 0xb3, 0xf4, 0xb0, 0xf4,
  0xb0, 0xf4, 0xb7, 0xf4, 0xb7, 0xf4, 0xc7, 0xf4, 0xc7, 0xf4, 0xe1, 0xf4,
  0xe1, 0xf4, 0x04, 0xf5, 0x04, 0xf5, 0x30, 0xf5, 0x30, 0xf5, 0x66, 0xf5,
  0x66, 0xf5, 0xa4, 0xf5, 0xa4, 0xf5, 0xec, 0xf5, 0xec, 0xf5, 0x3c, 0xf6,
  0x3c, 0xf6, 0x94, 0xf6, 0x94, 0xf6, 0xf4, 0xf6, 0xf4, 0xf6, 0x5c, 0xf7,
  0x5c, 0xf7, 0xcb, 0xf7, 0xcb, 0xf7, 0x41, 0xf8, 0x41, 0xf8, 0xbe, 0xf8,
  0xbe, 0xf8, 0x41, 0xf9, 0x41, 0xf9, 0xca, 0xf9, 0xca, 0xf9, 0x58, 0xfa,
  0x58, 0xfa, 0xeb, 0xfa, 0xeb, 0xfa, 0x82, 0xfb, 0x82, 0xfb, 0x1c, 0xfc,
  0x1c, 0xfc, 0xbb, 0xfc, 0xbb, 0xfc, 0x5c, 0xfd, 0x5c, 0xfd, 0xff, 0xfd,
  0xff, 0xfd, 0xa3, 0xfe, 0xa3, 0xfe, 0x4a, 0xff, 0x4a, 0xff, 0xf0, 0xff,
  0xf0, 0xff, 0x97, 0x00, 0x97, 0x00, 0x3d, 0x01, 0x3d, 0x01, 0xe2, 0x01,
  0xe2, 0x01, 0x86, 0x02, 0x86, 0x02, 0x27, 0x03, 0x27, 0x03, 0xc6, 0x03,
  0xc6, 0x03, 0x62, 0x04, 0x62, 0x04, 0xf9, 0x04, 0xf9, 0x04, 0x8d, 0x05,
  0x8d, 0x05, 0x1c, 0x06, 0x1c, 0x06, 0xa5, 0x06, 0xa5, 0x06, 0x2a, 0x07,
  0x2a, 0x07, 0xa7, 0x07, 0xa7, 0x07, 0x1f, 0x08, 0x1f, 0x08, 0x90, 0x08,
  0x90, 0x08, 0xf9, 0x08, 0xf9, 0x08, 0x5b, 0x09, 0x5b, 0x09, 0xb5, 0x09,
  0xb5, 0x09, 0x06, 0x0a, 0x06, 0x0a, 0x4f, 0x0a, 0x4f, 0x0a, 0x8f, 0x0a,
  0x8f, 0x0a, 0xc6, 0x0a, 0xc6, 0x0a, 0xf4, 0x0a, 0xf4, 0x0a, 0x19, 0x0b,
  0x19, 0x0b, 0x35, 0x0b, 0x35, 0x0b, 0x46, 0x0b, 0x46, 0x0b, 0x4f, 0x0b,
  0x4f, 0x0b, 0x4d, 0x0b, 0x4d, 0x0b, 0x43, 0x0b, 0x43, 0x0b, 0x2e, 0x0b,
  0x2e, 0x0b, 0x11, 0x0b, 0x11, 0x0b, 0xe9, 0x0a, 0xe9, 0x0a, 0xb8, 0x0a,
  0xb8, 0x0a, 0x7f, 0x0a, 0x7f, 0x0a, 0x3c, 0x0a, 0x3c, 0x0a, 0xf1, 0x09,
  0xf1, 0x09, 0x9d, 0x09, 0x9d, 0x09, 0x41, 0x09, 0x41, 0x09, 0xdd, 0x08,
  0xdd, 0x08, 0x72, 0x08, 0x72, 0x08, 0x00, 0x08, 0x00, 0x08, 0x86, 0x07,
  0x86, 0x07, 0x07, 0x07, 0x07, 0x07, 0x81, 0x06, 0x81, 0x06, 0xf6, 0x05,
  0xf6, 0x05, 0x66, 0x05, 0x66, 0x05, 0xd1, 0x04, 0xd1, 0x04, 0x38, 0x04,
  0x38, 0x04, 0x9c, 0x03, 0x9c, 0x03, 0xfc, 0x02, 0xfc, 0x02, 0x5a, 0x02,
  0x5a, 0x02, 0xb6, 0x01, 0xb6, 0x01, 0x11, 0x01, 0x11, 0x01, 0x6b, 0x00,
  0x6b, 0x00, 0xc3, 0xff, 0xc3, 0xff, 0x1d, 0xff, 0x1d, 0xff, 0x78, 0xfe,
  0x78, 0xfe, 0xd3, 0xfd, 0xd3, 0xfd, 0x30, 0xfd, 0x30, 0xfd, 0x90, 0xfc,
  0x90, 0xfc, 0xf3, 0xfb, 0xf3, 0xfb, 0x59, 0xfb, 0x59, 0xfb, 0xc3, 0xfa,
  0xc3, 0xfa, 0x31, 0xfa, 0x31, 0xfa, 0xa5, 0xf9, 0xa5, 0xf9, 0x1d, 0xf9,
  0x1d, 0xf9, 0x9d, 0xf8, 0x9d, 0xf8, 0x21, 0xf8, 0x21, 0xf8, 0xad, 0xf7,
  0xad, 0xf7, 0x3f, 0xf7, 0x3f, 0xf7, 0xd9, 0xf6, 0xd9, 0xf6, 0x7b, 0xf6,
  0x7b, 0xf6, 0x26, 0xf6, 0x26, 0xf6, 0xd8, 0xf5, 0xd8, 0xf5, 0x93, 0xf5,
  0x93, 0xf5, 0x57, 0xf5, 0x57, 0xf5, 0x24, 0xf5, 0x24, 0xf5, 0xf9, 0xf4,
  0xf9, 0xf4, 0xd9, 0xf4, 0xd9, 0xf4, 0xc2, 0xf4, 0xc2, 0xf4, 0xb5, 0xf4,
  0xb5, 0xf4, 0xb0, 0xf4, 0xb0, 0xf4, 0xb6, 0xf4, 0xb6, 0xf4, 0xc6, 0xf4,
  0xc6, 0xf4, 0xde, 0xf4, 0xde, 0xf4, 0x00, 0xf5, 0x00, 0xf5, 0x2c, 0xf5,
  0x2c, 0xf5, 0x61, 0xf5, 0x61, 0xf5, 0x9e, 0xf5, 0x9e, 0xf5, 0xe5, 0xf5,
  0xe5, 0xf5, 0x34, 0xf6, 0x34, 0xf6, 0x8c, 0xf6, 0x8c, 0xf6, 0xeb, 0xf6,
  0xeb, 0xf6, 0x52, 0xf7, 0x52, 0xf7, 0xc1, 0xf7, 0xc1, 0xf7, 0x37, 0xf8,
  0x37, 0xf8, 0xb2, 0xf8, 0xb2, 0xf8, 0x35, 0xf9, 0x35, 0xf9, 0xbd, 0xf9,
  0xbd, 0xf9, 0x4b, 0xfa, 0x4b, 0xfa, 0xde, 0xfa, 0xde, 0xfa, 0x73, 0xfb,
  0x73, 0xfb, 0x0e, 0xfc, 0x0e, 0xfc, 0xac, 0xfc, 0xac, 0xfc, 0x4c, 0xfd,
  0x4c, 0xfd, 0xf1, 0xfd, 0xf1, 0xfd, 0x95, 0xfe, 0x95, 0xfe, 0x3b, 0xff,
  0x3b, 0xff, 0xe2, 0xff, 0xe2, 0xff, 0x88, 0x00, 0x88, 0x00, 0x2f, 0x01,
  0x2f, 0x01, 0xd3, 0x01, 0xd3, 0x01, 0x77, 0x02, 0x77, 0x02, 0x19, 0x03,
  0x19, 0x03, 0xb8, 0x03, 0xb8, 0x03, 0x54, 0x04, 0x54, 0x04, 0xec, 0x04,
  0xec, 0x04, 0x80, 0x05, 0x80, 0x05, 0x0f, 0x06, 0x0f, 0x06, 0x99, 0x06,
  0x99, 0x06, 0x1e, 0x07, 0x1e, 0x07, 0x9d, 0x07, 0x9d, 0x07, 0x15, 0x08,
  0x15, 0x08, 0x85, 0x08, 0x85, 0x08, 0xf0, 0x08, 0xf0, 0x08, 0x52, 0x09,
  0x52, 0x09, 0xad, 0x09, 0xad, 0x09, 0xff, 0x09, 0xff, 0x09, 0x49, 0x0a,
  0x49, 0x0a, 0x8a, 0x0a, 0x8a, 0x0a, 0xc2, 0x0a, 0xc2, 0x0a, 0xf1, 0x0a,
  0xf1, 0x0a, 0x16, 0x0b, 0x16, 0x0b, 0x33, 0x0b, 0x33, 0x0b, 0x46, 0x0b,
  0x46, 0x0b, 0x4f, 0x0b, 0x4f, 0x0b, 0x4e, 0x0b, 0x4e, 0x0b, 0x44, 0x0b,
  0x44, 0x0b, 0x30, 0x0b, 0x30, 0x0b, 0x13, 0x0b, 0x13, 0x0b, 0xed, 0x0a,
  0xed, 0x0a, 0xbd, 0x0a, 0xbd, 0x0a, 0x85, 0x0a, 0x85, 0x0a, 0x43, 0x0a,
  0x43, 0x0a, 0xf8, 0x09, 0xf8, 0x09, 0xa5, 0x09, 0xa5, 0x09, 0x4a, 0x09,
  0x4a, 0x09, 0xe7, 0x08, 0xe7, 0x08, 0x7c, 0x08, 0x7c, 0x08, 0x0a, 0x08,
  0x0a, 0x08, 0x91, 0x07, 0x91, 0x07, 0x13, 0x07, 0x13, 0x07, 0x8e, 0x06,
  0x8e, 0x06, 0x03, 0x06, 0x03, 0x06, 0x73, 0x05, 0x73, 0x05, 0xdf, 0x04,
  0xdf, 0x04, 0x46, 0x04, 0x46, 0x04, 0xaa, 0x03, 0xaa, 0x03, 0x0b, 0x03,
  0x0b, 0x03, 0x69, 0x02, 0x69, 0x02, 0xc5, 0x01, 0xc5, 0x01, 0x20, 0x01,
  0x20, 0x01, 0x7a, 0x00, 0x7a, 0x00, 0xd3, 0xff, 0xd3, 0xff, 0x2c, 0xff,
  0x2c, 0xff, 0x86, 0xfe, 0x86, 0xfe, 0xe2, 0xfd, 0xe2, 0xfd, 0x3f, 0xfd,
  0x3f, 0xfd, 0x9f, 0xfc, 0x9f, 0xfc, 0x01, 0xfc, 0x01, 0xfc, 0x67, 0xfb,
  0x67, 0xfb, 0xd0, 0xfa, 0xd0, 0xfa, 0x3e, 0xfa, 0x3e, 0xfa, 0xb2, 0xf9,
  0xb2, 0xf9, 0x29, 0xf9, 0x29, 0xf9, 0xa8, 0xf8, 0xa8, 0xf8, 0x2c, 0xf8,
  0x2c, 0xf8, 0xb7, 0xf7, 0xb7, 0xf7, 0x49, 0xf7, 0x49, 0xf7, 0xe3, 0xf6,
  0xe3, 0xf6, 0x84, 0xf6, 0x84, 0xf6, 0x2d, 0xf6, 0x2d, 0xf6, 0xde, 0xf5,
  0xde, 0xf5, 0x98, 0xf5, 0x98, 0xf5, 0x5c, 0xf5, 0x5c, 0xf5, 0x28, 0xf5,
  0x28, 0xf5, 0xfd, 0xf4, 0xfd, 0xf4, 0xdc, 0xf4, 0xdc, 0xf4, 0xc4, 0xf4,
  0xc4, 0xf4, 0xb5, 0xf4, 0xb5, 0xf4, 0xb0, 0xf4, 0xb0, 0xf4, 0xb5, 0xf4,
  0xb5, 0xf4, 0xc4, 0xf4, 0xc4, 0xf4, 0xdc, 0xf4, 0xdc, 0xf4, 0xfd, 0xf4,
  0xfd, 0xf4, 0x27, 0xf5, 0x27, 0xf5, 0x5c, 0xf5, 0x5c, 0xf5, 0x98, 0xf5,
  0x98, 0xf5, 0xde, 0xf5, 0xde, 0xf5, 0x2d, 0xf6, 0x2d, 0xf6, 0x83, 0xf6,
  0x83, 0xf6, 0xe3, 0xf6, 0xe3, 0xf6, 0x48, 0xf7, 0x48, 0xf7, 0xb7, 0xf7,
  0xb7, 0xf7, 0x2c, 0xf8, 0x2c, 0xf8, 0xa7, 0xf8, 0xa7, 0xf8, 0x29, 0xf9,
  0x29, 0xf9, 0xb1, 0xf9, 0xb1, 0xf9, 0x3e, 0xfa, 0x3e, 0xfa, 0xd0, 0xfa,
  0xd0, 0xfa, 0x66, 0xfb, 0x66, 0xfb, 0x00, 0xfc, 0x00, 0xfc, 0x9e, 0xfc,
  0x9e, 0xfc, 0x3e, 0xfd, 0x3e, 0xfd, 0xe1, 0xfd, 0xe1, 0xfd, 0x86, 0xfe,
  0x86, 0xfe, 0x2c, 0xff, 0x2c, 0xff, 0xd3, 0xff, 0xd3, 0xff, 0x79, 0x00,
  0x79, 0x00, 0x1f, 0x01, 0x1f, 0x01, 0xc5, 0x01, 0xc5, 0x01, 0x69, 0x02,
  0x69, 0x02, 0x0b, 0x03, 0x0b, 0x03, 0xaa, 0x03, 0xaa, 0x03, 0x46, 0x04,
  0x46, 0x04, 0xdf, 0x04, 0xdf, 0x04, 0x72, 0x05, 0x72, 0x05, 0x03, 0x06,
  0x03, 0x06, 0x8d, 0x06, 0x8d, 0x06, 0x12, 0x07, 0x12, 0x07, 0x91, 0x07,
  0x91, 0x07, 0x0a, 0x08, 0x0a, 0x08, 0x7b, 0x08, 0x7b, 0x08, 0xe7, 0x08,
  0xe7, 0x08, 0x4a, 0x09, 0x4a, 0x09, 0xa4, 0x09, 0xa4, 0x09, 0xf8, 0x09,
  0xf8, 0x09, 0x42, 0x0a, 0x42, 0x0a, 0x84, 0x0a, 0x84, 0x0a, 0xbd, 0x0a,
  0xbd, 0x0a, 0xed, 0x0a, 0xed, 0x0a, 0x13, 0x0b, 0x13, 0x0b, 0x30, 0x0b,
  0x30, 0x0b, 0x44, 0x0b, 0x44, 0x0b, 0x4e, 0x0b, 0x4e, 0x0b, 0x4f, 0x0b,
  0x4f, 0x0b, 0x46, 0x0b, 0x46, 0x0b, 0x33, 0x0b, 0x33, 0x0b, 0x16, 0x0b,
  0x16, 0x0b, 0xf1, 0x0a, 0xf1, 0x0a, 0xc2, 0x0a, 0xc2, 0x0a, 0x8a, 0x0a,
  0x8a, 0x0a, 0x49, 0x0a, 0x49, 0x0a, 0xff, 0x09, 0xff, 0x09, 0xad, 0x09,
  0xad, 0x09, 0x52, 0x09, 0x52, 0x09, 0xf0, 0x08, 0xf0, 0x08, 0x86, 0x08,
  0x86, 0x08, 0x15, 0x08, 0x15, 0x08, 0x9d, 0x07, 0x9d, 0x07, 0x1e, 0x07,
  0x1e, 0x07, 0x9a, 0x06, 0x9a, 0x06, 0x10, 0x06, 0x10, 0x06, 0x81, 0x05,
  0x81, 0x05, 0xed, 0x04, 0xed, 0x04, 0x54, 0x04, 0x54, 0x04, 0xb8, 0x03,
  0xb8, 0x03, 0x19, 0x03, 0x19, 0x03, 0x77, 0x02, 0x77, 0x02, 0xd4, 0x01,
  0xd4, 0x01, 0x2f, 0x01, 0x2f, 0x01, 0x88, 0x00, 0x88, 0x00, 0xe2, 0xff,
  0xe2, 0xff, 0x3b, 0xff, 0x3b, 0xff, 0x95, 0xfe, 0x95, 0xfe, 0xf1, 0xfd,
  0xf1, 0xfd, 0x4d, 0xfd, 0x4d, 0xfd, 0xad, 0xfc, 0xad, 0xfc, 0x0f, 0xfc,
  0x0f, 0xfc, 0x74, 0xfb, 0x74, 0xfb, 0xde, 0xfa, 0xde, 0xfa, 0x4c, 0xfa,
  0x4c, 0xfa, 0xbe, 0xf9, 0xbe, 0xf9, 0x36, 0xf9, 0x36, 0xf9, 0xb3, 0xf8,
  0xb3, 0xf8, 0x37, 0xf8, 0x37, 0xf8, 0xc1, 0xf7, 0xc1, 0xf7, 0x52, 0xf7,
  0x52, 0xf7, 0xec, 0xf6, 0xec, 0xf6, 0x8c, 0xf6, 0x8c, 0xf6, 0x35, 0xf6,
  0x35, 0xf6, 0xe5, 0xf5, 0xe5, 0xf5, 0x9f, 0xf5, 0x9f, 0xf5, 0x61, 0xf5,
  0x61, 0xf5, 0x2c, 0xf5, 0x2c, 0xf5, 0x00, 0xf5, 0x00, 0xf5, 0xde, 0xf4,
  0xde, 0xf4, 0xc6, 0xf4, 0xc6, 0xf4, 0xb6, 0xf4, 0xb6, 0xf4, 0xb0, 0xf4,
  0xb0, 0xf4, 0xb4, 0xf4, 0xb4, 0xf4, 0xc2, 0xf4, 0xc2, 0xf4, 0xd9, 0xf4,
  0xd9, 0xf4, 0xf9, 0xf4, 0xf9, 0xf4, 0x23, 0xf5, 0x23, 0xf5, 0x57, 0xf5,
  0x57, 0xf5, 0x93, 0xf5, 0x93, 0xf5, 0xd7, 0xf5, 0xd7, 0xf5, 0x25, 0xf6,
  0x25, 0xf6, 0x7b, 0xf6, 0x7b, 0xf6, 0xd9, 0xf6, 0xd9, 0xf6, 0x3f, 0xf7,
  0x3f, 0xf7, 0xac, 0xf7, 0xac, 0xf7, 0x21, 0xf8, 0x21, 0xf8, 0x9c, 0xf8,
  0x9c, 0xf8, 0x1d, 0xf9, 0x1d, 0xf9, 0xa4, 0xf9, 0xa4, 0xf9, 0x31, 0xfa,
  0x31, 0xfa, 0xc2, 0xfa, 0xc2, 0xfa, 0x59, 0xfb, 0x59, 0xfb, 0xf2, 0xfb,
  0xf2, 0xfb, 0x8f, 0xfc, 0x8f, 0xfc, 0x2f, 0xfd, 0x2f, 0xfd, 0xd2, 0xfd,
  0xd2, 0xfd, 0x77, 0xfe, 0x77, 0xfe, 0x1c, 0xff, 0x1c, 0xff, 0xc3, 0xff,
  0xc3, 0xff, 0x6a, 0x00, 0x6a, 0x00, 0x10, 0x01, 0x10, 0x01, 0xb6, 0x01,
  0xb6, 0x01, 0x5a, 0x02, 0x5a, 0x02, 0xfc, 0x02, 0xfc, 0x02, 0x9b, 0x03,
  0x9b, 0x03, 0x38, 0x04, 0x38, 0x04, 0xd0, 0x04, 0xd0, 0x04, 0x66, 0x05,
  0x66, 0x05, 0xf6, 0x05, 0xf6, 0x05, 0x80, 0x06, 0x80, 0x06, 0x06, 0x07,
  0x06, 0x07, 0x86, 0x07, 0x86, 0x07, 0x00, 0x08, 0x00, 0x08, 0x72, 0x08,
  0x72, 0x08, 0xdd, 0x08, 0xdd, 0x08, 0x41, 0x09, 0x41, 0x09, 0x9d, 0x09,
  0x9d, 0x09, 0xf1, 0x09, 0xf1, 0x09, 0x3c, 0x0a, 0x3c, 0x0a, 0x7e, 0x0a,
  0x7e, 0x0a, 0xb8, 0x0a, 0xb8, 0x0a, 0xe9, 0x0a, 0xe9, 0x0a, 0x10, 0x0b,
  0x10, 0x0b, 0x2e, 0x0b, 0x2e, 0x0b, 0x43, 0x0b, 0x43, 0x0b, 0x4d, 0x0b,
  0x4d, 0x0b, 0x4f, 0x0b, 0x4f, 0x0b, 0x47, 0x0b, 0x47, 0x0b, 0x35, 0x0b,
  0x35, 0x0b, 0x1a, 0x0b, 0x1a, 0x0b, 0xf5, 0x0a, 0xf5, 0x0a, 0xc6, 0x0a,
  0xc6, 0x0a, 0x8f, 0x0a, 0x8f, 0x0a, 0x50, 0x0a, 0x50, 0x0a, 0x06, 0x0a,
  0x06, 0x0a, 0xb5, 0x09, 0xb5, 0x09, 0x5b, 0x09, 0x5b, 0x09, 0xf9, 0x08,
  0xf9, 0x08, 0x90, 0x08, 0x90, 0x08, 0x20, 0x08, 0x20, 0x08, 0xa8, 0x07,
  0xa8, 0x07, 0x2a, 0x07, 0x2a, 0x07, 0xa6, 0x06, 0xa6, 0x06, 0x1d, 0x06,
  0x1d, 0x06, 0x8e, 0x05, 0x8e, 0x05, 0xfa, 0x04, 0xfa, 0x04, 0x62, 0x04,
  0x62, 0x04, 0xc7, 0x03, 0xc7, 0x03, 0x28, 0x03, 0x28, 0x03, 0x87, 0x02,
  0x87, 0x02, 0xe3, 0x01, 0xe3, 0x01, 0x3e, 0x01, 0x3e, 0x01, 0x98, 0x00,
  0x98, 0x00, 0xf1, 0xff, 0xf1, 0xff, 0x4a, 0xff, 0x4a, 0xff, 0xa4, 0xfe,
  0xa4, 0xfe, 0xff, 0xfd, 0xff, 0xfd, 0x5d, 0xfd, 0x5d, 0xfd, 0xbb, 0xfc,
  0xbb, 0xfc, 0x1d, 0xfc, 0x1d, 0xfc, 0x82, 0xfb, 0x82, 0xfb, 0xeb, 0xfa,
  0xeb, 0xfa, 0x59, 0xfa, 0x59, 0xfa, 0xca, 0xf9, 0xca, 0xf9, 0x42, 0xf9,
  0x42, 0xf9, 0xbf, 0xf8, 0xbf, 0xf8, 0x42, 0xf8, 0x42, 0xf8, 0xcc, 0xf7,
  0xcc, 0xf7, 0x5d, 0xf7, 0x5d, 0xf7, 0xf4, 0xf6, 0xf4, 0xf6, 0x94, 0xf6,
  0x94, 0xf6, 0x3c, 0xf6, 0x3c, 0xf6, 0xec, 0xf5, 0xec, 0xf5, 0xa5, 0xf5,
  0xa5, 0xf5, 0x66, 0xf5, 0x66, 0xf5, 0x30, 0xf5, 0x30, 0xf5, 0x04, 0xf5,
  0x04, 0xf5, 0xe1, 0xf4, 0xe1, 0xf4, 0xc7, 0xf4, 0xc7, 0xf4, 0xb7, 0xf4,
  0xb7, 0xf4, 0xb0, 0xf4, 0xb0, 0xf4, 0xb3, 0xf4, 0xb3, 0xf4, 0xc0, 0xf4,
  0xc0, 0xf4, 0xd7, 0xf4, 0xd7, 0xf4, 0xf6, 0xf4, 0xf6, 0xf4, 0x1f, 0xf5,
  0x1f, 0xf5, 0x52, 0xf5, 0x52, 0xf5, 0x8d, 0xf5, 0x8d, 0xf5, 0xd1, 0xf5,
  0xd1, 0xf5, 0x1d, 0xf6, 0x1d, 0xf6, 0x73, 0xf6, 0x73, 0xf6, 0xd0, 0xf6,
  0xd0, 0xf6, 0x35, 0xf7, 0x35, 0xf7, 0xa2, 0xf7, 0xa2, 0xf7, 0x16, 0xf8,
  0x16, 0xf8, 0x90, 0xf8, 0x90, 0xf8, 0x11, 0xf9, 0x11, 0xf9, 0x98, 0xf9,
  0x98, 0xf9, 0x24, 0xfa, 0x24, 0xfa, 0xb5, 0xfa, 0xb5, 0xfa, 0x4a, 0xfb,
  0x4a, 0xfb, 0xe4, 0xfb, 0xe4, 0xfb, 0x81, 0xfc, 0x81, 0xfc, 0x21, 0xfd,
  0x21, 0xfd, 0xc3, 0xfd, 0xc3, 0xfd, 0x67, 0xfe, 0x67, 0xfe, 0x0d, 0xff,
  0x0d, 0xff, 0xb4, 0xff, 0xb4, 0xff, 0x5b, 0x00, 0x5b, 0x00, 0x01, 0x01,
  0x01, 0x01, 0xa7, 0x01, 0xa7, 0x01, 0x4b, 0x02, 0x4b, 0x02, 0xee, 0x02,
  0xee, 0x02, 0x8d, 0x03, 0x8d, 0x03, 0x2a, 0x04, 0x2a, 0x04, 0xc3, 0x04,
  0xc3, 0x04, 0x58, 0x05, 0x58, 0x05, 0xe8, 0x05, 0xe8, 0x05, 0x74, 0x06,
  0x74, 0x06, 0xfa, 0x06, 0xfa, 0x06, 0x7b, 0x07, 0x7b, 0x07, 0xf4, 0x07,
  0xf4, 0x07, 0x68, 0x08, 0x68, 0x08, 0xd4, 0x08, 0xd4, 0x08, 0x38, 0x09,
  0x38, 0x09, 0x95, 0x09, 0x95, 0x09, 0xe9, 0x09, 0xe9, 0x09, 0x35, 0x0a,
  0x35, 0x0a, 0x79, 0x0a, 0x79, 0x0a, 0xb3, 0x0a, 0xb3, 0x0a, 0xe5, 0x0a,
  0xe5, 0x0a, 0x0d, 0x0b, 0x0d, 0x0b, 0x2c, 0x0b, 0x2c, 0x0b, 0x41, 0x0b,
  0x41, 0x0b, 0x4d, 0x0b, 0x4d, 0x0b, 0x50, 0x0b, 0x50, 0x0b, 0x48, 0x0b,
  0x48, 0x0b, 0x37, 0x0b, 0x37, 0x0b, 0x1d, 0x0b, 0x1d, 0x0b, 0xf9, 0x0a,
  0xf9, 0x0a, 0xcb, 0x0a, 0xcb, 0x0a, 0x95, 0x0a, 0x95, 0x0a, 0x55, 0x0a,
  0x55, 0x0a, 0x0d, 0x0a, 0x0d, 0x0a, 0xbd, 0x09, 0xbd, 0x09, 0x63, 0x09,
  0x63, 0x09, 0x03, 0x09, 0x03, 0x09, 0x9a, 0x08, 0x9a, 0x08, 0x2a, 0x08,
  0x2a, 0x08, 0xb3, 0x07, 0xb3, 0x07, 0x36, 0x07, 0x36, 0x07, 0xb3, 0x06,
  0xb3, 0x06, 0x29, 0x06, 0x29, 0x06, 0x9b, 0x05, 0x9b, 0x05, 0x08, 0x05,
  0x08, 0x05, 0x70, 0x04, 0x70, 0x04, 0xd5, 0x03, 0xd5, 0x03, 0x36, 0x03,
  0x36, 0x03, 0x96, 0x02, 0x96, 0x02, 0xf3, 0x01, 0xf3, 0x01, 0x4d, 0x01,
  0x4d, 0x01, 0xa7, 0x00, 0xa7, 0x00, 0x00, 0x00, 0x00, 0x00, 0x5a, 0xff,
  0x5a, 0xff, 0xb4, 0xfe, 0xb4, 0xfe, 0x0e, 0xfe, 0x0e, 0xfe, 0x6b, 0xfd,
  0x6b, 0xfd, 0xca, 0xfc, 0xca, 0xfc, 0x2b, 0xfc, 0x2b, 0xfc, 0x90, 0xfb,
  0x90, 0xfb, 0xf9, 0xfa, 0xf9, 0xfa, 0x65, 0xfa, 0x65, 0xfa, 0xd7, 0xf9,
  0xd7, 0xf9, 0x4e, 0xf9, 0x4e, 0xf9, 0xca, 0xf8, 0xca, 0xf8, 0x4d, 0xf8,
  0x4d, 0xf8, 0xd6, 0xf7, 0xd6, 0xf7, 0x66, 0xf7, 0x66, 0xf7, 0xfe, 0xf6,
  0xfe, 0xf6, 0x9d, 0xf6, 0x9d, 0xf6, 0x43, 0xf6, 0x43, 0xf6, 0xf3, 0xf5,
  0xf3, 0xf5, 0xab, 0xf5, 0xab, 0xf5, 0x6c, 0xf5, 0x6c, 0xf5, 0x35, 0xf5,
  0x35, 0xf5, 0x07, 0xf5, 0x07, 0xf5, 0xe4, 0xf4, 0xe4, 0xf4, 0xc9, 0xf4,
  0xc9, 0xf4, 0xb8, 0xf4, 0xb8, 0xf4, 0xb0, 0xf4, 0xb0, 0xf4, 0xb3, 0xf4,
  0xb3, 0xf4, 0xbf, 0xf4, 0xbf, 0xf4, 0xd4, 0xf4, 0xd4, 0xf4, 0xf3, 0xf4,
  0xf3, 0xf4, 0x1b, 0xf5, 0x1b, 0xf5, 0x4d, 0xf5, 0x4d, 0xf5, 0x87, 0xf5,
  0x87, 0xf5, 0xcb, 0xf5, 0xcb, 0xf5, 0x16, 0xf6, 0x16, 0xf6, 0x6b, 0xf6,
  0x6b, 0xf6, 0xc8, 0xf6, 0xc8, 0xf6, 0x2c, 0xf7, 0x2c, 0xf7, 0x98, 0xf7,
  0x98, 0xf7, 0x0c, 0xf8, 0x0c, 0xf8, 0x85, 0xf8, 0x85, 0xf8, 0x05, 0xf9,
  0x05, 0xf9, 0x8c, 0xf9, 0x8c, 0xf9, 0x17, 0xfa, 0x17, 0xfa, 0xa8, 0xfa,
  0xa8, 0xfa, 0x3c, 0xfb, 0x3c, 0xfb, 0xd6, 0xfb, 0xd6, 0xfb, 0x73, 0xfc,
  0x73, 0xfc, 0x12, 0xfd, 0x12, 0xfd, 0xb5, 0xfd, 0xb5, 0xfd, 0x58, 0xfe,
  0x58, 0xfe, 0xfe, 0xfe, 0xfe, 0xfe, 0xa5, 0xff, 0xa5, 0xff, 0x4c, 0x00,
  0x4c, 0x00, 0xf2, 0x00, 0xf2, 0x00, 0x98, 0x01, 0x98, 0x01, 0x3c, 0x02,
  0x3c, 0x02, 0xdf, 0x02, 0xdf, 0x02, 0x7e, 0x03, 0x7e, 0x03, 0x1b, 0x04,
  0x1b, 0x04, 0xb6, 0x04, 0xb6, 0x04, 0x4b, 0x05, 0x4b, 0x05, 0xdc, 0x05,
  0xdc, 0x05, 0x68, 0x06, 0x68, 0x06, 0xee, 0x06, 0xee, 0x06, 0x6f, 0x07,
  0x6f, 0x07, 0xea, 0x07, 0xea, 0x07, 0x5e, 0x08, 0x5e, 0x08, 0xca, 0x08,
  0xca, 0x08, 0x2f, 0x09, 0x2f, 0x09, 0x8c, 0x09, 0x8c, 0x09, 0xe2, 0x09,
  0xe2, 0x09, 0x2f, 0x0a, 0x2f, 0x0a, 0x73, 0x0a, 0x73, 0x0a, 0xae, 0x0a,
  0xae, 0x0a, 0xe1, 0x0a, 0xe1, 0x0a, 0x0a, 0x0b, 0x0a, 0x0b, 0x29, 0x0b,
  0x29, 0x0b, 0x40, 0x0b, 0x40, 0x0b, 0x4d, 0x0b, 0x4d, 0x0b, 0x50, 0x0b,
  0x50, 0x0b, 0x49, 0x0b, 0x49, 0x0b, 0x39, 0x0b, 0x39, 0x0b, 0x1f, 0x0b,
  0x1f, 0x0b, 0xfc, 0x0a, 0xfc, 0x0a, 0xd0, 0x0a, 0xd0, 0x0a, 0x9a, 0x0a,
  0x9a, 0x0a, 0x5c, 0x0a, 0x5c, 0x0a, 0x14, 0x0a, 0x14, 0x0a, 0xc4, 0x09,
  0xc4, 0x09, 0x6c, 0x09, 0x6c, 0x09, 0x0c, 0x09, 0x0c, 0x09, 0xa4, 0x08,
  0xa4, 0x08, 0x35, 0x08, 0x35, 0x08, 0xbf, 0x07, 0xbf, 0x07, 0x42, 0x07,
  0x42, 0x07, 0xbf, 0x06, 0xbf, 0x06, 0x36, 0x06, 0x36, 0x06, 0xa8, 0x05,
  0xa8, 0x05, 0x15, 0x05, 0x15, 0x05, 0x7e, 0x04, 0x7e, 0x04, 0xe4, 0x03,
  0xe4, 0x03, 0x45, 0x03, 0x45, 0x03, 0xa4, 0x02, 0xa4, 0x02, 0x01, 0x02,
  0x01, 0x02, 0x5d, 0x01, 0x5d, 0x01, 0xb6, 0x00, 0xb6, 0x00, 0x10, 0x00,
  0x10, 0x00, 0x69, 0xff, 0x69, 0xff, 0xc3, 0xfe, 0xc3, 0xfe, 0x1e, 0xfe,
  0x1e, 0xfe, 0x7a, 0xfd, 0x7a, 0xfd, 0xd9, 0xfc, 0xd9, 0xfc, 0x3a, 0xfc,
  0x3a, 0xfc, 0x9e, 0xfb, 0x9e, 0xfb, 0x07, 0xfb, 0x07, 0xfb, 0x73, 0xfa,
  0x73, 0xfa, 0xe4, 0xf9, 0xe4, 0xf9, 0x5b, 0xf9, 0x5b, 0xf9, 0xd6, 0xf8,
  0xd6, 0xf8, 0x59, 0xf8, 0x59, 0xf8, 0xe1, 0xf7, 0xe1, 0xf7, 0x70, 0xf7,
  0x70, 0xf7, 0x07, 0xf7, 0x07, 0xf7, 0xa5, 0xf6, 0xa5, 0xf6, 0x4b, 0xf6,
  0x4b, 0xf6, 0xfa, 0xf5, 0xfa, 0xf5, 0xb1, 0xf5, 0xb1, 0xf5, 0x71, 0xf5,
  0x71, 0xf5, 0x3a, 0xf5, 0x3a, 0xf5, 0x0c, 0xf5, 0x0c, 0xf5, 0xe7, 0xf4,
  0xe7, 0xf4, 0xcb, 0xf4, 0xcb, 0xf4, 0xba, 0xf4, 0xba, 0xf4, 0xb1, 0xf4,
  0xb1, 0xf4, 0xb3, 0xf4, 0xb3, 0xf4, 0xbd, 0xf4, 0xbd, 0xf4, 0xd2, 0xf4,
  0xd2, 0xf4, 0xef, 0xf4, 0xef, 0xf4, 0x17, 0xf5, 0x17, 0xf5, 0x48, 0xf5,
  0x48, 0xf5, 0x81, 0xf5, 0x81, 0xf5, 0xc4, 0xf5, 0xc4, 0xf5, 0x0f, 0xf6,
  0x0f, 0xf6, 0x63, 0xf6, 0x63, 0xf6, 0xbf, 0xf6, 0xbf, 0xf6, 0x23, 0xf7,
  0x23, 0xf7, 0x8e, 0xf7, 0x8e, 0xf7, 0x00, 0xf8, 0x00, 0xf8, 0x7a, 0xf8,
  0x7a, 0xf8, 0xf9, 0xf8, 0xf9, 0xf8, 0x7f, 0xf9, 0x7f, 0xf9, 0x0a, 0xfa,
  0x0a, 0xfa, 0x9a, 0xfa, 0x9a, 0xfa, 0x2f, 0xfb, 0x2f, 0xfb, 0xc8, 0xfb,
  0xc8, 0xfb, 0x64, 0xfc, 0x64, 0xfc, 0x04, 0xfd, 0x04, 0xfd, 0xa6, 0xfd,
  0xa6, 0xfd, 0x4a, 0xfe, 0x4a, 0xfe, 0xef, 0xfe, 0xef, 0xfe, 0x95, 0xff,
  0x95, 0xff, 0x3d, 0x00, 0x3d, 0x00, 0xe3, 0x00, 0xe3, 0x00, 0x88, 0x01,
  0x88, 0x01, 0x2d, 0x02, 0x2d, 0x02, 0xd0, 0x02, 0xd0, 0x02, 0x70, 0x03,
  0x70, 0x03, 0x0d, 0x04, 0x0d, 0x04, 0xa7, 0x04, 0xa7, 0x04, 0x3d, 0x05,
  0x3d, 0x05, 0xcf, 0x05, 0xcf, 0x05, 0x5b, 0x06, 0x5b, 0x06, 0xe3, 0x06,
  0xe3, 0x06, 0x63, 0x07, 0x63, 0x07, 0xdf, 0x07, 0xdf, 0x07, 0x53, 0x08,
  0x53, 0x08, 0xc1, 0x08, 0xc1, 0x08, 0x27, 0x09, 0x27, 0x09, 0x85, 0x09,
  0x85, 0x09, 0xda, 0x09, 0xda, 0x09, 0x28, 0x0a, 0x28, 0x0a, 0x6d, 0x0a,
  0x6d, 0x0a, 0xa9, 0x0a, 0xa9, 0x0a, 0xdc, 0x0a, 0xdc, 0x0a, 0x07, 0x0b,
  0x07, 0x0b, 0x27, 0x0b, 0x27, 0x0b, 0x3e, 0x0b, 0x3e, 0x0b, 0x4b, 0x0b,
  0x4b, 0x0b, 0x50, 0x0b, 0x50, 0x0b, 0x4a, 0x0b, 0x4a, 0x0b, 0x3a, 0x0b,
  0x3a, 0x0b, 0x22, 0x0b, 0x22, 0x0b, 0x00, 0x0b, 0x00, 0x0b, 0xd4, 0x0a,
  0xd4, 0x0a, 0x9f, 0x0a, 0x9f, 0x0a, 0x62, 0x0a, 0x62, 0x0a, 0x1b, 0x0a,
  0x1b, 0x0a, 0xcc, 0x09, 0xcc, 0x09, 0x74, 0x09, 0x74, 0x09, 0x15, 0x09,
  0x15, 0x09, 0xae, 0x08, 0xae, 0x08, 0x3f, 0x08, 0x3f, 0x08, 0xc9, 0x07,
  0xc9, 0x07, 0x4e, 0x07, 0x4e, 0x07, 0xcb, 0x06, 0xcb, 0x06, 0x43, 0x06,
  0x43, 0x06, 0xb5, 0x05, 0xb5, 0x05, 0x22, 0x05, 0x22, 0x05, 0x8d, 0x04,
  0x8d, 0x04, 0xf2, 0x03, 0xf2, 0x03, 0x54, 0x03, 0x54, 0x03, 0xb4, 0x02,
  0xb4, 0x02, 0x0f, 0x02, 0x0f, 0x02, 0x6b, 0x01, 0x6b, 0x01, 0xc5, 0x00,
  0xc5, 0x00, 0x1e, 0x00, 0x1e, 0x00, 0x78, 0xff, 0x78, 0xff, 0xd1, 0xfe,
  0xd1, 0xfe, 0x2d, 0xfe, 0x2d, 0xfe, 0x89, 0xfd, 0x89, 0xfd, 0xe7, 0xfc,
  0xe7, 0xfc, 0x48, 0xfc, 0x48, 0xfc, 0xac, 0xfb, 0xac, 0xfb, 0x14, 0xfb,
  0x14, 0xfb, 0x80, 0xfa, 0x80, 0xfa, 0xf1, 0xf9, 0xf1, 0xf9, 0x67, 0xf9,
  0x67, 0xf9, 0xe2, 0xf8, 0xe2, 0xf8, 0x63, 0xf8, 0x63, 0xf8, 0xeb, 0xf7,
  0xeb, 0xf7, 0x7b, 0xf7, 0x7b, 0xf7, 0x10, 0xf7, 0x10, 0xf7, 0xae, 0xf6,
  0xae, 0xf6, 0x53, 0xf6, 0x53, 0xf6, 0x01, 0xf6, 0x01, 0xf6, 0xb7, 0xf5,
  0xb7, 0xf5, 0x76, 0xf5, 0x76, 0xf5, 0x3e, 0xf5, 0x3e, 0xf5, 0x0f, 0xf5,
  0x0f, 0xf5, 0xea, 0xf4, 0xea, 0xf4, 0xcd, 0xf4, 0xcd, 0xf4, 0xba, 0xf4,
  0xba, 0xf4, 0xb1, 0xf4, 0xb1, 0xf4, 0xb2, 0xf4, 0xb2, 0xf4, 0xbc, 0xf4,
  0xbc, 0xf4, 0xd0, 0xf4, 0xd0, 0xf4, 0xed, 0xf4, 0xed, 0xf4, 0x13, 0xf5,
  0x13, 0xf5, 0x43, 0xf5, 0x43, 0xf5, 0x7b, 0xf5, 0x7b, 0xf5, 0xbd, 0xf5,
  0xbd, 0xf5, 0x08, 0xf6, 0x08, 0xf6, 0x5b, 0xf6, 0x5b, 0xf6, 0xb6, 0xf6,
  0xb6, 0xf6, 0x19, 0xf7, 0x19, 0xf7, 0x84, 0xf7, 0x84, 0xf7, 0xf6, 0xf7,
  0xf6, 0xf7, 0x6f, 0xf8, 0x6f, 0xf8, 0xed, 0xf8, 0xed, 0xf8, 0x72, 0xf9,
  0x72, 0xf9, 0xfd, 0xf9, 0xfd, 0xf9, 0x8d, 0xfa, 0x8d, 0xfa, 0x21, 0xfb,
  0x21, 0xfb, 0xba, 0xfb, 0xba, 0xfb, 0x56, 0xfc, 0x56, 0xfc, 0xf5, 0xfc,
  0xf5, 0xfc, 0x97, 0xfd, 0x97, 0xfd, 0x3b, 0xfe, 0x3b, 0xfe, 0xe0, 0xfe,
  0xe0, 0xfe, 0x86, 0xff, 0x86, 0xff, 0x2d, 0x00, 0x2d, 0x00, 0xd4, 0x00,
  0xd4, 0x00, 0x7a, 0x01, 0x7a, 0x01, 0x1e, 0x02, 0x1e, 0x02, 0xc1, 0x02,
  0xc1, 0x02, 0x61, 0x03, 0x61, 0x03, 0xff, 0x03, 0xff, 0x03, 0x99, 0x04,
  0x99, 0x04, 0x30, 0x05, 0x30, 0x05, 0xc2, 0x05, 0xc2, 0x05, 0x4e, 0x06,
  0x4e, 0x06, 0xd7, 0x06, 0xd7, 0x06, 0x58, 0x07, 0x58, 0x07, 0xd4, 0x07,
  0xd4, 0x07, 0x49, 0x08, 0x49, 0x08, 0xb7, 0x08, 0xb7, 0x08, 0x1d, 0x09,
  0x1d, 0x09, 0x7c, 0x09, 0x7c, 0x09, 0xd3, 0x09, 0xd3, 0x09, 0x22, 0x0a,
  0x22, 0x0a, 0x68, 0x0a, 0x68, 0x0a, 0xa4, 0x0a, 0xa4, 0x0a, 0xd8, 0x0a,
  0xd8, 0x0a, 0x03, 0x0b, 0x03, 0x0b, 0x24, 0x0b, 0x24, 0x0b, 0x3c, 0x0b,
  0x3c, 0x0b, 0x4b, 0x0b, 0x4b, 0x0b, 0x50, 0x0b, 0x50, 0x0b, 0x4b, 0x0b,
  0x4b, 0x0b, 0x3c, 0x0b, 0x3c, 0x0b, 0x24, 0x0b, 0x24, 0x0b, 0x03, 0x0b,
  0x03, 0x0b, 0xd9, 0x0a, 0xd9, 0x0a, 0xa4, 0x0a, 0xa4, 0x0a, 0x68, 0x0a,
  0x68, 0x0a, 0x22, 0x0a, 0x22, 0x0a, 0xd3, 0x09, 0xd3, 0x09, 0x7d, 0x09,
  0x7d, 0x09, 0x1d, 0x09, 0x1d, 0x09, 0xb8, 0x08, 0xb8, 0x08, 0x49, 0x08,
  0x49, 0x08, 0xd4, 0x07, 0xd4, 0x07, 0x59, 0x07, 0x59, 0x07, 0xd7, 0x06,
  0xd7, 0x06, 0x4f, 0x06, 0x4f, 0x06, 0xc2, 0x05, 0xc2, 0x05, 0x30, 0x05,
  0x30, 0x05, 0x9a, 0x04, 0x9a, 0x04, 0x00, 0x04, 0x00, 0x04, 0x62, 0x03,
  0x62, 0x03, 0xc2, 0x02, 0xc2, 0x02, 0x1f, 0x02, 0x1f, 0x02, 0x7a, 0x01,
  0x7a, 0x01, 0xd4, 0x00, 0xd4, 0x00, 0x2d, 0x00, 0x2d, 0x00, 0x87, 0xff,
  0x87, 0xff, 0xe1, 0xfe, 0xe1, 0xfe, 0x3b, 0xfe, 0x3b, 0xfe, 0x97, 0xfd,
  0x97, 0xfd, 0xf5, 0xfc, 0xf5, 0xfc, 0x56, 0xfc, 0x56, 0xfc, 0xba, 0xfb,
  0xba, 0xfb, 0x21, 0xfb, 0x21, 0xfb, 0x8e, 0xfa, 0x8e, 0xfa, 0xfd, 0xf9,
  0xfd, 0xf9, 0x73, 0xf9, 0x73, 0xf9, 0xee, 0xf8, 0xee, 0xf8, 0x6f, 0xf8,
  0x6f, 0xf8, 0xf6, 0xf7, 0xf6, 0xf7, 0x85, 0xf7, 0x85, 0xf7, 0x19, 0xf7,
  0x19, 0xf7, 0xb6, 0xf6, 0xb6, 0xf6, 0x5c, 0xf6, 0x5c, 0xf6, 0x08, 0xf6,
  0x08, 0xf6, 0xbe, 0xf5, 0xbe, 0xf5, 0x7c, 0xf5, 0x7c, 0xf5, 0x43, 0xf5,
  0x43, 0xf5, 0x13, 0xf5, 0x13, 0xf5, 0xed, 0xf4, 0xed, 0xf4, 0xd0, 0xf4,
  0xd0, 0xf4, 0xbc, 0xf4, 0xbc, 0xf4, 0xb2, 0xf4, 0xb2, 0xf4, 0xb1, 0xf4,
  0xb1, 0xf4, 0xba, 0xf4, 0xba, 0xf4, 0xcd, 0xf4, 0xcd, 0xf4, 0xea, 0xf4,
  0xea, 0xf4, 0x0f, 0xf5, 0x0f, 0xf5, 0x3e, 0xf5, 0x3e, 0xf5, 0x76, 0xf5,
  0x76, 0xf5, 0xb7, 0xf5, 0xb7, 0xf5, 0x01, 0xf6, 0x01, 0xf6, 0x53, 0xf6,
  0x53, 0xf6, 0xae, 0xf6, 0xae, 0xf6, 0x10, 0xf7, 0x10, 0xf7, 0x7a, 0xf7,
  0x7a, 0xf7, 0xeb, 0xf7, 0xeb, 0xf7, 0x63, 0xf8, 0x63, 0xf8, 0xe2, 0xf8,
  0xe2, 0xf8, 0x66, 0xf9, 0x66, 0xf9, 0xf0, 0xf9, 0xf0, 0xf9, 0x7f, 0xfa,
  0x7f, 0xfa, 0x13, 0xfb, 0x13, 0xfb, 0xac, 0xfb, 0xac, 0xfb, 0x48, 0xfc,
  0x48, 0xfc, 0xe7, 0xfc, 0xe7, 0xfc, 0x89, 0xfd, 0x89, 0xfd, 0x2c, 0xfe,
  0x2c, 0xfe, 0xd1, 0xfe, 0xd1, 0xfe, 0x78, 0xff, 0x78, 0xff, 0x1e, 0x00,
  0x1e, 0x00, 0xc5, 0x00, 0xc5, 0x00, 0x6b, 0x01, 0x6b, 0x01, 0x0f, 0x02,
  0x0f, 0x02, 0xb3, 0x02, 0xb3, 0x02, 0x53, 0x03, 0x53, 0x03, 0xf1, 0x03,
  0xf1, 0x03, 0x8c, 0x04, 0x8c, 0x04, 0x22, 0x05, 0x22, 0x05, 0xb4, 0x05,
  0xb4, 0x05, 0x42, 0x06, 0x42, 0x06, 0xca, 0x06, 0xca, 0x06, 0x4d, 0x07,
  0x4d, 0x07, 0xc9, 0x07, 0xc9, 0x07, 0x3f, 0x08, 0x3f, 0x08, 0xae, 0x08,
  0xae, 0x08, 0x14, 0x09, 0x14, 0x09, 0x74, 0x09, 0x74, 0x09, 0xcb, 0x09,
  0xcb, 0x09, 0x1b, 0x0a, 0x1b, 0x0a, 0x61, 0x0a, 0x61, 0x0a, 0x9f, 0x0a,
  0x9f, 0x0a, 0xd4, 0x0a, 0xd4, 0x0a, 0x00, 0x0b, 0x00, 0x0b, 0x22, 0x0b,
  0x22, 0x0b, 0x3a, 0x0b, 0x3a, 0x0b, 0x4a, 0x0b, 0x4a, 0x0b, 0x50, 0x0b,
  0x50, 0x0b, 0x4c, 0x0b, 0x4c, 0x0b, 0x3e, 0x0b, 0x3e, 0x0b, 0x27, 0x0b,
  0x27, 0x0b, 0x07, 0x0b, 0x07, 0x0b, 0xdd, 0x0a, 0xdd, 0x0a, 0xa9, 0x0a,
  0xa9, 0x0a, 0x6d, 0x0a, 0x6d, 0x0a, 0x29, 0x0a, 0x29, 0x0a, 0xdb, 0x09,
  0xdb, 0x09, 0x85, 0x09, 0x85, 0x09, 0x27, 0x09, 0x27, 0x09, 0xc1, 0x08,
  0xc1, 0x08, 0x54, 0x08, 0x54, 0x08, 0xdf, 0x07, 0xdf, 0x07, 0x64, 0x07,
  0x64, 0x07, 0xe3, 0x06, 0xe3, 0x06, 0x5c, 0x06, 0x5c, 0x06, 0xcf, 0x05,
  0xcf, 0x05, 0x3e, 0x05, 0x3e, 0x05, 0xa7, 0x04, 0xa7, 0x04, 0x0e, 0x04,
  0x0e, 0x04, 0x71, 0x03, 0x71, 0x03, 0xd1, 0x02, 0xd1, 0x02, 0x2e, 0x02,
  0x2e, 0x02, 0x89, 0x01, 0x89, 0x01, 0xe4, 0x00, 0xe4, 0x00, 0x3d, 0x00,
  0x3d, 0x00, 0x96, 0xff, 0x96, 0xff, 0xf0, 0xfe, 0xf0, 0xfe, 0x4a, 0xfe,
  0x4a, 0xfe, 0xa6, 0xfd, 0xa6, 0xfd, 0x04, 0xfd, 0x04, 0xfd, 0x65, 0xfc,
  0x65, 0xfc, 0xc8, 0xfb, 0xc8, 0xfb, 0x30, 0xfb, 0x30, 0xfb, 0x9a, 0xfa,
  0x9a, 0xfa, 0x0a, 0xfa, 0x0a, 0xfa, 0x80, 0xf9, 0x80, 0xf9, 0xfa, 0xf8,
  0xfa, 0xf8, 0x7a, 0xf8, 0x7a, 0xf8, 0x00, 0xf8, 0x00, 0xf8, 0x8e, 0xf7,
  0x8e, 0xf7, 0x23, 0xf7, 0x23, 0xf7, 0xbf, 0xf6, 0xbf, 0xf6, 0x63, 0xf6,
  0x63, 0xf6, 0x0f, 0xf6, 0x0f, 0xf6, 0xc4, 0xf5, 0xc4, 0xf5, 0x82, 0xf5,
  0x82, 0xf5, 0x48, 0xf5, 0x48, 0xf5, 0x17, 0xf5, 0x17, 0xf5, 0xf0, 0xf4,
  0xf0, 0xf4, 0xd2, 0xf4, 0xd2, 0xf4, 0xbd, 0xf4, 0xbd, 0xf4, 0xb3, 0xf4,
  0xb3, 0xf4, 0xb1, 0xf4, 0xb1, 0xf4, 0xb9, 0xf4, 0xb9, 0xf4, 0xcb, 0xf4,
  0xcb, 0xf4, 0xe6, 0xf4, 0xe6, 0xf4, 0x0b, 0xf5, 0x0b, 0xf5, 0x3a, 0xf5,
  0x3a, 0xf5, 0x71, 0xf5, 0x71, 0xf5, 0xb0, 0xf5, 0xb0, 0xf5, 0xfa, 0xf5,
  0xfa, 0xf5, 0x4b, 0xf6, 0x4b, 0xf6, 0xa5, 0xf6, 0xa5, 0xf6, 0x07, 0xf7,
  0x07, 0xf7, 0x70, 0xf7, 0x70, 0xf7, 0xe0, 0xf7, 0xe0, 0xf7, 0x58, 0xf8,
  0x58, 0xf8, 0xd6, 0xf8, 0xd6, 0xf8, 0x5a, 0xf9, 0x5a, 0xf9, 0xe3, 0xf9,
  0xe3, 0xf9, 0x72, 0xfa, 0x72, 0xfa, 0x06, 0xfb, 0x06, 0xfb, 0x9e, 0xfb,
  0x9e, 0xfb, 0x39, 0xfc, 0x39, 0xfc, 0xd8, 0xfc, 0xd8, 0xfc, 0x79, 0xfd,
  0x79, 0xfd, 0x1d, 0xfe, 0x1d, 0xfe, 0xc2, 0xfe, 0xc2, 0xfe, 0x68, 0xff,
  0x68, 0xff, 0x0f, 0x00, 0x0f, 0x00, 0xb6, 0x00, 0xb6, 0x00, 0x5c, 0x01,
  0x5c, 0x01, 0x01, 0x02, 0x01, 0x02, 0xa3, 0x02, 0xa3, 0x02, 0x45, 0x03,
  0x45, 0x03, 0xe3, 0x03, 0xe3, 0x03, 0x7e, 0x04, 0x7e, 0x04, 0x15, 0x05,
  0x15, 0x05, 0xa7, 0x05, 0xa7, 0x05, 0x36, 0x06, 0x36, 0x06, 0xbe, 0x06,
  0xbe, 0x06, 0x41, 0x07, 0x41, 0x07, 0xbe, 0x07, 0xbe, 0x07, 0x34, 0x08,
  0x34, 0x08, 0xa3, 0x08, 0xa3, 0x08, 0x0c, 0x09, 0x0c, 0x09, 0x6c, 0x09,
  0x6c, 0x09, 0xc4, 0x09, 0xc4, 0x09, 0x14, 0x0a, 0x14, 0x0a, 0x5b, 0x0a,
  0x5b, 0x0a, 0x9a, 0x0a, 0x9a, 0x0a, 0xd0, 0x0a, 0xd0, 0x0a, 0xfc, 0x0a,
  0xfc, 0x0a, 0x1f, 0x0b, 0x1f, 0x0b, 0x39, 0x0b, 0x39, 0x0b, 0x49, 0x0b,
  0x49, 0x0b, 0x50, 0x0b, 0x50, 0x0b, 0x4d, 0x0b, 0x4d, 0x0b, 0x40, 0x0b,
  0x40, 0x0b, 0x29, 0x0b, 0x29, 0x0b, 0x0a, 0x0b, 0x0a, 0x0b, 0xe1, 0x0a,
  0xe1, 0x0a, 0xae, 0x0a, 0xae, 0x0a, 0x73, 0x0a, 0x73, 0x0a, 0x2f, 0x0a,
  0x2f, 0x0a, 0xe3, 0x09, 0xe3, 0x09, 0x8d, 0x09, 0x8d, 0x09, 0x30, 0x09,
  0x30, 0x09, 0xcb, 0x08, 0xcb, 0x08, 0x5e, 0x08, 0x5e, 0x08, 0xea, 0x07,
  0xea, 0x07, 0x70, 0x07, 0x70, 0x07, 0xef, 0x06, 0xef, 0x06, 0x68, 0x06,
  0x68, 0x06, 0xdc, 0x05, 0xdc, 0x05, 0x4b, 0x05, 0x4b, 0x05, 0xb6, 0x04,
  0xb6, 0x04, 0x1c, 0x04, 0x1c, 0x04, 0x7f, 0x03, 0x7f, 0x03, 0xdf, 0x02,
  0xdf, 0x02, 0x3d, 0x02, 0x3d, 0x02, 0x99, 0x01, 0x99, 0x01, 0xf3, 0x00,
  0xf3, 0x00, 0x4c, 0x00, 0x4c, 0x00, 0xa5, 0xff, 0xa5, 0xff, 0xff, 0xfe,
  0xff, 0xfe, 0x59, 0xfe, 0x59, 0xfe, 0xb5, 0xfd, 0xb5, 0xfd, 0x12, 0xfd,
  0x12, 0xfd, 0x73, 0xfc, 0x73, 0xfc, 0xd6, 0xfb, 0xd6, 0xfb, 0x3d, 0xfb,
  0x3d, 0xfb, 0xa8, 0xfa, 0xa8, 0xfa, 0x18, 0xfa, 0x18, 0xfa, 0x8c, 0xf9,
  0x8c, 0xf9, 0x06, 0xf9, 0x06, 0xf9, 0x85, 0xf8, 0x85, 0xf8, 0x0c, 0xf8,
  0x0c, 0xf8, 0x98, 0xf7, 0x98, 0xf7, 0x2c, 0xf7, 0x2c, 0xf7, 0xc8, 0xf6,
  0xc8, 0xf6, 0x6b, 0xf6, 0x6b, 0xf6, 0x17, 0xf6, 0x17, 0xf6, 0xcb, 0xf5,
  0xcb, 0xf5, 0x87, 0xf5, 0x87, 0xf5, 0x4d, 0xf5, 0x4d, 0xf5, 0x1b, 0xf5,
  0x1b, 0xf5, 0xf3, 0xf4, 0xf3, 0xf4, 0xd4, 0xf4, 0xd4, 0xf4, 0xbf, 0xf4,
  0xbf, 0xf4, 0xb3, 0xf4, 0xb3, 0xf4, 0xb0, 0xf4, 0xb0, 0xf4, 0xb8, 0xf4,
  0xb8, 0xf4, 0xc9, 0xf4, 0xc9, 0xf4, 0xe3, 0xf4, 0xe3, 0xf4, 0x07, 0xf5,
  0x07, 0xf5, 0x35, 0xf5, 0x35, 0xf5, 0x6b, 0xf5, 0x6b, 0xf5, 0xab, 0xf5,
  0xab, 0xf5, 0xf3, 0xf5, 0xf3, 0xf5, 0x43, 0xf6, 0x43, 0xf6, 0x9d, 0xf6,
  0x9d, 0xf6, 0xfd, 0xf6, 0xfd, 0xf6, 0x66, 0xf7, 0x66, 0xf7, 0xd6, 0xf7,
  0xd6, 0xf7, 0x4d, 0xf8, 0x4d, 0xf8, 0xca, 0xf8, 0xca, 0xf8, 0x4d, 0xf9,
  0x4d, 0xf9, 0xd7, 0xf9, 0xd7, 0xf9, 0x65, 0xfa, 0x65, 0xfa, 0xf8, 0xfa,
  0xf8, 0xfa, 0x90, 0xfb, 0x90, 0xfb, 0x2b, 0xfc, 0x2b, 0xfc, 0xca, 0xfc,
  0xca, 0xfc, 0x6a, 0xfd, 0x6a, 0xfd, 0x0d, 0xfe, 0x0d, 0xfe, 0xb3, 0xfe,
  0xb3, 0xfe, 0x59, 0xff, 0x59, 0xff, 0x00, 0x00, 0x00, 0x00, 0xa6, 0x00,
  0xa6, 0x00, 0x4c, 0x01, 0x4c, 0x01, 0xf2, 0x01, 0xf2, 0x01, 0x95, 0x02,
  0x95, 0x02, 0x36, 0x03, 0x36, 0x03, 0xd5, 0x03, 0xd5, 0x03, 0x70, 0x04,
  0x70, 0x04, 0x07, 0x05, 0x07, 0x05, 0x9b, 0x05, 0x9b, 0x05, 0x29, 0x06,
  0x29, 0x06, 0xb2, 0x06, 0xb2, 0x06, 0x36, 0x07, 0x36, 0x07, 0xb3, 0x07,
  0xb3, 0x07, 0x2a, 0x08, 0x2a, 0x08, 0x9a, 0x08, 0x9a, 0x08, 0x02, 0x09,
  0x02, 0x09, 0x63, 0x09, 0x63, 0x09, 0xbd, 0x09, 0xbd, 0x09, 0x0d, 0x0a,
  0x0d, 0x0a, 0x55, 0x0a, 0x55, 0x0a, 0x94, 0x0a, 0x94, 0x0a, 0xcb, 0x0a,
  0xcb, 0x0a, 0xf9, 0x0a, 0xf9, 0x0a, 0x1c, 0x0b, 0x1c, 0x0b, 0x37, 0x0b,
  0x37, 0x0b, 0x48, 0x0b, 0x48, 0x0b, 0x50, 0x0b, 0x50, 0x0b, 0x4d, 0x0b,
  0x4d, 0x0b, 0x41, 0x0b, 0x41, 0x0b, 0x2c, 0x0b, 0x2c, 0x0b, 0x0d, 0x0b,
  0x0d, 0x0b, 0xe5, 0x0a, 0xe5, 0x0a, 0xb3, 0x0a, 0xb3, 0x0a, 0x79, 0x0a,
  0x79, 0x0a, 0x35, 0x0a, 0x35, 0x0a, 0xea, 0x09, 0xea, 0x09, 0x95, 0x09,
  0x95, 0x09, 0x38, 0x09, 0x38, 0x09, 0xd4, 0x08, 0xd4, 0x08, 0x68, 0x08,
  0x68, 0x08, 0xf4, 0x07, 0xf4, 0x07, 0x7b, 0x07, 0x7b, 0x07, 0xfb, 0x06,
  0xfb, 0x06, 0x74, 0x06, 0x74, 0x06, 0xe9, 0x05, 0xe9, 0x05, 0x58, 0x05,
  0x58, 0x05, 0xc4, 0x04, 0xc4, 0x04, 0x2a, 0x04, 0x2a, 0x04, 0x8d, 0x03,
  0x8d, 0x03, 0xee, 0x02, 0xee, 0x02, 0x4b, 0x02, 0x4b, 0x02, 0xa8, 0x01,
  0xa8, 0x01, 0x02, 0x01, 0x02, 0x01, 0x5b, 0x00, 0x5b, 0x00, 0xb4, 0xff,
  0xb4, 0xff, 0x0e, 0xff, 0x0e, 0xff, 0x68, 0xfe, 0x68, 0xfe, 0xc4, 0xfd,
  0xc4, 0xfd, 0x21, 0xfd, 0x21, 0xfd, 0x82, 0xfc, 0x82, 0xfc, 0xe5, 0xfb,
  0xe5, 0xfb, 0x4a, 0xfb, 0x4a, 0xfb, 0xb5, 0xfa, 0xb5, 0xfa, 0x24, 0xfa,
  0x24, 0xfa, 0x98, 0xf9, 0x98, 0xf9, 0x12, 0xf9, 0x12, 0xf9, 0x91, 0xf8,
  0x91, 0xf8, 0x16, 0xf8, 0x16, 0xf8, 0xa2, 0xf7, 0xa2, 0xf7, 0x36, 0xf7,
  0x36, 0xf7, 0xd1, 0xf6, 0xd1, 0xf6, 0x74, 0xf6, 0x74, 0xf6, 0x1e, 0xf6,
  0x1e, 0xf6, 0xd1, 0xf5, 0xd1, 0xf5, 0x8d, 0xf5, 0x8d, 0xf5, 0x52, 0xf5,
  0x52, 0xf5, 0x1f, 0xf5, 0x1f, 0xf5, 0xf6, 0xf4, 0xf6, 0xf4, 0xd7, 0xf4,
  0xd7, 0xf4, 0xc0, 0xf4, 0xc0, 0xf4, 0xb3, 0xf4, 0xb3, 0xf4, 0xb0, 0xf4,
  0xb0, 0xf4, 0xb7, 0xf4, 0xb7, 0xf4, 0xc7, 0xf4, 0xc7, 0xf4, 0xe1, 0xf4,
  0xe1, 0xf4, 0x04, 0xf5, 0x04, 0xf5, 0x30, 0xf5, 0x30, 0xf5, 0x66, 0xf5,
  0x66, 0xf5, 0xa4, 0xf5, 0xa4, 0xf5, 0xec, 0xf5, 0xec, 0xf5, 0x3c, 0xf6,
  0x3c, 0xf6, 0x94, 0xf6, 0x94, 0xf6, 0xf4, 0xf6, 0xf4, 0xf6, 0x5c, 0xf7,
  0x5c, 0xf7, 0xcb, 0xf7, 0xcb, 0xf7, 0x41, 0xf8, 0x41, 0xf8, 0xbe, 0xf8,
  0xbe, 0xf8, 0x41, 0xf9, 0x41, 0xf9, 0xca, 0xf9, 0xca, 0xf9, 0x58, 0xfa,
  0x58, 0xfa, 0xeb, 0xfa, 0xeb, 0xfa, 0x82, 0xfb, 0x82, 0xfb, 0x1c, 0xfc,
  0x1c, 0xfc, 0xbb, 0xfc, 0xbb, 0xfc, 0x5c, 0xfd, 0x5c, 0xfd, 0xff, 0xfd,
  0xff, 0xfd, 0xa3, 0xfe, 0xa3, 0xfe, 0x4a, 0xff, 0x4a, 0xff, 0xf0, 0xff,
  0xf0, 0xff, 0x97, 0x00, 0x97, 0x00, 0x3d, 0x01, 0x3d, 0x01, 0xe2, 0x01,
  0xe2, 0x01, 0x86, 0x02, 0x86, 0x02, 0x27, 0x03, 0x27, 0x03, 0xc6, 0x03,
  0xc6, 0x03, 0x62, 0x04, 0x62, 0x04, 0xf9, 0x04, 0xf9, 0x04, 0x8d, 0x05,
  0x8d, 0x05, 0x1c, 0x06, 0x1c, 0x06, 0xa5, 0x06, 0xa5, 0x06, 0x2a, 0x07,
  0x2a, 0x07, 0xa7, 0x07, 0xa7, 0x07, 0x1f, 0x08, 0x1f, 0x08, 0x90, 0x08,
  0x90, 0x08, 0xf9, 0x08, 0xf9, 0x08, 0x5b, 0x09, 0x5b, 0x09, 0xb5, 0x09,
  0xb5, 0x09, 0x06, 0x0a, 0x06, 0x0a, 0x4f, 0x0a, 0x4f, 0x0a, 0x8f, 0x0a,
  0x8f, 0x0a, 0xc6, 0x0a, 0xc6, 0x0a, 0xf4, 0x0a, 0xf4, 0x0a, 0x19, 0x0b,
  0x19, 0x0b, 0x35, 0x0b, 0x35, 0x0b, 0x46, 0x0b, 0x46, 0x0b, 0x4f, 0x0b,
  0x4f, 0x0b, 0x4d, 0x0b, 0x4d, 0x0b, 0x43, 0x0b, 0x43, 0x0b, 0x2e, 0x0b,
  0x2e, 0x0b, 0x11, 0x0b, 0x11, 0x0b, 0xe9, 0x0a, 0xe9, 0x0a, 0xb8, 0x0a,
  0xb8, 0x0a, 0x7f, 0x0a, 0x7f, 0x0a, 0x3c, 0x0a, 0x3c, 0x0a, 0xf1, 0x09,
  0xf1, 0x09, 0x9d, 0x09, 0x9d, 0x09, 0x41, 0x09, 0x41, 0x09, 0xdd, 0x08,
  0xdd, 0x08, 0x72, 0x08, 0x72, 0x08, 0x00, 0x08, 0x00, 0x08, 0x86, 0x07,
  0x86, 0x07, 0x07, 0x07, 0x07, 0x07, 0x81, 0x06, 0x81, 0x06, 0xf6, 0x05,
  0xf6, 0x05, 0x66, 0x05, 0x66, 0x05, 0xd1, 0x04, 0xd1, 0x04, 0x38, 0x04,
  0x38, 0x04, 0x9c, 0x03, 0x9c, 0x03, 0xfc, 0x02, 0xfc, 0x02, 0x5a, 0x02,
  0x5a, 0x02, 0xb6, 0x01, 0xb6, 0x01, 0x11, 0x01, 0x11, 0x01, 0x6b, 0x00,
  0x6b, 0x00, 0xc3, 0xff, 0xc3, 0xff, 0x1d, 0xff, 0x1d, 0xff, 0x78, 0xfe,
  0x78, 0xfe, 0xd3, 0xfd, 0xd3, 0xfd, 0x30, 0xfd, 0x30, 0xfd, 0x90, 0xfc,
  0x90, 0xfc, 0xf3, 0xfb, 0xf3, 0xfb, 0x59, 0xfb, 0x59, 0xfb, 0xc3, 0xfa,
  0xc3, 0xfa, 0x31, 0xfa, 0x31, 0xfa, 0xa5, 0xf9, 0xa5, 0xf9, 0x1d, 0xf9,
  0x1d, 0xf9, 0x9d, 0xf8, 0x9d, 0xf8, 0x21, 0xf8, 0x21, 0xf8, 0xad, 0xf7,
  0xad, 0xf7, 0x3f, 0xf7, 0x3f, 0xf7, 0xd9, 0xf6, 0xd9, 0xf6, 0x7b, 0xf6,
  0x7b, 0xf6, 0x26, 0xf6, 0x26, 0xf6, 0xd8, 0xf5, 0xd8, 0xf5, 0x93, 0xf5,
  0x93, 0xf5, 0x57, 0xf5, 0x57, 0xf5, 0x24, 0xf5, 0x24, 0xf5, 0xf9, 0xf4,
  0xf9, 0xf4, 0xd9, 0xf4, 0xd9, 0xf4, 0xc2, 0xf4, 0xc2, 0xf4, 0xb5, 0xf4,
  0xb5, 0xf4, 0xb0, 0xf4, 0xb0, 0xf4, 0xb6, 0xf4, 0xb6, 0xf4, 0xc6, 0xf4,
  0xc6, 0xf4, 0xde, 0xf4, 0xde, 0xf4, 0x00, 0xf5, 0x00, 0xf5, 0x2c, 0xf5,
  0x2c, 0xf5, 0x61, 0xf5, 0x61, 0xf5, 0x9e, 0xf5, 0x9e, 0xf5, 0xe5, 0xf5,
  0xe5, 0xf5, 0x34, 0xf6, 0x34, 0xf6, 0x8c, 0xf6, 0x8c, 0xf6, 0xeb, 0xf6,
  0xeb, 0xf6, 0x52, 0xf7, 0x52, 0xf7, 0xc1, 0xf7, 0xc1, 0xf7, 0x37, 0xf8,
  0x37, 0xf8, 0xb2, 0xf8, 0xb2, 0xf8, 0x35, 0xf9, 0x35, 0xf9, 0xbd, 0xf9,
  0xbd, 0xf9, 0x4b, 0xfa, 0x4b, 0xfa, 0xde, 0xfa, 0xde, 0xfa, 0x73, 0xfb,
  0x73, 0xfb, 0x0e, 0xfc, 0x0e, 0xfc, 0xac, 0xfc, 0xac, 0xfc, 0x4c, 0xfd,
  0x4c, 0xfd, 0xf1, 0xfd, 0xf1, 0xfd, 0x95, 0xfe, 0x95, 0xfe, 0x3b, 0xff,
  0x3b, 0xff, 0xe2, 0xff, 0xe2, 0xff, 0x88, 0x00, 0x88, 0x00, 0x2f, 0x01,
  0x2f, 0x01, 0xd3, 0x01, 0xd3, 0x01, 0x77, 0x02, 0x77, 0x02, 0x19, 0x03,
  0x19, 0x03, 0xb8, 0x03, 0xb8, 0x03, 0x54, 0x04, 0x54, 0x04, 0xec, 0x04,
  0xec, 0x04, 0x80, 0x05, 0x80, 0x05, 0x0f, 0x06, 0x0f, 0x06, 0x99, 0x06,
  0x99, 0x06, 0x1e, 0x07, 0x1e, 0x07, 0x9d, 0x07, 0x9d, 0x07, 0x15, 0x08,
  0x15, 0x08, 0x85, 0x08, 0x85, 0x08, 0xf0, 0x08, 0xf0, 0x08, 0x52, 0x09,
  0x52, 0x09, 0xad, 0x09, 0xad, 0x09, 0xff, 0x09, 0xff, 0x09, 0x49, 0x0a,
  0x49, 0x0a, 0x8a, 0x0a, 0x8a, 0x0a, 0xc2, 0x0a, 0xc2, 0x0a, 0xf1, 0x0a,
  0xf1, 0x0a, 0x16, 0x0b, 0x16, 0x0b, 0x33, 0x0b, 0x33, 0x0b, 0x46, 0x0b,
  0x46, 0x0b, 0x4f, 0x0b, 0x4f, 0x0b, 0x4e, 0x0b, 0x4e, 0x0b, 0x44, 0x0b,
  0x44, 0x0b, 0x30, 0x0b, 0x30, 0x0b, 0x13, 0x0b, 0x13, 0x0b, 0xed, 0x0a,
  0xed, 0x0a, 0xbd, 0x0a, 0xbd, 0x0a, 0x85, 0x0a, 0x85, 0x0a, 0x43, 0x0a,
  0x43, 0x0a, 0xf8, 0x09, 0xf8, 0x09, 0xa5, 0x09, 0xa5, 0x09, 0x4a, 0x09,
  0x4a, 0x09, 0xe7, 0x08, 0xe7, 0x08, 0x7c, 0x08, 0x7c, 0x08, 0x0a, 0x08,
  0x0a, 0x08, 0x91, 0x07, 0x91, 0x07, 0x13, 0x07, 0x13, 0x07, 0x8e, 0x06,
  0x8e, 0x06, 0x03, 0x06, 0x03, 0x06, 0x73, 0x05, 0x73, 0x05, 0xdf, 0x04,
  0xdf, 0x04, 0x46, 0x04, 0x46, 0x04, 0xaa, 0x03, 0xaa, 0x03, 0x0b, 0x03,
  0x0b, 0x03, 0x69, 0x02, 0x69, 0x02, 0xc5, 0x01, 0xc5, 0x01, 0x20, 0x01,
  0x20, 0x01, 0x7a, 0x00, 0x7a, 0x00, 0xd3, 0xff, 0xd3, 0xff, 0x2c, 0xff,
  0x2c, 0xff, 0x86, 0xfe, 0x86, 0xfe, 0xe2, 0xfd, 0xe2, 0xfd, 0x3f, 0xfd,
  0x3f, 0xfd, 0x9f, 0xfc, 0x9f, 0xfc, 0x01, 0xfc, 0x01, 0xfc, 0x67, 0xfb,
  0x67, 0xfb, 0xd0, 0xfa, 0xd0, 0xfa, 0x3e, 0xfa, 0x3e, 0xfa, 0xb2, 0xf9,
  0xb2, 0xf9, 0x29, 0xf9, 0x29, 0xf9, 0xa8, 0xf8, 0xa8, 0xf8, 0x2c, 0xf8,
  0x2c, 0xf8, 0xb7, 0xf7, 0xb7, 0xf7, 0x49, 0xf7, 0x49, 0xf7, 0xe3, 0xf6,
  0xe3, 0xf6, 0x84, 0xf6, 0x84, 0xf6, 0x2d, 0xf6, 0x2d, 0xf6, 0xde, 0xf5,
  0xde, 0xf5, 0x98, 0xf5, 0x98, 0xf5, 0x5c, 0xf5, 0x5c, 0xf5, 0x28, 0xf5,
  0x28, 0xf5, 0xfd, 0xf4, 0xfd, 0xf4, 0xdc, 0xf4, 0xdc, 0xf4, 0xc4, 0xf4,
  0xc4, 0xf4, 0xb5, 0xf4, 0xb5, 0xf4, 0xb0, 0xf4, 0xb0, 0xf4, 0xb5, 0xf4,
  0xb5, 0xf4, 0xc4, 0xf4, 0xc4, 0xf4, 0xdc, 0xf4, 0xdc, 0xf4, 0xfd, 0xf4,
  0xfd, 0xf4, 0x27, 0xf5, 0x27, 0xf5, 0x5c, 0xf5, 0x5c, 0xf5, 0x98, 0xf5,
  0x98, 0xf5, 0xde, 0xf5, 0xde, 0xf5, 0x2d, 0xf6, 0x2d, 0xf6, 0x83, 0xf6,
  0x83, 0xf6, 0xe3, 0xf6, 0xe3, 0xf6, 0x48, 0xf7, 0x48, 0xf7, 0xb7, 0xf7,
  0xb7, 0xf7, 0x2c, 0xf8, 0x2c, 0xf8, 0xa7, 0xf8, 0xa7, 0xf8, 0x29, 0xf9,
  0x29, 0xf9, 0xb1, 0xf9, 0xb1, 0xf9, 0x3e, 0xfa, 0x3e, 0xfa, 0xd0, 0xfa,
  0xd0, 0xfa, 0x66, 0xfb, 0x66, 0xfb, 0x00, 0xfc, 0x00, 0xfc, 0x9e, 0xfc,
  0x9e, 0xfc, 0x3e, 0xfd, 0x3e, 0xfd, 0xe1, 0xfd, 0xe1, 0xfd, 0x86, 0xfe,
  0x86, 0xfe, 0x2c, 0xff, 0x2c, 0xff, 0xd3, 0xff, 0xd3, 0xff, 0x79, 0x00,
  0x79, 0x00, 0x1f, 0x01, 0x1f, 0x01, 0xc5, 0x01, 0xc5, 0x01, 0x69, 0x02,
  0x69, 0x02, 0x0b, 0x03, 0x0b, 0x03, 0xaa, 0x03, 0xaa, 0x03, 0x46, 0x04,
  0x46, 0x04, 0xdf, 0x04, 0xdf, 0x04, 0x72, 0x05, 0x72, 0x05, 0x03, 0x06,
  0x03, 0x06, 0x8d, 0x06, 0x8d, 0x06, 0x12, 0x07, 0x12, 0x07, 0x91, 0x07,
  0x91, 0x07, 0x0a, 0x08, 0x0a, 0x08, 0x7b, 0x08, 0x7b, 0x08, 0xe7, 0x08,
  0xe7, 0x08, 0x4a, 0x09, 0x4a, 0x09, 0xa4, 0x09, 0xa4, 0x09, 0xf8, 0x09,
  0xf8, 0x09, 0x42, 0x0a, 0x42, 0x0a, 0x84, 0x0a, 0x84, 0x0a, 0xbd, 0x0a,
  0xbd, 0x0a, 0xed, 0x0a, 0xed, 0x0a, 0x13, 0x0b, 0x13, 0x0b, 0x30, 0x0b,
  0x30, 0x0b, 0x44, 0x0b, 0x44, 0x0b, 0x4e, 0x0b, 0x4e, 0x0b, 0x4f, 0x0b,
  0x4f, 0x0b, 0x46, 0x0b, 0x46, 0x0b, 0x33, 0x0b, 0x33, 0x0b, 0x16, 0x0b,
  0x16, 0x0b, 0xf1, 0x0a, 0xf1, 0x0a, 0xc2, 0x0a, 0xc2, 0x0a, 0x8a, 0x0a,
  0x8a, 0x0a, 0x49, 0x0a, 0x49, 0x0a, 0xff, 0x09, 0xff, 0x09, 0xad, 0x09,
  0xad, 0x09, 0x52, 0x09, 0x52, 0x09, 0xf0, 0x08, 0xf0, 0x08, 0x86, 0x08,
  0x86, 0x08, 0x15, 0x08, 0x15, 0x08, 0x9d, 0x07, 0x9d, 0x07, 0x1e, 0x07,
  0x1e, 0x07, 0x9a, 0x06, 0x9a, 0x06, 0x10, 0x06, 0x10, 0x06, 0x81, 0x05,
  0x81, 0x05, 0xed, 0x04, 0xed, 0x04, 0x54, 0x04, 0x54, 0x04, 0xb8, 0x03,
  0xb8, 0x03, 0x19, 0x03, 0x19, 0x03, 0x77, 0x02, 0x77, 0x02, 0xd4, 0x01,
  0xd4, 0x01, 0x2f, 0x01, 0x2f, 0x01, 0x88, 0x00, 0x88, 0x00, 0xe2, 0xff,
  0xe2, 0xff, 0x3b, 0xff, 0x3b, 0xff, 0x95, 0xfe, 0x95, 0xfe, 0xf1, 0xfd,
  0xf1, 0xfd, 0x4d, 0xfd, 0x4d, 0xfd, 0xad, 0xfc, 0xad, 0xfc, 0x0f, 0xfc,
  0x0f, 0xfc, 0x74, 0xfb, 0x74, 0xfb, 0xde, 0xfa, 0xde, 0xfa, 0x4c, 0xfa,
  0x4c, 0xfa, 0xbe, 0xf9, 0xbe, 0xf9, 0x36, 0xf9, 0x36, 0xf9, 0xb3, 0xf8,
  0xb3, 0xf8, 0x37, 0xf8, 0x37, 0xf8, 0xc1, 0xf7, 0xc1, 0xf7, 0x52, 0xf7,
  0x52, 0xf7, 0xec, 0xf6, 0xec, 0xf6, 0x8c, 0xf6, 0x8c, 0xf6, 0x35, 0xf6,
  0x35, 0xf6, 0xe5, 0xf5, 0xe5, 0xf5, 0x9f, 0xf5, 0x9f, 0xf5, 0x61, 0xf5,
  0x61, 0xf5, 0x2c, 0xf5, 0x2c, 0xf5, 0x00, 0xf5, 0x00, 0xf5, 0xde, 0xf4,
  0xde, 0xf4, 0xc6, 0xf4, 0xc6, 0xf4, 0xb6, 0xf4, 0xb6, 0xf4, 0xb0, 0xf4,
  0xb0, 0xf4, 0xb4, 0xf4, 0xb4, 0xf4, 0xc2, 0xf4, 0xc2, 0xf4, 0xd9, 0xf4,
  0xd9, 0xf4, 0xf9, 0xf4, 0xf9, 0xf4, 0x23, 0xf5, 0x23, 0xf5, 0x57, 0xf5,
  0x57, 0xf5, 0x93, 0xf5, 0x93, 0xf5, 0xd7, 0xf5, 0xd7, 0xf5, 0x25, 0xf6,
  0x25, 0xf6, 0x7b, 0xf6, 0x7b, 0xf6, 0xd9, 0xf6, 0xd9, 0xf6, 0x3f, 0xf7,
  0x3f, 0xf7, 0xac, 0xf7, 0xac, 0xf7, 0x21, 0xf8, 0x21, 0xf8, 0x9c, 0xf8,
  0x9c, 0xf8, 0x1d, 0xf9, 0x1d, 0xf9, 0xa4, 0xf9, 0xa4, 0xf9, 0x31, 0xfa,
  0x31, 0xfa, 0xc2, 0xfa, 0xc2, 0xfa, 0x59, 0xfb, 0x59, 0xfb, 0xf2, 0xfb,
  0xf2, 0xfb, 0x8f, 0xfc, 0x8f, 0xfc, 0x2f, 0xfd, 0x2f, 0xfd, 0xd2, 0xfd,
  0xd2, 0xfd, 0x77, 0xfe, 0x77, 0xfe, 0x1c, 0xff, 0x1c, 0xff, 0xc3, 0xff,
  0xc3, 0xff, 0x6a, 0x00, 0x6a, 0x00, 0x10, 0x01, 0x10, 0x01, 0xb6, 0x01,
  0xb6, 0x01, 0x5a, 0x02, 0x5a, 0x02, 0xfc, 0x02, 0xfc, 0x02, 0x9b, 0x03,
  0x9b, 0x03, 0x38, 0x04, 0x38, 0x04, 0xd0, 0x04, 0xd0, 0x04, 0x66, 0x05,
  0x66, 0x05, 0xf6, 0x05, 0xf6, 0x05, 0x80, 0x06, 0x80, 0x06, 0x06, 0x07,
  0x06, 0x07, 0x86, 0x07, 0x86, 0x07, 0x00, 0x08, 0x00, 0x08, 0x72, 0x08,
  0x72, 0x08, 0xdd, 0x08, 0xdd, 0x08, 0x41, 0x09, 0x41, 0x09, 0x9d, 0x09,
  0x9d, 0x09, 0xf1, 0x09, 0xf1, 0x09, 0x3c, 0x0a, 0x3c, 0x0a, 0x7e, 0x0a,
  0x7e, 0x0a, 0xb8, 0x0a, 0xb8, 0x0a, 0xe9, 0x0a, 0xe9, 0x0a, 0x10, 0x0b,
  0x10, 0x0b, 0x2e, 0x0b, 0x2e, 0x0b, 0x43, 0x0b, 0x43, 0x0b, 0x4d, 0x0b,
  0x4d, 0x0b, 0x4f, 0x0b, 0x4f, 0x0b, 0x47, 0x0b, 0x47, 0x0b, 0x35, 0x0b,
  0x35, 0x0b, 0x1a, 0x0b, 0x1a, 0x0b, 0xf5, 0x0a, 0xf5, 0x0a, 0xc6, 0x0a,
  0xc6, 0x0a, 0x8f, 0x0a, 0x8f, 0x0a, 0x50, 0x0a, 0x50, 0x0a, 0x06, 0x0a,
  0x06, 0x0a, 0xb5, 0x09, 0xb5, 0x09, 0x5b, 0x09, 0x5b, 0x09, 0xf9, 0x08,
  0xf9, 0x08, 0x90, 0x08, 0x90, 0x08, 0x20, 0x08, 0x20, 0x08, 0xa8, 0x07,
  0xa8, 0x07, 0x2a, 0x07, 0x2a, 0x07, 0xa6, 0x06, 0xa6, 0x06, 0x1d, 0x06,
  0x1d, 0x06, 0x8e, 0x05, 0x8e, 0x05, 0xfa, 0x04, 0xfa, 0x04, 0x62, 0x04,
  0x62, 0x04, 0xc7, 0x03, 0xc7, 0x03, 0x28, 0x03, 0x28, 0x03, 0x87, 0x02,
  0x87, 0x02, 0xe3, 0x01, 0xe3, 0x01, 0x3e, 0x01, 0x3e, 0x01, 0x98, 0x00,
  0x98, 0x00, 0xf1, 0xff, 0xf1, 0xff, 0x4a, 0xff, 0x4a, 0xff, 0xa4, 0xfe,
  0xa4, 0xfe, 0xff, 0xfd, 0xff, 0xfd, 0x5d, 0xfd, 0x5d, 0xfd, 0xbb, 0xfc,
  0xbb, 0xfc, 0x1d, 0xfc, 0x1d, 0xfc, 0x82, 0xfb, 0x82, 0xfb, 0xeb, 0xfa,
  0xeb, 0xfa, 0x59, 0xfa, 0x59, 0xfa, 0xca, 0xf9, 0xca, 0xf9, 0x42, 0xf9,
  0x42, 0xf9, 0xbf, 0xf8, 0xbf, 0xf8, 0x42, 0xf8, 0x42, 0xf8, 0xcc, 0xf7,
  0xcc, 0xf7, 0x5d, 0xf7, 0x5d, 0xf7, 0xf4, 0xf6, 0xf4, 0xf6, 0x94, 0xf6,
  0x94, 0xf6, 0x3c, 0xf6, 0x3c, 0xf6, 0xec, 0xf5, 0xec, 0xf5, 0xa5, 0xf5,
  0xa5, 0xf5, 0x66, 0xf5, 0x66, 0xf5, 0x30, 0xf5, 0x30, 0xf5, 0x04, 0xf5,
  0x04, 0xf5, 0xe1, 0xf4, 0xe1, 0xf4, 0xc7, 0xf4, 0xc7, 0xf4, 0xb7, 0xf4,
  0xb7, 0xf4, 0xb0, 0xf4, 0xb0, 0xf4, 0xb3, 0xf4, 0xb3, 0xf4, 0xc0, 0xf4,
  0xc0, 0xf4, 0xd7, 0xf4, 0xd7, 0xf4, 0xf6, 0xf4, 0xf6, 0xf4, 0x1f, 0xf5,
  0x1f, 0xf5, 0x52, 0xf5, 0x52, 0xf5, 0x8d, 0xf5, 0x8d, 0xf5, 0xd1, 0xf5,
  0xd1, 0xf5, 0x1d, 0xf6, 0x1d, 0xf6, 0x73, 0xf6, 0x73, 0xf6, 0xd0, 0xf6,
  0xd0, 0xf6, 0x35, 0xf7, 0x35, 0xf7, 0xa2, 0xf7, 0xa2, 0xf7, 0x16, 0xf8,
  0x16, 0xf8, 0x90, 0xf8, 0x90, 0xf8, 0x11, 0xf9, 0x11, 0xf9, 0x98, 0xf9,
  0x98, 0xf9, 0x24, 0xfa, 0x24, 0xfa, 0xb5, 0xfa, 0xb5, 0xfa, 0x4a, 0xfb,
  0x4a, 0xfb, 0xe4, 0xfb, 0xe4, 0xfb, 0x81, 0xfc, 0x81, 0xfc, 0x21, 0xfd,
  0x21, 0xfd, 0xc3, 0xfd, 0xc3, 0xfd, 0x67, 0xfe, 0x67, 0xfe, 0x0d, 0xff,
  0x0d, 0xff, 0xb4, 0xff, 0xb4, 0xff, 0x5b, 0x00, 0x5b, 0x00, 0x01, 0x01,
  0x01, 0x01, 0xa7, 0x01, 0xa7, 0x01, 0x4b, 0x02, 0x4b, 0x02, 0xee, 0x02,
  0xee, 0x02, 0x8d, 0x03, 0x8d, 0x03, 0x2a, 0x04, 0x2a, 0x04, 0xc3, 0x04,
  0xc3, 0x04, 0x58, 0x05, 0x58, 0x05, 0xe8, 0x05, 0xe8, 0x05, 0x74, 0x06,
  0x74, 0x06, 0xfa, 0x06, 0xfa, 0x06, 0x7b, 0x07, 0x7b, 0x07, 0xf4, 0x07,
  0xf4, 0x07, 0x68, 0x08, 0x68, 0x08, 0xd4, 0x08, 0xd4, 0x08, 0x38, 0x09,
  0x38, 0x09, 0x95, 0x09, 0x95, 0x09, 0xe9, 0x09, 0xe9, 0x09, 0x35, 0x0a,
  0x35, 0x0a, 0x79, 0x0a, 0x79, 0x0a, 0xb3, 0x0a, 0xb3, 0x0a, 0xe5, 0x0a,
  0xe5, 0x0a, 0x0d, 0x0b, 0x0d, 0x0b, 0x2c, 0x0b, 0x2c, 0x0b, 0x41, 0x0b,
  0x41, 0x0b, 0x4d, 0x0b, 0x4d, 0x0b, 0x50, 0x0b, 0x50, 0x0b, 0x48, 0x0b,
  0x48, 0x0b, 0x37, 0x0b, 0x37, 0x0b, 0x1d, 0x0b, 0x1d, 0x0b, 0xf9, 0x0a,
  0xf9, 0x0a, 0xcb, 0x0a, 0xcb, 0x0a, 0x95, 0x0a, 0x95, 0x0a, 0x55, 0x0a,
  0x55, 0x0a, 0x0d, 0x0a, 0x0d, 0x0a, 0xbd, 0x09, 0xbd, 0x09, 0x63, 0x09,
  0x63, 0x09, 0x03, 0x09, 0x03, 0x09, 0x9a, 0x08, 0x9a, 0x08, 0x2a, 0x08,
  0x2a, 0x08, 0xb3, 0x07, 0xb3, 0x07, 0x36, 0x07, 0x36, 0x07, 0xb3, 0x06,
  0xb3, 0x06, 0x29, 0x06, 0x29, 0x06, 0x9b, 0x05, 0x9b, 0x05, 0x08, 0x05,
  0x08, 0x05, 0x70, 0x04, 0x70, 0x04, 0xd5, 0x03, 0xd5, 0x03, 0x36, 0x03,
  0x36, 0x03, 0x96, 0x02, 0x96, 0x02, 0xf3, 0x01, 0xf3, 0x01, 0x4d, 0x01,
  0x4d, 0x01, 0xa7, 0x00, 0xa7, 0x00, 0x00, 0x00, 0x00, 0x00, 0x5a, 0xff,
  0x5a, 0xff, 0xb4, 0xfe, 0xb4, 0xfe, 0x0e, 0xfe, 0x0e, 0xfe, 0x6b, 0xfd,
  0x6b, 0xfd, 0xca, 0xfc, 0xca, 0xfc, 0x2b, 0xfc, 0x2b, 0xfc, 0x90, 0xfb,
  0x90, 0xfb, 0xf9, 0xfa, 0xf9, 0xfa, 0x65, 0xfa, 0x65, 0xfa, 0xd7, 0xf9,
  0xd7, 0xf9, 0x4e, 0xf9, 0x4e, 0xf9, 0xca, 0xf8, 0xca, 0xf8, 0x4d, 0xf8,
  0x4d, 0xf8, 0xd6, 0xf7, 0xd6, 0xf7, 0x66, 0xf7, 0x66, 0xf7, 0xfe, 0xf6,
  0xfe, 0xf6, 0x9d, 0xf6, 0x9d, 0xf6, 0x43, 0xf6, 0x43, 0xf6, 0xf3, 0xf5,
  0xf3, 0xf5, 0xab, 0xf5, 0xab, 0xf5, 0x6c, 0xf5, 0x6c, 0xf5, 0x35, 0xf5,
  0x35, 0xf5, 0x07, 0xf5, 0x07, 0xf5, 0xe4, 0xf4, 0xe4, 0xf4, 0xc9, 0xf4,
  0xc9, 0xf4, 0xb8, 0xf4, 0xb8, 0xf4, 0xb0, 0xf4, 0xb0, 0xf4, 0xb3, 0xf4,
  0xb3, 0xf4, 0xbf, 0xf4, 0xbf, 0xf4, 0xd4, 0xf4, 0xd4, 0xf4, 0xf3, 0xf4,
  0xf3, 0xf4, 0x1b, 0xf5, 0x1b, 0xf5, 0x4d, 0xf5, 0x4d, 0xf5, 0x87, 0xf5,
  0x87, 0xf5, 0xcb, 0xf5, 0xcb, 0xf5, 0x16, 0xf6, 0x16, 0xf6, 0x6b, 0xf6,
  0x6b, 0xf6, 0xc8, 0xf6, 0xc8, 0xf6, 0x2c, 0xf7, 0x2c, 0xf7, 0x98, 0xf7,
  0x98, 0xf7, 0x0c, 0xf8, 0x0c, 0xf8, 0x85, 0xf8, 0x85, 0xf8, 0x05, 0xf9,
  0x05, 0xf9, 0x8c, 0xf9, 0x8c, 0xf9, 0x17, 0xfa, 0x17, 0xfa, 0xa8, 0xfa,
  0xa8, 0xfa, 0x3c, 0xfb, 0x3c, 0xfb, 0xd6, 0xfb, 0xd6, 0xfb, 0x73, 0xfc,
  0x73, 0xfc, 0x12, 0xfd, 0x12, 0xfd, 0xb5, 0xfd, 0xb5, 0xfd, 0x58, 0xfe,
  0x58, 0xfe, 0xfe, 0xfe, 0xfe, 0xfe, 0xa5, 0xff, 0xa5, 0xff, 0x4c, 0x00,
  0x4c, 0x00, 0xf2, 0x00, 0xf2, 0x00, 0x98, 0x01, 0x98, 0x01, 0x3c, 0x02,
  0x3c, 0x02, 0xdf, 0x02, 0xdf, 0x02, 0x7e, 0x03, 0x7e, 0x03, 0x1b, 0x04,
  0x1b, 0x04, 0xb6, 0x04, 0xb6, 0x04, 0x4b, 0x05, 0x4b, 0x05, 0xdc, 0x05,
  0xdc, 0x05, 0x68, 0x06, 0x68, 0x06, 0xee, 0x06, 0xee, 0x06, 0x6f, 0x07,
  0x6f, 0x07, 0xea, 0x07, 0xea, 0x07, 0x5e, 0x08, 0x5e, 0x08, 0xca, 0x08,
  0xca, 0x08, 0x2f, 0x09, 0x2f, 0x09, 0x8c, 0x09, 0x8c, 0x09, 0xe2, 0x09,
  0xe2, 0x09, 0x2f, 0x0a, 0x2f, 0x0a, 0x73, 0x0a, 0x73, 0x0a, 0xae, 0x0a,
  0xae, 0x0a, 0xe1, 0x0a, 0xe1, 0x0a, 0x0a, 0x0b, 0x0a, 0x0b, 0x29, 0x0b,
  0x29, 0x0b, 0x40, 0x0b, 0x40, 0x0b, 0x4d, 0x0b, 0x4d, 0x0b, 0x50, 0x0b,
  0x50, 0x0b, 0x49, 0x0b, 0x49, 0x0b, 0x39, 0x0b, 0x39, 0x0b, 0x1f, 0x0b,
  0x1f, 0x0b, 0xfc, 0x0a, 0xfc, 0x0a, 0xd0, 0x0a, 0xd0, 0x0a, 0x9a, 0x0a,
  0x9a, 0x0a, 0x5c, 0x0a, 0x5c, 0x0a, 0x14, 0x0a, 0x14, 0x0a, 0xc4, 0x09,
  0xc4, 0x09, 0x6c, 0x09, 0x6c, 0x09, 0x0c, 0x09, 0x0c, 0x09, 0xa4, 0x08,
  0xa4, 0x08, 0x35, 0x08, 0x35, 0x08, 0xbf, 0x07, 0xbf, 0x07, 0x42, 0x07,
  0x42, 0x07, 0xbf, 0x06, 0xbf, 0x06, 0x36, 0x06, 0x36, 0x06, 0xa8, 0x05,
  0xa8, 0x05, 0x15, 0x05, 0x15, 0x05, 0x7e, 0x04, 0x7e, 0x04, 0xe4, 0x03,
  0xe4, 0x03, 0x45, 0x03, 0x45, 0x03, 0xa4, 0x02, 0xa4, 0x02, 0x01, 0x02,
  0x01, 0x02, 0x5d, 0x01, 0x5d, 0x01, 0xb6, 0x00, 0xb6, 0x00, 0x10, 0x00,
  0x10, 0x00, 0x69, 0xff, 0x69, 0xff, 0xc3, 0xfe, 0xc3, 0xfe, 0x1e, 0xfe,
  0x1e, 0xfe, 0x7a, 0xfd, 0x7a, 0xfd, 0xd9, 0xfc, 0xd9, 0xfc, 0x3a, 0xfc,
  0x3a, 0xfc, 0x9e, 0xfb, 0x9e, 0xfb, 0x07, 0xfb, 0x07, 0xfb, 0x73, 0xfa,
  0x73, 0xfa, 0xe4, 0xf9, 0xe4, 0xf9, 0x5b, 0xf9, 0x5b, 0xf9, 0xd6, 0xf8,
  0xd6, 0xf8, 0x59, 0xf8, 0x59, 0xf8, 0xe1, 0xf7, 0xe1, 0xf7, 0x70, 0xf7,
  0x70, 0xf7, 0x07, 0xf7, 0x07, 0xf7, 0xa5, 0xf6, 0xa5, 0xf6, 0x4b, 0xf6,
  0x4b, 0xf6, 0xfa, 0xf5, 0xfa, 0xf5, 0xb1, 0xf5, 0xb1, 0xf5, 0x71, 0xf5,
  0x71, 0xf5, 0x3a, 0xf5, 0x3a, 0xf5, 0x0c, 0xf5, 0x0c, 0xf5, 0xe7, 0xf4,
  0xe7, 0xf4, 0xcb, 0xf4, 0xcb, 0xf4, 0xba, 0xf4, 0xba, 0xf4, 0xb1, 0xf4,
  0xb1, 0xf4, 0xb3, 0xf4, 0xb3, 0xf4, 0xbd, 0xf4, 0xbd, 0xf4, 0xd2, 0xf4,
  0xd2, 0xf4, 0xef, 0xf4, 0xef, 0xf4, 0x17, 0xf5, 0x17, 0xf5, 0x48, 0xf5,
  0x48, 0xf5, 0x81, 0xf5, 0x81, 0xf5, 0xc4, 0xf5, 0xc4, 0xf5, 0x0f, 0xf6,
  0x0f, 0xf6, 0x63, 0xf6, 0x63, 0xf6, 0xbf, 0xf6, 0xbf, 0xf6, 0x23, 0xf7,
  0x23, 0xf7, 0x8e, 0xf7, 0x8e, 0xf7, 0x00, 0xf8, 0x00, 0xf8, 0x7a, 0xf8,
  0x7a, 0xf8, 0xf9, 0xf8, 0xf9, 0xf8, 0x7f, 0xf9, 0x7f, 0xf9, 0x0a, 0xfa,
  0x0a, 0xfa, 0x9a, 0xfa, 0x9a, 0xfa, 0x2f, 0xfb, 0x2f, 0xfb, 0xc8, 0xfb,
  0xc8, 0xfb, 0x64, 0xfc, 0x64, 0xfc, 0x04, 0xfd, 0x04, 0xfd, 0xa6, 0xfd,
  0xa6, 0xfd, 0x4a, 0xfe, 0x4a, 0xfe, 0xef, 0xfe, 0xef, 0xfe, 0x95, 0xff,
  0x95, 0xff, 0x3d, 0x00, 0x3d, 0x00, 0xe3, 0x00, 0xe3, 0x00, 0x88, 0x01,
  0x88, 0x01, 0x2d, 0x02, 0x2d, 0x02, 0xd0, 0x02, 0xd0, 0x02, 0x70, 0x03,
  0x70, 0x03, 0x0d, 0x04, 0x0d, 0x04, 0xa7, 0x04, 0xa7, 0x04, 0x3d, 0x05,
  0x3d, 0x05, 0xcf, 0x05, 0xcf, 0x05, 0x5b, 0x06, 0x5b, 0x06, 0xe3, 0x06,
  0xe3, 0x06, 0x63, 0x07, 0x63, 0x07, 0xdf, 0x07, 0xdf, 0x07, 0x53, 0x08,
  0x53, 0x08, 0xc1, 0x08, 0xc1, 0x08, 0x27, 0x09, 0x27, 0x09, 0x85, 0x09,
  0x85, 0x09, 0xda, 0x09, 0xda, 0x09, 0x28, 0x0a, 0x28, 0x0a, 0x6d, 0x0a,
  0x6d, 0x0a, 0xa9, 0x0a, 0xa9, 0x0a, 0xdc, 0x0a, 0xdc, 0x0a, 0x07, 0x0b,
  0x07, 0x0b, 0x27, 0x0b, 0x27, 0x0b, 0x3e, 0x0b, 0x3e, 0x0b, 0x4b, 0x0b,
  0x4b, 0x0b, 0x50, 0x0b, 0x50, 0x0b, 0x4a, 0x0b, 0x4a, 0x0b, 0x3a, 0x0b,
  0x3a, 0x0b, 0x22, 0x0b, 0x22, 0x0b, 0x00, 0x0b, 0x00, 0x0b, 0xd4, 0x0a,
  0xd4, 0x0a, 0x9f, 0x0a, 0x9f, 0x0a, 0x62, 0x0a, 0x62, 0x0a, 0x1b, 0x0a,
  0x1b, 0x0a, 0xcc, 0x09, 0xcc, 0x09, 0x74, 0x09, 0x74, 0x09, 0x15, 0x09,
  0x15, 0x09, 0xae, 0x08, 0xae, 0x08, 0x3f, 0x08, 0x3f, 0x08, 0xc9, 0x07,
  0xc9, 0x07, 0x4e, 0x07, 0x4e, 0x07, 0xcb, 0x06, 0xcb, 0x06, 0x43, 0x06,
  0x43, 0x06, 0xb5, 0x05, 0xb5, 0x05, 0x22, 0x05, 0x22, 0x05, 0x8d, 0x04,
  0x8d, 0x04, 0xf2, 0x03, 0xf2, 0x03, 0x54, 0x03, 0x54, 0x03, 0xb4, 0x02,
  0xb4, 0x02, 0x0f, 0x02, 0x0f, 0x02, 0x6b, 0x01, 0x6b, 0x01, 0xc5, 0x00,
  0xc5, 0x00, 0x1e, 0x00, 0x1e, 0x00, 0x78, 0xff, 0x78, 0xff, 0xd1, 0xfe,
  0xd1, 0xfe, 0x2d, 0xfe, 0x2d, 0xfe, 0x89, 0xfd, 0x89, 0xfd, 0xe7, 0xfc,
  0xe7, 0xfc, 0x48, 0xfc, 0x48, 0xfc, 0xac, 0xfb, 0xac, 0xfb, 0x14, 0xfb,
  0x14, 0xfb, 0x80, 0xfa, 0x80, 0xfa, 0xf1, 0xf9, 0xf1, 0xf9, 0x67, 0xf9,
  0x67, 0xf9, 0xe2, 0xf8, 0xe2, 0xf8, 0x63, 0xf8, 0x63, 0xf8, 0xeb, 0xf7,
  0xeb, 0xf7, 0x7b, 0xf7, 0x7b, 0xf7, 0x10, 0xf7, 0x10, 0xf7, 0xae, 0xf6,
  0xae, 0xf6, 0x53, 0xf6, 0x53, 0xf6, 0x01, 0xf6, 0x01, 0xf6, 0xb7, 0xf5,
  0xb7, 0xf5, 0x76, 0xf5, 0x76, 0xf5, 0x3e, 0xf5, 0x3e, 0xf5, 0x0f, 0xf5,
  0x0f, 0xf5, 0xea, 0xf4, 0xea, 0xf4, 0xcd, 0xf4, 0xcd, 0xf4, 0xba, 0xf4,
  0xba, 0xf4, 0xb1, 0xf4, 0xb1, 0xf4, 0xb2, 0xf4, 0xb2, 0xf4, 0xbc, 0xf4,
  0xbc, 0xf4, 0xd0, 0xf4, 0xd0, 0xf4, 0xed, 0xf4, 0xed, 0xf4, 0x13, 0xf5,
  0x13, 0xf5, 0x43, 0xf5, 0x43, 0xf5, 0x7b, 0xf5, 0x7b, 0xf5, 0xbd, 0xf5,
  0xbd, 0xf5, 0x08, 0xf6, 0x08, 0xf6, 0x5b, 0xf6, 0x5b, 0xf6, 0xb6, 0xf6,
  0xb6, 0xf6, 0x19, 0xf7, 0x19, 0xf7, 0x84, 0xf7, 0x84, 0xf7, 0xf6, 0xf7,
  0xf6, 0xf7, 0x6f, 0xf8, 0x6f, 0xf8, 0xed, 0xf8, 0xed, 0xf8, 0x72, 0xf9,
  0x72, 0xf9, 0xfd, 0xf9, 0xfd, 0xf9, 0x8d, 0xfa, 0x8d, 0xfa, 0x21, 0xfb,
  0x21, 0xfb, 0xba, 0xfb, 0xba, 0xfb, 0x56, 0xfc, 0x56, 0xfc, 0xf5, 0xfc,
  0xf5, 0xfc, 0x97, 0xfd, 0x97, 0xfd, 0x3b, 0xfe, 0x3b, 0xfe, 0xe0, 0xfe,
  0xe0, 0xfe, 0x86, 0xff, 0x86, 0xff, 0x2d, 0x00, 0x2d, 0x00, 0xd4, 0x00,
  0xd4, 0x00, 0x7a, 0x01, 0x7a, 0x01, 0x1e, 0x02, 0x1e, 0x02, 0xc1, 0x02,
  0xc1, 0x02, 0x61, 0x03, 0x61, 0x03, 0xff, 0x03, 0xff, 0x03, 0x99, 0x04,
  0x99, 0x04, 0x30, 0x05, 0x30, 0x05, 0xc2, 0x05, 0xc2, 0x05, 0x4e, 0x06,
  0x4e, 0x06, 0xd7, 0x06, 0xd7, 0x06, 0x58, 0x07, 0x58, 0x07, 0xd4, 0x07,
  0xd4, 0x07, 0x49, 0x08, 0x49, 0x08, 0xb7, 0x08, 0xb7, 0x08, 0x1d, 0x09,
  0x1d, 0x09, 0x7c, 0x09, 0x7c, 0x09, 0xd3, 0x09, 0xd3, 0x09, 0x22, 0x0a,
  0x22, 0x0a, 0x68, 0x0a, 0x68, 0x0a, 0xa4, 0x0a, 0xa4, 0x0a, 0xd8, 0x0a,
  0xd8, 0x0a, 0x03, 0x0b, 0x03, 0x0b, 0x24, 0x0b, 0x24, 0x0b, 0x3c, 0x0b,
  0x3c, 0x0b, 0x4b, 0x0b, 0x4b, 0x0b, 0x50, 0x0b, 0x50, 0x0b, 0x4b, 0x0b,
  0x4b, 0x0b, 0x3c, 0x0b, 0x3c, 0x0b, 0x24, 0x0b, 0x24, 0x0b, 0x03, 0x0b,
  0x03, 0x0b, 0xd9, 0x0a, 0xd9, 0x0a, 0xa4, 0x0a, 0xa4, 0x0a, 0x68, 0x0a,
  0x68, 0x0a, 0x22, 0x0a, 0x22, 0x0a, 0xd3, 0x09, 0xd3, 0x09, 0x7d, 0x09,
  0x7d, 0x09, 0x1d, 0x09, 0x1d, 0x09, 0xb8, 0x08, 0xb8, 0x08, 0x49, 0x08,
  0x49, 0x08, 0xd4, 0x07, 0xd4, 0x07, 0x59, 0x07, 0x59, 0x07, 0xd7, 0x06,
  0xd7, 0x06, 0x4f, 0x06, 0x4f, 0x06, 0xc2, 0x05, 0xc2, 0x05, 0x30, 0x05,
  0x30, 0x05, 0x9a, 0x04, 0x9a, 0x04, 0x00, 0x04, 0x00, 0x04, 0x62, 0x03,
  0x62, 0x03, 0xc2, 0x02, 0xc2, 0x02, 0x1f, 0x02, 0x1f, 0x02, 0x7a, 0x01,
  0x7a, 0x01, 0xd4, 0x00, 0xd4, 0x00, 0x2d, 0x00, 0x2d, 0x00, 0x87, 0xff,
  0x87, 0xff, 0xe1, 0xfe, 0xe1, 0xfe, 0x3b, 0xfe, 0x3b, 0xfe, 0x97, 0xfd,
  0x97, 0xfd, 0xf5, 0xfc, 0xf5, 0xfc, 0x56, 0xfc, 0x56, 0xfc, 0xba, 0xfb,
  0xba, 0xfb, 0x21, 0xfb, 0x21, 0xfb, 0x8e, 0xfa, 0x8e, 0xfa, 0xfd, 0xf9,
  0xfd, 0xf9, 0x73, 0xf9, 0x73, 0xf9, 0xee, 0xf8, 0xee, 0xf8, 0x6f, 0xf8,
  0x6f, 0xf8, 0xf6, 0xf7, 0xf6, 0xf7, 0x85, 0xf7, 0x85, 0xf7, 0x19, 0xf7,
  0x19, 0xf7, 0xb6, 0xf6, 0xb6, 0xf6, 0x5c, 0xf6, 0x5c, 0xf6, 0x08, 0xf6,
  0x08, 0xf6, 0xbe, 0xf5, 0xbe, 0xf5, 0x7c, 0xf5, 0x7c, 0xf5, 0x43, 0xf5,
  0x43, 0xf5, 0x13, 0xf5, 0x13, 0xf5, 0xed, 0xf4, 0xed, 0xf4, 0xd0, 0xf4,
  0xd0, 0xf4, 0xbc, 0xf4, 0xbc, 0xf4, 0xb2, 0xf4, 0xb2, 0xf4, 0xb1, 0xf4,
  0xb1, 0xf4, 0xba, 0xf4, 0xba, 0xf4, 0xcd, 0xf4, 0xcd, 0xf4, 0xea, 0xf4,
  0xea, 0xf4, 0x0f, 0xf5, 0x0f, 0xf5, 0x3e, 0xf5, 0x3e, 0xf5, 0x76, 0xf5,
  0x76, 0xf5, 0xb7, 0xf5, 0xb7, 0xf5, 0x01, 0xf6, 0x01, 0xf6, 0x53, 0xf6,
  0x53, 0xf6, 0xae, 0xf6, 0xae, 0xf6, 0x10, 0xf7, 0x10, 0xf7, 0x7a, 0xf7,
  0x7a, 0xf7, 0xeb, 0xf7, 0xeb, 0xf7, 0x63, 0xf8, 0x63, 0xf8, 0xe2, 0xf8,
  0xe2, 0xf8, 0x66, 0xf9, 0x66, 0xf9, 0xf0, 0xf9, 0xf0, 0xf9, 0x7f, 0xfa,
  0x7f, 0xfa, 0x13, 0xfb, 0x13, 0xfb, 0xac, 0xfb, 0xac, 0xfb, 0x48, 0xfc,
  0x48, 0xfc, 0xe7, 0xfc, 0xe7, 0xfc, 0x89, 0xfd, 0x89, 0xfd, 0x2c, 0xfe,
  0x2c, 0xfe, 0xd1, 0xfe, 0xd1, 0xfe, 0x78, 0xff, 0x78, 0xff, 0x1e, 0x00,
  0x1e, 0x00, 0xc5, 0x00, 0xc5, 0x00, 0x6b, 0x01, 0x6b, 0x01, 0x0f, 0x02,
  0x0f, 0x02, 0xb3, 0x02, 0xb3, 0x02, 0x53, 0x03, 0x53, 0x03, 0xf1, 0x03,
  0xf1, 0x03, 0x8c, 0x04, 0x8c, 0x04, 0x22, 0x05, 0x22, 0x05, 0xb4, 0x05,
  0xb4, 0x05, 0x42, 0x06, 0x42, 0x06, 0xca, 0x06, 0xca, 0x06, 0x4d, 0x07,
  0x4d, 0x07, 0xc9, 0x07, 0xc9, 0x07, 0x3f, 0x08, 0x3f, 0x08, 0xae, 0x08,
  0xae, 0x08, 0x14, 0x09, 0x14, 0x09, 0x74, 0x09, 0x74, 0x09, 0xcb, 0x09,
  0xcb, 0x09, 0x1b, 0x0a, 0x1b, 0x0a, 0x61, 0x0a, 0x61, 0x0a, 0x9f, 0x0a,
  0x9f, 0x0a, 0xd4, 0x0a, 0xd4, 0x0a, 0x00, 0x0b, 0x00, 0x0b, 0x22, 0x0b,
  0x22, 0x0b, 0x3a, 0x0b, 0x3a, 0x0b, 0x4a, 0x0b, 0x4a, 0x0b, 0x50, 0x0b,
  0x50, 0x0b, 0x4c, 0x0b, 0x4c, 0x0b, 0x3e, 0x0b, 0x3e, 0x0b, 0x27, 0x0b,
  0x27, 0x0b, 0x07, 0x0b, 0x07, 0x0b, 0xdd, 0x0a, 0xdd, 0x0a, 0xa9, 0x0a,
  0xa9, 0x0a, 0x6d, 0x0a, 0x6d, 0x0a, 0x29, 0x0a, 0x29, 0x0a, 0xdb, 0x09,
  0xdb, 0x09, 0x85, 0x09, 0x85, 0x09, 0x27, 0x09, 0x27, 0x09, 0xc1, 0x08,
  0xc1, 0x08, 0x54, 0x08, 0x54, 0x08, 0xdf, 0x07, 0xdf, 0x07, 0x64, 0x07,
  0x64, 0x07, 0xe3, 0x06, 0xe3, 0x06, 0x5c, 0x06, 0x5c, 0x06, 0xcf, 0x05,
  0xcf, 0x05, 0x3e, 0x05, 0x3e, 0x05, 0xa7, 0x04, 0xa7, 0x04, 0x0e, 0x04,
  0x0e, 0x04, 0x71, 0x03, 0x71, 0x03, 0xd1, 0x02, 0xd1, 0x02, 0x2e, 0x02,
  0x2e, 0x02, 0x89, 0x01, 0x89, 0x01, 0xe4, 0x00, 0xe4, 0x00, 0x3d, 0x00,
  0x3d, 0x00, 0x96, 0xff, 0x96, 0xff, 0xf0, 0xfe, 0xf0, 0xfe, 0x4a, 0xfe,
  0x4a, 0xfe, 0xa6, 0xfd, 0xa6, 0xfd, 0x04, 0xfd, 0x04, 0xfd, 0x65, 0xfc,
  0x65, 0xfc, 0xc8, 0xfb, 0xc8, 0xfb, 0x30, 0xfb, 0x30, 0xfb, 0x9a, 0xfa,
  0x9a, 0xfa, 0x0a, 0xfa, 0x0a, 0xfa, 0x80, 0xf9, 0x80, 0xf9, 0xfa, 0xf8,
  0xfa, 0xf8, 0x7a, 0xf8, 0x7a, 0xf8, 0x00, 0xf8, 0x00, 0xf8, 0x8e, 0xf7,
  0x8e, 0xf7, 0x23, 0xf7, 0x23, 0xf7, 0xbf, 0xf6, 0xbf, 0xf6, 0x63, 0xf6,
  0x63, 0xf6, 0x0f, 0xf6, 0x0f, 0xf6, 0xc4, 0xf5, 0xc4, 0xf5, 0x82, 0xf5,
  0x82, 0xf5, 0x48, 0xf5, 0x48, 0xf5, 0x17, 0xf5, 0x17, 0xf5, 0xf0, 0xf4,
  0xf0, 0xf4, 0xd2, 0xf4, 0xd2, 0xf4, 0xbd, 0xf4, 0xbd, 0xf4, 0xb3, 0xf4,
  0xb3, 0xf4, 0xb1, 0xf4, 0xb1, 0xf4, 0xb9, 0xf4, 0xb9, 0xf4, 0xcb, 0xf4,
  0xcb, 0xf4, 0xe6, 0xf4, 0xe6, 0xf4, 0x0b, 0xf5, 0x0b, 0xf5, 0x3a, 0xf5,
  0x3a, 0xf5, 0x71, 0xf5, 0x71, 0xf5, 0xb0, 0xf5, 0xb0, 0xf5, 0xfa, 0xf5,
  0xfa, 0xf5, 0x4b, 0xf6, 0x4b, 0xf6, 0xa5, 0xf6, 0xa5, 0xf6, 0x07, 0xf7,
  0x07, 0xf7, 0x70, 0xf7, 0x70, 0xf7, 0xe0, 0xf7, 0xe0, 0xf7, 0x58, 0xf8,
  0x58, 0xf8, 0xd6, 0xf8, 0xd6, 0xf8, 0x5a, 0xf9, 0x5a, 0xf9, 0xe3, 0xf9,
  0xe3, 0xf9, 0x72, 0xfa, 0x72, 0xfa, 0x06, 0xfb, 0x06, 0xfb, 0x9e, 0xfb,
  0x9e, 0xfb, 0x39, 0xfc, 0x39, 0xfc, 0xd8, 0xfc, 0xd8, 0xfc, 0x79, 0xfd,
  0x79, 0xfd, 0x1d, 0xfe, 0x1d, 0xfe, 0xc2, 0xfe, 0xc2, 0xfe, 0x68, 0xff,
  0x68, 0xff, 0x0f, 0x00, 0x0f, 0x00, 0xb6, 0x00, 0xb6, 0x00, 0x5c, 0x01,
  0x5c, 0x01, 0x01, 0x02, 0x01, 0x02, 0xa3, 0x02, 0xa3, 0x02, 0x45, 0x03,
  0x45, 0x03, 0xe3, 0x03, 0xe3, 0x03, 0x7e, 0x04, 0x7e, 0x04, 0x15, 0x05,
  0x15, 0x05, 0xa7, 0x05, 0xa7, 0x05, 0x36, 0x06, 0x36, 0x06, 0xbe, 0x06,
  0xbe, 0x06, 0x41, 0x07, 0x41, 0x07, 0xbe, 0x07, 0xbe, 0x07, 0x34, 0x08,
  0x34, 0x08, 0xa3, 0x08, 0xa3, 0x08, 0x0c, 0x09, 0x0c, 0x09, 0x6c, 0x09,
  0x6c, 0x09, 0xc4, 0x09, 0xc4, 0x09, 0x14, 0x0a, 0x14, 0x0a, 0x5b, 0x0a,
  0x5b, 0x0a, 0x9a, 0x0a, 0x9a, 0x0a, 0xd0, 0x0a, 0xd0, 0x0a, 0xfc, 0x0a,
  0xfc, 0x0a, 0x1f, 0x0b, 0x1f, 0x0b, 0x39, 0x0b, 0x39, 0x0b, 0x49, 0x0b,
  0x49, 0x0b, 0x50, 0x0b, 0x50, 0x0b, 0x4d, 0x0b, 0x4d, 0x0b, 0x40, 0x0b,
  0x40, 0x0b, 0x29, 0x0b, 0x29, 0x0b, 0x0a, 0x0b, 0x0a, 0x0b, 0xe1, 0x0a,
  0xe1, 0x0a, 0xae, 0x0a, 0xae, 0x0a, 0x73, 0x0a, 0x73, 0x0a, 0x2f, 0x0a,
  0x2f, 0x0a, 0xe3, 0x09, 0xe3, 0x09, 0x8d, 0x09, 0x8d, 0x09, 0x30, 0x09,
  0x30, 0x09, 0xcb, 0x08, 0xcb, 0x08, 0x5e, 0x08, 0x5e, 0x08, 0xea, 0x07,
  0xea, 0x07, 0x70, 0x07, 0x70, 0x07, 0xef, 0x06, 0xef, 0x06, 0x68, 0x06,
  0x68, 0x06, 0xdc, 0x05, 0xdc, 0x05, 0x4b, 0x05, 0x4b, 0x05, 0xb6, 0x04,
  0xb6, 0x04, 0x1c, 0x04, 0x1c, 0x04, 0x7f, 0x03, 0x7f, 0x03, 0xdf, 0x02,
  0xdf, 0x02, 0x3d, 0x02, 0x3d, 0x02, 0x99, 0x01, 0x99, 0x01, 0xf3, 0x00,
  0xf3, 0x00, 0x4c, 0x00, 0x4c, 0x00, 0xa5, 0xff, 0xa5, 0xff, 0xff, 0xfe,
  0xff, 0xfe, 0x59, 0xfe, 0x59, 0xfe, 0xb5, 0xfd, 0xb5, 0xfd, 0x12, 0xfd,
  0x12, 0xfd, 0x73, 0xfc, 0x73, 0xfc, 0xd6, 0xfb, 0xd6, 0xfb, 0x3d, 0xfb,
  0x3d, 0xfb, 0xa8, 0xfa, 0xa8, 0xfa, 0x18, 0xfa, 0x18, 0xfa, 0x8c, 0xf9,
  0x8c, 0xf9, 0x06, 0xf9, 0x06, 0xf9, 0x85, 0xf8, 0x85, 0xf8, 0x0c, 0xf8,
  0x0c, 0xf8, 0x98, 0xf7, 0x98, 0xf7, 0x2c, 0xf7, 0x2c, 0xf7, 0xc8, 0xf6,
  0xc8, 0xf6, 0x6b, 0xf6, 0x6b, 0xf6, 0x17, 0xf6, 0x17, 0xf6, 0xcb, 0xf5,
  0xcb, 0xf5, 0x87, 0xf5, 0x87, 0xf5, 0x4d, 0xf5, 0x4d, 0xf5, 0x1b, 0xf5,
  0x1b, 0xf5, 0xf3, 0xf4, 0xf3, 0xf4, 0xd4, 0xf4, 0xd4, 0xf4, 0xbf, 0xf4,
  0xbf, 0xf4, 0xb3, 0xf4, 0xb3, 0xf4, 0xb0, 0xf4, 0xb0, 0xf4, 0xb8, 0xf4,
  0xb8, 0xf4, 0xc9, 0xf4, 0xc9, 0xf4, 0xe3, 0xf4, 0xe3, 0xf4, 0x07, 0xf5,
  0x07, 0xf5, 0x35, 0xf5, 0x35, 0xf5, 0x6b, 0xf5, 0x6b, 0xf5, 0xab, 0xf5,
  0xab, 0xf5, 0xf3, 0xf5, 0xf3, 0xf5, 0x43, 0xf6, 0x43, 0xf6, 0x9d, 0xf6,
  0x9d, 0xf6, 0xfd, 0xf6, 0xfd, 0xf6, 0x66, 0xf7, 0x66, 0xf7, 0xd6, 0xf7,
  0xd6, 0xf7, 0x4d, 0xf8, 0x4d, 0xf8, 0xca, 0xf8, 0xca, 0xf8, 0x4d, 0xf9,
  0x4d, 0xf9, 0xd7, 0xf9, 0xd7, 0xf9, 0x65, 0xfa, 0x65, 0xfa, 0xf8, 0xfa,
  0xf8, 0xfa, 0x90, 0xfb, 0x90, 0xfb, 0x2b, 0xfc, 0x2b, 0xfc, 0xca, 0xfc,
  0xca, 0xfc, 0x6a, 0xfd, 0x6a, 0xfd, 0x0d, 0xfe, 0x0d, 0xfe, 0xb3, 0xfe,
  0xb3, 0xfe, 0x59, 0xff, 0x59, 0xff, 0x00, 0x00, 0x00, 0x00, 0xa6, 0x00,
  0xa6, 0x00, 0x4c, 0x01, 0x4c, 0x01, 0xf2, 0x01, 0xf2, 0x01, 0x95, 0x02,
  0x95, 0x02, 0x36, 0x03, 0x36, 0x03, 0xd5, 0x03, 0xd5, 0x03, 0x70, 0x04,
  0x70, 0x04, 0x07, 0x05, 0x07, 0x05, 0x9b, 0x05, 0x9b, 0x05, 0x29, 0x06,
  0x29, 0x06, 0xb2, 0x06, 0xb2, 0x06, 0x36, 0x07, 0x36, 0x07, 0xb3, 0x07,
  0xb3, 0x07, 0x2a, 0x08, 0x2a, 0x08, 0x9a, 0x08, 0x9a, 0x08, 0x02, 0x09,
  0x02, 0x09, 0x63, 0x09, 0x63, 0x09, 0xbd, 0x09, 0xbd, 0x09, 0x0d, 0x0a,
  0x0d, 0x0a, 0x55, 0x0a, 0x55, 0x0a, 0x94, 0x0a, 0x94, 0x0a, 0xcb, 0x0a,
  0xcb, 0x0a, 0xf9, 0x0a, 0xf9, 0x0a, 0x1c, 0x0b, 0x1c, 0x0b, 0x37, 0x0b,
  0x37, 0x0b, 0x48, 0x0b, 0x48, 0x0b, 0x50, 0x0b, 0x50, 0x0b, 0x4d, 0x0b,
  0x4d, 0x0b, 0x41, 0x0b, 0x41, 0x0b, 0x2c, 0x0b, 0x2c, 0x0b, 0x0d, 0x0b,
  0x0d, 0x0b, 0xe5, 0x0a, 0xe5, 0x0a, 0xb3, 0x0a, 0xb3, 0x0a, 0x79, 0x0a,
  0x79, 0x0a, 0x35, 0x0a, 0x35, 0x0a, 0xea, 0x09, 0xea, 0x09, 0x95, 0x09,
  0x95, 0x09, 0x38, 0x09, 0x38, 0x09, 0xd4, 0x08, 0xd4, 0x08, 0x68, 0x08,
  0x68, 0x08, 0xf4, 0x07, 0xf4, 0x07, 0x7b, 0x07, 0x7b, 0x07, 0xfb, 0x06,
  0xfb, 0x06, 0x74, 0x06, 0x74, 0x06, 0xe9, 0x05, 0xe9, 0x05, 0x58, 0x05,
  0x58, 0x05, 0xc4, 0x04, 0xc4, 0x04, 0x2a, 0x04, 0x2a, 0x04, 0x8d, 0x03,
  0x8d, 0x03, 0xee, 0x02, 0xee, 0x02, 0x4b, 0x02, 0x4b, 0x02, 0xa8, 0x01,
  0xa8, 0x01, 0x02, 0x01, 0x02, 0x01, 0x5b, 0x00, 0x5b, 0x00, 0xb4, 0xff,
  0xb4, 0xff, 0x0e, 0xff, 0x0e, 0xff, 0x68, 0xfe, 0x68, 0xfe, 0xc4, 0xfd,
  0xc4, 0xfd, 0x21, 0xfd, 0x21, 0xfd, 0x82, 0xfc, 0x82, 0xfc, 0xe5, 0xfb,
  0xe5, 0xfb, 0x4a, 0xfb, 0x4a, 0xfb, 0xb5, 0xfa, 0xb5, 0xfa, 0x24, 0xfa,
  0x24, 0xfa, 0x98, 0xf9, 0x98, 0xf9, 0x12, 0xf9, 0x12, 0xf9, 0x91, 0xf8,
  0x91, 0xf8, 0x16, 0xf8, 0x16, 0xf8, 0xa2, 0xf7, 0xa2, 0xf7, 0x36, 0xf7,
  0x36, 0xf7, 0xd1, 0xf6, 0xd1, 0xf6, 0x74, 0xf6, 0x74, 0xf6, 0x1e, 0xf6,
  0x1e, 0xf6, 0xd1, 0xf5, 0xd1, 0xf5, 0x8d, 0xf5, 0x8d, 0xf5, 0x52, 0xf5,
  0x52, 0xf5, 0x1f, 0xf5, 0x1f, 0xf5, 0xf6, 0xf4, 0xf6, 0xf4, 0xd7, 0xf4,
  0xd7, 0xf4, 0xc0, 0xf4, 0xc0, 0xf4, 0xb3, 0xf4, 0xb3, 0xf4, 0xb0, 0xf4,
  0xb0, 0xf4, 0xb7, 0xf4, 0xb7, 0xf4, 0xc7, 0xf4, 0xc7, 0xf4, 0xe1, 0xf4,
  0xe1, 0xf4, 0x04, 0xf5, 0x04, 0xf5, 0x30, 0xf5, 0x30, 0xf5, 0x66, 0xf5,
  0x66, 0xf5, 0xa4, 0xf5, 0xa4, 0xf5, 0xec, 0xf5, 0xec, 0xf5, 0x3c, 0xf6,
  0x3c, 0xf6, 0x94, 0xf6, 0x94, 0xf6, 0xf4, 0xf6, 0xf4, 0xf6, 0x5c, 0xf7,
  0x5c, 0xf7, 0xcb, 0xf7, 0xcb, 0xf7, 0x41, 0xf8, 0x41, 0xf8, 0xbe, 0xf8,
  0xbe, 0xf8, 0x41, 0xf9, 0x41, 0xf9, 0xca, 0xf9, 0xca, 0xf9, 0x58, 0xfa,
  0x58, 0xfa, 0xeb, 0xfa, 0xeb, 0xfa, 0x82, 0xfb, 0x82, 0xfb, 0x1c, 0xfc,
  0x1c, 0xfc, 0xbb, 0xfc, 0xbb, 0xfc, 0x5c, 0xfd, 0x5c, 0xfd, 0xff, 0xfd,
  0xff, 0xfd, 0xa3, 0xfe, 0xa3, 0xfe, 0x4a, 0xff, 0x4a, 0xff, 0xf0, 0xff,
  0xf0, 0xff, 0x97, 0x00, 0x97, 0x00, 0x3d, 0x01, 0x3d, 0x01, 0xe2, 0x01,
  0xe2, 0x01, 0x86, 0x02, 0x86, 0x02, 0x27, 0x03, 0x27, 0x03, 0xc6, 0x03,
  0xc6, 0x03, 0x62, 0x04, 0x62, 0x04, 0xf9, 0x04, 0xf9, 0x04, 0x8d, 0x05,
  0x8d, 0x05, 0x1c, 0x06, 0x1c, 0x06, 0xa5, 0x06, 0xa5, 0x06, 0x2a, 0x07,
  0x2a, 0x07, 0xa7, 0x07, 0xa7, 0x07, 0x1f, 0x08, 0x1f, 0x08, 0x90, 0x08,
  0x90, 0x08, 0xf9, 0x08, 0xf9, 0x08, 0x5b, 0x09, 0x5b, 0x09, 0xb5, 0x09,
  0xb5, 0x09, 0x06, 0x0a, 0x06, 0x0a, 0x4f, 0x0a, 0x4f, 0x0a, 0x8f, 0x0a,
  0x8f, 0x0a, 0xc6, 0x0a, 0xc6, 0x0a, 0xf4, 0x0a, 0xf4, 0x0a, 0x19, 0x0b,
  0x19, 0x0b, 0x35, 0x0b, 0x35, 0x0b, 0x46, 0x0b, 0x46, 0x0b, 0x4f, 0x0b,
  0x4f, 0x0b, 0x4d, 0x0b, 0x4d, 0x0b, 0x43, 0x0b, 0x43, 0x0b, 0x2e, 0x0b,
  0x2e, 0x0b, 0x11, 0x0b, 0x11, 0x0b, 0xe9, 0x0a, 0xe9, 0x0a, 0xb8, 0x0a,
  0xb8, 0x0a, 0x7f, 0x0a, 0x7f, 0x0a, 0x3c, 0x0a, 0x3c, 0x0a, 0xf1, 0x09,
  0xf1, 0x09, 0x9d, 0x09, 0x9d, 0x09, 0x41, 0x09, 0x41, 0x09, 0xdd, 0x08,
  0xdd, 0x08, 0x72, 0x08, 0x72, 0x08, 0x00, 0x08, 0x00, 0x08, 0x86, 0x07,
  0x86, 0x07, 0x07, 0x07, 0x07, 0x07, 0x81, 0x06, 0x81, 0x06, 0xf6, 0x05,
  0xf6, 0x05, 0x66, 0x05, 0x66, 0x05, 0xd1, 0x04, 0xd1, 0x04, 0x38, 0x04,
  0x38, 0x04, 0x9c, 0x03, 0x9c, 0x03, 0xfc, 0x02, 0xfc, 0x02, 0x5a, 0x02,
  0x5a, 0x02, 0xb6, 0x01, 0xb6, 0x01, 0x11, 0x01, 0x11, 0x01, 0x6b, 0x00,
  0x6b, 0x00, 0xc3, 0xff, 0xc3, 0xff, 0x1d, 0xff, 0x1d, 0xff, 0x78, 0xfe,
  0x78, 0xfe, 0xd3, 0xfd, 0xd3, 0xfd, 0x30, 0xfd, 0x30, 0xfd, 0x90, 0xfc,
  0x90, 0xfc, 0xf3, 0xfb, 0xf3, 0xfb, 0x59, 0xfb, 0x59, 0xfb, 0xc3, 0xfa,
  0xc3, 0xfa, 0x31, 0xfa, 0x31, 0xfa, 0xa5, 0xf9, 0xa5, 0xf9, 0x1d, 0xf9,
  0x1d, 0xf9, 0x9d, 0xf8, 0x9d, 0xf8, 0x21, 0xf8, 0x21, 0xf8, 0xad, 0xf7,
  0xad, 0xf7, 0x3f, 0xf7, 0x3f, 0xf7, 0xd9, 0xf6, 0xd9, 0xf6, 0x7b, 0xf6,
  0x7b, 0xf6, 0x26, 0xf6, 0x26, 0xf6, 0xd8, 0xf5, 0xd8, 0xf5, 0x93, 0xf5,
  0x93, 0xf5, 0x57, 0xf5, 0x57, 0xf5, 0x24, 0xf5, 0x24, 0xf5, 0xf9, 0xf4,
  0xf9, 0xf4, 0xd9, 0xf4, 0xd9, 0xf4, 0xc2, 0xf4, 0xc2, 0xf4, 0xb5, 0xf4,
  0xb5, 0xf4, 0xb0, 0xf4, 0xb0, 0xf4, 0xb6, 0xf4, 0xb6, 0xf4, 0xc6, 0xf4,
  0xc6, 0xf4, 0xde, 0xf4, 0xde, 0xf4, 0x00, 0xf5, 0x00, 0xf5, 0x2c, 0xf5,
  0x2c, 0xf5, 0x61, 0xf5, 0x61, 0xf5, 0x9e, 0xf5, 0x9e, 0xf5, 0xe5, 0xf5,
  0xe5, 0xf5, 0x34, 0xf6, 0x34, 0xf6, 0x8c, 0xf6, 0x8c, 0xf6, 0xeb, 0xf6,
  0xeb, 0xf6, 0x52, 0xf7, 0x52, 0xf7, 0xc1, 0xf7, 0xc1, 0xf7, 0x37, 0xf8,
  0x37, 0xf8, 0xb2, 0xf8, 0xb2, 0xf8, 0x35, 0xf9, 0x35, 0xf9, 0xbd, 0xf9,
  0xbd, 0xf9, 0x4b, 0xfa, 0x4b, 0xfa, 0xde, 0xfa, 0xde, 0xfa, 0x73, 0xfb,
  0x73, 0xfb, 0x0e, 0xfc, 0x0e, 0xfc, 0xac, 0xfc, 0xac, 0xfc, 0x4c, 0xfd,
  0x4c, 0xfd, 0xf1, 0xfd, 0xf1, 0xfd, 0x95, 0xfe, 0x95, 0xfe, 0x3b, 0xff,
  0x3b, 0xff, 0xe2, 0xff, 0xe2, 0xff, 0x88, 0x00, 0x88, 0x00, 0x2f, 0x01,
  0x2f, 0x01, 0xd3, 0x01, 0xd3, 0x01, 0x77, 0x02, 0x77, 0x02, 0x19, 0x03,
  0x19, 0x03, 0xb8, 0x03, 0xb8, 0x03, 0x54, 0x04, 0x54, 0x04, 0xec, 0x04,
  0xec, 0x04, 0x80, 0x05, 0x80, 0x05, 0x0f, 0x06, 0x0f, 0x06, 0x99, 0x06,
  0x99, 0x06, 0x1e, 0x07, 0x1e, 0x07, 0x9d, 0x07, 0x9d, 0x07, 0x15, 0x08,
  0x15, 0x08, 0x85, 0x08, 0x85, 0x08, 0xf0, 0x08, 0xf0, 0x08, 0x52, 0x09,
  0x52, 0x09, 0xad, 0x09, 0xad, 0x09, 0xff, 0x09, 0xff, 0x09, 0x49, 0x0a,
  0x49, 0x0a, 0x8a, 0x0a, 0x8a, 0x0a, 0xc2, 0x0a, 0xc2, 0x0a, 0xf1, 0x0a,
  0xf1, 0x0a, 0x16, 0x0b, 0x16, 0x0b, 0x33, 0x0b, 0x33, 0x0b, 0x46, 0x0b,
  0x46, 0x0b, 0x4f, 0x0b, 0x4f, 0x0b, 0x4e, 0x0b, 0x4e, 0x0b, 0x44, 0x0b,
  0x44, 0x0b, 0x30, 0x0b, 0x30, 0x0b, 0x13, 0x0b, 0x13, 0x0b, 0xed, 0x0a,
  0xed, 0x0a, 0xbd, 0x0a, 0xbd, 0x0a, 0x85, 0x0a, 0x85, 0x0a, 0x43, 0x0a,
  0x43, 0x0a, 0xf8, 0x09, 0xf8, 0x09, 0xa5, 0x09, 0xa5, 0x09, 0x4a, 0x09,
  0x4a, 0x09, 0xe7, 0x08, 0xe7, 0x08, 0x7c, 0x08, 0x7c, 0x08, 0x0a, 0x08,
  0x0a, 0x08, 0x91, 0x07, 0x91, 0x07, 0x13, 0x07, 0x13, 0x07, 0x8e, 0x06,
  0x8e, 0x06, 0x03, 0x06, 0x03, 0x06, 0x73, 0x05, 0x73, 0x05, 0xdf, 0x04,
  0xdf, 0x04, 0x46, 0x04, 0x46, 0x04, 0xaa, 0x03, 0xaa, 0x03, 0x0b, 0x03,
  0x0b, 0x03, 0x69, 0x02, 0x69, 0x02, 0xc5, 0x01, 0xc5, 0x01, 0x20, 0x01,
  0x20, 0x01, 0x7a, 0x00, 0x7a, 0x00, 0xd3, 0xff, 0xd3, 0xff, 0x2c, 0xff,
  0x2c, 0xff, 0x86, 0xfe, 0x86, 0xfe, 0xe2, 0xfd, 0xe2, 0xfd, 0x3f, 0xfd,
  0x3f, 0xfd, 0x9f, 0xfc, 0x9f, 0xfc, 0x01, 0xfc, 0x01, 0xfc, 0x67, 0xfb,
  0x67, 0xfb, 0xd0, 0xfa, 0xd0, 0xfa, 0x3e, 0xfa, 0x3e, 0xfa, 0xb2, 0xf9,
  0xb2, 0xf9, 0x29, 0xf9, 0x29, 0xf9, 0xa8, 0xf8, 0xa8, 0xf8, 0x2c, 0xf8,
  0x2c, 0xf8, 0xb7, 0xf7, 0xb7, 0xf7, 0x49, 0xf7, 0x49, 0xf7, 0xe3, 0xf6,
  0xe3, 0xf6, 0x84, 0xf6, 0x84, 0xf6, 0x2d, 0xf6, 0x2d, 0xf6, 0xde, 0xf5,
  0xde, 0xf5, 0x98, 0xf5, 0x98, 0xf5, 0x5c, 0xf5, 0x5c, 0xf5, 0x28, 0xf5,
  0x28, 0xf5, 0xfd, 0xf4, 0xfd, 0xf4, 0xdc, 0xf4, 0xdc, 0xf4, 0xc4, 0xf4,
  0xc4, 0xf4, 0xb5, 0xf4, 0xb5, 0xf4, 0xb0, 0xf4, 0xb0, 0xf4, 0xb5, 0xf4,
  0xb5, 0xf4, 0xc4, 0xf4, 0xc4, 0xf4, 0xdc, 0xf4, 0xdc, 0xf4, 0xfd, 0xf4,
  0xfd, 0xf4, 0x27, 0xf5, 0x27, 0xf5, 0x5c, 0xf5, 0x5c, 0xf5, 0x98, 0xf5,
  0x98, 0xf5, 0xde, 0xf5, 0xde, 0xf5, 0x2d, 0xf6, 0x2d, 0xf6, 0x83, 0xf6,
  0x83, 0xf6, 0xe3, 0xf6, 0xe3, 0xf6, 0x48, 0xf7, 0x48, 0xf7, 0xb7, 0xf7,
  0xb7, 0xf7, 0x2c, 0xf8, 0x2c, 0xf8, 0xa7, 0xf8, 0xa7, 0xf8, 0x29, 0xf9,
  0x29, 0xf9, 0xb1, 0xf9, 0xb1, 0xf9, 0x3e, 0xfa, 0x3e, 0xfa, 0xd0, 0xfa,
  0xd0, 0xfa, 0x66, 0xfb, 0x66, 0xfb, 0x00, 0xfc, 0x00, 0xfc, 0x9e, 0xfc,
  0x9e, 0xfc, 0x3e, 0xfd, 0x3e, 0xfd, 0xe1, 0xfd, 0xe1, 0xfd, 0x86, 0xfe,
  0x86, 0xfe, 0x2c, 0xff, 0x2c, 0xff, 0xd3, 0xff, 0xd3, 0xff, 0x79, 0x00,
  0x79, 0x00, 0x1f, 0x01, 0x1f, 0x01, 0xc5, 0x01, 0xc5, 0x01, 0x69, 0x02,
  0x69, 0x02, 0x0b, 0x03, 0x0b, 0x03, 0xaa, 0x03, 0xaa, 0x03, 0x46, 0x04,
  0x46, 0x04, 0xdf, 0x04, 0xdf, 0x04, 0x72, 0x05, 0x72, 0x05, 0x03, 0x06,
  0x03, 0x06, 0x8d, 0x06, 0x8d, 0x06, 0x12, 0x07, 0x12, 0x07, 0x91, 0x07,
  0x91, 0x07, 0x0a, 0x08, 0x0a, 0x08, 0x7b, 0x08, 0x7b, 0x08, 0xe7, 0x08,
  0xe7, 0x08, 0x4a, 0x09, 0x4a, 0x09, 0xa4, 0x09, 0xa4, 0x09, 0xf8, 0x09,
  0xf8, 0x09, 0x42, 0x0a, 0x42, 0x0a, 0x84, 0x0a, 0x84, 0x0a, 0xbd, 0x0a,
  0xbd, 0x0a, 0xed, 0x0a, 0xed, 0x0a, 0x13, 0x0b, 0x13, 0x0b, 0x30, 0x0b,
  0x30, 0x0b, 0x44, 0x0b, 0x44, 0x0b, 0x4e, 0x0b, 0x4e, 0x0b, 0x4f, 0x0b,
  0x4f, 0x0b, 0x46, 0x0b, 0x46, 0x0b, 0x33, 0x0b, 0x33, 0x0b, 0x16, 0x0b,
  0x16, 0x0b, 0xf1, 0x0a, 0xf1, 0x0a, 0xc2, 0x0a, 0xc2, 0x0a, 0x8a, 0x0a,
  0x8a, 0x0a, 0x49, 0x0a, 0x49, 0x0a, 0xff, 0x09, 0xff, 0x09, 0xad, 0x09,
  0xad, 0x09, 0x52, 0x09, 0x52, 0x09, 0xf0, 0x08, 0xf0, 0x08, 0x86, 0x08,
  0x86, 0x08, 0x15, 0x08, 0x15, 0x08, 0x9d, 0x07, 0x9d, 0x07, 0x1e, 0x07,
  0x1e, 0x07, 0x9a, 0x06, 0x9a, 0x06, 0x10, 0x06, 0x10, 0x06, 0x81, 0x05,
  0x81, 0x05, 0xed, 0x04, 0xed, 0x04, 0x54, 0x04, 0x54, 0x04, 0xb8, 0x03,
  0xb8, 0x03, 0x19, 0x03, 0x19, 0x03, 0x77, 0x02, 0x77, 0x02, 0xd4, 0x01,
  0xd4, 0x01, 0x2f, 0x01, 0x2f, 0x01, 0x88, 0x00, 0x88, 0x00, 0xe2, 0xff,
  0xe2, 0xff, 0x3b, 0xff, 0x3b, 0xff, 0x95, 0xfe, 0x95, 0xfe, 0xf1, 0xfd,
  0xf1, 0xfd, 0x4d, 0xfd, 0x4d, 0xfd, 0xad, 0xfc, 0xad, 0xfc, 0x0f, 0xfc,
  0x0f, 0xfc, 0x74, 0xfb, 0x74, 0xfb, 0xde, 0xfa, 0xde, 0xfa, 0x4c, 0xfa,
  0x4c, 0xfa, 0xbe, 0xf9, 0xbe, 0xf9, 0x36, 0xf9, 0x36, 0xf9, 0xb3, 0xf8,
  0xb3, 0xf8, 0x37, 0xf8, 0x37, 0xf8, 0xc1, 0xf7, 0xc1, 0xf7, 0x52, 0xf7,
  0x52, 0xf7, 0xec, 0xf6, 0xec, 0xf6, 0x8c, 0xf6, 0x8c, 0xf6, 0x35, 0xf6,
  0x35, 0xf6, 0xe5, 0xf5, 0xe5, 0xf5, 0x9f, 0xf5, 0x9f, 0xf5, 0x61, 0xf5,
  0x61, 0xf5, 0x2c, 0xf5, 0x2c, 0xf5, 0x00, 0xf5, 0x00, 0xf5, 0xde, 0xf4,
  0xde, 0xf4, 0xc6, 0xf4, 0xc6, 0xf4, 0xb6, 0xf4, 0xb6, 0xf4, 0xb0, 0xf4,
  0xb0, 0xf4, 0xb4, 0xf4, 0xb4, 0xf4, 0xc2, 0xf4, 0xc2, 0xf4, 0xd9, 0xf4,
  0xd9, 0xf4, 0xf9, 0xf4, 0xf9, 0xf4, 0x23, 0xf5, 0x23, 0xf5, 0x57, 0xf5,
  0x57, 0xf5, 0x93, 0xf5, 0x93, 0xf5, 0xd7, 0xf5, 0xd7, 0xf5, 0x25, 0xf6,
  0x25, 0xf6, 0x7b, 0xf6, 0x7b, 0xf6, 0xd9, 0xf6, 0xd9, 0xf6, 0x3f, 0xf7,
  0x3f, 0xf7, 0xac, 0xf7, 0xac, 0xf7, 0x21, 0xf8, 0x21, 0xf8, 0x9c, 0xf8,
  0x9c, 0xf8, 0x1d, 0xf9, 0x1d, 0xf9, 0xa4, 0xf9, 0xa4, 0xf9, 0x31, 0xfa,
  0x31, 0xfa, 0xc2, 0xfa, 0xc2, 0xfa, 0x59, 0xfb, 0x59, 0xfb, 0xf2, 0xfb,
  0xf2, 0xfb, 0x8f, 0xfc, 0x8f, 0xfc, 0x2f, 0xfd, 0x2f, 0xfd, 0xd2, 0xfd,
  0xd2, 0xfd, 0x77, 0xfe, 0x77, 0xfe, 0x1c, 0xff, 0x1c, 0xff, 0xc3, 0xff,
  0xc3, 0xff, 0x6a, 0x00, 0x6a, 0x00, 0x10, 0x01, 0x10, 0x01, 0xb6, 0x01,
  0xb6, 0x01, 0x5a, 0x02, 0x5a, 0x02, 0xfc, 0x02, 0xfc, 0x02, 0x9b, 0x03,
  0x9b, 0x03, 0x38, 0x04, 0x38, 0x04, 0xd0, 0x04, 0xd0, 0x04, 0x66, 0x05,
  0x66, 0x05, 0xf6, 0x05, 0xf6, 0x05, 0x80, 0x06, 0x80, 0x06, 0x06, 0x07,
  0x06, 0x07, 0x86, 0x07, 0x86, 0x07, 0x00, 0x08, 0x00, 0x08, 0x72, 0x08,
  0x72, 0x08, 0xdd, 0x08, 0xdd, 0x08, 0x41, 0x09, 0x41, 0x09, 0x9d, 0x09,
  0x9d, 0x09, 0xf1, 0x09, 0xf1, 0x09, 0x3c, 0x0a, 0x3c, 0x0a, 0x7e, 0x0a,
  0x7e, 0x0a, 0xb8, 0x0a, 0xb8, 0x0a, 0xe9, 0x0a, 0xe9, 0x0a, 0x10, 0x0b,
  0x10, 0x0b, 0x2e, 0x0b, 0x2e, 0x0b, 0x43, 0x0b, 0x43, 0x0b, 0x4d, 0x0b,
  0x4d, 0x0b, 0x4f, 0x0b, 0x4f, 0x0b, 0x47, 0x0b, 0x47, 0x0b, 0x35, 0x0b,
  0x35, 0x0b, 0x1a, 0x0b, 0x1a, 0x0b, 0xf5, 0x0a, 0xf5, 0x0a, 0xc6, 0x0a,
  0xc6, 0x0a, 0x8f, 0x0a, 0x8f, 0x0a, 0x50, 0x0a, 0x50, 0x0a, 0x06, 0x0a,
  0x06, 0x0a, 0xb5, 0x09, 0xb5, 0x09, 0x5b, 0x09, 0x5b, 0x09, 0xf9, 0x08,
  0xf9, 0x08, 0x90, 0x08, 0x90, 0x08, 0x20, 0x08, 0x20, 0x08, 0xa8, 0x07,
  0xa8, 0x07, 0x2a, 0x07, 0x2a, 0x07, 0xa6, 0x06, 0xa6, 0x06, 0x1d, 0x06,
  0x1d, 0x06, 0x8e, 0x05, 0x8e, 0x05, 0xfa, 0x04, 0xfa, 0x04, 0x62, 0x04,
  0x62, 0x04, 0xc7, 0x03, 0xc7, 0x03, 0x28, 0x03, 0x28, 0x03, 0x87, 0x02,
  0x87, 0x02, 0xe3, 0x01, 0xe3, 0x01, 0x3e, 0x01, 0x3e, 0x01, 0x98, 0x00,
  0x98, 0x00, 0xf1, 0xff, 0xf1, 0xff, 0x4a, 0xff, 0x4a, 0xff, 0xa4, 0xfe,
  0xa4, 0xfe, 0xff, 0xfd, 0xff, 0xfd, 0x5d, 0xfd, 0x5d, 0xfd, 0xbb, 0xfc,
  0xbb, 0xfc, 0x1d, 0xfc, 0x1d, 0xfc, 0x82, 0xfb, 0x82, 0xfb, 0xeb, 0xfa,
  0xeb, 0xfa, 0x59, 0xfa, 0x59, 0xfa, 0xca, 0xf9, 0xca, 0xf9, 0x42, 0xf9,
  0x42, 0xf9, 0xbf, 0xf8, 0xbf, 0xf8, 0x42, 0xf8, 0x42, 0xf8, 0xcc, 0xf7,
  0xcc, 0xf7, 0x5d, 0xf7, 0x5d, 0xf7, 0xf4, 0xf6, 0xf4, 0xf6, 0x94, 0xf6,
  0x94, 0xf6, 0x3c, 0xf6, 0x3c, 0xf6, 0xec, 0xf5, 0xec, 0xf5, 0xa5, 0xf5,
  0xa5, 0xf5, 0x66, 0xf5, 0x66, 0xf5, 0x30, 0xf5, 0x30, 0xf5, 0x04, 0xf5,
  0x04, 0xf5, 0xe1, 0xf4, 0xe1, 0xf4, 0xc7, 0xf4, 0xc7, 0xf4, 0xb7, 0xf4,
  0xb7, 0xf4, 0xb0, 0xf4, 0xb0, 0xf4, 0xb3, 0xf4, 0xb3, 0xf4, 0xc0, 0xf4,
  0xc0, 0xf4, 0xd7, 0xf4, 0xd7, 0xf4, 0xf6, 0xf4, 0xf6, 0xf4, 0x1f, 0xf5,
  0x1f, 0xf5, 0x52, 0xf5, 0x52, 0xf5, 0x8d, 0xf5, 0x8d, 0xf5, 0xd1, 0xf5,
  0xd1, 0xf5, 0x1d, 0xf6, 0x1d, 0xf6, 0x73, 0xf6, 0x73, 0xf6, 0xd0, 0xf6,
  0xd0, 0xf6, 0x35, 0xf7, 0x35, 0xf7, 0xa2, 0xf7, 0xa2, 0xf7, 0x16, 0xf8,
  0x16, 0xf8, 0x90, 0xf8, 0x90, 0xf8, 0x11, 0xf9, 0x11, 0xf9, 0x98, 0xf9,
  0x98, 0xf9, 0x24, 0xfa, 0x24, 0xfa, 0xb5, 0xfa, 0xb5, 0xfa, 0x4a, 0xfb,
  0x4a, 0xfb, 0xe4, 0xfb, 0xe4, 0xfb, 0x81, 0xfc, 0x81, 0xfc, 0x21, 0xfd,
  0x21, 0xfd, 0xc3, 0xfd, 0xc3, 0xfd, 0x67, 0xfe, 0x67, 0xfe, 0x0d, 0xff,
  0x0d, 0xff, 0xb4, 0xff, 0xb4, 0xff, 0x5b, 0x00, 0x5b, 0x00, 0x01, 0x01,
  0x01, 0x01, 0xa7, 0x01, 0xa7, 0x01, 0x4b, 0x02, 0x4b, 0x02, 0xee, 0x02,
  0xee, 0x02, 0x8d, 0x03, 0x8d, 0x03, 0x2a, 0x04, 0x2a, 0x04, 0xc3, 0x04,
  0xc3, 0x04, 0x58, 0x05, 0x58, 0x05, 0xe8, 0x05, 0xe8, 0x05, 0x74, 0x06,
  0x74, 0x06, 0xfa, 0x06, 0xfa, 0x06, 0x7b, 0x07, 0x7b, 0x07, 0xf4, 0x07,
  0xf4, 0x07, 0x68, 0x08, 0x68, 0x08, 0xd4, 0x08, 0xd4, 0x08, 0x38, 0x09,
  0x38, 0x09, 0x95, 0x09, 0x95, 0x09, 0xe9, 0x09, 0xe9, 0x09, 0x35, 0x0a,
  0x35, 0x0a, 0x79, 0x0a, 0x79, 0x0a, 0xb3, 0x0a, 0xb3, 0x0a, 0xe5, 0x0a,
  0xe5, 0x0a, 0x0d, 0x0b, 0x0d, 0x0b, 0x2c, 0x0b, 0x2c, 0x0b, 0x41, 0x0b,
  0x41, 0x0b, 0x4d, 0x0b, 0x4d, 0x0b, 0x50, 0x0b, 0x50, 0x0b, 0x48, 0x0b,
  0x48, 0x0b, 0x37, 0x0b, 0x37, 0x0b, 0x1d, 0x0b, 0x1d, 0x0b, 0xf9, 0x0a,
  0xf9, 0x0a, 0xcb, 0x0a, 0xcb, 0x0a, 0x95, 0x0a, 0x95, 0x0a, 0x55, 0x0a,
  0x55, 0x0a, 0x0d, 0x0a, 0x0d, 0x0a, 0xbd, 0x09, 0xbd, 0x09, 0x63, 0x09,
  0x63, 0x09, 0x03, 0x09, 0x03, 0x09, 0x9a, 0x08, 0x9a, 0x08, 0x2a, 0x08,
  0x2a, 0x08, 0xb3, 0x07, 0xb3, 0x07, 0x36, 0x07, 0x36, 0x07, 0xb3, 0x06,
  0xb3, 0x06, 0x29, 0x06, 0x29, 0x06, 0x9b, 0x05, 0x9b, 0x05, 0x08, 0x05,
  0x08, 0x05, 0x70, 0x04, 0x70, 0x04, 0xd5, 0x03, 0xd5, 0x03, 0x36, 0x03,
  0x36, 0x03, 0x96, 0x02, 0x96, 0x02, 0xf3, 0x01, 0xf3, 0x01, 0x4d, 0x01,
  0x4d, 0x01, 0xa7, 0x00, 0xa7, 0x00, 0x00, 0x00, 0x00, 0x00, 0x5a, 0xff,
  0x5a, 0xff, 0xb4, 0xfe, 0xb4, 0xfe, 0x0e, 0xfe, 0x0e, 0xfe, 0x6b, 0xfd,
  0x6b, 0xfd, 0xca, 0xfc, 0xca, 0xfc, 0x2b, 0xfc, 0x2b, 0xfc, 0x90, 0xfb,
  0x90, 0xfb, 0xf9, 0xfa, 0xf9, 0xfa, 0x65, 0xfa, 0x65, 0xfa, 0xd7, 0xf9,
  0xd7, 0xf9, 0x4e, 0xf9, 0x4e, 0xf9, 0xca, 0xf8, 0xca, 0xf8, 0x4d, 0xf8,
  0x4d, 0xf8, 0xd6, 0xf7, 0xd6, 0xf7, 0x66, 0xf7, 0x66, 0xf7, 0xfe, 0xf6,
  0xfe, 0xf6, 0x9d, 0xf6, 0x9d, 0xf6, 0x43, 0xf6, 0x43, 0xf6, 0xf3, 0xf5,
  0xf3, 0xf5, 0xab, 0xf5, 0xab, 0xf5, 0x6c, 0xf5, 0x6c, 0xf5, 0x35, 0xf5,
  0x35, 0xf5, 0x07, 0xf5, 0x07, 0xf5, 0xe4, 0xf4, 0xe4, 0xf4, 0xc9, 0xf4,
  0xc9, 0xf4, 0xb8, 0xf4, 0xb8, 0xf4, 0xb0, 0xf4, 0xb0, 0xf4, 0xb3, 0xf4,
  0xb3, 0xf4, 0xbf, 0xf4, 0xbf, 0xf4, 0xd4, 0xf4, 0xd4, 0xf4, 0xf3, 0xf4,
  0xf3, 0xf4, 0x1b, 0xf5, 0x1b, 0xf5, 0x4d, 0xf5, 0x4d, 0xf5, 0x87, 0xf5,
  0x87, 0xf5, 0xcb, 0xf5, 0xcb, 0xf5, 0x16, 0xf6, 0x16, 0xf6, 0x6b, 0xf6,
  0x6b, 0xf6, 0xc8, 0xf6, 0xc8, 0xf6, 0x2c, 0xf7, 0x2c, 0xf7, 0x98, 0xf7,
  0x98, 0xf7, 0x0c, 0xf8, 0x0c, 0xf8, 0x85, 0xf8, 0x85, 0xf8, 0x05, 0xf9,
  0x05, 0xf9, 0x8c, 0xf9, 0x8c, 0xf9, 0x17, 0xfa, 0x17, 0xfa, 0xa8, 0xfa,
  0xa8, 0xfa, 0x3c, 0xfb, 0x3c, 0xfb, 0xd6, 0xfb, 0xd6, 0xfb, 0x73, 0xfc,
  0x73, 0xfc, 0x12, 0xfd, 0x12, 0xfd, 0xb5, 0xfd, 0xb5, 0xfd, 0x58, 0xfe,
  0x58, 0xfe, 0xfe, 0xfe, 0xfe, 0xfe, 0xa5, 0xff, 0xa5, 0xff, 0x4c, 0x00,
  0x4c, 0x00, 0xf2, 0x00, 0xf2, 0x00, 0x98, 0x01, 0x98, 0x01, 0x3c, 0x02,
  0x3c, 0x02, 0xdf, 0x02, 0xdf, 0x02, 0x7e, 0x03, 0x7e, 0x03, 0x1b, 0x04,
  0x1b, 0x04, 0xb6, 0x04, 0xb6, 0x04, 0x4b, 0x05, 0x4b, 0x05, 0xdc, 0x05,
  0xdc, 0x05, 0x68, 0x06, 0x68, 0x06, 0xee, 0x06, 0xee, 0x06, 0x6f, 0x07,
  0x6f, 0x07, 0xea, 0x07, 0xea, 0x07, 0x5e, 0x08, 0x5e, 0x08, 0xca, 0x08,
  0xca, 0x08, 0x2f, 0x09, 0x2f, 0x09, 0x8c, 0x09, 0x8c, 0x09, 0xe2, 0x09,
  0xe2, 0x09, 0x2f, 0x0a, 0x2f, 0x0a, 0x73, 0x0a, 0x73, 0x0a, 0xae, 0x0a,
  0xae, 0x0a, 0xe1, 0x0a, 0xe1, 0x0a, 0x0a, 0x0b, 0x0a, 0x0b, 0x29, 0x0b,
  0x29, 0x0b, 0x40, 0x0b, 0x40, 0x0b, 0x4d, 0x0b, 0x4d, 0x0b, 0x50, 0x0b,
  0x50, 0x0b, 0x49, 0x0b, 0x49, 0x0b, 0x39, 0x0b, 0x39, 0x0b, 0x1f, 0x0b,
  0x1f, 0x0b, 0xfc, 0x0a, 0xfc, 0x0a, 0xd0, 0x0a, 0xd0, 0x0a, 0x9a, 0x0a,
  0x9a, 0x0a, 0x5c, 0x0a, 0x5c, 0x0a, 0x14, 0x0a, 0x14, 0x0a, 0xc4, 0x09,
  0xc4, 0x09, 0x6c, 0x09, 0x6c, 0x09, 0x0c, 0x09, 0x0c, 0x09, 0xa4, 0x08,
  0xa4, 0x08, 0x35, 0x08, 0x35, 0x08, 0xbf, 0x07, 0xbf, 0x07, 0x42, 0x07,
  0x42, 0x07, 0xbf, 0x06, 0xbf, 0x06, 0x36, 0x06, 0x36, 0x06, 0xa8, 0x05,
  0xa8, 0x05, 0x15, 0x05, 0x15, 0x05, 0x7e, 0x04, 0x7e, 0x04, 0xe4, 0x03,
  0xe4, 0x03, 0x45, 0x03, 0x45, 0x03, 0xa4, 0x02, 0xa4, 0x02, 0x01, 0x02,
  0x01, 0x02, 0x5d, 0x01, 0x5d, 0x01, 0xb6, 0x00, 0xb6, 0x00, 0x10, 0x00,
  0x10, 0x00, 0x69, 0xff, 0x69, 0xff, 0xc3, 0xfe, 0xc3, 0xfe, 0x1e, 0xfe,
  0x1e, 0xfe, 0x7a, 0xfd, 0x7a, 0xfd, 0xd9, 0xfc, 0xd9, 0xfc, 0x3a, 0xfc,
  0x3a, 0xfc, 0x9e, 0xfb, 0x9e, 0xfb, 0x07, 0xfb, 0x07, 0xfb, 0x73, 0xfa,
  0x73, 0xfa, 0xe4, 0xf9, 0xe4, 0xf9, 0x5b, 0xf9, 0x5b, 0xf9, 0xd6, 0xf8,
  0xd6, 0xf8, 0x59, 0xf8, 0x59, 0xf8, 0xe1, 0xf7, 0xe1, 0xf7, 0x70, 0xf7,
  0x70, 0xf7, 0x07, 0xf7, 0x07, 0xf7, 0xa5, 0xf6, 0xa5, 0xf6, 0x4b, 0xf6,
  0x4b, 0xf6, 0xfa, 0xf5, 0xfa, 0xf5, 0xb1, 0xf5, 0xb1, 0xf5, 0x71, 0xf5,
  0x71, 0xf5, 0x3a, 0xf5, 0x3a, 0xf5, 0x0c, 0xf5, 0x0c, 0xf5, 0xe7, 0xf4,
  0xe7, 0xf4, 0xcb, 0xf4, 0xcb, 0xf4, 0xba, 0xf4, 0xba, 0xf4, 0xb1, 0xf4,
  0xb1, 0xf4, 0xb3, 0xf4, 0xb3, 0xf4, 0xbd, 0xf4, 0xbd, 0xf4, 0xd2, 0xf4,
  0xd2, 0xf4, 0xef, 0xf4, 0xef, 0xf4, 0x17, 0xf5, 0x17, 0xf5, 0x48, 0xf5,
  0x48, 0xf5, 0x81, 0xf5, 0x81, 0xf5, 0xc4, 0xf5, 0xc4, 0xf5, 0x0f, 0xf6,
  0x0f, 0xf6, 0x63, 0xf6, 0x63, 0xf6, 0xbf, 0xf6, 0xbf, 0xf6, 0x23, 0xf7,
  0x23, 0xf7, 0x8e, 0xf7, 0x8e, 0xf7, 0x00, 0xf8, 0x00, 0xf8, 0x7a, 0xf8,
  0x7a, 0xf8, 0xf9, 0xf8, 0xf9, 0xf8, 0x7f, 0xf9, 0x7f, 0xf9, 0x0a, 0xfa,
  0x0a, 0xfa, 0x9a, 0xfa, 0x9a, 0xfa, 0x2f, 0xfb, 0x2f, 0xfb, 0xc8, 0xfb,
  0xc8, 0xfb, 0x64, 0xfc, 0x64, 0xfc, 0x04, 0xfd, 0x04, 0xfd, 0xa6, 0xfd,
  0xa6, 0xfd, 0x4a, 0xfe, 0x4a, 0xfe, 0xef, 0xfe, 0xef, 0xfe, 0x95, 0xff,
  0x95, 0xff, 0x3d, 0x00, 0x3d, 0x00, 0xe3, 0x00, 0xe3, 0x00, 0x88, 0x01,
  0x88, 0x01, 0x2d, 0x02, 0x2d, 0x02, 0xd0, 0x02, 0xd0, 0x02, 0x70, 0x03,
  0x70, 0x03, 0x0d, 0x04, 0x0d, 0x04, 0xa7, 0x04, 0xa7, 0x04, 0x3d, 0x05,
  0x3d, 0x05, 0xcf, 0x05, 0xcf, 0x05, 0x5b, 0x06, 0x5b, 0x06, 0xe3, 0x06,
  0xe3, 0x06, 0x63, 0x07, 0x63, 0x07, 0xdf, 0x07, 0xdf, 0x07, 0x53, 0x08,
  0x53, 0x08, 0xc1, 0x08, 0xc1, 0x08, 0x27, 0x09, 0x27, 0x09, 0x85, 0x09,
  0x85, 0x09, 0xda, 0x09, 0xda, 0x09, 0x28, 0x0a, 0x28, 0x0a, 0x6d, 0x0a,
  0x6d, 0x0a, 0xa9, 0x0a, 0xa9, 0x0a, 0xdc, 0x0a, 0xdc, 0x0a, 0x07, 0x0b,
  0x07, 0x0b, 0x27, 0x0b, 0x27, 0x0b, 0x3e, 0x0b, 0x3e, 0x0b, 0x4b, 0x0b,
  0x4b, 0x0b, 0x50, 0x0b, 0x50, 0x0b, 0x4a, 0x0b, 0x4a, 0x0b, 0x3a, 0x0b,
  0x3a, 0x0b, 0x22, 0x0b, 0x22, 0x0b, 0x00, 0x0b, 0x00, 0x0b, 0xd4, 0x0a,
  0xd4, 0x0a, 0x9f, 0x0a, 0x9f, 0x0a, 0x62, 0x0a, 0x62, 0x0a, 0x1b, 0x0a,
  0x1b, 0x0a, 0xcc, 0x09, 0xcc, 0x09, 0x74, 0x09, 0x74, 0x09, 0x15, 0x09,
  0x15, 0x09, 0xae, 0x08, 0xae, 0x08, 0x3f, 0x08, 0x3f, 0x08, 0xc9, 0x07,
  0xc9, 0x07, 0x4e, 0x07, 0x4e, 0x07, 0xcb, 0x06, 0xcb, 0x06, 0x43, 0x06,
  0x43, 0x06, 0xb5, 0x05, 0xb5, 0x05, 0x22, 0x05, 0x22, 0x05, 0x8d, 0x04,
  0x8d, 0x04, 0xf2, 0x03, 0xf2, 0x03, 0x54, 0x03, 0x54, 0x03, 0xb4, 0x02,
  0xb4, 0x02, 0x0f, 0x02, 0x0f, 0x02, 0x6b, 0x01, 0x6b, 0x01, 0xc5, 0x00,
  0xc5, 0x00, 0x1e, 0x00, 0x1e, 0x00, 0x78, 0xff, 0x78, 0xff, 0xd1, 0xfe,
  0xd1, 0xfe, 0x2d, 0xfe, 0x2d, 0xfe, 0x89, 0xfd, 0x89, 0xfd, 0xe7, 0xfc,
  0xe7, 0xfc, 0x48, 0xfc, 0x48, 0xfc, 0xac, 0xfb, 0xac, 0xfb, 0x14, 0xfb,
  0x14, 0xfb, 0x80, 0xfa, 0x80, 0xfa, 0xf1, 0xf9, 0xf1, 0xf9, 0x67, 0xf9,
  0x67, 0xf9, 0xe2, 0xf8, 0xe2, 0xf8, 0x63, 0xf8, 0x63, 0xf8, 0xeb, 0xf7,
  0xeb, 0xf7, 0x7b, 0xf7, 0x7b, 0xf7, 0x10, 0xf7, 0x10, 0xf7, 0xae, 0xf6,
  0xae, 0xf6, 0x53, 0xf6, 0x53, 0xf6, 0x01, 0xf6, 0x01, 0xf6, 0xb7, 0xf5,
  0xb7, 0xf5, 0x76, 0xf5, 0x76, 0xf5, 0x3e, 0xf5, 0x3e, 0xf5, 0x0f, 0xf5,
  0x0f, 0xf5, 0xea, 0xf4, 0xea, 0xf4, 0xcd, 0xf4, 0xcd, 0xf4, 0xba, 0xf4,
  0xba, 0xf4, 0xb1, 0xf4, 0xb1, 0xf4, 0xb2, 0xf4, 0xb2, 0xf4, 0xbc, 0xf4,
  0xbc, 0xf4, 0xd0, 0xf4, 0xd0, 0xf4, 0xed, 0xf4, 0xed, 0xf4, 0x13, 0xf5,
  0x13, 0xf5, 0x43, 0xf5, 0x43, 0xf5, 0x7b, 0xf5, 0x7b, 0xf5, 0xbd, 0xf5,
  0xbd, 0xf5, 0x08, 0xf6, 0x08, 0xf6, 0x5b, 0xf6, 0x5b, 0xf6, 0xb6, 0xf6,
  0xb6, 0xf6, 0x19, 0xf7, 0x19, 0xf7, 0x84, 0xf7, 0x84, 0xf7, 0xf6, 0xf7,
  0xf6, 0xf7, 0x6f, 0xf8, 0x6f, 0xf8, 0xed, 0xf8, 0xed, 0xf8, 0x72, 0xf9,
  0x72, 0xf9, 0xfd, 0xf9, 0xfd, 0xf9, 0x8d, 0xfa, 0x8d, 0xfa, 0x21, 0xfb,
  0x21, 0xfb, 0xba, 0xfb, 0xba, 0xfb, 0x56, 0xfc, 0x56, 0xfc, 0xf5, 0xfc,
  0xf5, 0xfc, 0x97, 0xfd, 0x97, 0xfd, 0x3b, 0xfe, 0x3b, 0xfe, 0xe0, 0xfe,
  0xe0, 0xfe, 0x86, 0xff, 0x86, 0xff, 0x2d, 0x00, 0x2d, 0x00, 0xd4, 0x00,
  0xd4, 0x00, 0x7a, 0x01, 0x7a, 0x01, 0x1e, 0x02, 0x1e, 0x02, 0xc1, 0x02,
  0xc1, 0x02, 0x61, 0x03, 0x61, 0x03, 0xff, 0x03, 0xff, 0x03, 0x99, 0x04,
  0x99, 0x04, 0x30, 0x05, 0x30, 0x05, 0xc2, 0x05, 0xc2, 0x05, 0x4e, 0x06,
  0x4e, 0x06, 0xd7, 0x06, 0xd7, 0x06, 0x58, 0x07, 0x58, 0x07, 0xd4, 0x07,
  0xd4, 0x07, 0x49, 0x08, 0x49, 0x08, 0xb7, 0x08, 0xb7, 0x08, 0x1d, 0x09,
  0x1d, 0x09, 0x7c, 0x09, 0x7c, 0x09, 0xd3, 0x09, 0xd3, 0x09, 0x22, 0x0a,
  0x22, 0x0a, 0x68, 0x0a, 0x68, 0x0a, 0xa4, 0x0a, 0xa4, 0x0a, 0xd8, 0x0a,
  0xd8, 0x0a, 0x03, 0x0b, 0x03, 0x0b, 0x24, 0x0b, 0x24, 0x0b, 0x3c, 0x0b,
  0x3c, 0x0b, 0x4b, 0x0b, 0x4b, 0x0b, 0x50, 0x0b, 0x50, 0x0b, 0x4b, 0x0b,
  0x4b, 0x0b, 0x3c, 0x0b, 0x3c, 0x0b, 0x24, 0x0b, 0x24, 0x0b, 0x03, 0x0b,
  0x03, 0x0b, 0xd9, 0x0a, 0xd9, 0x0a, 0xa4, 0x0a, 0xa4, 0x0a, 0x68, 0x0a,
  0x68, 0x0a, 0x22, 0x0a, 0x22, 0x0a, 0xd3, 0x09, 0xd3, 0x09, 0x7d, 0x09,
  0x7d, 0x09, 0x1d, 0x09, 0x1d, 0x09, 0xb8, 0x08, 0xb8, 0x08, 0x49, 0x08,
  0x49, 0x08, 0xd4, 0x07, 0xd4, 0x07, 0x59, 0x07, 0x59, 0x07, 0xd7, 0x06,
  0xd7, 0x06, 0x4f, 0x06, 0x4f, 0x06, 0xc2, 0x05, 0xc2, 0x05, 0x30, 0x05,
  0x30, 0x05, 0x9a, 0x04, 0x9a, 0x04, 0x00, 0x04, 0x00, 0x04, 0x62, 0x03,
  0x62, 0x03, 0xc2, 0x02, 0xc2, 0x02, 0x1f, 0x02, 0x1f, 0x02, 0x7a, 0x01,
  0x7a, 0x01, 0xd4, 0x00, 0xd4, 0x00, 0x2d, 0x00, 0x2d, 0x00, 0x87, 0xff,
  0x87, 0xff, 0xe1, 0xfe, 0xe1, 0xfe, 0x3b, 0xfe, 0x3b, 0xfe, 0x97, 0xfd,
  0x97, 0xfd, 0xf5, 0xfc, 0xf5, 0xfc, 0x56, 0xfc, 0x56, 0xfc, 0xba, 0xfb,
  0xba, 0xfb, 0x21, 0xfb, 0x21, 0xfb, 0x8e, 0xfa, 0x8e, 0xfa, 0xfd, 0xf9,
  0xfd, 0xf9, 0x73, 0xf9, 0x73, 0xf9, 0xee, 0xf8, 0xee, 0xf8, 0x6f, 0xf8,
  0x6f, 0xf8, 0xf6, 0xf7, 0xf6, 0xf7, 0x85, 0xf7, 0x85, 0xf7, 0x19, 0xf7,
  0x19, 0xf7, 0xb6, 0xf6, 0xb6, 0xf6, 0x5c, 0xf6, 0x5c, 0xf6, 0x08, 0xf6,
  0x08, 0xf6, 0xbe, 0xf5, 0xbe, 0xf5, 0x7c, 0xf5, 0x7c, 0xf5, 0x43, 0xf5,
  0x43, 0xf5, 0x13, 0xf5, 0x13, 0xf5, 0xed, 0xf4, 0xed, 0xf4, 0xd0, 0xf4,
  0xd0, 0xf4, 0xbc, 0xf4, 0xbc, 0xf4, 0xb2, 0xf4, 0xb2, 0xf4, 0xb1, 0xf4,
  0xb1, 0xf4, 0xba, 0xf4, 0xba, 0xf4, 0xcd, 0xf4, 0xcd, 0xf4, 0xea, 0xf4,
  0xea, 0xf4, 0x0f, 0xf5, 0x0f, 0xf5, 0x3e, 0xf5, 0x3e, 0xf5, 0x76, 0xf5,
  0x76, 0xf5, 0xb7, 0xf5, 0xb7, 0xf5, 0x01, 0xf6, 0x01, 0xf6, 0x53, 0xf6,
  0x53, 0xf6, 0xae, 0xf6, 0xae, 0xf6, 0x10, 0xf7, 0x10, 0xf7, 0x7a, 0xf7,
  0x7a, 0xf7, 0xeb, 0xf7, 0xeb, 0xf7, 0x63, 0xf8, 0x63, 0xf8, 0xe2, 0xf8,
  0xe2, 0xf8, 0x66, 0xf9, 0x66, 0xf9, 0xf0, 0xf9, 0xf0, 0xf9, 0x7f, 0xfa,
  0x7f, 0xfa, 0x13, 0xfb, 0x13, 0xfb, 0xac, 0xfb, 0xac, 0xfb, 0x48, 0xfc,
  0x48, 0xfc, 0xe7, 0xfc, 0xe7, 0xfc, 0x89, 0xfd, 0x89, 0xfd, 0x2c, 0xfe,
  0x2c, 0xfe, 0xd1, 0xfe, 0xd1, 0xfe, 0x78, 0xff, 0x78, 0xff, 0x1e, 0x00,
  0x1e, 0x00, 0xc5, 0x00, 0xc5, 0x00, 0x6b, 0x01, 0x6b, 0x01, 0x0f, 0x02,
  0x0f, 0x02, 0xb3, 0x02, 0xb3, 0x02, 0x53, 0x03, 0x53, 0x03, 0xf1, 0x03,
  0xf1, 0x03, 0x8c, 0x04, 0x8c, 0x04, 0x22, 0x05, 0x22, 0x05, 0xb4, 0x05,
  0xb4, 0x05, 0x42, 0x06, 0x42, 0x06, 0xca, 0x06, 0xca, 0x06, 0x4d, 0x07,
  0x4d, 0x07, 0xc9, 0x07, 0xc9, 0x07, 0x3f, 0x08, 0x3f, 0x08, 0xae, 0x08,
  0xae, 0x08, 0x14, 0x09, 0x14, 0x09, 0x74, 0x09, 0x74, 0x09, 0xcb, 0x09,
  0xcb, 0x09, 0x1b, 0x0a, 0x1b, 0x0a, 0x61, 0x0a, 0x61, 0x0a, 0x9f, 0x0a,
  0x9f, 0x0a, 0xd4, 0x0a, 0xd4, 0x0a, 0x00, 0x0b, 0x00, 0x0b, 0x22, 0x0b,
  0x22, 0x0b, 0x3a, 0x0b, 0x3a, 0x0b, 0x4a, 0x0b, 0x4a, 0x0b, 0x50, 0x0b,
  0x50, 0x0b, 0x4c, 0x0b, 0x4c, 0x0b, 0x3e, 0x0b, 0x3e, 0x0b, 0x27, 0x0b,
  0x27, 0x0b, 0x07, 0x0b, 0x07, 0x0b, 0xdd, 0x0a, 0xdd, 0x0a, 0xa9, 0x0a,
  0xa9, 0x0a, 0x6d, 0x0a, 0x6d, 0x0a, 0x29, 0x0a, 0x29, 0x0a, 0xdb, 0x09,
  0xdb, 0x09, 0x85, 0x09, 0x85, 0x09, 0x27, 0x09, 0x27, 0x09, 0xc1, 0x08,
  0xc1, 0x08, 0x54, 0x08, 0x54, 0x08, 0xdf, 0x07, 0xdf, 0x07, 0x64, 0x07,
  0x64, 0x07, 0xe3, 0x06, 0xe3, 0x06, 0x5c, 0x06, 0x5c, 0x06, 0xcf, 0x05,
  0xcf, 0x05, 0x3e, 0x05, 0x3e, 0x05, 0xa7, 0x04, 0xa7, 0x04, 0x0e, 0x04,
  0x0e, 0x04, 0x71, 0x03, 0x71, 0x03, 0xd1, 0x02, 0xd1, 0x02, 0x2e, 0x02,
  0x2e, 0x02, 0x89, 0x01, 0x89, 0x01, 0xe4, 0x00, 0xe4, 0x00, 0x3d, 0x00,
  0x3d, 0x00, 0x96, 0xff, 0x96, 0xff, 0xf0, 0xfe, 0xf0, 0xfe, 0x4a, 0xfe,
  0x4a, 0xfe, 0xa6, 0xfd, 0xa6, 0xfd, 0x04, 0xfd, 0x04, 0xfd, 0x65, 0xfc,
  0x65, 0xfc, 0xc8, 0xfb, 0xc8, 0xfb, 0x30, 0xfb, 0x30, 0xfb, 0x9a, 0xfa,
  0x9a, 0xfa, 0x0a, 0xfa, 0x0a, 0xfa, 0x80, 0xf9, 0x80, 0xf9, 0xfa, 0xf8,
  0xfa, 0xf8, 0x7a, 0xf8, 0x7a, 0xf8, 0x00, 0xf8, 0x00, 0xf8, 0x8e, 0xf7,
  0x8e, 0xf7, 0x23, 0xf7, 0x23, 0xf7, 0xbf, 0xf6, 0xbf, 0xf6, 0x63, 0xf6,
  0x63, 0xf6, 0x0f, 0xf6, 0x0f, 0xf6, 0xc4, 0xf5, 0xc4, 0xf5, 0x82, 0xf5,
  0x82, 0xf5, 0x48, 0xf5, 0x48, 0xf5, 0x17, 0xf5, 0x17, 0xf5, 0xf0, 0xf4,
  0xf0, 0xf4, 0xd2, 0xf4, 0xd2, 0xf4, 0xbd, 0xf4, 0xbd, 0xf4, 0xb3, 0xf4,
  0xb3, 0xf4, 0xb1, 0xf4, 0xb1, 0xf4, 0xb9, 0xf4, 0xb9, 0xf4, 0xcb, 0xf4,
  0xcb, 0xf4, 0xe6, 0xf4, 0xe6, 0xf4, 0x0b, 0xf5, 0x0b, 0xf5, 0x3a, 0xf5,
  0x3a, 0xf5, 0x71, 0xf5, 0x71, 0xf5, 0xb0, 0xf5, 0xb0, 0xf5, 0xfa, 0xf5,
  0xfa, 0xf5, 0x4b, 0xf6, 0x4b, 0xf6, 0xa5, 0xf6, 0xa5, 0xf6, 0x07, 0xf7,
  0x07, 0xf7, 0x70, 0xf7, 0x70, 0xf7, 0xe0, 0xf7, 0xe0, 0xf7, 0x58, 0xf8,
  0x58, 0xf8, 0xd6, 0xf8, 0xd6, 0xf8, 0x5a, 0xf9, 0x5a, 0xf9, 0xe3, 0xf9,
  0xe3, 0xf9, 0x72, 0xfa, 0x72, 0xfa, 0x06, 0xfb, 0x06, 0xfb, 0x9e, 0xfb,
  0x9e, 0xfb, 0x39, 0xfc, 0x39, 0xfc, 0xd8, 0xfc, 0xd8, 0xfc, 0x79, 0xfd,
  0x79, 0xfd, 0x1d, 0xfe, 0x1d, 0xfe, 0xc2, 0xfe, 0xc2, 0xfe, 0x68, 0xff,
  0x68, 0xff, 0x0f, 0x00, 0x0f, 0x00, 0xb6, 0x00, 0xb6, 0x00, 0x5c, 0x01,
  0x5c, 0x01, 0x01, 0x02, 0x01, 0x02, 0xa3, 0x02, 0xa3, 0x02, 0x45, 0x03,
  0x45, 0x03, 0xe3, 0x03, 0xe3, 0x03, 0x7e, 0x04, 0x7e, 0x04, 0x15, 0x05,
  0x15, 0x05, 0xa7, 0x05, 0xa7, 0x05, 0x36, 0x06, 0x36, 0x06, 0xbe, 0x06,
  0xbe, 0x06, 0x41, 0x07, 0x41, 0x07, 0xbe, 0x07, 0xbe, 0x07, 0x34, 0x08,
  0x34, 0x08, 0xa3, 0x08, 0xa3, 0x08, 0x0c, 0x09, 0x0c, 0x09, 0x6c, 0x09,
  0x6c, 0x09, 0xc4, 0x09, 0xc4, 0x09, 0x14, 0x0a, 0x14, 0x0a, 0x5b, 0x0a,
  0x5b, 0x0a, 0x9a, 0x0a, 0x9a, 0x0a, 0xd0, 0x0a, 0xd0, 0x0a, 0xfc, 0x0a,
  0xfc, 0x0a, 0x1f, 0x0b, 0x1f, 0x0b, 0x39, 0x0b, 0x39, 0x0b, 0x49, 0x0b,
  0x49, 0x0b, 0x50, 0x0b, 0x50, 0x0b, 0x4d, 0x0b, 0x4d, 0x0b, 0x40, 0x0b,
  0x40, 0x0b, 0x29, 0x0b, 0x29, 0x0b, 0x0a, 0x0b, 0x0a, 0x0b, 0xe1, 0x0a,
  0xe1, 0x0a, 0xae, 0x0a, 0xae, 0x0a, 0x73, 0x0a, 0x73, 0x0a, 0x2f, 0x0a,
  0x2f, 0x0a, 0xe3, 0x09, 0xe3, 0x09, 0x8d, 0x09, 0x8d, 0x09, 0x30, 0x09,
  0x30, 0x09, 0xcb, 0x08, 0xcb, 0x08, 0x5e, 0x08, 0x5e, 0x08, 0xea, 0x07,
  0xea, 0x07, 0x70, 0x07, 0x70, 0x07, 0xef, 0x06, 0xef, 0x06, 0x68, 0x06,
  0x68, 0x06, 0xdc, 0x05, 0xdc, 0x05, 0x4b, 0x05, 0x4b, 0x05, 0xb6, 0x04,
  0xb6, 0x04, 0x1c, 0x04, 0x1c, 0x04, 0x7f, 0x03, 0x7f, 0x03, 0xdf, 0x02,
  0xdf, 0x02, 0x3d, 0x02, 0x3d, 0x02, 0x99, 0x01, 0x99, 0x01, 0xf3, 0x00,
  0xf3, 0x00, 0x4c, 0x00, 0x4c, 0x00, 0xa5, 0xff, 0xa5, 0xff, 0xff, 0xfe,
  0xff, 0xfe, 0x59, 0xfe, 0x59, 0xfe, 0xb5, 0xfd, 0xb5, 0xfd, 0x12, 0xfd,
  0x12, 0xfd, 0x73, 0xfc, 0x73, 0xfc, 0xd6, 0xfb, 0xd6, 0xfb, 0x3d, 0xfb,
  0x3d, 0xfb, 0xa8, 0xfa, 0xa8, 0xfa, 0x18, 0xfa, 0x18, 0xfa, 0x8c, 0xf9,
  0x8c, 0xf9, 0x06, 0xf9, 0x06, 0xf9, 0x85, 0xf8, 0x85, 0xf8, 0x0c, 0xf8,
  0x0c, 0xf8, 0x98, 0xf7, 0x98, 0xf7, 0x2c, 0xf7, 0x2c, 0xf7, 0xc8, 0xf6,
  0xc8, 0xf6, 0x6b, 0xf6, 0x6b, 0xf6, 0x17, 0xf6, 0x17, 0xf6, 0xcb, 0xf5,
  0xcb, 0xf5, 0x87, 0xf5, 0x87, 0xf5, 0x4d, 0xf5, 0x4d, 0xf5, 0x1b, 0xf5,
  0x1b, 0xf5, 0xf3, 0xf4, 0xf3, 0xf4, 0xd4, 0xf4, 0xd4, 0xf4, 0xbf, 0xf4,
  0xbf, 0xf4, 0xb3, 0xf4, 0xb3, 0xf4, 0xb0, 0xf4, 0xb0, 0xf4, 0xb8, 0xf4,
  0xb8, 0xf4, 0xc9, 0xf4, 0xc9, 0xf4, 0xe3, 0xf4, 0xe3, 0xf4, 0x07, 0xf5,
  0x07, 0xf5, 0x35, 0xf5, 0x35, 0xf5, 0x6b, 0xf5, 0x6b, 0xf5, 0xab, 0xf5,
  0xab, 0xf5, 0xf3, 0xf5, 0xf3, 0xf5, 0x43, 0xf6, 0x43, 0xf6, 0x9d, 0xf6,
  0x9d, 0xf6, 0xfd, 0xf6, 0xfd, 0xf6, 0x66, 0xf7, 0x66, 0xf7, 0xd6, 0xf7,
  0xd6, 0xf7, 0x4d, 0xf8, 0x4d, 0xf8, 0xca, 0xf8, 0xca, 0xf8, 0x4d, 0xf9,
  0x4d, 0xf9, 0xd7, 0xf9, 0xd7, 0xf9, 0x65, 0xfa, 0x65, 0xfa, 0xf8, 0xfa,
  0xf8, 0xfa, 0x90, 0xfb, 0x90, 0xfb, 0x2b, 0xfc, 0x2b, 0xfc, 0xca, 0xfc,
  0xca, 0xfc, 0x6a, 0xfd, 0x6a, 0xfd, 0x0d, 0xfe, 0x0d, 0xfe, 0xb3, 0xfe,
  0xb3, 0xfe, 0x59, 0xff, 0x59, 0xff, 0x00, 0x00, 0x00, 0x00, 0xa6, 0x00,
  0xa6, 0x00, 0x4c, 0x01, 0x4c, 0x01, 0xf2, 0x01, 0xf2, 0x01, 0x95, 0x02,
  0x95, 0x02, 0x36, 0x03, 0x36, 0x03, 0xd5, 0x03, 0xd5, 0x03, 0x70, 0x04,
  0x70, 0x04, 0x07, 0x05, 0x07, 0x05, 0x9b, 0x05, 0x9b, 0x05, 0x29, 0x06,
  0x29, 0x06, 0xb2, 0x06, 0xb2, 0x06, 0x36, 0x07, 0x36, 0x07, 0xb3, 0x07,
  0xb3, 0x07, 0x2a, 0x08, 0x2a, 0x08, 0x9a, 0x08, 0x9a, 0x08, 0x02, 0x09,
  0x02, 0x09, 0x63, 0x09, 0x63, 0x09, 0xbd, 0x09, 0xbd, 0x09, 0x0d, 0x0a,
  0x0d, 0x0a, 0x55, 0x0a, 0x55, 0x0a, 0x94, 0x0a, 0x94, 0x0a, 0xcb, 0x0a,
  0xcb, 0x0a, 0xf9, 0x0a, 0xf9, 0x0a, 0x1c, 0x0b, 0x1c, 0x0b, 0x37, 0x0b,
  0x37, 0x0b, 0x48, 0x0b, 0x48, 0x0b, 0x50, 0x0b, 0x50, 0x0b, 0x4d, 0x0b,
  0x4d, 0x0b, 0x41, 0x0b, 0x41, 0x0b, 0x2c, 0x0b, 0x2c, 0x0b, 0x0d, 0x0b,
  0x0d, 0x0b, 0xe5, 0x0a, 0xe5, 0x0a, 0xb3, 0x0a, 0xb3, 0x0a, 0x79, 0x0a,
  0x79, 0x0a, 0x35, 0x0a, 0x35, 0x0a, 0xea, 0x09, 0xea, 0x09, 0x95, 0x09,
  0x95, 0x09, 0x38, 0x09, 0x38, 0x09, 0xd4, 0x08, 0xd4, 0x08, 0x68, 0x08,
  0x68, 0x08, 0xf4, 0x07, 0xf4, 0x07, 0x7b, 0x07, 0x7b, 0x07, 0xfb, 0x06,
  0xfb, 0x06, 0x74, 0x06, 0x74, 0x06, 0xe9, 0x05, 0xe9, 0x05, 0x58, 0x05,
  0x58, 0x05, 0xc4, 0x04, 0xc4, 0x04, 0x2a, 0x04, 0x2a, 0x04, 0x8d, 0x03,
  0x8d, 0x03, 0xee, 0x02, 0xee, 0x02, 0x4b, 0x02, 0x4b, 0x02, 0xa8, 0x01,
  0xa8, 0x01, 0x02, 0x01, 0x02, 0x01, 0x5b, 0x00, 0x5b, 0x00, 0xb4, 0xff,
  0xb4, 0xff, 0x0e, 0xff, 0x0e, 0xff, 0x68, 0xfe, 0x68, 0xfe, 0xc4, 0xfd,
  0xc4, 0xfd, 0x21, 0xfd, 0x21, 0xfd, 0x82, 0xfc, 0x82, 0xfc, 0xe5, 0xfb,
  0xe5, 0xfb, 0x4a, 0xfb, 0x4a, 0xfb, 0xb5, 0xfa, 0xb5, 0xfa, 0x24, 0xfa,
  0x24, 0xfa, 0x98, 0xf9, 0x98, 0xf9, 0x12, 0xf9, 0x12, 0xf9, 0x91, 0xf8,
  0x91, 0xf8, 0x16, 0xf8, 0x16, 0xf8, 0xa2, 0xf7, 0xa2, 0xf7, 0x36, 0xf7,
  0x36, 0xf7, 0xd1, 0xf6, 0xd1, 0xf6, 0x74, 0xf6, 0x74, 0xf6, 0x1e, 0xf6,
  0x1e, 0xf6, 0xd1, 0xf5, 0xd1, 0xf5, 0x8d, 0xf5, 0x8d, 0xf5, 0x52, 0xf5,
  0x52, 0xf5, 0x1f, 0xf5, 0x1f, 0xf5, 0xf6, 0xf4, 0xf6, 0xf4, 0xd7, 0xf4,
  0xd7, 0xf4, 0xc0, 0xf4, 0xc0, 0xf4, 0xb3, 0xf4, 0xb3, 0xf4, 0xb0, 0xf4,
  0xb0, 0xf4, 0xb7, 0xf4, 0xb7, 0xf4, 0xc7, 0xf4, 0xc7, 0xf4, 0xe1, 0xf4,
  0xe1, 0xf4, 0x04, 0xf5, 0x04, 0xf5, 0x30, 0xf5, 0x30, 0xf5, 0x66, 0xf5,
  0x66, 0xf5, 0xa4, 0xf5, 0xa4, 0xf5, 0xec, 0xf5, 0xec, 0xf5, 0x3c, 0xf6,
  0x3c, 0xf6, 0x94, 0xf6, 0x94, 0xf6, 0xf4, 0xf6, 0xf4, 0xf6, 0x5c, 0xf7,
  0x5c, 0xf7, 0xcb, 0xf7, 0xcb, 0xf7, 0x41, 0xf8, 0x41, 0xf8, 0xbe, 0xf8,
  0xbe, 0xf8, 0x41, 0xf9, 0x41, 0xf9, 0xca, 0xf9, 0xca, 0xf9, 0x58, 0xfa,
  0x58, 0xfa, 0xeb, 0xfa, 0xeb, 0xfa, 0x82, 0xfb, 0x82, 0xfb, 0x1c, 0xfc,
  0x1c, 0xfc, 0xbb, 0xfc, 0xbb, 0xfc, 0x5c, 0xfd, 0x5c, 0xfd, 0xff, 0xfd,
  0xff, 0xfd, 0xa3, 0xfe, 0xa3, 0xfe, 0x4a, 0xff, 0x4a, 0xff, 0xf0, 0xff,
  0xf0, 0xff, 0x97, 0x00, 0x97, 0x00, 0x3d, 0x01, 0x3d, 0x01, 0xe2, 0x01,
  0xe2, 0x01, 0x86, 0x02, 0x86, 0x02, 0x27, 0x03, 0x27, 0x03, 0xc6, 0x03,
  0xc6, 0x03, 0x62, 0x04, 0x62, 0x04, 0xf9, 0x04, 0xf9, 0x04, 0x8d, 0x05,
  0x8d, 0x05, 0x1c, 0x06, 0x1c, 0x06, 0xa5, 0x06, 0xa5, 0x06, 0x2a, 0x07,
  0x2a, 0x07, 0xa7, 0x07, 0xa7, 0x07, 0x1f, 0x08, 0x1f, 0x08, 0x90, 0x08,
  0x90, 0x08, 0xf9, 0x08, 0xf9, 0x08, 0x5b, 0x09, 0x5b, 0x09, 0xb5, 0x09,
  0xb5, 0x09, 0x06, 0x0a, 0x06, 0x0a, 0x4f, 0x0a, 0x4f, 0x0a, 0x8f, 0x0a,
  0x8f, 0x0a, 0xc6, 0x0a, 0xc6, 0x0a, 0xf4, 0x0a, 0xf4, 0x0a, 0x19, 0x0b,
  0x19, 0x0b, 0x35, 0x0b, 0x35, 0x0b, 0x46, 0x0b, 0x46, 0x0b, 0x4f, 0x0b,
  0x4f, 0x0b, 0x4d, 0x0b, 0x4d, 0x0b, 0x43, 0x0b, 0x43, 0x0b, 0x2e, 0x0b,
  0x2e, 0x0b, 0x11, 0x0b, 0x11, 0x0b, 0xe9, 0x0a, 0xe9, 0x0a, 0xb8, 0x0a,
  0xb8, 0x0a, 0x7f, 0x0a, 0x7f, 0x0a, 0x3c, 0x0a, 0x3c, 0x0a, 0xf1, 0x09,
  0xf1, 0x09, 0x9d, 0x09, 0x9d, 0x09, 0x41, 0x09, 0x41, 0x09, 0xdd, 0x08,
  0xdd, 0x08, 0x72, 0x08, 0x72, 0x08, 0x00, 0x08, 0x00, 0x08, 0x86, 0x07,
  0x86, 0x07, 0x07, 0x07, 0x07, 0x07, 0x81, 0x06, 0x81, 0x06, 0xf6, 0x05,
  0xf6, 0x05, 0x66, 0x05, 0x66, 0x05, 0xd1, 0x04, 0xd1, 0x04, 0x38, 0x04,
  0x38, 0x04, 0x9c, 0x03, 0x9c, 0x03, 0xfc, 0x02, 0xfc, 0x02, 0x5a, 0x02,
  0x5a, 0x02, 0xb6, 0x01, 0xb6, 0x01, 0x11, 0x01, 0x11, 0x01, 0x6b, 0x00,
  0x6b, 0x00, 0xc3, 0xff, 0xc3, 0xff, 0x1d, 0xff, 0x1d, 0xff, 0x78, 0xfe,
  0x78, 0xfe, 0xd3, 0xfd, 0xd3, 0xfd, 0x30, 0xfd, 0x30, 0xfd, 0x90, 0xfc,
  0x90, 0xfc, 0xf3, 0xfb, 0xf3, 0xfb, 0x59, 0xfb, 0x59, 0xfb, 0xc3, 0xfa,
  0xc3, 0xfa, 0x31, 0xfa, 0x31, 0xfa, 0xa5, 0xf9, 0xa5, 0xf9, 0x1d, 0xf9,
  0x1d, 0xf9, 0x9d, 0xf8, 0x9d, 0xf8, 0x21, 0xf8, 0x21, 0xf8, 0xad, 0xf7,
  0xad, 0xf7, 0x3f, 0xf7, 0x3f, 0xf7, 0xd9, 0xf6, 0xd9, 0xf6, 0x7b, 0xf6,
  0x7b, 0xf6, 0x26, 0xf6, 0x26, 0xf6, 0xd8, 0xf5, 0xd8, 0xf5, 0x93, 0xf5,
  0x93, 0xf5, 0x57, 0xf5, 0x57, 0xf5, 0x24, 0xf5, 0x24, 0xf5, 0xf9, 0xf4,
  0xf9, 0xf4, 0xd9, 0xf4, 0xd9, 0xf4, 0xc2, 0xf4, 0xc2, 0xf4, 0xb5, 0xf4,
  0xb5, 0xf4, 0xb0, 0xf4, 0xb0, 0xf4, 0xb6, 0xf4, 0xb6, 0xf4, 0xc6, 0xf4,
  0xc6, 0xf4, 0xde, 0xf4, 0xde, 0xf4, 0x00, 0xf5, 0x00, 0xf5, 0x2c, 0xf5,
  0x2c, 0xf5, 0x61, 0xf5, 0x61, 0xf5, 0x9e, 0xf5, 0x9e, 0xf5, 0xe5, 0xf5,
  0xe5, 0xf5, 0x34, 0xf6, 0x34, 0xf6, 0x8c, 0xf6, 0x8c, 0xf6, 0xeb, 0xf6,
  0xeb, 0xf6, 0x52, 0xf7, 0x52, 0xf7, 0xc1, 0xf7, 0xc1, 0xf7, 0x37, 0xf8,
  0x37, 0xf8, 0xb2, 0xf8, 0xb2, 0xf8, 0x35, 0xf9, 0x35, 0xf9, 0xbd, 0xf9,
  0xbd, 0xf9, 0x4b, 0xfa, 0x4b, 0xfa, 0xde, 0xfa, 0xde, 0xfa, 0x73, 0xfb,
  0x73, 0xfb, 0x0e, 0xfc, 0x0e, 0xfc, 0xac, 0xfc, 0xac, 0xfc, 0x4c, 0xfd,
  0x4c, 0xfd, 0xf1, 0xfd, 0xf1, 0xfd, 0x95, 0xfe, 0x95, 0xfe, 0x3b, 0xff,
  0x3b, 0xff, 0xe2, 0xff, 0xe2, 0xff, 0x88, 0x00, 0x88, 0x00, 0x2f, 0x01,
  0x2f, 0x01, 0xd3, 0x01, 0xd3, 0x01, 0x77, 0x02, 0x77, 0x02, 0x19, 0x03,
  0x19, 0x03, 0xb8, 0x03, 0xb8, 0x03, 0x54, 0x04, 0x54, 0x04, 0xec, 0x04,
  0xec, 0x04, 0x80, 0x05, 0x80, 0x05, 0x0f, 0x06, 0x0f, 0x06, 0x99, 0x06,
  0x99, 0x06, 0x1e, 0x07, 0x1e, 0x07, 0x9d, 0x07, 0x9d, 0x07, 0x15, 0x08,
  0x15, 0x08, 0x85, 0x08, 0x85, 0x08, 0xf0, 0x08, 0xf0, 0x08, 0x52, 0x09,
  0x52, 0x09, 0xad, 0x09, 0xad, 0x09, 0xff, 0x09, 0xff, 0x09, 0x49, 0x0a,
  0x49, 0x0a, 0x8a, 0x0a, 0x8a, 0x0a, 0xc2, 0x0a, 0xc2, 0x0a, 0xf1, 0x0a,
  0xf1, 0x0a, 0x16, 0x0b, 0x16, 0x0b, 0x33, 0x0b, 0x33, 0x0b, 0x46, 0x0b,
  0x46, 0x0b, 0x4f, 0x0b, 0x4f, 0x0b, 0x4e, 0x0b, 0x4e, 0x0b, 0x44, 0x0b,
  0x44, 0x0b, 0x30, 0x0b, 0x30, 0x0b, 0x13, 0x0b, 0x13, 0x0b, 0xed, 0x0a,
  0xed, 0x0a, 0xbd, 0x0a, 0xbd, 0x0a, 0x85, 0x0a, 0x85, 0x0a, 0x43, 0x0a,
  0x43, 0x0a, 0xf8, 0x09, 0xf8, 0x09, 0xa5, 0x09, 0xa5, 0x09, 0x4a, 0x09,
  0x4a, 0x09, 0xe7, 0x08, 0xe7, 0x08, 0x7c, 0x08, 0x7c, 0x08, 0x0a, 0x08,
  0x0a, 0x08, 0x91, 0x07, 0x91, 0x07, 0x13, 0x07, 0x13, 0x07, 0x8e, 0x06,
  0x8e, 0x06, 0x03, 0x06, 0x03, 0x06, 0x73, 0x05, 0x73, 0x05, 0xdf, 0x04,
  0xdf, 0x04, 0x46, 0x04, 0x46, 0x04, 0xaa, 0x03, 0xaa, 0x03, 0x0b, 0x03,
  0x0b, 0x03, 0x69, 0x02, 0x69, 0x02, 0xc5, 0x01, 0xc5, 0x01, 0x20, 0x01,
  0x20, 0x01, 0x7a, 0x00, 0x7a, 0x00, 0xd3, 0xff, 0xd3, 0xff, 0x2c, 0xff,
  0x2c, 0xff, 0x86, 0xfe, 0x86, 0xfe, 0xe2, 0xfd, 0xe2, 0xfd, 0x3f, 0xfd,
  0x3f, 0xfd, 0x9f, 0xfc, 0x9f, 0xfc, 0x01, 0xfc, 0x01, 0xfc, 0x67, 0xfb,
  0x67, 0xfb, 0xd0, 0xfa, 0xd0, 0xfa, 0x3e, 0xfa, 0x3e, 0xfa, 0xb2, 0xf9,
  0xb2, 0xf9, 0x29, 0xf9, 0x29, 0xf9, 0xa8, 0xf8, 0xa8, 0xf8, 0x2c, 0xf8,
  0x2c, 0xf8, 0xb7, 0xf7, 0xb7, 0xf7, 0x49, 0xf7, 0x49, 0xf7, 0xe3, 0xf6,
  0xe3, 0xf6, 0x84, 0xf6, 0x84, 0xf6, 0x2d, 0xf6, 0x2d, 0xf6, 0xde, 0xf5,
  0xde, 0xf5, 0x98, 0xf5, 0x98, 0xf5, 0x5c, 0xf5, 0x5c, 0xf5, 0x28, 0xf5,
  0x28, 0xf5, 0xfd, 0xf4, 0xfd, 0xf4, 0xdc, 0xf4, 0xdc, 0xf4, 0xc4, 0xf4,
  0xc4, 0xf4, 0xb5, 0xf4, 0xb5, 0xf4, 0xb0, 0xf4, 0xb0, 0xf4, 0xb5, 0xf4,
  0xb5, 0xf4, 0xc4, 0xf4, 0xc4, 0xf4, 0xdc, 0xf4, 0xdc, 0xf4, 0xfd, 0xf4,
  0xfd, 0xf4, 0x27, 0xf5, 0x27, 0xf5, 0x5c, 0xf5, 0x5c, 0xf5, 0x98, 0xf5,
  0x98, 0xf5, 0xde, 0xf5, 0xde, 0xf5, 0x2d, 0xf6, 0x2d, 0xf6, 0x83, 0xf6,
  0x83, 0xf6, 0xe3, 0xf6, 0xe3, 0xf6, 0x48, 0xf7, 0x48, 0xf7, 0xb7, 0xf7,
  0xb7, 0xf7, 0x2c, 0xf8, 0x2c, 0xf8, 0xa7, 0xf8, 0xa7, 0xf8, 0x29, 0xf9,
  0x29, 0xf9, 0xb1, 0xf9, 0xb1, 0xf9, 0x3e, 0xfa, 0x3e, 0xfa, 0xd0, 0xfa,
  0xd0, 0xfa, 0x66, 0xfb, 0x66, 0xfb, 0x00, 0xfc, 0x00, 0xfc, 0x9e, 0xfc,
  0x9e, 0xfc, 0x3e, 0xfd, 0x3e, 0xfd, 0xe1, 0xfd, 0xe1, 0xfd, 0x86, 0xfe,
  0x86, 0xfe, 0x2c, 0xff, 0x2c, 0xff, 0xd3, 0xff, 0xd3, 0xff, 0x79, 0x00,
  0x79, 0x00, 0x1f, 0x01, 0x1f, 0x01, 0xc5, 0x01, 0xc5, 0x01, 0x69, 0x02,
  0x69, 0x02, 0x0b, 0x03, 0x0b, 0x03, 0xaa, 0x03, 0xaa, 0x03, 0x46, 0x04,
  0x46, 0x04, 0xdf, 0x04, 0xdf, 0x04, 0x72, 0x05, 0x72, 0x05, 0x03, 0x06,
  0x03, 0x06, 0x8d, 0x06, 0x8d, 0x06, 0x12, 0x07, 0x12, 0x07, 0x91, 0x07,
  0x91, 0x07, 0x0a, 0x08, 0x0a, 0x08, 0x7b, 0x08, 0x7b, 0x08, 0xe7, 0x08,
  0xe7, 0x08, 0x4a, 0x09, 0x4a, 0x09, 0xa4, 0x09, 0xa4, 0x09, 0xf8, 0x09,
  0xf8, 0x09, 0x42, 0x0a, 0x42, 0x0a, 0x84, 0x0a, 0x84, 0x0a, 0xbd, 0x0a,
  0xbd, 0x0a, 0xed, 0x0a, 0xed, 0x0a, 0x13, 0x0b, 0x13, 0x0b, 0x30, 0x0b,
  0x30, 0x0b, 0x44, 0x0b, 0x44, 0x0b, 0x4e, 0x0b, 0x4e, 0x0b, 0x4f, 0x0b,
  0x4f, 0x0b, 0x46, 0x0b, 0x46, 0x0b, 0x33, 0x0b, 0x33, 0x0b, 0x16, 0x0b,
  0x16, 0x0b, 0xf1, 0x0a, 0xf1, 0x0a, 0xc2, 0x0a, 0xc2, 0x0a, 0x8a, 0x0a,
  0x8a, 0x0a, 0x49, 0x0a, 0x49, 0x0a, 0xff, 0x09, 0xff, 0x09, 0xad, 0x09,
  0xad, 0x09, 0x52, 0x09, 0x52, 0x09, 0xf0, 0x08, 0xf0, 0x08, 0x86, 0x08,
  0x86, 0x08, 0x15, 0x08, 0x15, 0x08, 0x9d, 0x07, 0x9d, 0x07, 0x1e, 0x07,
  0x1e, 0x07, 0x9a, 0x06, 0x9a, 0x06, 0x10, 0x06, 0x10, 0x06, 0x81, 0x05,
  0x81, 0x05, 0xed, 0x04, 0xed, 0x04, 0x54, 0x04, 0x54, 0x04, 0xb8, 0x03,
  0xb8, 0x03, 0x19, 0x03, 0x19, 0x03, 0x77, 0x02, 0x77, 0x02, 0xd4, 0x01,
  0xd4, 0x01, 0x2f, 0x01, 0x2f, 0x01, 0x88, 0x00, 0x88, 0x00, 0xe2, 0xff,
  0xe2, 0xff, 0x3b, 0xff, 0x3b, 0xff, 0x95, 0xfe, 0x95, 0xfe, 0xf1, 0xfd,
  0xf1, 0xfd, 0x4d, 0xfd, 0x4d, 0xfd, 0xad, 0xfc, 0xad, 0xfc, 0x0f, 0xfc,
  0x0f, 0xfc, 0x74, 0xfb, 0x74, 0xfb, 0xde, 0xfa, 0xde, 0xfa, 0x4c, 0xfa,
  0x4c, 0xfa, 0xbe, 0xf9, 0xbe, 0xf9, 0x36, 0xf9, 0x36, 0xf9, 0xb3, 0xf8,
  0xb3, 0xf8, 0x37, 0xf8, 0x37, 0xf8, 0xc1, 0xf7, 0xc1, 0xf7, 0x52, 0xf7,
  0x52, 0xf7, 0xec, 0xf6, 0xec, 0xf6, 0x8c, 0xf6, 0x8c, 0xf6, 0x35, 0xf6,
  0x35, 0xf6, 0xe5, 0xf5, 0xe5, 0xf5, 0x9f, 0xf5, 0x9f, 0xf5, 0x61, 0xf5,
  0x61, 0xf5, 0x2c, 0xf5, 0x2c, 0xf5, 0x00, 0xf5, 0x00, 0xf5, 0xde, 0xf4,
  0xde, 0xf4, 0xc6, 0xf4, 0xc6, 0xf4, 0xb6, 0xf4, 0xb6, 0xf4, 0xb0, 0xf4,
  0xb0, 0xf4, 0xb4, 0xf4, 0xb4, 0xf4, 0xc2, 0xf4, 0xc2, 0xf4, 0xd9, 0xf4,
  0xd9, 0xf4, 0xf9, 0xf4, 0xf9, 0xf4, 0x23, 0xf5, 0x23, 0xf5, 0x57, 0xf5,
  0x57, 0xf5, 0x93, 0xf5, 0x93, 0xf5, 0xd7, 0xf5, 0xd7, 0xf5, 0x25, 0xf6,
  0x25, 0xf6, 0x7b, 0xf6, 0x7b, 0xf6, 0xd9, 0xf6, 0xd9, 0xf6, 0x3f, 0xf7,
  0x3f, 0xf7, 0xac, 0xf7, 0xac, 0xf7, 0x21, 0xf8, 0x21, 0xf8, 0x9c, 0xf8,
  0x9c, 0xf8, 0x1d, 0xf9, 0x1d, 0xf9, 0xa4, 0xf9, 0xa4, 0xf9, 0x31, 0xfa,
  0x31, 0xfa, 0xc2, 0xfa, 0xc2, 0xfa, 0x59, 0xfb, 0x59, 0xfb, 0xf2, 0xfb,
  0xf2, 0xfb, 0x8f, 0xfc, 0x8f, 0xfc, 0x2f, 0xfd, 0x2f, 0xfd, 0xd2, 0xfd,
  0xd2, 0xfd, 0x77, 0xfe, 0x77, 0xfe, 0x1c, 0xff, 0x1c, 0xff, 0xc3, 0xff,
  0xc3, 0xff, 0x6a, 0x00, 0x6a, 0x00, 0x10, 0x01, 0x10, 0x01, 0xb6, 0x01,
  0xb6, 0x01, 0x5a, 0x02, 0x5a, 0x02, 0xfc, 0x02, 0xfc, 0x02, 0x9b, 0x03,
  0x9b, 0x03, 0x38, 0x04, 0x38, 0x04, 0xd0, 0x04, 0xd0, 0x04, 0x66, 0x05,
  0x66, 0x05, 0xf6, 0x05, 0xf6, 0x05, 0x80, 0x06, 0x80, 0x06, 0x06, 0x07,
  0x06, 0x07, 0x86, 0x07, 0x86, 0x07, 0x00, 0x08, 0x00, 0x08, 0x72, 0x08,
  0x72, 0x08, 0xdd, 0x08, 0xdd, 0x08, 0x41, 0x09, 0x41, 0x09, 0x9d, 0x09,
  0x9d, 0x09, 0xf1, 0x09, 0xf1, 0x09, 0x3c, 0x0a, 0x3c, 0x0a, 0x7e, 0x0a,
  0x7e, 0x0a, 0xb8, 0x0a, 0xb8, 0x0a, 0xe9, 0x0a, 0xe9, 0x0a, 0x10, 0x0b,
  0x10, 0x0b, 0x2e, 0x0b, 0x2e, 0x0b, 0x43, 0x0b, 0x43, 0x0b, 0x4d, 0x0b,
  0x4d, 0x0b, 0x4f, 0x0b, 0x4f, 0x0b, 0x47, 0x0b, 0x47, 0x0b, 0x35, 0x0b,
  0x35, 0x0b, 0x1a, 0x0b, 0x1a, 0x0b, 0xf5, 0x0a, 0xf5, 0x0a, 0xc6, 0x0a,
  0xc6, 0x0a, 0x8f, 0x0a, 0x8f, 0x0a, 0x50, 0x0a, 0x50, 0x0a, 0x06, 0x0a,
  0x06, 0x0a, 0xb5, 0x09, 0xb5, 0x09, 0x5b, 0x09, 0x5b, 0x09, 0xf9, 0x08,
  0xf9, 0x08, 0x90, 0x08, 0x90, 0x08, 0x20, 0x08, 0x20, 0x08, 0xa8, 0x07,
  0xa8, 0x07, 0x2a, 0x07, 0x2a, 0x07, 0xa6, 0x06, 0xa6, 0x06, 0x1d, 0x06,
  0x1d, 0x06, 0x8e, 0x05, 0x8e, 0x05, 0xfa, 0x04, 0xfa, 0x04, 0x62, 0x04,
  0x62, 0x04, 0xc7, 0x03, 0xc7, 0x03, 0x28, 0x03, 0x28, 0x03, 0x87, 0x02,
  0x87, 0x02, 0xe3, 0x01, 0xe3, 0x01, 0x3e, 0x01, 0x3e, 0x01, 0x98, 0x00,
  0x98, 0x00, 0xf1, 0xff, 0xf1, 0xff, 0x4a, 0xff, 0x4a, 0xff, 0xa4, 0xfe,
  0xa4, 0xfe, 0xff, 0xfd, 0xff, 0xfd, 0x5d, 0xfd, 0x5d, 0xfd, 0xbb, 0xfc,
  0xbb, 0xfc, 0x1d, 0xfc, 0x1d, 0xfc, 0x82, 0xfb, 0x82, 0xfb, 0xeb, 0xfa,
  0xeb, 0xfa, 0x59, 0xfa, 0x59, 0xfa, 0xca, 0xf9, 0xca, 0xf9, 0x42, 0xf9,
  0x42, 0xf9, 0xbf, 0xf8, 0xbf, 0xf8, 0x42, 0xf8, 0x42, 0xf8, 0xcc, 0xf7,
  0xcc, 0xf7, 0x5d, 0xf7, 0x5d, 0xf7, 0xf4, 0xf6, 0xf4, 0xf6, 0x94, 0xf6,
  0x94, 0xf6, 0x3c, 0xf6, 0x3c, 0xf6, 0xec, 0xf5, 0xec, 0xf5, 0xa5, 0xf5,
  0xa5, 0xf5, 0x66, 0xf5, 0x66, 0xf5, 0x30, 0xf5, 0x30, 0xf5, 0x04, 0xf5,
  0x04, 0xf5, 0xe1, 0xf4, 0xe1, 0xf4, 0xc7, 0xf4, 0xc7, 0xf4, 0xb7, 0xf4,
  0xb7, 0xf4, 0xb0, 0xf4, 0xb0, 0xf4, 0xb3, 0xf4, 0xb3, 0xf4, 0xc0, 0xf4,
  0xc0, 0xf4, 0xd7, 0xf4, 0xd7, 0xf4, 0xf6, 0xf4, 0xf6, 0xf4, 0x1f, 0xf5,
  0x1f, 0xf5, 0x52, 0xf5, 0x52, 0xf5, 0x8d, 0xf5, 0x8d, 0xf5, 0xd1, 0xf5,
  0xd1, 0xf5, 0x1d, 0xf6, 0x1d, 0xf6, 0x73, 0xf6, 0x73, 0xf6, 0xd0, 0xf6,
  0xd0, 0xf6, 0x35, 0xf7, 0x35, 0xf7, 0xa2, 0xf7, 0xa2, 0xf7, 0x16, 0xf8,
  0x16, 0xf8, 0x90, 0xf8, 0x90, 0xf8, 0x11, 0xf9, 0x11, 0xf9, 0x98, 0xf9,
  0x98, 0xf9, 0x24, 0xfa, 0x24, 0xfa, 0xb5, 0xfa, 0xb5, 0xfa, 0x4a, 0xfb,
  0x4a, 0xfb, 0xe4, 0xfb, 0xe4, 0xfb, 0x81, 0xfc, 0x81, 0xfc, 0x21, 0xfd,
  0x21, 0xfd, 0xc3, 0xfd, 0xc3, 0xfd, 0x67, 0xfe, 0x67, 0xfe, 0x0d, 0xff,
  0x0d, 0xff, 0xb4, 0xff, 0xb4, 0xff, 0x5b, 0x00, 0x5b, 0x00, 0x01, 0x01,
  0x01, 0x01, 0xa7, 0x01, 0xa7, 0x01, 0x4b, 0x02, 0x4b, 0x02, 0xee, 0x02,
  0xee, 0x02, 0x8d, 0x03, 0x8d, 0x03, 0x2a, 0x04, 0x2a, 0x04, 0xc3, 0x04,
  0xc3, 0x04, 0x58, 0x05, 0x58, 0x05, 0xe8, 0x05, 0xe8, 0x05, 0x74, 0x06,
  0x74, 0x06, 0xfa, 0x06, 0xfa, 0x06, 0x7b, 0x07, 0x7b, 0x07, 0xf4, 0x07,
  0xf4, 0x07, 0x68, 0x08, 0x68, 0x08, 0xd4, 0x08, 0xd4, 0x08, 0x38, 0x09,
  0x38, 0x09, 0x95, 0x09, 0x95, 0x09, 0xe9, 0x09, 0xe9, 0x09, 0x35, 0x0a,
  0x35, 0x0a, 0x79, 0x0a, 0x79, 0x0a, 0xb3, 0x0a, 0xb3, 0x0a, 0xe5, 0x0a,
  0xe5, 0x0a, 0x0d, 0x0b, 0x0d, 0x0b, 0x2c, 0x0b, 0x2c, 0x0b, 0x41, 0x0b,
  0x41, 0x0b, 0x4d, 0x0b, 0x4d, 0x0b, 0x50, 0x0b, 0x50, 0x0b, 0x48, 0x0b,
  0x48, 0x0b, 0x37, 0x0b, 0x37, 0x0b, 0x1d, 0x0b, 0x1d, 0x0b, 0xf9, 0x0a,
  0xf9, 0x0a, 0xcb, 0x0a, 0xcb, 0x0a, 0x95, 0x0a, 0x95, 0x0a, 0x55, 0x0a,
  0x55, 0x0a, 0x0d, 0x0a, 0x0d, 0x0a, 0xbd, 0x09, 0xbd, 0x09, 0x63, 0x09,
  0x63, 0x09, 0x03, 0x09, 0x03, 0x09, 0x9a, 0x08, 0x9a, 0x08, 0x2a, 0x08,
  0x2a, 0x08, 0xb3, 0x07, 0xb3, 0x07, 0x36, 0x07, 0x36, 0x07, 0xb3, 0x06,
  0xb3, 0x06, 0x29, 0x06, 0x29, 0x06, 0x9b, 0x05, 0x9b, 0x05, 0x08, 0x05,
  0x08, 0x05, 0x70, 0x04, 0x70, 0x04, 0xd5, 0x03, 0xd5, 0x03, 0x36, 0x03,
  0x36, 0x03, 0x96, 0x02, 0x96, 0x02, 0xf3, 0x01, 0xf3, 0x01, 0x4d, 0x01,
  0x4d, 0x01, 0xa7, 0x00, 0xa7, 0x00, 0x00, 0x00, 0x00, 0x00, 0x5a, 0xff,
  0x5a, 0xff, 0xb4, 0xfe, 0xb4, 0xfe, 0x0e, 0xfe, 0x0e, 0xfe, 0x6b, 0xfd,
  0x6b, 0xfd, 0xca, 0xfc, 0xca, 0xfc, 0x2b, 0xfc, 0x2b, 0xfc, 0x90, 0xfb,
  0x90, 0xfb, 0xf9, 0xfa, 0xf9, 0xfa, 0x65, 0xfa, 0x65, 0xfa, 0xd7, 0xf9,
  0xd7, 0xf9, 0x4e, 0xf9, 0x4e, 0xf9, 0xca, 0xf8, 0xca, 0xf8, 0x4d, 0xf8,
  0x4d, 0xf8, 0xd6, 0xf7, 0xd6, 0xf7, 0x66, 0xf7, 0x66, 0xf7, 0xfe, 0xf6,
  0xfe, 0xf6, 0x9d, 0xf6, 0x9d, 0xf6, 0x43, 0xf6, 0x43, 0xf6, 0xf3, 0xf5,
  0xf3, 0xf5, 0xab, 0xf5, 0xab, 0xf5, 0x6c, 0xf5, 0x6c, 0xf5, 0x35, 0xf5,
  0x35, 0xf5, 0x07, 0xf5, 0x07, 0xf5, 0xe4, 0xf4, 0xe4, 0xf4, 0xc9, 0xf4,
  0xc9, 0xf4, 0xb8, 0xf4, 0xb8, 0xf4, 0xb0, 0xf4, 0xb0, 0xf4, 0xb3, 0xf4,
  0xb3, 0xf4, 0xbf, 0xf4, 0xbf, 0xf4, 0xd4, 0xf4, 0xd4, 0xf4, 0xf3, 0xf4,
  0xf3, 0xf4, 0x1b, 0xf5, 0x1b, 0xf5, 0x4d, 0xf5, 0x4d, 0xf5, 0x87, 0xf5,
  0x87, 0xf5, 0xcb, 0xf5, 0xcb, 0xf5, 0x16, 0xf6, 0x16, 0xf6, 0x6b, 0xf6,
  0x6b, 0xf6, 0xc8, 0xf6, 0xc8, 0xf6, 0x2c, 0xf7, 0x2c, 0xf7, 0x98, 0xf7,
  0x98, 0xf7, 0x0c, 0xf8, 0x0c, 0xf8, 0x85, 0xf8, 0x85, 0xf8, 0x05, 0xf9,
  0x05, 0xf9, 0x8c, 0xf9, 0x8c, 0xf9, 0x17, 0xfa, 0x17, 0xfa, 0xa8, 0xfa,
  0xa8, 0xfa, 0x3c, 0xfb, 0x3c, 0xfb, 0xd6, 0xfb, 0xd6, 0xfb, 0x73, 0xfc,
  0x73, 0xfc, 0x12, 0xfd, 0x12, 0xfd, 0xb5, 0xfd, 0xb5, 0xfd, 0x58, 0xfe,
  0x58, 0xfe, 0xfe, 0xfe, 0xfe, 0xfe, 0xa5, 0xff, 0xa5, 0xff, 0x4c, 0x00,
  0x4c, 0x00, 0xf2, 0x00, 0xf2, 0x00, 0x98, 0x01, 0x98, 0x01, 0x3c, 0x02,
  0x3c, 0x02, 0xdf, 0x02, 0xdf, 0x02, 0x7e, 0x03, 0x7e, 0x03, 0x1b, 0x04,
  0x1b, 0x04, 0xb6, 0x04, 0xb6, 0x04, 0x4b, 0x05, 0x4b, 0x05, 0xdc, 0x05,
  0xdc, 0x05, 0x68, 0x06, 0x68, 0x06, 0xee, 0x06, 0xee, 0x06, 0x6f, 0x07,
  0x6f, 0x07, 0xea, 0x07, 0xea, 0x07, 0x5e, 0x08, 0x5e, 0x08, 0xca, 0x08,
  0xca, 0x08, 0x2f, 0x09, 0x2f, 0x09, 0x8c, 0x09, 0x8c, 0x09, 0xe2, 0x09,
  0xe2, 0x09, 0x2f, 0x0a, 0x2f, 0x0a, 0x73, 0x0a, 0x73, 0x0a, 0xae, 0x0a,
  0xae, 0x0a, 0xe1, 0x0a, 0xe1, 0x0a, 0x0a, 0x0b, 0x0a, 0x0b, 0x29, 0x0b,
  0x29, 0x0b, 0x40, 0x0b, 0x40, 0x0b, 0x4d, 0x0b, 0x4d, 0x0b, 0x50, 0x0b,
  0x50, 0x0b, 0x49, 0x0b, 0x49, 0x0b, 0x39, 0x0b, 0x39, 0x0b, 0x1f, 0x0b,
  0x1f, 0x0b, 0xfc, 0x0a, 0xfc, 0x0a, 0xd0, 0x0a, 0xd0, 0x0a, 0x9a, 0x0a,
  0x9a, 0x0a, 0x5c, 0x0a, 0x5c, 0x0a, 0x14, 0x0a, 0x14, 0x0a, 0xc4, 0x09,
  0xc4, 0x09, 0x6c, 0x09, 0x6c, 0x09, 0x0c, 0x09, 0x0c, 0x09, 0xa4, 0x08,
  0xa4, 0x08, 0x35, 0x08, 0x35, 0x08, 0xbf, 0x07, 0xbf, 0x07, 0x42, 0x07,
  0x42, 0x07, 0xbf, 0x06, 0xbf, 0x06, 0x36, 0x06, 0x36, 0x06, 0xa8, 0x05,
  0xa8, 0x05, 0x15, 0x05, 0x15, 0x05, 0x7e, 0x04, 0x7e, 0x04, 0xe4, 0x03,
  0xe4, 0x03, 0x45, 0x03, 0x45, 0x03, 0xa4, 0x02, 0xa4, 0x02, 0x01, 0x02,
  0x01, 0x02, 0x5d, 0x01, 0x5d, 0x01, 0xb6, 0x00, 0xb6, 0x00, 0x10, 0x00,
  0x10, 0x00, 0x69, 0xff, 0x69, 0xff, 0xc3, 0xfe, 0xc3, 0xfe, 0x1e, 0xfe,
  0x1e, 0xfe, 0x7a, 0xfd, 0x7a, 0xfd, 0xd9, 0xfc, 0xd9, 0xfc, 0x3a, 0xfc,
  0x3a, 0xfc, 0x9e, 0xfb, 0x9e, 0xfb, 0x07, 0xfb, 0x07, 0xfb, 0x73, 0xfa,
  0x73, 0xfa, 0xe4, 0xf9, 0xe4, 0xf9, 0x5b, 0xf9, 0x5b, 0xf9, 0xd6, 0xf8,
  0xd6, 0xf8, 0x59, 0xf8, 0x59, 0xf8, 0xe1, 0xf7, 0xe1, 0xf7, 0x70, 0xf7,
  0x70, 0xf7, 0x07, 0xf7, 0x07, 0xf7, 0xa5, 0xf6, 0xa5, 0xf6, 0x4b, 0xf6,
  0x4b, 0xf6, 0xfa, 0xf5, 0xfa, 0xf5, 0xb1, 0xf5, 0xb1, 0xf5, 0x71, 0xf5,
  0x71, 0xf5, 0x3a, 0xf5, 0x3a, 0xf5, 0x0c, 0xf5, 0x0c, 0xf5, 0xe7, 0xf4,
  0xe7, 0xf4, 0xcb, 0xf4, 0xcb, 0xf4, 0xba, 0xf4, 0xba, 0xf4, 0xb1, 0xf4,
  0xb1, 0xf4, 0xb3, 0xf4, 0xb3, 0xf4, 0xbd, 0xf4, 0xbd, 0xf4, 0xd2, 0xf4,
  0xd2, 0xf4, 0xef, 0xf4, 0xef, 0xf4, 0x17, 0xf5, 0x17, 0xf5, 0x48, 0xf5,
  0x48, 0xf5, 0x81, 0xf5, 0x81, 0xf5, 0xc4, 0xf5, 0xc4, 0xf5, 0x0f, 0xf6,
  0x0f, 0xf6, 0x63, 0xf6, 0x63, 0xf6, 0xbf, 0xf6, 0xbf, 0xf6, 0x23, 0xf7,
  0x23, 0xf7, 0x8e, 0xf7, 0x8e, 0xf7, 0x00, 0xf8, 0x00, 0xf8, 0x7a, 0xf8,
  0x7a, 0xf8, 0xf9, 0xf8, 0xf9, 0xf8, 0x7f, 0xf9, 0x7f, 0xf9, 0x0a, 0xfa,
  0x0a, 0xfa, 0x9a, 0xfa, 0x9a, 0xfa, 0x2f, 0xfb, 0x2f, 0xfb, 0xc8, 0xfb,
  0xc8, 0xfb, 0x64, 0xfc, 0x64, 0xfc, 0x04, 0xfd, 0x04, 0xfd, 0xa6, 0xfd,
  0xa6, 0xfd, 0x4a, 0xfe, 0x4a, 0xfe, 0xef, 0xfe, 0xef, 0xfe, 0x95, 0xff,
  0x95, 0xff, 0x3d, 0x00, 0x3d, 0x00, 0xe3, 0x00, 0xe3, 0x00, 0x88, 0x01,
  0x88, 0x01, 0x2d, 0x02, 0x2d, 0x02, 0xd0, 0x02, 0xd0, 0x02, 0x70, 0x03,
  0x70, 0x03, 0x0d, 0x04, 0x0d, 0x04, 0xa7, 0x04, 0xa7, 0x04, 0x3d, 0x05,
  0x3d, 0x05, 0xcf, 0x05, 0xcf, 0x05, 0x5b, 0x06, 0x5b, 0x06, 0xe3, 0x06,
  0xe3, 0x06, 0x63, 0x07, 0x63, 0x07, 0xdf, 0x07, 0xdf, 0x07, 0x53, 0x08,
  0x53, 0x08, 0xc1, 0x08, 0xc1, 0x08, 0x27, 0x09, 0x27, 0x09, 0x85, 0x09,
  0x85, 0x09, 0xda, 0x09, 0xda, 0x09, 0x28, 0x0a, 0x28, 0x0a, 0x6d, 0x0a,
  0x6d, 0x0a, 0xa9, 0x0a, 0xa9, 0x0a, 0xdc, 0x0a, 0xdc, 0x0a, 0x07, 0x0b,
  0x07, 0x0b, 0x27, 0x0b, 0x27, 0x0b, 0x3e, 0x0b, 0x3e, 0x0b, 0x4b, 0x0b,
  0x4b, 0x0b, 0x50, 0x0b, 0x50, 0x0b, 0x4a, 0x0b, 0x4a, 0x0b, 0x3a, 0x0b,
  0x3a, 0x0b, 0x22, 0x0b, 0x22, 0x0b, 0x00, 0x0b, 0x00, 0x0b, 0xd4, 0x0a,
  0xd4, 0x0a, 0x9f, 0x0a, 0x9f, 0x0a, 0x62, 0x0a, 0x62, 0x0a, 0x1b, 0x0a,
  0x1b, 0x0a, 0xcc, 0x09, 0xcc, 0x09, 0x74, 0x09, 0x74, 0x09, 0x15, 0x09,
  0x15, 0x09, 0xae, 0x08, 0xae, 0x08, 0x3f, 0x08, 0x3f, 0x08, 0xc9, 0x07,
  0xc9, 0x07, 0x4e, 0x07, 0x4e, 0x07, 0xcb, 0x06, 0xcb, 0x06, 0x43, 0x06,
  0x43, 0x06, 0xb5, 0x05, 0xb5, 0x05, 0x22, 0x05, 0x22, 0x05, 0x8d, 0x04,
  0x8d, 0x04, 0xf2, 0x03, 0xf2, 0x03, 0x54, 0x03, 0x54, 0x03, 0xb4, 0x02,
  0xb4, 0x02, 0x0f, 0x02, 0x0f, 0x02, 0x6b, 0x01, 0x6b, 0x01, 0xc5, 0x00,
  0xc5, 0x00, 0x1e, 0x00, 0x1e, 0x00, 0x78, 0xff, 0x78, 0xff, 0xd1, 0xfe,
  0xd1, 0xfe, 0x2d, 0xfe, 0x2d, 0xfe, 0x89, 0xfd, 0x89, 0xfd, 0xe7, 0xfc,
  0xe7, 0xfc, 0x48, 0xfc, 0x48, 0xfc, 0xac, 0xfb, 0xac, 0xfb, 0x14, 0xfb,
  0x14, 0xfb, 0x80, 0xfa, 0x80, 0xfa, 0xf1, 0xf9, 0xf1, 0xf9, 0x67, 0xf9,
  0x67, 0xf9, 0xe2, 0xf8, 0xe2, 0xf8, 0x63, 0xf8, 0x63, 0xf8, 0xeb, 0xf7,
  0xeb, 0xf7, 0x7b, 0xf7, 0x7b, 0xf7, 0x10, 0xf7, 0x10, 0xf7, 0xae, 0xf6,
  0xae, 0xf6, 0x53, 0xf6, 0x53, 0xf6, 0x01, 0xf6, 0x01, 0xf6, 0xb7, 0xf5,
  0xb7, 0xf5, 0x76, 0xf5, 0x76, 0xf5, 0x3e, 0xf5, 0x3e, 0xf5, 0x0f, 0xf5,
  0x0f, 0xf5, 0xea, 0xf4, 0xea, 0xf4, 0xcd, 0xf4, 0xcd, 0xf4, 0xba, 0xf4,
  0xba, 0xf4, 0xb1, 0xf4, 0xb1, 0xf4, 0xb2, 0xf4, 0xb2, 0xf4, 0xbc, 0xf4,
  0xbc, 0xf4, 0xd0, 0xf4, 0xd0, 0xf4, 0xed, 0xf4, 0xed, 0xf4, 0x13, 0xf5,
  0x13, 0xf5, 0x43, 0xf5, 0x43, 0xf5, 0x7b, 0xf5, 0x7b, 0xf5, 0xbd, 0xf5,
  0xbd, 0xf5, 0x08, 0xf6, 0x08, 0xf6, 0x5b, 0xf6, 0x5b, 0xf6, 0xb6, 0xf6,
  0xb6, 0xf6, 0x19, 0xf7, 0x19, 0xf7, 0x84, 0xf7, 0x84, 0xf7, 0xf6, 0xf7,
  0xf6, 0xf7, 0x6f, 0xf8, 0x6f, 0xf8, 0xed, 0xf8, 0xed, 0xf8, 0x72, 0xf9,
  0x72, 0xf9, 0xfd, 0xf9, 0xfd, 0xf9, 0x8d, 0xfa, 0x8d, 0xfa, 0x21, 0xfb,
  0x21, 0xfb, 0xba, 0xfb, 0xba, 0xfb, 0x56, 0xfc, 0x56, 0xfc, 0xf5, 0xfc,
  0xf5, 0xfc, 0x97, 0xfd, 0x97, 0xfd, 0x3b, 0xfe, 0x3b, 0xfe, 0xe0, 0xfe,
  0xe0, 0xfe, 0x86, 0xff, 0x86, 0xff, 0x2d, 0x00, 0x2d, 0x00, 0xd4, 0x00,
  0xd4, 0x00, 0x7a, 0x01, 0x7a, 0x01, 0x1e, 0x02, 0x1e, 0x02, 0xc1, 0x02,
  0xc1, 0x02, 0x61, 0x03, 0x61, 0x03, 0xff, 0x03, 0xff, 0x03, 0x99, 0x04,
  0x99, 0x04, 0x30, 0x05, 0x30, 0x05, 0xc2, 0x05, 0xc2, 0x05, 0x4e, 0x06,
  0x4e, 0x06, 0xd7, 0x06, 0xd7, 0x06, 0x58, 0x07, 0x58, 0x07, 0xd4, 0x07,
  0xd4, 0x07, 0x49, 0x08, 0x49, 0x08, 0xb7, 0x08, 0xb7, 0x08, 0x1d, 0x09,
  0x1d, 0x09, 0x7c, 0x09, 0x7c, 0x09, 0xd3, 0x09, 0xd3, 0x09, 0x22, 0x0a,
  0x22, 0x0a, 0x68, 0x0a, 0x68, 0x0a, 0xa4, 0x0a, 0xa4, 0x0a, 0xd8, 0x0a,
  0xd8, 0x0a, 0x03, 0x0b, 0x03, 0x0b, 0x24, 0x0b, 0x24, 0x0b, 0x3c, 0x0b,
  0x3c, 0x0b, 0x4b, 0x0b, 0x4b, 0x0b, 0x50, 0x0b, 0x50, 0x0b, 0x4b, 0x0b,
  0x4b, 0x0b, 0x3c, 0x0b, 0x3c, 0x0b, 0x24, 0x0b, 0x24, 0x0b, 0x03, 0x0b,
  0x03, 0x0b, 0xd9, 0x0a, 0xd9, 0x0a, 0xa4, 0x0a, 0xa4, 0x0a, 0x68, 0x0a,
  0x68, 0x0a, 0x22, 0x0a, 0x22, 0x0a, 0xd3, 0x09, 0xd3, 0x09, 0x7d, 0x09,
  0x7d, 0x09, 0x1d, 0x09, 0x1d, 0x09, 0xb8, 0x08, 0xb8, 0x08, 0x49, 0x08,
  0x49, 0x08, 0xd4, 0x07, 0xd4, 0x07, 0x59, 0x07, 0x59, 0x07, 0xd7, 0x06,
  0xd7, 0x06, 0x4f, 0x06, 0x4f, 0x06, 0xc2, 0x05, 0xc2, 0x05, 0x30, 0x05,
  0x30, 0x05, 0x9a, 0x04, 0x9a, 0x04, 0x00, 0x04, 0x00, 0x04, 0x62, 0x03,
  0x62, 0x03, 0xc2, 0x02, 0xc2, 0x02, 0x1f, 0x02, 0x1f, 0x02, 0x7a, 0x01,
  0x7a, 0x01, 0xd4, 0x00, 0xd4, 0x00, 0x2d, 0x00, 0x2d, 0x00, 0x87, 0xff,
  0x87, 0xff, 0xe1, 0xfe, 0xe1, 0xfe, 0x3b, 0xfe, 0x3b, 0xfe, 0x97, 0xfd,
  0x97, 0xfd, 0xf5, 0xfc, 0xf5, 0xfc, 0x56, 0xfc, 0x56, 0xfc, 0xba, 0xfb,
  0xba, 0xfb, 0x21, 0xfb, 0x21, 0xfb, 0x8e, 0xfa, 0x8e, 0xfa, 0xfd, 0xf9,
  0xfd, 0xf9, 0x73, 0xf9, 0x73, 0xf9, 0xee, 0xf8, 0xee, 0xf8, 0x6f, 0xf8,
  0x6f, 0xf8, 0xf6, 0xf7, 0xf6, 0xf7, 0x85, 0xf7, 0x85, 0xf7, 0x19, 0xf7,
  0x19, 0xf7, 0xb6, 0xf6, 0xb6, 0xf6, 0x5c, 0xf6, 0x5c, 0xf6, 0x08, 0xf6,
  0x08, 0xf6, 0xbe, 0xf5, 0xbe, 0xf5, 0x7c, 0xf5, 0x7c, 0xf5, 0x43, 0xf5,
  0x43, 0xf5, 0x13, 0xf5, 0x13, 0xf5, 0xed, 0xf4, 0xed, 0xf4, 0xd0, 0xf4,
  0xd0, 0xf4, 0xbc, 0xf4, 0xbc, 0xf4, 0xb2, 0xf4, 0xb2, 0xf4, 0xb1, 0xf4,
  0xb1, 0xf4, 0xba, 0xf4, 0xba, 0xf4, 0xcd, 0xf4, 0xcd, 0xf4, 0xea, 0xf4,
  0xea, 0xf4, 0x0f, 0xf5, 0x0f, 0xf5, 0x3e, 0xf5, 0x3e, 0xf5, 0x76, 0xf5,
  0x76, 0xf5, 0xb7, 0xf5, 0xb7, 0xf5, 0x01, 0xf6, 0x01, 0xf6, 0x53, 0xf6,
  0x53, 0xf6, 0xae, 0xf6, 0xae, 0xf6, 0x10, 0xf7, 0x10, 0xf7, 0x7a, 0xf7,
  0x7a, 0xf7, 0xeb, 0xf7, 0xeb, 0xf7, 0x63, 0xf8, 0x63, 0xf8, 0xe2, 0xf8,
  0xe2, 0xf8, 0x66, 0xf9, 0x66, 0xf9, 0xf0, 0xf9, 0xf0, 0xf9, 0x7f, 0xfa,
  0x7f, 0xfa, 0x13, 0xfb, 0x13, 0xfb, 0xac, 0xfb, 0xac, 0xfb, 0x48, 0xfc,
  0x48, 0xfc, 0xe7, 0xfc, 0xe7, 0xfc, 0x89, 0xfd, 0x89, 0xfd, 0x2c, 0xfe,
  0x2c, 0xfe, 0xd1, 0xfe, 0xd1, 0xfe, 0x78, 0xff, 0x78, 0xff, 0x1e, 0x00,
  0x1e, 0x00, 0xc5, 0x00, 0xc5, 0x00, 0x6b, 0x01, 0x6b, 0x01, 0x0f, 0x02,
  0x0f, 0x02, 0xb3, 0x02, 0xb3, 0x02, 0x53, 0x03, 0x53, 0x03, 0xf1, 0x03,
  0xf1, 0x03, 0x8c, 0x04, 0x8c, 0x04, 0x22, 0x05, 0x22, 0x05, 0xb4, 0x05,
  0xb4, 0x05, 0x42, 0x06, 0x42, 0x06, 0xca, 0x06, 0xca, 0x06, 0x4d, 0x07,
  0x4d, 0x07, 0xc9, 0x07, 0xc9, 0x07, 0x3f, 0x08, 0x3f, 0x08, 0xae, 0x08,
  0xae, 0x08, 0x14, 0x09, 0x14, 0x09, 0x74, 0x09, 0x74, 0x09, 0xcb, 0x09,
  0xcb, 0x09, 0x1b, 0x0a, 0x1b, 0x0a, 0x61, 0x0a, 0x61, 0x0a, 0x9f, 0x0a,
  0x9f, 0x0a, 0xd4, 0x0a, 0xd4, 0x0a, 0x00, 0x0b, 0x00, 0x0b, 0x22, 0x0b,
  0x22, 0x0b, 0x3a, 0x0b, 0x3a, 0x0b, 0x4a, 0x0b, 0x4a, 0x0b, 0x50, 0x0b,
  0x50, 0x0b, 0x4c, 0x0b, 0x4c, 0x0b, 0x3e, 0x0b, 0x3e, 0x0b, 0x27, 0x0b,
  0x27, 0x0b, 0x07, 0x0b, 0x07, 0x0b, 0xdd, 0x0a, 0xdd, 0x0a, 0xa9, 0x0a,
  0xa9, 0x0a, 0x6d, 0x0a, 0x6d, 0x0a, 0x29, 0x0a, 0x29, 0x0a, 0xdb, 0x09,
  0xdb, 0x09, 0x85, 0x09, 0x85, 0x09, 0x27, 0x09, 0x27, 0x09, 0xc1, 0x08,
  0xc1, 0x08, 0x54, 0x08, 0x54, 0x08, 0xdf, 0x07, 0xdf, 0x07, 0x64, 0x07,
  0x64, 0x07, 0xe3, 0x06, 0xe3, 0x06, 0x5c, 0x06, 0x5c, 0x06, 0xcf, 0x05,
  0xcf, 0x05, 0x3e, 0x05, 0x3e, 0x05, 0xa7, 0x04, 0xa7, 0x04, 0x0e, 0x04,
  0x0e, 0x04, 0x71, 0x03, 0x71, 0x03, 0xd1, 0x02, 0xd1, 0x02, 0x2e, 0x02,
  0x2e, 0x02, 0x89, 0x01, 0x89, 0x01, 0xe4, 0x00, 0xe4, 0x00, 0x3d, 0x00,
  0x3d, 0x00, 0x96, 0xff, 0x96, 0xff, 0xf0, 0xfe, 0xf0, 0xfe, 0x4a, 0xfe,
  0x4a, 0xfe, 0xa6, 0xfd, 0xa6, 0xfd, 0x04, 0xfd, 0x04, 0xfd, 0x65, 0xfc,
  0x65, 0xfc, 0xc8, 0xfb, 0xc8, 0xfb, 0x30, 0xfb, 0x30, 0xfb, 0x9a, 0xfa,
  0x9a, 0xfa, 0x0a, 0xfa, 0x0a, 0xfa, 0x80, 0xf9, 0x80, 0xf9, 0xfa, 0xf8,
  0xfa, 0xf8, 0x7a, 0xf8, 0x7a, 0xf8, 0x00, 0xf8, 0x00, 0xf8, 0x8e, 0xf7,
  0x8e, 0xf7, 0x23, 0xf7, 0x23, 0xf7, 0xbf, 0xf6, 0xbf, 0xf6, 0x63, 0xf6,
  0x63, 0xf6, 0x0f, 0xf6, 0x0f, 0xf6, 0xc4, 0xf5, 0xc4, 0xf5, 0x82, 0xf5,
  0x82, 0xf5, 0x48, 0xf5, 0x48, 0xf5, 0x17, 0xf5, 0x17, 0xf5, 0xf0, 0xf4,
  0xf0, 0xf4, 0xd2, 0xf4, 0xd2, 0xf4, 0xbd, 0xf4, 0xbd, 0xf4, 0xb3, 0xf4,
  0xb3, 0xf4, 0xb1, 0xf4, 0xb1, 0xf4, 0xb9, 0xf4, 0xb9, 0xf4, 0xcb, 0xf4,
  0xcb, 0xf4, 0xe6, 0xf4, 0xe6, 0xf4, 0x0b, 0xf5, 0x0b, 0xf5, 0x3a, 0xf5,
  0x3a, 0xf5, 0x71, 0xf5, 0x71, 0xf5, 0xb0, 0xf5, 0xb0, 0xf5, 0xfa, 0xf5,
  0xfa, 0xf5, 0x4b, 0xf6, 0x4b, 0xf6, 0xa5, 0xf6, 0xa5, 0xf6, 0x07, 0xf7,
  0x07, 0xf7, 0x70, 0xf7, 0x70, 0xf7, 0xe0, 0xf7, 0xe0, 0xf7, 0x58, 0xf8,
  0x58, 0xf8, 0xd6, 0xf8, 0xd6, 0xf8, 0x5a, 0xf9, 0x5a, 0xf9, 0xe3, 0xf9,
  0xe3, 0xf9, 0x72, 0xfa, 0x72, 0xfa, 0x06, 0xfb, 0x06, 0xfb, 0x9e, 0xfb,
  0x9e, 0xfb, 0x39, 0xfc, 0x39, 0xfc, 0xd8, 0xfc, 0xd8, 0xfc, 0x79, 0xfd,
  0x79, 0xfd, 0x1d, 0xfe, 0x1d, 0xfe, 0xc2, 0xfe, 0xc2, 0xfe, 0x68, 0xff,
  0x68, 0xff, 0x0f, 0x00, 0x0f, 0x00, 0xb6, 0x00, 0xb6, 0x00, 0x5c, 0x01,
  0x5c, 0x01, 0x01, 0x02, 0x01, 0x02, 0xa3, 0x02, 0xa3, 0x02, 0x45, 0x03,
  0x45, 0x03, 0xe3, 0x03, 0xe3, 0x03, 0x7e, 0x04, 0x7e, 0x04, 0x15, 0x05,
  0x15, 0x05, 0xa7, 0x05, 0xa7, 0x05, 0x36, 0x06, 0x36, 0x06, 0xbe, 0x06,
  0xbe, 0x06, 0x41, 0x07, 0x41, 0x07, 0xbe, 0x07, 0xbe, 0x07, 0x34, 0x08,
  0x34, 0x08, 0xa3, 0x08, 0xa3, 0x08, 0x0c, 0x09, 0x0c, 0x09, 0x6c, 0x09,
  0x6c, 0x09, 0xc4, 0x09, 0xc4, 0x09, 0x14, 0x0a, 0x14, 0x0a, 0x5b, 0x0a,
  0x5b, 0x0a, 0x9a, 0x0a, 0x9a, 0x0a, 0xd0, 0x0a, 0xd0, 0x0a, 0xfc, 0x0a,
  0xfc, 0x0a, 0x1f, 0x0b, 0x1f, 0x0b, 0x39, 0x0b, 0x39, 0x0b, 0x49, 0x0b,
  0x49, 0x0b, 0x50, 0x0b, 0x50, 0x0b, 0x4d, 0x0b, 0x4d, 0x0b, 0x40, 0x0b,
  0x40, 0x0b, 0x29, 0x0b, 0x29, 0x0b, 0x0a, 0x0b, 0x0a, 0x0b, 0xe1, 0x0a,
  0xe1, 0x0a, 0xae, 0x0a, 0xae, 0x0a, 0x73, 0x0a, 0x73, 0x0a, 0x2f, 0x0a,
  0x2f, 0x0a, 0xe3, 0x09, 0xe3, 0x09, 0x8d, 0x09, 0x8d, 0x09, 0x30, 0x09,
  0x30, 0x09, 0xcb, 0x08, 0xcb, 0x08, 0x5e, 0x08, 0x5e, 0x08, 0xea, 0x07,
  0xea, 0x07, 0x70, 0x07, 0x70, 0x07, 0xef, 0x06, 0xef, 0x06, 0x68, 0x06,
  0x68, 0x06, 0xdc, 0x05, 0xdc, 0x05, 0x4b, 0x05, 0x4b, 0x05, 0xb6, 0x04,
  0xb6, 0x04, 0x1c, 0x04, 0x1c, 0x04, 0x7f, 0x03, 0x7f, 0x03, 0xdf, 0x02,
  0xdf, 0x02, 0x3d, 0x02, 0x3d, 0x02, 0x99, 0x01, 0x99, 0x01, 0xf3, 0x00,
  0xf3, 0x00, 0x4c, 0x00, 0x4c, 0x00, 0xa5, 0xff, 0xa5, 0xff, 0xff, 0xfe,
  0xff, 0xfe, 0x59, 0xfe, 0x59, 0xfe, 0xb5, 0xfd, 0xb5, 0xfd, 0x12, 0xfd,
  0x12, 0xfd, 0x73, 0xfc, 0x73, 0xfc, 0xd6, 0xfb, 0xd6, 0xfb, 0x3d, 0xfb,
  0x3d, 0xfb, 0xa8, 0xfa, 0xa8, 0xfa, 0x18, 0xfa, 0x18, 0xfa, 0x8c, 0xf9,
  0x8c, 0xf9, 0x06, 0xf9, 0x06, 0xf9, 0x85, 0xf8, 0x85, 0xf8, 0x0c, 0xf8,
  0x0c, 0xf8, 0x98, 0xf7, 0x98, 0xf7, 0x2c, 0xf7, 0x2c, 0xf7, 0xc8, 0xf6,
  0xc8, 0xf6, 0x6b, 0xf6, 0x6b, 0xf6, 0x17, 0xf6, 0x17, 0xf6, 0xcb, 0xf5,
  0xcb, 0xf5, 0x87, 0xf5, 0x87, 0xf5, 0x4d, 0xf5, 0x4d, 0xf5, 0x1b, 0xf5,
  0x1b, 0xf5, 0xf3, 0xf4, 0xf3, 0xf4, 0xd4, 0xf4, 0xd4, 0xf4, 0xbf, 0xf4,
  0xbf, 0xf4, 0xb3, 0xf4, 0xb3, 0xf4, 0xb0, 0xf4, 0xb0, 0xf4, 0xb8, 0xf4,
  0xb8, 0xf4, 0xc9, 0xf4, 0xc9, 0xf4, 0xe3, 0xf4, 0xe3, 0xf4, 0x07, 0xf5,
  0x07, 0xf5, 0x35, 0xf5, 0x35, 0xf5, 0x6b, 0xf5, 0x6b, 0xf5, 0xab, 0xf5,
  0xab, 0xf5, 0xf3, 0xf5, 0xf3, 0xf5, 0x43, 0xf6, 0x43, 0xf6, 0x9d, 0xf6,
  0x9d, 0xf6, 0xfd, 0xf6, 0xfd, 0xf6, 0x66, 0xf7, 0x66, 0xf7, 0xd6, 0xf7,
  0xd6, 0xf7, 0x4d, 0xf8, 0x4d, 0xf8, 0xca, 0xf8, 0xca, 0xf8, 0x4d, 0xf9,
  0x4d, 0xf9, 0xd7, 0xf9, 0xd7, 0xf9, 0x65, 0xfa, 0x65, 0xfa, 0xf8, 0xfa,
  0xf8, 0xfa, 0x90, 0xfb, 0x90, 0xfb, 0x2b, 0xfc, 0x2b, 0xfc, 0xca, 0xfc,
  0xca, 0xfc, 0x6a, 0xfd, 0x6a, 0xfd, 0x0d, 0xfe, 0x0d, 0xfe, 0xb3, 0xfe,
  0xb3, 0xfe, 0x59, 0xff, 0x59, 0xff, 0x00, 0x00, 0x00, 0x00, 0xa6, 0x00,
  0xa6, 0x00, 0x4c, 0x01, 0x4c, 0x01, 0xf2, 0x01, 0xf2, 0x01, 0x95, 0x02,
  0x95, 0x02, 0x36, 0x03, 0x36, 0x03, 0xd5, 0x03, 0xd5, 0x03, 0x70, 0x04,
  0x70, 0x04, 0x07, 0x05, 0x07, 0x05, 0x9b, 0x05, 0x9b, 0x05, 0x29, 0x06,
  0x29, 0x06, 0xb2, 0x06, 0xb2, 0x06, 0x36, 0x07, 0x36, 0x07, 0xb3, 0x07,
  0xb3, 0x07, 0x2a, 0x08, 0x2a, 0x08, 0x9a, 0x08, 0x9a, 0x08, 0x02, 0x09,
  0x02, 0x09, 0x63, 0x09, 0x63, 0x09, 0xbd, 0x09, 0xbd, 0x09, 0x0d, 0x0a,
  0x0d, 0x0a, 0x55, 0x0a, 0x55, 0x0a, 0x94, 0x0a, 0x94, 0x0a, 0xcb, 0x0a,
  0xcb, 0x0a, 0xf9, 0x0a, 0xf9, 0x0a, 0x1c, 0x0b, 0x1c, 0x0b, 0x37, 0x0b,
  0x37, 0x0b, 0x48, 0x0b, 0x48, 0x0b, 0x50, 0x0b, 0x50, 0x0b, 0x4d, 0x0b,
  0x4d, 0x0b, 0x41, 0x0b, 0x41, 0x0b, 0x2c, 0x0b, 0x2c, 0x0b, 0x0d, 0x0b,
  0x0d, 0x0b, 0xe5, 0x0a, 0xe5, 0x0a, 0xb3, 0x0a, 0xb3, 0x0a, 0x79, 0x0a,
  0x79, 0x0a, 0x35, 0x0a, 0x35, 0x0a, 0xea, 0x09, 0xea, 0x09, 0x95, 0x09,
  0x95, 0x09, 0x38, 0x09, 0x38, 0x09, 0xd4, 0x08, 0xd4, 0x08, 0x68, 0x08,
  0x68, 0x08, 0xf4, 0x07, 0xf4, 0x07, 0x7b, 0x07, 0x7b, 0x07, 0xfb, 0x06,
  0xfb, 0x06, 0x74, 0x06, 0x74, 0x06, 0xe9, 0x05, 0xe9, 0x05, 0x58, 0x05,
  0x58, 0x05, 0xc4, 0x04, 0xc4, 0x04, 0x2a, 0x04, 0x2a, 0x04, 0x8d, 0x03,
  0x8d, 0x03, 0xee, 0x02, 0xee, 0x02, 0x4b, 0x02, 0x4b, 0x02, 0xa8, 0x01,
  0xa8, 0x01, 0x02, 0x01, 0x02, 0x01, 0x5b, 0x00, 0x5b, 0x00, 0xb4, 0xff,
  0xb4, 0xff, 0x0e, 0xff, 0x0e, 0xff, 0x68, 0xfe, 0x68, 0xfe, 0xc4, 0xfd,
  0xc4, 0xfd, 0x21, 0xfd, 0x21, 0xfd, 0x82, 0xfc, 0x82, 0xfc, 0xe5, 0xfb,
  0xe5, 0xfb, 0x4a, 0xfb, 0x4a, 0xfb, 0xb5, 0xfa, 0xb5, 0xfa, 0x24, 0xfa,
  0x24, 0xfa, 0x98, 0xf9, 0x98, 0xf9, 0x12, 0xf9, 0x12, 0xf9, 0x91, 0xf8,
  0x91, 0xf8, 0x16, 0xf8, 0x16, 0xf8, 0xa2, 0xf7, 0xa2, 0xf7, 0x36, 0xf7,
  0x36, 0xf7, 0xd1, 0xf6, 0xd1, 0xf6, 0x74, 0xf6, 0x74, 0xf6, 0x1e, 0xf6,
  0x1e, 0xf6, 0xd1, 0xf5, 0xd1, 0xf5, 0x8d, 0xf5, 0x8d, 0xf5, 0x52, 0xf5,
  0x52, 0xf5, 0x1f, 0xf5, 0x1f, 0xf5, 0xf6, 0xf4, 0xf6, 0xf4, 0xd7, 0xf4,
  0xd7, 0xf4, 0xc0, 0xf4, 0xc0, 0xf4, 0xb3, 0xf4, 0xb3, 0xf4, 0xb0, 0xf4,
  0xb0, 0xf4, 0xb7, 0xf4, 0xb7, 0xf4, 0xc7, 0xf4, 0xc7, 0xf4, 0xe1, 0xf4,
  0xe1, 0xf4, 0x04, 0xf5, 0x04, 0xf5, 0x30, 0xf5, 0x30, 0xf5, 0x66, 0xf5,
  0x66, 0xf5, 0xa4, 0xf5, 0xa4, 0xf5, 0xec, 0xf5, 0xec, 0xf5, 0x3c, 0xf6,
  0x3c, 0xf6, 0x94, 0xf6, 0x94, 0xf6, 0xf4, 0xf6, 0xf4, 0xf6, 0x5c, 0xf7,
  0x5c, 0xf7, 0xcb, 0xf7, 0xcb, 0xf7, 0x41, 0xf8, 0x41, 0xf8, 0xbe, 0xf8,
  0xbe, 0xf8, 0x41, 0xf9, 0x41, 0xf9, 0xca, 0xf9, 0xca, 0xf9, 0x58, 0xfa,
  0x58, 0xfa, 0xeb, 0xfa, 0xeb, 0xfa, 0x82, 0xfb, 0x82, 0xfb, 0x1c, 0xfc,
  0x1c, 0xfc, 0xbb, 0xfc, 0xbb, 0xfc, 0x5c, 0xfd, 0x5c, 0xfd, 0xff, 0xfd,
  0xff, 0xfd, 0xa3, 0xfe, 0xa3, 0xfe, 0x4a, 0xff, 0x4a, 0xff, 0xf0, 0xff,
  0xf0, 0xff, 0x97, 0x00, 0x97, 0x00, 0x3d, 0x01, 0x3d, 0x01, 0xe2, 0x01,
  0xe2, 0x01, 0x86, 0x02, 0x86, 0x02, 0x27, 0x03, 0x27, 0x03, 0xc6, 0x03,
  0xc6, 0x03, 0x62, 0x04, 0x62, 0x04, 0xf9, 0x04, 0xf9, 0x04, 0x8d, 0x05,
  0x8d, 0x05, 0x1c, 0x06, 0x1c, 0x06, 0xa5, 0x06, 0xa5, 0x06, 0x2a, 0x07,
  0x2a, 0x07, 0xa7, 0x07, 0xa7, 0x07, 0x1f, 0x08, 0x1f, 0x08, 0x90, 0x08,
  0x90, 0x08, 0xf9, 0x08, 0xf9, 0x08, 0x5b, 0x09, 0x5b, 0x09, 0xb5, 0x09,
  0xb5, 0x09, 0x06, 0x0a, 0x06, 0x0a, 0x4f, 0x0a, 0x4f, 0x0a, 0x8f, 0x0a,
  0x8f, 0x0a, 0xc6, 0x0a, 0xc6, 0x0a, 0xf4, 0x0a, 0xf4, 0x0a, 0x19, 0x0b,
  0x19, 0x0b, 0x35, 0x0b, 0x35, 0x0b, 0x46, 0x0b, 0x46, 0x0b, 0x4f, 0x0b,
  0x4f, 0x0b, 0x4d, 0x0b, 0x4d, 0x0b, 0x43, 0x0b, 0x43, 0x0b, 0x2e, 0x0b,
  0x2e, 0x0b, 0x11, 0x0b, 0x11, 0x0b, 0xe9, 0x0a, 0xe9, 0x0a, 0xb8, 0x0a,
  0xb8, 0x0a, 0x7f, 0x0a, 0x7f, 0x0a, 0x3c, 0x0a, 0x3c, 0x0a, 0xf1, 0x09,
  0xf1, 0x09, 0x9d, 0x09, 0x9d, 0x09, 0x41, 0x09, 0x41, 0x09, 0xdd, 0x08,
  0xdd, 0x08, 0x72, 0x08, 0x72, 0x08, 0x00, 0x08, 0x00, 0x08, 0x86, 0x07,
  0x86, 0x07, 0x07, 0x07, 0x07, 0x07, 0x81, 0x06, 0x81, 0x06, 0xf6, 0x05,
  0xf6, 0x05, 0x66, 0x05, 0x66, 0x05, 0xd1, 0x04, 0xd1, 0x04, 0x38, 0x04,
  0x38, 0x04, 0x9c, 0x03, 0x9c, 0x03, 0xfc, 0x02, 0xfc, 0x02, 0x5a, 0x02,
  0x5a, 0x02, 0xb6, 0x01, 0xb6, 0x01, 0x11, 0x01, 0x11, 0x01, 0x6b, 0x00,
  0x6b, 0x00, 0xc3, 0xff, 0xc3, 0xff, 0x1d, 0xff, 0x1d, 0xff, 0x78, 0xfe,
  0x78, 0xfe, 0xd3, 0xfd, 0xd3, 0xfd, 0x30, 0xfd, 0x30, 0xfd, 0x90, 0xfc,
  0x90, 0xfc, 0xf3, 0xfb, 0xf3, 0xfb, 0x59, 0xfb, 0x59, 0xfb, 0xc3, 0xfa,
  0xc3, 0xfa, 0x31, 0xfa, 0x31, 0xfa, 0xa5, 0xf9, 0xa5, 0xf9, 0x1d, 0xf9,
  0x1d, 0xf9, 0x9d, 0xf8, 0x9d, 0xf8, 0x21, 0xf8, 0x21, 0xf8, 0xad, 0xf7,
  0xad, 0xf7, 0x3f, 0xf7, 0x3f, 0xf7, 0xd9, 0xf6, 0xd9, 0xf6, 0x7b, 0xf6,
  0x7b, 0xf6, 0x26, 0xf6, 0x26, 0xf6, 0xd8, 0xf5, 0xd8, 0xf5, 0x93, 0xf5,
  0x93, 0xf5, 0x57, 0xf5, 0x57, 0xf5, 0x24, 0xf5, 0x24, 0xf5, 0xf9, 0xf4,
  0xf9, 0xf4, 0xd9, 0xf4, 0xd9, 0xf4, 0xc2, 0xf4, 0xc2, 0xf4, 0xb5, 0xf4,
  0xb5, 0xf4, 0xb0, 0xf4, 0xb0, 0xf4, 0xb6, 0xf4, 0xb6, 0xf4, 0xc6, 0xf4,
  0xc6, 0xf4, 0xde, 0xf4, 0xde, 0xf4, 0x00, 0xf5, 0x00, 0xf5, 0x2c, 0xf5,
  0x2c, 0xf5, 0x61, 0xf5, 0x61, 0xf5, 0x9e, 0xf5, 0x9e, 0xf5, 0xe5, 0xf5,
  0xe5, 0xf5, 0x34, 0xf6, 0x34, 0xf6, 0x8c, 0xf6, 0x8c, 0xf6, 0xeb, 0xf6,
  0xeb, 0xf6, 0x52, 0xf7, 0x52, 0xf7, 0xc1, 0xf7, 0xc1, 0xf7, 0x37, 0xf8,
  0x37, 0xf8, 0xb2, 0xf8, 0xb2, 0xf8, 0x35, 0xf9, 0x35, 0xf9, 0xbd, 0xf9,
  0xbd, 0xf9, 0x4b, 0xfa, 0x4b, 0xfa, 0xde, 0xfa, 0xde, 0xfa, 0x73, 0xfb,
  0x73, 0xfb, 0x0e, 0xfc, 0x0e, 0xfc, 0xac, 0xfc, 0xac, 0xfc, 0x4c, 0xfd,
  0x4c, 0xfd, 0xf1, 0xfd, 0xf1, 0xfd, 0x95, 0xfe, 0x95, 0xfe, 0x3b, 0xff,
  0x3b, 0xff, 0xe2, 0xff, 0xe2, 0xff, 0x88, 0x00, 0x88, 0x00, 0x2f, 0x01,
  0x2f, 0x01, 0xd3, 0x01, 0xd3, 0x01, 0x77, 0x02, 0x77, 0x02, 0x19, 0x03,
  0x19, 0x03, 0xb8, 0x03, 0xb8, 0x03, 0x54, 0x04, 0x54, 0x04, 0xec, 0x04,
  0xec, 0x04, 0x80, 0x05, 0x80, 0x05, 0x0f, 0x06, 0x0f, 0x06, 0x99, 0x06,
  0x99, 0x06, 0x1e, 0x07, 0x1e, 0x07, 0x9d, 0x07, 0x9d, 0x07, 0x15, 0x08,
  0x15, 0x08, 0x85, 0x08, 0x85, 0x08, 0xf0, 0x08, 0xf0, 0x08, 0x52, 0x09,
  0x52, 0x09, 0xad, 0x09, 0xad, 0x09, 0xff, 0x09, 0xff, 0x09, 0x49, 0x0a,
  0x49, 0x0a, 0x8a, 0x0a, 0x8a, 0x0a, 0xc2, 0x0a, 0xc2, 0x0a, 0xf1, 0x0a,
  0xf1, 0x0a, 0x16, 0x0b, 0x16, 0x0b, 0x33, 0x0b, 0x33, 0x0b, 0x46, 0x0b,
  0x46, 0x0b, 0x4f, 0x0b, 0x4f, 0x0b, 0x4e, 0x0b, 0x4e, 0x0b, 0x44, 0x0b,
  0x44, 0x0b, 0x30, 0x0b, 0x30, 0x0b, 0x13, 0x0b, 0x13, 0x0b, 0xed, 0x0a,
  0xed, 0x0a, 0xbd, 0x0a, 0xbd, 0x0a, 0x85, 0x0a, 0x85, 0x0a, 0x43, 0x0a,
  0x43, 0x0a, 0xf8, 0x09, 0xf8, 0x09, 0xa5, 0x09, 0xa5, 0x09, 0x4a, 0x09,
  0x4a, 0x09, 0xe7, 0x08, 0xe7, 0x08, 0x7c, 0x08, 0x7c, 0x08, 0x0a, 0x08,
  0x0a, 0x08, 0x91, 0x07, 0x91, 0x07, 0x13, 0x07, 0x13, 0x07, 0x8e, 0x06,
  0x8e, 0x06, 0x03, 0x06, 0x03, 0x06, 0x73, 0x05, 0x73, 0x05, 0xdf, 0x04,
  0xdf, 0x04, 0x46, 0x04, 0x46, 0x04, 0xaa, 0x03, 0xaa, 0x03, 0x0b, 0x03,
  0x0b, 0x03, 0x69, 0x02, 0x69, 0x02, 0xc5, 0x01, 0xc5, 0x01, 0x20, 0x01,
  0x20, 0x01, 0x7a, 0x00, 0x7a, 0x00, 0xd3, 0xff, 0xd3, 0xff, 0x2c, 0xff,
  0x2c, 0xff, 0x86, 0xfe, 0x86, 0xfe, 0xe2, 0xfd, 0xe2, 0xfd, 0x3f, 0xfd,
  0x3f, 0xfd, 0x9f, 0xfc, 0x9f, 0xfc, 0x01, 0xfc, 0x01, 0xfc, 0x67, 0xfb,
  0x67, 0xfb, 0xd0, 0xfa, 0xd0, 0xfa, 0x3e, 0xfa, 0x3e, 0xfa, 0xb2, 0xf9,
  0xb2, 0xf9, 0x29, 0xf9, 0x29, 0xf9, 0xa8, 0xf8, 0xa8, 0xf8, 0x2c, 0xf8,
  0x2c, 0xf8, 0xb7, 0xf7, 0xb7, 0xf7, 0x49, 0xf7, 0x49, 0xf7, 0xe3, 0xf6,
  0xe3, 0xf6, 0x84, 0xf6, 0x84, 0xf6, 0x2d, 0xf6, 0x2d, 0xf6, 0xde, 0xf5,
  0xde, 0xf5, 0x98, 0xf5, 0x98, 0xf5, 0x5c, 0xf5, 0x5c, 0xf5, 0x28, 0xf5,
  0x28, 0xf5, 0xfd, 0xf4, 0xfd, 0xf4, 0xdc, 0xf4, 0xdc, 0xf4, 0xc4, 0xf4,
  0xc4, 0xf4, 0xb5, 0xf4, 0xb5, 0xf4, 0xb0, 0xf4, 0xb0, 0xf4, 0xb5, 0xf4,
  0xb5, 0xf4, 0xc4, 0xf4, 0xc4, 0xf4, 0xdc, 0xf4, 0xdc, 0xf4, 0xfd, 0xf4,
  0xfd, 0xf4, 0x27, 0xf5, 0x27, 0xf5, 0x5c, 0xf5, 0x5c, 0xf5, 0x98, 0xf5,
  0x98, 0xf5, 0xde, 0xf5, 0xde, 0xf5, 0x2d, 0xf6, 0x2d, 0xf6, 0x83, 0xf6,
  0x83, 0xf6, 0xe3, 0xf6, 0xe3, 0xf6, 0x48, 0xf7, 0x48, 0xf7, 0xb7, 0xf7,
  0xb7, 0xf7, 0x2c, 0xf8, 0x2c, 0xf8, 0xa7, 0xf8, 0xa7, 0xf8, 0x29, 0xf9,
  0x29, 0xf9, 0xb1, 0xf9, 0xb1, 0xf9, 0x3e, 0xfa, 0x3e, 0xfa, 0xd0, 0xfa,
  0xd0, 0xfa, 0x66, 0xfb, 0x66, 0xfb, 0x00, 0xfc, 0x00, 0xfc, 0x9e, 0xfc,
  0x9e, 0xfc, 0x3e, 0xfd, 0x3e, 0xfd, 0xe1, 0xfd, 0xe1, 0xfd, 0x86, 0xfe,
  0x86, 0xfe, 0x2c, 0xff, 0x2c, 0xff, 0xd3, 0xff, 0xd3, 0xff, 0x79, 0x00,
  0x79, 0x00, 0x1f, 0x01, 0x1f, 0x01, 0xc5, 0x01, 0xc5, 0x01, 0x69, 0x02,
  0x69, 0x02, 0x0b, 0x03, 0x0b, 0x03, 0xaa, 0x03, 0xaa, 0x03, 0x46, 0x04,
  0x46, 0x04, 0xdf, 0x04, 0xdf, 0x04, 0x72, 0x05, 0x72, 0x05, 0x03, 0x06,
  0x03, 0x06, 0x8d, 0x06, 0x8d, 0x06, 0x12, 0x07, 0x12, 0x07, 0x91, 0x07,
  0x91, 0x07, 0x0a, 0x08, 0x0a, 0x08, 0x7b, 0x08, 0x7b, 0x08, 0xe7, 0x08,
  0xe7, 0x08, 0x4a, 0x09, 0x4a, 0x09, 0xa4, 0x09, 0xa4, 0x09, 0xf8, 0x09,
  0xf8, 0x09, 0x42, 0x0a, 0x42, 0x0a, 0x84, 0x0a, 0x84, 0x0a, 0xbd, 0x0a,
  0xbd, 0x0a, 0xed, 0x0a, 0xed, 0x0a, 0x13, 0x0b, 0x13, 0x0b, 0x30, 0x0b,
  0x30, 0x0b, 0x44, 0x0b, 0x44, 0x0b, 0x4e, 0x0b, 0x4e, 0x0b, 0x4f, 0x0b,
  0x4f, 0x0b, 0x46, 0x0b, 0x46, 0x0b, 0x33, 0x0b, 0x33, 0x0b, 0x16, 0x0b,
  0x16, 0x0b, 0xf1, 0x0a, 0xf1, 0x0a, 0xc2, 0x0a, 0xc2, 0x0a, 0x8a, 0x0a,
  0x8a, 0x0a, 0x49, 0x0a, 0x49, 0x0a, 0xff, 0x09, 0xff, 0x09, 0xad, 0x09,
  0xad, 0x09, 0x52, 0x09, 0x52, 0x09, 0xf0, 0x08, 0xf0, 0x08, 0x86, 0x08,
  0x86, 0x08, 0x15, 0x08, 0x15, 0x08, 0x9d, 0x07, 0x9d, 0x07, 0x1e, 0x07,
  0x1e, 0x07, 0x9a, 0x06, 0x9a, 0x06, 0x10, 0x06, 0x10, 0x06, 0x81, 0x05,
  0x81, 0x05, 0xed, 0x04, 0xed, 0x04, 0x54, 0x04, 0x54, 0x04, 0xb8, 0x03,
  0xb8, 0x03, 0x19, 0x03, 0x19, 0x03, 0x77, 0x02, 0x77, 0x02, 0xd4, 0x01,
  0xd4, 0x01, 0x2f, 0x01, 0x2f, 0x01, 0x88, 0x00, 0x88, 0x00, 0xe2, 0xff,
  0xe2, 0xff, 0x3b, 0xff, 0x3b, 0xff, 0x95, 0xfe, 0x95, 0xfe, 0xf1, 0xfd,
  0xf1, 0xfd, 0x4d, 0xfd, 0x4d, 0xfd, 0xad, 0xfc, 0xad, 0xfc, 0x0f, 0xfc,
  0x0f, 0xfc, 0x74, 0xfb, 0x74, 0xfb, 0xde, 0xfa, 0xde, 0xfa, 0x4c, 0xfa,
  0x4c, 0xfa, 0xbe, 0xf9, 0xbe, 0xf9, 0x36, 0xf9, 0x36, 0xf9, 0xb3, 0xf8,
  0xb3, 0xf8, 0x37, 0xf8, 0x37, 0xf8, 0xc1, 0xf7, 0xc1, 0xf7, 0x52, 0xf7,
  0x52, 0xf7, 0xec, 0xf6, 0xec, 0xf6, 0x8c, 0xf6, 0x8c, 0xf6, 0x35, 0xf6,
  0x35, 0xf6, 0xe5, 0xf5, 0xe5, 0xf5, 0x9f, 0xf5, 0x9f, 0xf5, 0x61, 0xf5,
  0x61, 0xf5, 0x2c, 0xf5, 0x2c, 0xf5, 0x00, 0xf5, 0x00, 0xf5, 0xde, 0xf4,
  0xde, 0xf4, 0xc6, 0xf4, 0xc6, 0xf4, 0xb6, 0xf4, 0xb6, 0xf4, 0xb0, 0xf4,
  0xb0, 0xf4, 0xb4, 0xf4, 0xb4, 0xf4, 0xc2, 0xf4, 0xc2, 0xf4, 0xd9, 0xf4,
  0xd9, 0xf4, 0xf9, 0xf4, 0xf9, 0xf4, 0x23, 0xf5, 0x23, 0xf5, 0x57, 0xf5,
  0x57, 0xf5, 0x93, 0xf5, 0x93, 0xf5, 0xd7, 0xf5, 0xd7, 0xf5, 0x25, 0xf6,
  0x25, 0xf6, 0x7b, 0xf6, 0x7b, 0xf6, 0xd9, 0xf6, 0xd9, 0xf6, 0x3f, 0xf7,
  0x3f, 0xf7, 0xac, 0xf7, 0xac, 0xf7, 0x21, 0xf8, 0x21, 0xf8, 0x9c, 0xf8,
  0x9c, 0xf8, 0x1d, 0xf9, 0x1d, 0xf9, 0xa4, 0xf9, 0xa4, 0xf9, 0x31, 0xfa,
  0x31, 0xfa, 0xc2, 0xfa, 0xc2, 0xfa, 0x59, 0xfb, 0x59, 0xfb, 0xf2, 0xfb,
  0xf2, 0xfb, 0x8f, 0xfc, 0x8f, 0xfc, 0x2f, 0xfd, 0x2f, 0xfd, 0xd2, 0xfd,
  0xd2, 0xfd, 0x77, 0xfe, 0x77, 0xfe, 0x1c, 0xff, 0x1c, 0xff, 0xc3, 0xff,
  0xc3, 0xff, 0x6a, 0x00, 0x6a, 0x00, 0x10, 0x01, 0x10, 0x01, 0xb6, 0x01,
  0xb6, 0x01, 0x5a, 0x02, 0x5a, 0x02, 0xfc, 0x02, 0xfc, 0x02, 0x9b, 0x03,
  0x9b, 0x03, 0x38, 0x04, 0x38, 0x04, 0xd0, 0x04, 0xd0, 0x04, 0x66, 0x05,
  0x66, 0x05, 0xf6, 0x05, 0xf6, 0x05, 0x80, 0x06, 0x80, 0x06, 0x06, 0x07,
  0x06, 0x07, 0x86, 0x07, 0x86, 0x07, 0x00, 0x08, 0x00, 0x08, 0x72, 0x08,
  0x72, 0x08, 0xdd, 0x08, 0xdd, 0x08, 0x41, 0x09, 0x41, 0x09, 0x9d, 0x09,
  0x9d, 0x09, 0xf1, 0x09, 0xf1, 0x09, 0x3c, 0x0a, 0x3c, 0x0a, 0x7e, 0x0a,
  0x7e, 0x0a, 0xb8, 0x0a, 0xb8, 0x0a, 0xe9, 0x0a, 0xe9, 0x0a, 0x10, 0x0b,
  0x10, 0x0b, 0x2e, 0x0b, 0x2e, 0x0b, 0x43, 0x0b, 0x43, 0x0b, 0x4d, 0x0b,
  0x4d, 0x0b, 0x4f, 0x0b, 0x4f, 0x0b, 0x47, 0x0b, 0x47, 0x0b, 0x35, 0x0b,
  0x35, 0x0b, 0x1a, 0x0b, 0x1a, 0x0b, 0xf5, 0x0a, 0xf5, 0x0a, 0xc6, 0x0a,
  0xc6, 0x0a, 0x8f, 0x0a, 0x8f, 0x0a, 0x50, 0x0a, 0x50, 0x0a, 0x06, 0x0a,
  0x06, 0x0a, 0xb5, 0x09, 0xb5, 0x09, 0x5b, 0x09, 0x5b, 0x09, 0xf9, 0x08,
  0xf9, 0x08, 0x90, 0x08, 0x90, 0x08, 0x20, 0x08, 0x20, 0x08, 0xa8, 0x07,
  0xa8, 0x07, 0x2a, 0x07, 0x2a, 0x07, 0xa6, 0x06, 0xa6, 0x06, 0x1d, 0x06,
  0x1d, 0x06, 0x8e, 0x05, 0x8e, 0x05, 0xfa, 0x04, 0xfa, 0x04, 0x62, 0x04,
  0x62, 0x04, 0xc7, 0x03, 0xc7, 0x03, 0x28, 0x03, 0x28, 0x03, 0x87, 0x02,
  0x87, 0x02, 0xe3, 0x01, 0xe3, 0x01, 0x3e, 0x01, 0x3e, 0x01, 0x98, 0x00,
  0x98, 0x00, 0xf1, 0xff, 0xf1, 0xff, 0x4a, 0xff, 0x4a, 0xff, 0xa4, 0xfe,
  0xa4, 0xfe, 0xff, 0xfd, 0xff, 0xfd, 0x5d, 0xfd, 0x5d, 0xfd, 0xbb, 0xfc,
  0xbb, 0xfc, 0x1d, 0xfc, 0x1d, 0xfc, 0x82, 0xfb, 0x82, 0xfb, 0xeb, 0xfa,
  0xeb, 0xfa, 0x59, 0xfa, 0x59, 0xfa, 0xca, 0xf9, 0xca, 0xf9, 0x42, 0xf9,
  0x42, 0xf9, 0xbf, 0xf8, 0xbf, 0xf8, 0x42, 0xf8, 0x42, 0xf8, 0xcc, 0xf7,
  0xcc, 0xf7, 0x5d, 0xf7, 0x5d, 0xf7, 0xf4, 0xf6, 0xf4, 0xf6, 0x94, 0xf6,
  0x94, 0xf6, 0x3c, 0xf6, 0x3c, 0xf6, 0xec, 0xf5, 0xec, 0xf5, 0xa5, 0xf5,
  0xa5, 0xf5, 0x66, 0xf5, 0x66, 0xf5, 0x30, 0xf5, 0x30, 0xf5, 0x04, 0xf5,
  0x04, 0xf5, 0xe1, 0xf4, 0xe1, 0xf4, 0xc7, 0xf4, 0xc7, 0xf4, 0xb7, 0xf4,
  0xb7, 0xf4, 0xb0, 0xf4, 0xb0, 0xf4, 0xb3, 0xf4, 0xb3, 0xf4, 0xc0, 0xf4,
  0xc0, 0xf4, 0xd7, 0xf4, 0xd7, 0xf4, 0xf6, 0xf4, 0xf6, 0xf4, 0x1f, 0xf5,
  0x1f, 0xf5, 0x52, 0xf5, 0x52, 0xf5, 0x8d, 0xf5, 0x8d, 0xf5, 0xd1, 0xf5,
  0xd1, 0xf5, 0x1d, 0xf6, 0x1d, 0xf6, 0x73, 0xf6, 0x73, 0xf6, 0xd0, 0xf6,
  0xd0, 0xf6, 0x35, 0xf7, 0x35, 0xf7, 0xa2, 0xf7, 0xa2, 0xf7, 0x16, 0xf8,
  0x16, 0xf8, 0x90, 0xf8, 0x90, 0xf8, 0x11, 0xf9, 0x11, 0xf9, 0x98, 0xf9,
  0x98, 0xf9, 0x24, 0xfa, 0x24, 0xfa, 0xb5, 0xfa, 0xb5, 0xfa, 0x4a, 0xfb,
  0x4a, 0xfb, 0xe4, 0xfb, 0xe4, 0xfb, 0x81, 0xfc, 0x81, 0xfc, 0x21, 0xfd,
  0x21, 0xfd, 0xc3, 0xfd, 0xc3, 0xfd, 0x67, 0xfe, 0x67, 0xfe, 0x0d, 0xff,
  0x0d, 0xff, 0xb4, 0xff, 0xb4, 0xff, 0x5b, 0x00, 0x5b, 0x00, 0x01, 0x01,
  0x01, 0x01, 0xa7, 0x01, 0xa7, 0x01, 0x4b, 0x02, 0x4b, 0x02, 0xee, 0x02,
  0xee, 0x02, 0x8d, 0x03, 0x8d, 0x03, 0x2a, 0x04, 0x2a, 0x04, 0xc3, 0x04,
  0xc3, 0x04, 0x58, 0x05, 0x58, 0x05, 0xe8, 0x05, 0xe8, 0x05, 0x74, 0x06,
  0x74, 0x06, 0xfa, 0x06, 0xfa, 0x06, 0x7b, 0x07, 0x7b, 0x07, 0xf4, 0x07,
  0xf4, 0x07, 0x68, 0x08, 0x68, 0x08, 0xd4, 0x08, 0xd4, 0x08, 0x38, 0x09,
  0x38, 0x09, 0x95, 0x09, 0x95, 0x09, 0xe9, 0x09, 0xe9, 0x09, 0x35, 0x0a,
  0x35, 0x0a, 0x79, 0x0a, 0x79, 0x0a, 0xb3, 0x0a, 0xb3, 0x0a, 0xe5, 0x0a,
  0xe5, 0x0a, 0x0d, 0x0b, 0x0d, 0x0b, 0x2c, 0x0b, 0x2c, 0x0b, 0x41, 0x0b,
  0x41, 0x0b, 0x4d, 0x0b, 0x4d, 0x0b, 0x50, 0x0b, 0x50, 0x0b, 0x48, 0x0b,
  0x48, 0x0b, 0x37, 0x0b, 0x37, 0x0b, 0x1d, 0x0b, 0x1d, 0x0b, 0xf9, 0x0a,
  0xf9, 0x0a, 0xcb, 0x0a, 0xcb, 0x0a, 0x95, 0x0a, 0x95, 0x0a, 0x55, 0x0a,
  0x55, 0x0a, 0x0d, 0x0a, 0x0d, 0x0a, 0xbd, 0x09, 0xbd, 0x09, 0x63, 0x09,
  0x63, 0x09, 0x03, 0x09, 0x03, 0x09, 0x9a, 0x08, 0x9a, 0x08, 0x2a, 0x08,
  0x2a, 0x08, 0xb3, 0x07, 0xb3, 0x07, 0x36, 0x07, 0x36, 0x07, 0xb3, 0x06,
  0xb3, 0x06, 0x29, 0x06, 0x29, 0x06, 0x9b, 0x05, 0x9b, 0x05, 0x08, 0x05,
  0x08, 0x05, 0x70, 0x04, 0x70, 0x04, 0xd5, 0x03, 0xd5, 0x03, 0x36, 0x03,
  0x36, 0x03, 0x96, 0x02, 0x96, 0x02, 0xf3, 0x01, 0xf3, 0x01, 0x4d, 0x01,
  0x4d, 0x01, 0xa7, 0x00, 0xa7, 0x00, 0x00, 0x00, 0x00, 0x00, 0x5a, 0xff,
  0x5a, 0xff, 0xb4, 0xfe, 0xb4, 0xfe, 0x0e, 0xfe, 0x0e, 0xfe, 0x6b, 0xfd,
  0x6b, 0xfd, 0xca, 0xfc, 0xca, 0xfc, 0x2b, 0xfc, 0x2b, 0xfc, 0x90, 0xfb,
  0x90, 0xfb, 0xf9, 0xfa, 0xf9, 0xfa, 0x65, 0xfa, 0x65, 0xfa, 0xd7, 0xf9,
  0xd7, 0xf9, 0x4e, 0xf9, 0x4e, 0xf9, 0xca, 0xf8, 0xca, 0xf8, 0x4d, 0xf8,
  0x4d, 0xf8, 0xd6, 0xf7, 0xd6, 0xf7, 0x66, 0xf7, 0x66, 0xf7, 0xfe, 0xf6,
  0xfe, 0xf6, 0x9d, 0xf6, 0x9d, 0xf6, 0x43, 0xf6, 0x43, 0xf6, 0xf3, 0xf5,
  0xf3, 0xf5, 0xab, 0xf5, 0xab, 0xf5, 0x6c, 0xf5, 0x6c, 0xf5, 0x35, 0xf5,
  0x35, 0xf5, 0x07, 0xf5, 0x07, 0xf5, 0xe4, 0xf4, 0xe4, 0xf4, 0xc9, 0xf4,
  0xc9, 0xf4, 0xb8, 0xf4, 0xb8, 0xf4, 0xb0, 0xf4, 0xb0, 0xf4, 0xb3, 0xf4,
  0xb3, 0xf4, 0xbf, 0xf4, 0xbf, 0xf4, 0xd4, 0xf4, 0xd4, 0xf4, 0xf3, 0xf4,
  0xf3, 0xf4, 0x1b, 0xf5, 0x1b, 0xf5, 0x4d, 0xf5, 0x4d, 0xf5, 0x87, 0xf5,
  0x87, 0xf5, 0xcb, 0xf5, 0xcb, 0xf5, 0x16, 0xf6, 0x16, 0xf6, 0x6b, 0xf6,
  0x6b, 0xf6, 0xc8, 0xf6, 0xc8, 0xf6, 0x2c, 0xf7, 0x2c, 0xf7, 0x98, 0xf7,
  0x98, 0xf7, 0x0c, 0xf8, 0x0c, 0xf8, 0x85, 0xf8, 0x85, 0xf8, 0x05, 0xf9,
  0x05, 0xf9, 0x8c, 0xf9, 0x8c, 0xf9, 0x17, 0xfa, 0x17, 0xfa, 0xa8, 0xfa,
  0xa8, 0xfa, 0x3c, 0xfb, 0x3c, 0xfb, 0xd6, 0xfb, 0xd6, 0xfb, 0x73, 0xfc,
  0x73, 0xfc, 0x12, 0xfd, 0x12, 0xfd, 0xb5, 0xfd, 0xb5, 0xfd, 0x58, 0xfe,
  0x58, 0xfe, 0xfe, 0xfe, 0xfe, 0xfe, 0xa5, 0xff, 0xa5, 0xff, 0x4c, 0x00,
  0x4c, 0x00, 0xf2, 0x00, 0xf2, 0x00, 0x98, 0x01, 0x98, 0x01, 0x3c, 0x02,
  0x3c, 0x02, 0xdf, 0x02, 0xdf, 0x02, 0x7e, 0x03, 0x7e, 0x03, 0x1b, 0x04,
  0x1b, 0x04, 0xb6, 0x04, 0xb6, 0x04, 0x4b, 0x05, 0x4b, 0x05, 0xdc, 0x05,
  0xdc, 0x05, 0x68, 0x06, 0x68, 0x06, 0xee, 0x06, 0xee, 0x06, 0x6f, 0x07,
  0x6f, 0x07, 0xea, 0x07, 0xea, 0x07, 0x5e, 0x08, 0x5e, 0x08, 0xca, 0x08,
  0xca, 0x08, 0x2f, 0x09, 0x2f, 0x09, 0x8c, 0x09, 0x8c, 0x09, 0xe2, 0x09,
  0xe2, 0x09, 0x2f, 0x0a, 0x2f, 0x0a, 0x73, 0x0a, 0x73, 0x0a, 0xae, 0x0a,
  0xae, 0x0a, 0xe1, 0x0a, 0xe1, 0x0a, 0x0a, 0x0b, 0x0a, 0x0b, 0x29, 0x0b,
  0x29, 0x0b, 0x40, 0x0b, 0x40, 0x0b, 0x4d, 0x0b, 0x4d, 0x0b, 0x50, 0x0b,
  0x50, 0x0b, 0x49, 0x0b, 0x49, 0x0b, 0x39, 0x0b, 0x39, 0x0b, 0x1f, 0x0b,
  0x1f, 0x0b, 0xfc, 0x0a, 0xfc, 0x0a, 0xd0, 0x0a, 0xd0, 0x0a, 0x9a, 0x0a,
  0x9a, 0x0a, 0x5c, 0x0a, 0x5c, 0x0a, 0x14, 0x0a, 0x14, 0x0a, 0xc4, 0x09,
  0xc4, 0x09, 0x6c, 0x09, 0x6c, 0x09, 0x0c, 0x09, 0x0c, 0x09, 0xa4, 0x08,
  0xa4, 0x08, 0x35, 0x08, 0x35, 0x08, 0xbf, 0x07, 0xbf, 0x07, 0x42, 0x07,
  0x42, 0x07, 0xbf, 0x06, 0xbf, 0x06, 0x36, 0x06, 0x36, 0x06, 0xa8, 0x05,
  0xa8, 0x05, 0x15, 0x05, 0x15, 0x05, 0x7e, 0x04, 0x7e, 0x04, 0xe4, 0x03,
  0xe4, 0x03, 0x45, 0x03, 0x45, 0x03, 0xa4, 0x02, 0xa4, 0x02, 0x01, 0x02,
  0x01, 0x02, 0x5d, 0x01, 0x5d, 0x01, 0xb6, 0x00, 0xb6, 0x00, 0x10, 0x00,
  0x10, 0x00, 0x69, 0xff, 0x69, 0xff, 0xc3, 0xfe, 0xc3, 0xfe, 0x1e, 0xfe,
  0x1e, 0xfe, 0x7a, 0xfd, 0x7a, 0xfd, 0xd9, 0xfc, 0xd9, 0xfc, 0x3a, 0xfc,
  0x3a, 0xfc, 0x9e, 0xfb, 0x9e, 0xfb, 0x07, 0xfb, 0x07, 0xfb, 0x73, 0xfa,
  0x73, 0xfa, 0xe4, 0xf9, 0xe4, 0xf9, 0x5b, 0xf9, 0x5b, 0xf9, 0xd6, 0xf8,
  0xd6, 0xf8, 0x59, 0xf8, 0x59, 0xf8, 0xe1, 0xf7, 0xe1, 0xf7, 0x70, 0xf7,
  0x70, 0xf7, 0x07, 0xf7, 0x07, 0xf7, 0xa5, 0xf6, 0xa5, 0xf6, 0x4b, 0xf6,
  0x4b, 0xf6, 0xfa, 0xf5, 0xfa, 0xf5, 0xb1, 0xf5, 0xb1, 0xf5, 0x71, 0xf5,
  0x71, 0xf5, 0x3a, 0xf5, 0x3a, 0xf5, 0x0c, 0xf5, 0x0c, 0xf5, 0xe7, 0xf4,
  0xe7, 0xf4, 0xcb, 0xf4, 0xcb, 0xf4, 0xba, 0xf4, 0xba, 0xf4, 0xb1, 0xf4,
  0xb1, 0xf4, 0xb3, 0xf4, 0xb3, 0xf4, 0xbd, 0xf4, 0xbd, 0xf4, 0xd2, 0xf4,
  0xd2, 0xf4, 0xef, 0xf4, 0xef, 0xf4, 0x17, 0xf5, 0x17, 0xf5, 0x48, 0xf5,
  0x48, 0xf5, 0x81, 0xf5, 0x81, 0xf5, 0xc4, 0xf5, 0xc4, 0xf5, 0x0f, 0xf6,
  0x0f, 0xf6, 0x63, 0xf6, 0x63, 0xf6, 0xbf, 0xf6, 0xbf, 0xf6, 0x23, 0xf7,
  0x23, 0xf7, 0x8e, 0xf7, 0x8e, 0xf7, 0x00, 0xf8, 0x00, 0xf8, 0x7a, 0xf8,
  0x7a, 0xf8, 0xf9, 0xf8, 0xf9, 0xf8, 0x7f, 0xf9, 0x7f, 0xf9, 0x0a, 0xfa,
  0x0a, 0xfa, 0x9a, 0xfa, 0x9a, 0xfa, 0x2f, 0xfb, 0x2f, 0xfb, 0xc8, 0xfb,
  0xc8, 0xfb, 0x64, 0xfc, 0x64, 0xfc, 0x04, 0xfd, 0x04, 0xfd, 0xa6, 0xfd,
  0xa6, 0xfd, 0x4a, 0xfe, 0x4a, 0xfe, 0xef, 0xfe, 0xef, 0xfe, 0x95, 0xff,
  0x95, 0xff, 0x3d, 0x00, 0x3d, 0x00, 0xe3, 0x00, 0xe3, 0x00, 0x88, 0x01,
  0x88, 0x01, 0x2d, 0x02, 0x2d, 0x02, 0xd0, 0x02, 0xd0, 0x02, 0x70, 0x03,
  0x70, 0x03, 0x0d, 0x04, 0x0d, 0x04, 0xa7, 0x04, 0xa7, 0x04, 0x3d, 0x05,
  0x3d, 0x05, 0xcf, 0x05, 0xcf, 0x05, 0x5b, 0x06, 0x5b, 0x06, 0xe3, 0x06,
  0xe3, 0x06, 0x63, 0x07, 0x63, 0x07, 0xdf, 0x07, 0xdf, 0x07, 0x53, 0x08,
  0x53, 0x08, 0xc1, 0x08, 0xc1, 0x08, 0x27, 0x09, 0x27, 0x09, 0x85, 0x09,
  0x85, 0x09, 0xda, 0x09, 0xda, 0x09, 0x28, 0x0a, 0x28, 0x0a, 0x6d, 0x0a,
  0x6d, 0x0a, 0xa9, 0x0a, 0xa9, 0x0a, 0xdc, 0x0a, 0xdc, 0x0a, 0x07, 0x0b,
  0x07, 0x0b, 0x27, 0x0b, 0x27, 0x0b, 0x3e, 0x0b, 0x3e, 0x0b, 0x4b, 0x0b,
  0x4b, 0x0b, 0x50, 0x0b, 0x50, 0x0b, 0x4a, 0x0b, 0x4a, 0x0b, 0x3a, 0x0b,
  0x3a, 0x0b, 0x22, 0x0b, 0x22, 0x0b, 0x00, 0x0b, 0x00, 0x0b, 0xd4, 0x0a,
  0xd4, 0x0a, 0x9f, 0x0a, 0x9f, 0x0a, 0x62, 0x0a, 0x62, 0x0a, 0x1b, 0x0a,
  0x1b, 0x0a, 0xcc, 0x09, 0xcc, 0x09, 0x74, 0x09, 0x74, 0x09, 0x15, 0x09,
  0x15, 0x09, 0xae, 0x08, 0xae, 0x08, 0x3f, 0x08, 0x3f, 0x08, 0xc9, 0x07,
  0xc9, 0x07, 0x4e, 0x07, 0x4e, 0x07, 0xcb, 0x06, 0xcb, 0x06, 0x43, 0x06,
  0x43, 0x06, 0xb5, 0x05, 0xb5, 0x05, 0x22, 0x05, 0x22, 0x05, 0x8d, 0x04,
  0x8d, 0x04, 0xf2, 0x03, 0xf2, 0x03, 0x54, 0x03, 0x54, 0x03, 0xb4, 0x02,
  0xb4, 0x02, 0x0f, 0x02, 0x0f, 0x02, 0x6b, 0x01, 0x6b, 0x01, 0xc5, 0x00,
  0xc5, 0x00, 0x1e, 0x00, 0x1e, 0x00, 0x78, 0xff, 0x78, 0xff, 0xd1, 0xfe,
  0xd1, 0xfe, 0x2d, 0xfe, 0x2d, 0xfe, 0x89, 0xfd, 0x89, 0xfd, 0xe7, 0xfc,
  0xe7, 0xfc, 0x48, 0xfc, 0x48, 0xfc, 0xac, 0xfb, 0xac, 0xfb, 0x14, 0xfb,
  0x14, 0xfb, 0x80, 0xfa, 0x80, 0xfa, 0xf1, 0xf9, 0xf1, 0xf9, 0x67, 0xf9,
  0x67, 0xf9, 0xe2, 0xf8, 0xe2, 0xf8, 0x63, 0xf8, 0x63, 0xf8, 0xeb, 0xf7,
  0xeb, 0xf7, 0x7b, 0xf7, 0x7b, 0xf7, 0x10, 0xf7, 0x10, 0xf7, 0xae, 0xf6,
  0xae, 0xf6, 0x53, 0xf6, 0x53, 0xf6, 0x01, 0xf6, 0x01, 0xf6, 0xb7, 0xf5,
  0xb7, 0xf5, 0x76, 0xf5, 0x76, 0xf5, 0x3e, 0xf5, 0x3e, 0xf5, 0x0f, 0xf5,
  0x0f, 0xf5, 0xea, 0xf4, 0xea, 0xf4, 0xcd, 0xf4, 0xcd, 0xf4, 0xba, 0xf4,
  0xba, 0xf4, 0xb1, 0xf4, 0xb1, 0xf4, 0xb2, 0xf4, 0xb2, 0xf4, 0xbc, 0xf4,
  0xbc, 0xf4, 0xd0, 0xf4, 0xd0, 0xf4, 0xed, 0xf4, 0xed, 0xf4, 0x13, 0xf5,
  0x13, 0xf5, 0x43, 0xf5, 0x43, 0xf5, 0x7b, 0xf5, 0x7b, 0xf5, 0xbd, 0xf5,
  0xbd, 0xf5, 0x08, 0xf6, 0x08, 0xf6, 0x5b, 0xf6, 0x5b, 0xf6, 0xb6, 0xf6,
  0xb6, 0xf6, 0x19, 0xf7, 0x19, 0xf7, 0x84, 0xf7, 0x84, 0xf7, 0xf6, 0xf7,
  0xf6, 0xf7, 0x6f, 0xf8, 0x6f, 0xf8, 0xed, 0xf8, 0xed, 0xf8, 0x72, 0xf9,
  0x72, 0xf9, 0xfd, 0xf9, 0xfd, 0xf9, 0x8d, 0xfa, 0x8d, 0xfa, 0x21, 0xfb,
  0x21, 0xfb, 0xba, 0xfb, 0xba, 0xfb, 0x56, 0xfc, 0x56, 0xfc, 0xf5, 0xfc,
  0xf5, 0xfc, 0x97, 0xfd, 0x97, 0xfd, 0x3b, 0xfe, 0x3b, 0xfe, 0xe0, 0xfe,
  0xe0, 0xfe, 0x86, 0xff, 0x86, 0xff, 0x2d, 0x00, 0x2d, 0x00, 0xd4, 0x00,
  0xd4, 0x00, 0x7a, 0x01, 0x7a, 0x01, 0x1e, 0x02, 0x1e, 0x02, 0xc1, 0x02,
  0xc1, 0x02, 0x61, 0x03, 0x61, 0x03, 0xff, 0x03, 0xff, 0x03, 0x99, 0x04,
  0x99, 0x04, 0x30, 0x05, 0x30, 0x05, 0xc2, 0x05, 0xc2, 0x05, 0x4e, 0x06,
  0x4e, 0x06, 0xd7, 0x06, 0xd7, 0x06, 0x58, 0x07, 0x58, 0x07, 0xd4, 0x07,
  0xd4, 0x07, 0x49, 0x08, 0x49, 0x08, 0xb7, 0x08, 0xb7, 0x08, 0x1d, 0x09,
  0x1d, 0x09, 0x7c, 0x09, 0x7c, 0x09, 0xd3, 0x09, 0xd3, 0x09, 0x22, 0x0a,
  0x22, 0x0a, 0x68, 0x0a, 0x68, 0x0a, 0xa4, 0x0a, 0xa4, 0x0a, 0xd8, 0x0a,
  0xd8, 0x0a, 0x03, 0x0b, 0x03, 0x0b, 0x24, 0x0b, 0x24, 0x0b, 0x3c, 0x0b,
  0x3c, 0x0b, 0x4b, 0x0b, 0x4b, 0x0b, 0x50, 0x0b, 0x50, 0x0b, 0x4b, 0x0b,
  0x4b, 0x0b, 0x3c, 0x0b, 0x3c, 0x0b, 0x24, 0x0b, 0x24, 0x0b, 0x03, 0x0b,
  0x03, 0x0b, 0xd9, 0x0a, 0xd9, 0x0a, 0xa4, 0x0a, 0xa4, 0x0a, 0x68, 0x0a,
  0x68, 0x0a, 0x22, 0x0a, 0x22, 0x0a, 0xd3, 0x09, 0xd3, 0x09, 0x7d, 0x09,
  0x7d, 0x09, 0x1d, 0x09, 0x1d, 0x09, 0xb8, 0x08, 0xb8, 0x08, 0x49, 0x08,
  0x49, 0x08, 0xd4, 0x07, 0xd4, 0x07, 0x59, 0x07, 0x59, 0x07, 0xd7, 0x06,
  0xd7, 0x06, 0x4f, 0x06, 0x4f, 0x06, 0xc2, 0x05, 0xc2, 0x05, 0x30, 0x05,
  0x30, 0x05, 0x9a, 0x04, 0x9a, 0x04, 0x00, 0x04, 0x00, 0x04, 0x62, 0x03,
  0x62, 0x03, 0xc2, 0x02, 0xc2, 0x02, 0x1f, 0x02, 0x1f, 0x02, 0x7a, 0x01,
  0x7a, 0x01, 0xd4, 0x00, 0xd4, 0x00, 0x2d, 0x00, 0x2d, 0x00, 0x87, 0xff,
  0x87, 0xff, 0xe1, 0xfe, 0xe1, 0xfe, 0x3b, 0xfe, 0x3b, 0xfe, 0x97, 0xfd,
  0x97, 0xfd, 0xf5, 0xfc, 0xf5, 0xfc, 0x56, 0xfc, 0x56, 0xfc, 0xba, 0xfb,
  0xba, 0xfb, 0x21, 0xfb, 0x21, 0xfb, 0x8e, 0xfa, 0x8e, 0xfa, 0xfd, 0xf9,
  0xfd, 0xf9, 0x73, 0xf9, 0x73, 0xf9, 0xee, 0xf8, 0xee, 0xf8, 0x6f, 0xf8,
  0x6f, 0xf8, 0xf6, 0xf7, 0xf6, 0xf7, 0x85, 0xf7, 0x85, 0xf7, 0x19, 0xf7,
  0x19, 0xf7, 0xb6, 0xf6, 0xb6, 0xf6, 0x5c, 0xf6, 0x5c, 0xf6, 0x08, 0xf6,
  0x08, 0xf6, 0xbe, 0xf5, 0xbe, 0xf5, 0x7c, 0xf5, 0x7c, 0xf5, 0x43, 0xf5,
  0x43, 0xf5, 0x13, 0xf5, 0x13, 0xf5, 0xed, 0xf4, 0xed, 0xf4, 0xd0, 0xf4,
  0xd0, 0xf4, 0xbc, 0xf4, 0xbc, 0xf4, 0xb2, 0xf4, 0xb2, 0xf4, 0xb1, 0xf4,
  0xb1, 0xf4, 0xba, 0xf4, 0xba, 0xf4, 0xcd, 0xf4, 0xcd, 0xf4, 0xea, 0xf4,
  0xea, 0xf4, 0x0f, 0xf5, 0x0f, 0xf5, 0x3e, 0xf5, 0x3e, 0xf5, 0x76, 0xf5,
  0x76, 0xf5, 0xb7, 0xf5, 0xb7, 0xf5, 0x01, 0xf6, 0x01, 0xf6, 0x53, 0xf6,
  0x53, 0xf6, 0xae, 0xf6, 0xae, 0xf6, 0x10, 0xf7, 0x10, 0xf7, 0x7a, 0xf7,
  0x7a, 0xf7, 0xeb, 0xf7, 0xeb, 0xf7, 0x63, 0xf8, 0x63, 0xf8, 0xe2, 0xf8,
  0xe2, 0xf8, 0x66, 0xf9, 0x66, 0xf9, 0xf0, 0xf9, 0xf0, 0xf9, 0x7f, 0xfa,
  0x7f, 0xfa, 0x13, 0xfb, 0x13, 0xfb, 0xac, 0xfb, 0xac, 0xfb, 0x48, 0xfc,
  0x48, 0xfc, 0xe7, 0xfc, 0xe7, 0xfc, 0x89, 0xfd, 0x89, 0xfd, 0x2c, 0xfe,
  0x2c, 0xfe, 0xd1, 0xfe, 0xd1, 0xfe, 0x78, 0xff, 0x78, 0xff, 0x1e, 0x00,
  0x1e, 0x00, 0xc5, 0x00, 0xc5, 0x00, 0x6b, 0x01, 0x6b, 0x01, 0x0f, 0x02,
  0x0f, 0x02, 0xb3, 0x02, 0xb3, 0x02, 0x53, 0x03, 0x53, 0x03, 0xf1, 0x03,
  0xf1, 0x03, 0x8c, 0x04, 0x8c, 0x04, 0x22, 0x05, 0x22, 0x05, 0xb4, 0x05,
  0xb4, 0x05, 0x42, 0x06, 0x42, 0x06, 0xca, 0x06, 0xca, 0x06, 0x4d, 0x07,
  0x4d, 0x07, 0xc9, 0x07, 0xc9, 0x07, 0x3f, 0x08, 0x3f, 0x08, 0xae, 0x08,
  0xae, 0x08, 0x14, 0x09, 0x14, 0x09, 0x74, 0x09, 0x74, 0x09, 0xcb, 0x09,
  0xcb, 0x09, 0x1b, 0x0a, 0x1b, 0x0a, 0x61, 0x0a, 0x61, 0x0a, 0x9f, 0x0a,
  0x9f, 0x0a, 0xd4, 0x0a, 0xd4, 0x0a, 0x00, 0x0b, 0x00, 0x0b, 0x22, 0x0b,
  0x22, 0x0b, 0x3a, 0x0b, 0x3a, 0x0b, 0x4a, 0x0b, 0x4a, 0x0b, 0x50, 0x0b,
  0x50, 0x0b, 0x4c, 0x0b, 0x4c, 0x0b, 0x3e, 0x0b, 0x3e, 0x0b, 0x27, 0x0b,
  0x27, 0x0b, 0x07, 0x0b, 0x07, 0x0b, 0xdd, 0x0a, 0xdd, 0x0a, 0xa9, 0x0a,
  0xa9, 0x0a, 0x6d, 0x0a, 0x6d, 0x0a, 0x29, 0x0a, 0x29, 0x0a, 0xdb, 0x09,
  0xdb, 0x09, 0x85, 0x09, 0x85, 0x09, 0x27, 0x09, 0x27, 0x09, 0xc1, 0x08,
  0xc1, 0x08, 0x54, 0x08, 0x54, 0x08, 0xdf, 0x07, 0xdf, 0x07, 0x64, 0x07,
  0x64, 0x07, 0xe3, 0x06, 0xe3, 0x06, 0x5c, 0x06, 0x5c, 0x06, 0xcf, 0x05,
  0xcf, 0x05, 0x3e, 0x05, 0x3e, 0x05, 0xa7, 0x04, 0xa7, 0x04, 0x0e, 0x04,
  0x0e, 0x04, 0x71, 0x03, 0x71, 0x03, 0xd1, 0x02, 0xd1, 0x02, 0x2e, 0x02,
  0x2e, 0x02, 0x89, 0x01, 0x89, 0x01, 0xe4, 0x00, 0xe4, 0x00, 0x3d, 0x00,
  0x3d, 0x00, 0x96, 0xff, 0x96, 0xff, 0xf0, 0xfe, 0xf0, 0xfe, 0x4a, 0xfe,
  0x4a, 0xfe, 0xa6, 0xfd, 0xa6, 0xfd, 0x04, 0xfd, 0x04, 0xfd, 0x65, 0xfc,
  0x65, 0xfc, 0xc8, 0xfb, 0xc8, 0xfb, 0x30, 0xfb, 0x30, 0xfb, 0x9a, 0xfa,
  0x9a, 0xfa, 0x0a, 0xfa, 0x0a, 0xfa, 0x80, 0xf9, 0x80, 0xf9, 0xfa, 0xf8,
  0xfa, 0xf8, 0x7a, 0xf8, 0x7a, 0xf8, 0x00, 0xf8, 0x00, 0xf8, 0x8e, 0xf7,
  0x8e, 0xf7, 0x23, 0xf7, 0x23, 0xf7, 0xbf, 0xf6, 0xbf, 0xf6, 0x63, 0xf6,
  0x63, 0xf6, 0x0f, 0xf6, 0x0f, 0xf6, 0xc4, 0xf5, 0xc4, 0xf5, 0x82, 0xf5,
  0x82, 0xf5, 0x48, 0xf5, 0x48, 0xf5, 0x17, 0xf5, 0x17, 0xf5, 0xf0, 0xf4,
  0xf0, 0xf4, 0xd2, 0xf4, 0xd2, 0xf4, 0xbd, 0xf4, 0xbd, 0xf4, 0xb3, 0xf4,
  0xb3, 0xf4, 0xb1, 0xf4, 0xb1, 0xf4, 0xb9, 0xf4, 0xb9, 0xf4, 0xcb, 0xf4,
  0xcb, 0xf4, 0xe6, 0xf4, 0xe6, 0xf4, 0x0b, 0xf5, 0x0b, 0xf5, 0x3a, 0xf5,
  0x3a, 0xf5, 0x71, 0xf5, 0x71, 0xf5, 0xb0, 0xf5, 0xb0, 0xf5, 0xfa, 0xf5,
  0xfa, 0xf5, 0x4b, 0xf6, 0x4b, 0xf6, 0xa5, 0xf6, 0xa5, 0xf6, 0x07, 0xf7,
  0x07, 0xf7, 0x70, 0xf7, 0x70, 0xf7, 0xe0, 0xf7, 0xe0, 0xf7, 0x58, 0xf8,
  0x58, 0xf8, 0xd6, 0xf8, 0xd6, 0xf8, 0x5a, 0xf9, 0x5a, 0xf9, 0xe3, 0xf9,
  0xe3, 0xf9, 0x72, 0xfa, 0x72, 0xfa, 0x06, 0xfb, 0x06, 0xfb, 0x9e, 0xfb,
  0x9e, 0xfb, 0x39, 0xfc, 0x39, 0xfc, 0xd8, 0xfc, 0xd8, 0xfc, 0x79, 0xfd,
  0x79, 0xfd, 0x1d, 0xfe, 0x1d, 0xfe, 0xc2, 0xfe, 0xc2, 0xfe, 0x68, 0xff,
  0x68, 0xff, 0x0f, 0x00, 0x0f, 0x00, 0xb6, 0x00, 0xb6, 0x00, 0x5c, 0x01,
  0x5c, 0x01, 0x01, 0x02, 0x01, 0x02, 0xa3, 0x02, 0xa3, 0x02, 0x45, 0x03,
  0x45, 0x03, 0xe3, 0x03, 0xe3, 0x03, 0x7e, 0x04, 0x7e, 0x04, 0x15, 0x05,
  0x15, 0x05, 0xa7, 0x05, 0xa7, 0x05, 0x36, 0x06, 0x36, 0x06, 0xbe, 0x06,
  0xbe, 0x06, 0x41, 0x07, 0x41, 0x07, 0xbe, 0x07, 0xbe, 0x07, 0x34, 0x08,
  0x34, 0x08, 0xa3, 0x08, 0xa3, 0x08, 0x0c, 0x09, 0x0c, 0x09, 0x6c, 0x09,
  0x6c, 0x09, 0xc4, 0x09, 0xc4, 0x09, 0x14, 0x0a, 0x14, 0x0a, 0x5b, 0x0a,
  0x5b, 0x0a, 0x9a, 0x0a, 0x9a, 0x0a, 0xd0, 0x0a, 0xd0, 0x0a, 0xfc, 0x0a,
  0xfc, 0x0a, 0x1f, 0x0b, 0x1f, 0x0b, 0x39, 0x0b, 0x39, 0x0b, 0x49, 0x0b,
  0x49, 0x0b, 0x50, 0x0b, 0x50, 0x0b, 0x4d, 0x0b, 0x4d, 0x0b, 0x40, 0x0b,
  0x40, 0x0b, 0x29, 0x0b, 0x29, 0x0b, 0x0a, 0x0b, 0x0a, 0x0b, 0xe1, 0x0a,
  0xe1, 0x0a, 0xae, 0x0a, 0xae, 0x0a, 0x73, 0x0a, 0x73, 0x0a, 0x2f, 0x0a,
  0x2f, 0x0a, 0xe3, 0x09, 0xe3, 0x09, 0x8d, 0x09, 0x8d, 0x09, 0x30, 0x09,
  0x30, 0x09, 0xcb, 0x08, 0xcb, 0x08, 0x5e, 0x08, 0x5e, 0x08, 0xea, 0x07,
  0xea, 0x07, 0x70, 0x07, 0x70, 0x07, 0xef, 0x06, 0xef, 0x06, 0x68, 0x06,
  0x68, 0x06, 0xdc, 0x05, 0xdc, 0x05, 0x4b, 0x05, 0x4b, 0x05, 0xb6, 0x04,
  0xb6, 0x04, 0x1c, 0x04, 0x1c, 0x04, 0x7f, 0x03, 0x7f, 0x03, 0xdf, 0x02,
  0xdf, 0x02, 0x3d, 0x02, 0x3d, 0x02, 0x99, 0x01, 0x99, 0x01, 0xf3, 0x00,
  0xf3, 0x00, 0x4c, 0x00, 0x4c, 0x00, 0xa5, 0xff, 0xa5, 0xff, 0xff, 0xfe,
  0xff, 0xfe, 0x59, 0xfe, 0x59, 0xfe, 0xb5, 0xfd, 0xb5, 0xfd, 0x12, 0xfd,
  0x12, 0xfd, 0x73, 0xfc, 0x73, 0xfc, 0xd6, 0xfb, 0xd6, 0xfb, 0x3d, 0xfb,
  0x3d, 0xfb, 0xa8, 0xfa, 0xa8, 0xfa, 0x18, 0xfa, 0x18, 0xfa, 0x8c, 0xf9,
  0x8c, 0xf9, 0x06, 0xf9, 0x06, 0xf9, 0x85, 0xf8, 0x85, 0xf8, 0x0c, 0xf8,
  0x0c, 0xf8, 0x98, 0xf7, 0x98, 0xf7, 0x2c, 0xf7, 0x2c, 0xf7, 0xc8, 0xf6,
  0xc8, 0xf6, 0x6b, 0xf6, 0x6b, 0xf6, 0x17, 0xf6, 0x17, 0xf6, 0xcb, 0xf5,
  0xcb, 0xf5, 0x87, 0xf5, 0x87, 0xf5, 0x4d, 0xf5, 0x4d, 0xf5, 0x1b, 0xf5,
  0x1b, 0xf5, 0xf3, 0xf4, 0xf3, 0xf4, 0xd4, 0xf4, 0xd4, 0xf4, 0xbf, 0xf4,
  0xbf, 0xf4, 0xb3, 0xf4, 0xb3, 0xf4, 0xb0, 0xf4, 0xb0, 0xf4, 0xb8, 0xf4,
  0xb8, 0xf4, 0xc9, 0xf4, 0xc9, 0xf4, 0xe3, 0xf4, 0xe3, 0xf4, 0x07, 0xf5,
  0x07, 0xf5, 0x35, 0xf5, 0x35, 0xf5, 0x6b, 0xf5, 0x6b, 0xf5, 0xab, 0xf5,
  0xab, 0xf5, 0xf3, 0xf5, 0xf3, 0xf5, 0x43, 0xf6, 0x43, 0xf6, 0x9d, 0xf6,
  0x9d, 0xf6, 0xfd, 0xf6, 0xfd, 0xf6, 0x66, 0xf7, 0x66, 0xf7, 0xd6, 0xf7,
  0xd6, 0xf7, 0x4d, 0xf8, 0x4d, 0xf8, 0xca, 0xf8, 0xca, 0xf8, 0x4d, 0xf9,
  0x4d, 0xf9, 0xd7, 0xf9, 0xd7, 0xf9, 0x65, 0xfa, 0x65, 0xfa, 0xf8, 0xfa,
  0xf8, 0xfa, 0x90, 0xfb, 0x90, 0xfb, 0x2b, 0xfc, 0x2b, 0xfc, 0xca, 0xfc,
  0xca, 0xfc, 0x6a, 0xfd, 0x6a, 0xfd, 0x0d, 0xfe, 0x0d, 0xfe, 0xb3, 0xfe,
  0xb3, 0xfe, 0x59, 0xff, 0x59, 0xff, 0x00, 0x00, 0x00, 0x00, 0xa6, 0x00,
  0xa6, 0x00, 0x4c, 0x01, 0x4c, 0x01, 0xf2, 0x01, 0xf2, 0x01, 0x95, 0x02,
  0x95, 0x02, 0x36, 0x03, 0x36, 0x03, 0xd5, 0x03, 0xd5, 0x03, 0x70, 0x04,
  0x70, 0x04, 0x07, 0x05, 0x07, 0x05, 0x9b, 0x05, 0x9b, 0x05, 0x29, 0x06,
  0x29, 0x06, 0xb2, 0x06, 0xb2, 0x06, 0x36, 0x07, 0x36, 0x07, 0xb3, 0x07,
  0xb3, 0x07, 0x2a, 0x08, 0x2a, 0x08, 0x9a, 0x08, 0x9a, 0x08, 0x02, 0x09,
  0x02, 0x09, 0x63, 0x09, 0x63, 0x09, 0xbd, 0x09, 0xbd, 0x09, 0x0d, 0x0a,
  0x0d, 0x0a, 0x55, 0x0a, 0x55, 0x0a, 0x94, 0x0a, 0x94, 0x0a, 0xcb, 0x0a,
  0xcb, 0x0a, 0xf9, 0x0a, 0xf9, 0x0a, 0x1c, 0x0b, 0x1c, 0x0b, 0x37, 0x0b,
  0x37, 0x0b, 0x48, 0x0b, 0x48, 0x0b, 0x50, 0x0b, 0x50, 0x0b, 0x4d, 0x0b,
  0x4d, 0x0b, 0x41, 0x0b, 0x41, 0x0b, 0x2c, 0x0b, 0x2c, 0x0b, 0x0d, 0x0b,
  0x0d, 0x0b, 0xe5, 0x0a, 0xe5, 0x0a, 0xb3, 0x0a, 0xb3, 0x0a, 0x79, 0x0a,
  0x79, 0x0a, 0x35, 0x0a, 0x35, 0x0a, 0xea, 0x09, 0xea, 0x09, 0x95, 0x09,
  0x95, 0x09, 0x38, 0x09, 0x38, 0x09, 0xd4, 0x08, 0xd4, 0x08, 0x68, 0x08,
  0x68, 0x08, 0xf4, 0x07, 0xf4, 0x07, 0x7b, 0x07, 0x7b, 0x07, 0xfb, 0x06,
  0xfb, 0x06, 0x74, 0x06, 0x74, 0x06, 0xe9, 0x05, 0xe9, 0x05, 0x58, 0x05,
  0x58, 0x05, 0xc4, 0x04, 0xc4, 0x04, 0x2a, 0x04, 0x2a, 0x04, 0x8d, 0x03,
  0x8d, 0x03, 0xee, 0x02, 0xee, 0x02, 0x4b, 0x02, 0x4b, 0x02, 0xa8, 0x01,
  0xa8, 0x01, 0x02, 0x01, 0x02, 0x01, 0x5b, 0x00, 0x5b, 0x00, 0xb4, 0xff,
  0xb4, 0xff, 0x0e, 0xff, 0x0e, 0xff, 0x68, 0xfe, 0x68, 0xfe, 0xc4, 0xfd,
  0xc4, 0xfd, 0x21, 0xfd, 0x21, 0xfd, 0x82, 0xfc, 0x82, 0xfc, 0xe5, 0xfb,
  0xe5, 0xfb, 0x4a, 0xfb, 0x4a, 0xfb, 0xb5, 0xfa, 0xb5, 0xfa, 0x24, 0xfa,
  0x24, 0xfa, 0x98, 0xf9, 0x98, 0xf9, 0x12, 0xf9, 0x12, 0xf9, 0x91, 0xf8,
  0x91, 0xf8, 0x16, 0xf8, 0x16, 0xf8, 0xa2, 0xf7, 0xa2, 0xf7, 0x36, 0xf7,
  0x36, 0xf7, 0xd1, 0xf6, 0xd1, 0xf6, 0x74, 0xf6, 0x74, 0xf6, 0x1e, 0xf6,
  0x1e, 0xf6, 0xd1, 0xf5, 0xd1, 0xf5, 0x8d, 0xf5, 0x8d, 0xf5, 0x52, 0xf5,
  0x52, 0xf5, 0x1f, 0xf5, 0x1f, 0xf5, 0xf6, 0xf4, 0xf6, 0xf4, 0xd7, 0xf4,
  0xd7, 0xf4, 0xc0, 0xf4, 0xc0, 0xf4, 0xb3, 0xf4, 0xb3, 0xf4, 0xb0, 0xf4,
  0xb0, 0xf4, 0xb7, 0xf4, 0xb7, 0xf4, 0xc7, 0xf4, 0xc7, 0xf4, 0xe1, 0xf4,
  0xe1, 0xf4, 0x04, 0xf5, 0x04, 0xf5, 0x30, 0xf5, 0x30, 0xf5, 0x66, 0xf5,
  0x66, 0xf5, 0xa4, 0xf5, 0xa4, 0xf5, 0xec, 0xf5, 0xec, 0xf5, 0x3c, 0xf6,
  0x3c, 0xf6, 0x94, 0xf6, 0x94, 0xf6, 0xf4, 0xf6, 0xf4, 0xf6, 0x5c, 0xf7,
  0x5c, 0xf7, 0xcb, 0xf7, 0xcb, 0xf7, 0x41, 0xf8, 0x41, 0xf8, 0xbe, 0xf8,
  0xbe, 0xf8, 0x41, 0xf9, 0x41, 0xf9, 0xca, 0xf9, 0xca, 0xf9, 0x58, 0xfa,
  0x58, 0xfa, 0xeb, 0xfa, 0xeb, 0xfa, 0x82, 0xfb, 0x82, 0xfb, 0x1c, 0xfc,
  0x1c, 0xfc, 0xbb, 0xfc, 0xbb, 0xfc, 0x5c, 0xfd, 0x5c, 0xfd, 0xff, 0xfd,
  0xff, 0xfd, 0xa3, 0xfe, 0xa3, 0xfe, 0x4a, 0xff, 0x4a, 0xff, 0xf0, 0xff,
  0xf0, 0xff, 0x97, 0x00, 0x97, 0x00, 0x3d, 0x01, 0x3d, 0x01, 0xe2, 0x01,
  0xe2, 0x01, 0x86, 0x02, 0x86, 0x02, 0x27, 0x03, 0x27, 0x03, 0xc6, 0x03,
  0xc6, 0x03, 0x62, 0x04, 0x62, 0x04, 0xf9, 0x04, 0xf9, 0x04, 0x8d, 0x05,
  0x8d, 0x05, 0x1c, 0x06, 0x1c, 0x06, 0xa5, 0x06, 0xa5, 0x06, 0x2a, 0x07,
  0x2a, 0x07, 0xa7, 0x07, 0xa7, 0x07, 0x1f, 0x08, 0x1f, 0x08, 0x90, 0x08,
  0x90, 0x08, 0xf9, 0x08, 0xf9, 0x08, 0x5b, 0x09, 0x5b, 0x09, 0xb5, 0x09,
  0xb5, 0x09, 0x06, 0x0a, 0x06, 0x0a, 0x4f, 0x0a, 0x4f, 0x0a, 0x8f, 0x0a,
  0x8f, 0x0a, 0xc6, 0x0a, 0xc6, 0x0a, 0xf4, 0x0a, 0xf4, 0x0a, 0x19, 0x0b,
  0x19, 0x0b, 0x35, 0x0b, 0x35, 0x0b, 0x46, 0x0b, 0x46, 0x0b, 0x4f, 0x0b,
  0x4f, 0x0b, 0x4d, 0x0b, 0x4d, 0x0b, 0x43, 0x0b, 0x43, 0x0b, 0x2e, 0x0b,
  0x2e, 0x0b, 0x11, 0x0b, 0x11, 0x0b, 0xe9, 0x0a, 0xe9, 0x0a, 0xb8, 0x0a,
  0xb8, 0x0a, 0x7f, 0x0a, 0x7f, 0x0a, 0x3c, 0x0a, 0x3c, 0x0a, 0xf1, 0x09,
  0xf1, 0x09, 0x9d, 0x09, 0x9d, 0x09, 0x41, 0x09, 0x41, 0x09, 0xdd, 0x08,
  0xdd, 0x08, 0x72, 0x08, 0x72, 0x08, 0x00, 0x08, 0x00, 0x08, 0x86, 0x07,
  0x86, 0x07, 0x07, 0x07, 0x07, 0x07, 0x81, 0x06, 0x81, 0x06, 0xf6, 0x05,
  0xf6, 0x05, 0x66, 0x05, 0x66, 0x05, 0xd1, 0x04, 0xd1, 0x04, 0x38, 0x04,
  0x38, 0x04, 0x9c, 0x03, 0x9c, 0x03, 0xfc, 0x02, 0xfc, 0x02, 0x5a, 0x02,
  0x5a, 0x02, 0xb6, 0x01, 0xb6, 0x01, 0x11, 0x01, 0x11, 0x01, 0x6b, 0x00,
  0x6b, 0x00, 0xc3, 0xff, 0xc3, 0xff, 0x1d, 0xff, 0x1d, 0xff, 0x78, 0xfe,
  0x78, 0xfe, 0xd3, 0xfd, 0xd3, 0xfd, 0x30, 0xfd, 0x30, 0xfd, 0x90, 0xfc,
  0x90, 0xfc, 0xf3, 0xfb, 0xf3, 0xfb, 0x59, 0xfb, 0x59, 0xfb, 0xc3, 0xfa,
  0xc3, 0xfa, 0x31, 0xfa, 0x31, 0xfa, 0xa5, 0xf9, 0xa5, 0xf9, 0x1d, 0xf9,
  0x1d, 0xf9, 0x9d, 0xf8, 0x9d, 0xf8, 0x21, 0xf8, 0x21, 0xf8, 0xad, 0xf7,
  0xad, 0xf7, 0x3f, 0xf7, 0x3f, 0xf7, 0xd9, 0xf6, 0xd9, 0xf6, 0x7b, 0xf6,
  0x7b, 0xf6, 0x26, 0xf6, 0x26, 0xf6, 0xd8, 0xf5, 0xd8, 0xf5, 0x93, 0xf5,
  0x93, 0xf5, 0x57, 0xf5, 0x57, 0xf5, 0x24, 0xf5, 0x24, 0xf5, 0xf9, 0xf4,
  0xf9, 0xf4, 0xd9, 0xf4, 0xd9, 0xf4, 0xc2, 0xf4, 0xc2, 0xf4, 0xb5, 0xf4,
  0xb5, 0xf4, 0xb0, 0xf4, 0xb0, 0xf4, 0xb6, 0xf4, 0xb6, 0xf4, 0xc6, 0xf4,
  0xc6, 0xf4, 0xde, 0xf4, 0xde, 0xf4, 0x00, 0xf5, 0x00, 0xf5, 0x2c, 0xf5,
  0x2c, 0xf5, 0x61, 0xf5, 0x61, 0xf5, 0x9e, 0xf5, 0x9e, 0xf5, 0xe5, 0xf5,
  0xe5, 0xf5, 0x34, 0xf6, 0x34, 0xf6, 0x8c, 0xf6, 0x8c, 0xf6, 0xeb, 0xf6,
  0xeb, 0xf6, 0x52, 0xf7, 0x52, 0xf7, 0xc1, 0xf7, 0xc1, 0xf7, 0x37, 0xf8,
  0x37, 0xf8, 0xb2, 0xf8, 0xb2, 0xf8, 0x35, 0xf9, 0x35, 0xf9, 0xbd, 0xf9,
  0xbd, 0xf9, 0x4b, 0xfa, 0x4b, 0xfa, 0xde, 0xfa, 0xde, 0xfa, 0x73, 0xfb,
  0x73, 0xfb, 0x0e, 0xfc, 0x0e, 0xfc, 0xac, 0xfc, 0xac, 0xfc, 0x4c, 0xfd,
  0x4c, 0xfd, 0xf1, 0xfd, 0xf1, 0xfd, 0x95, 0xfe, 0x95, 0xfe, 0x3b, 0xff,
  0x3b, 0xff, 0xe2, 0xff, 0xe2, 0xff, 0x88, 0x00, 0x88, 0x00, 0x2f, 0x01,
  0x2f, 0x01, 0xd3, 0x01, 0xd3, 0x01, 0x77, 0x02, 0x77, 0x02, 0x19, 0x03,
  0x19, 0x03, 0xb8, 0x03, 0xb8, 0x03, 0x54, 0x04, 0x54, 0x04, 0xec, 0x04,
  0xec, 0x04, 0x80, 0x05, 0x80, 0x05, 0x0f, 0x06, 0x0f, 0x06, 0x99, 0x06,
  0x99, 0x06, 0x1e, 0x07, 0x1e, 0x07, 0x9d, 0x07, 0x9d, 0x07, 0x15, 0x08,
  0x15, 0x08, 0x85, 0x08, 0x85, 0x08, 0xf0, 0x08, 0xf0, 0x08, 0x52, 0x09,
  0x52, 0x09, 0xad, 0x09, 0xad, 0x09, 0xff, 0x09, 0xff, 0x09, 0x49, 0x0a,
  0x49, 0x0a, 0x8a, 0x0a, 0x8a, 0x0a, 0xc2, 0x0a, 0xc2, 0x0a, 0xf1, 0x0a,
  0xf1, 0x0a, 0x16, 0x0b, 0x16, 0x0b, 0x33, 0x0b, 0x33, 0x0b, 0x46, 0x0b,
  0x46, 0x0b, 0x4f, 0x0b, 0x4f, 0x0b, 0x4e, 0x0b, 0x4e, 0x0b, 0x44, 0x0b,
  0x44, 0x0b, 0x30, 0x0b, 0x30, 0x0b, 0x13, 0x0b, 0x13, 0x0b, 0xed, 0x0a,
  0xed, 0x0a, 0xbd, 0x0a, 0xbd, 0x0a, 0x85, 0x0a, 0x85, 0x0a, 0x43, 0x0a,
  0x43, 0x0a, 0xf8, 0x09, 0xf8, 0x09, 0xa5, 0x09, 0xa5, 0x09, 0x4a, 0x09,
  0x4a, 0x09, 0xe7, 0x08, 0xe7, 0x08, 0x7c, 0x08, 0x7c, 0x08, 0x0a, 0x08,
  0x0a, 0x08, 0x91, 0x07, 0x91, 0x07, 0x13, 0x07, 0x13, 0x07, 0x8e, 0x06,
  0x8e, 0x06, 0x03, 0x06, 0x03, 0x06, 0x73, 0x05, 0x73, 0x05, 0xdf, 0x04,
  0xdf, 0x04, 0x46, 0x04, 0x46, 0x04, 0xaa, 0x03, 0xaa, 0x03, 0x0b, 0x03,
  0x0b, 0x03, 0x69, 0x02, 0x69, 0x02, 0xc5, 0x01, 0xc5, 0x01, 0x20, 0x01,
  0x20, 0x01, 0x7a, 0x00, 0x7a, 0x00, 0xd3, 0xff, 0xd3, 0xff, 0x2c, 0xff,
  0x2c, 0xff, 0x86, 0xfe, 0x86, 0xfe, 0xe2, 0xfd, 0xe2, 0xfd, 0x3f, 0xfd,
  0x3f, 0xfd, 0x9f, 0xfc, 0x9f, 0xfc, 0x01, 0xfc, 0x01, 0xfc, 0x67, 0xfb,
  0x67, 0xfb, 0xd0, 0xfa, 0xd0, 0xfa, 0x3e, 0xfa, 0x3e, 0xfa, 0xb2, 0xf9,
  0xb2, 0xf9, 0x29, 0xf9, 0x29, 0xf9, 0xa8, 0xf8, 0xa8, 0xf8, 0x2c, 0xf8,
  0x2c, 0xf8, 0xb7, 0xf7, 0xb7, 0xf7, 0x49, 0xf7, 0x49, 0xf7, 0xe3, 0xf6,
  0xe3, 0xf6, 0x84, 0xf6, 0x84, 0xf6, 0x2d, 0xf6, 0x2d, 0xf6, 0xde, 0xf5,
  0xde, 0xf5, 0x98, 0xf5, 0x98, 0xf5, 0x5c, 0xf5, 0x5c, 0xf5, 0x28, 0xf5,
  0x28, 0xf5, 0xfd, 0xf4, 0xfd, 0xf4, 0xdc, 0xf4, 0xdc, 0xf4, 0xc4, 0xf4,
  0xc4, 0xf4, 0xb5, 0xf4, 0xb5, 0xf4, 0xb0, 0xf4, 0xb0, 0xf4, 0xb5, 0xf4,
  0xb5, 0xf4, 0xc4, 0xf4, 0xc4, 0xf4, 0xdc, 0xf4, 0xdc, 0xf4, 0xfd, 0xf4,
  0xfd, 0xf4, 0x27, 0xf5, 0x27, 0xf5, 0x5c, 0xf5, 0x5c, 0xf5, 0x98, 0xf5,
  0x98, 0xf5, 0xde, 0xf5, 0xde, 0xf5, 0x2d, 0xf6, 0x2d, 0xf6, 0x83, 0xf6,
  0x83, 0xf6, 0xe3, 0xf6, 0xe3, 0xf6, 0x48, 0xf7, 0x48, 0xf7, 0xb7, 0xf7,
  0xb7, 0xf7, 0x2c, 0xf8, 0x2c, 0xf8, 0xa7, 0xf8, 0xa7, 0xf8, 0x29, 0xf9,
  0x29, 0xf9, 0xb1, 0xf9, 0xb1, 0xf9, 0x3e, 0xfa, 0x3e, 0xfa, 0xd0, 0xfa,
  0xd0, 0xfa, 0x66, 0xfb, 0x66, 0xfb, 0x00, 0xfc, 0x00, 0xfc, 0x9e, 0xfc,
  0x9e, 0xfc, 0x3e, 0xfd, 0x3e, 0xfd, 0xe1, 0xfd, 0xe1, 0xfd, 0x86, 0xfe,
  0x86, 0xfe, 0x2c, 0xff, 0x2c, 0xff, 0xd3, 0xff, 0xd3, 0xff, 0x79, 0x00,
  0x79, 0x00, 0x1f, 0x01, 0x1f, 0x01, 0xc5, 0x01, 0xc5, 0x01, 0x69, 0x02,
  0x69, 0x02, 0x0b, 0x03, 0x0b, 0x03, 0xaa, 0x03, 0xaa, 0x03, 0x46, 0x04,
  0x46, 0x04, 0xdf, 0x04, 0xdf, 0x04, 0x72, 0x05, 0x72, 0x05, 0x03, 0x06,
  0x03, 0x06, 0x8d, 0x06, 0x8d, 0x06, 0x12, 0x07, 0x12, 0x07, 0x91, 0x07,
  0x91, 0x07, 0x0a, 0x08, 0x0a, 0x08, 0x7b, 0x08, 0x7b, 0x08, 0xe7, 0x08,
  0xe7, 0x08, 0x4a, 0x09, 0x4a, 0x09, 0xa4, 0x09, 0xa4, 0x09, 0xf8, 0x09,
  0xf8, 0x09, 0x42, 0x0a, 0x42, 0x0a, 0x84, 0x0a, 0x84, 0x0a, 0xbd, 0x0a,
  0xbd, 0x0a, 0xed, 0x0a, 0xed, 0x0a, 0x13, 0x0b, 0x13, 0x0b, 0x30, 0x0b,
  0x30, 0x0b, 0x44, 0x0b, 0x44, 0x0b, 0x4e, 0x0b, 0x4e, 0x0b, 0x4f, 0x0b,
  0x4f, 0x0b, 0x46, 0x0b, 0x46, 0x0b, 0x33, 0x0b, 0x33, 0x0b, 0x16, 0x0b,
  0x16, 0x0b, 0xf1, 0x0a, 0xf1, 0x0a, 0xc2, 0x0a, 0xc2, 0x0a, 0x8a, 0x0a,
  0x8a, 0x0a, 0x49, 0x0a, 0x49, 0x0a, 0xff, 0x09, 0xff, 0x09, 0xad, 0x09,
  0xad, 0x09, 0x52, 0x09, 0x52, 0x09, 0xf0, 0x08, 0xf0, 0x08, 0x86, 0x08,
  0x86, 0x08, 0x15, 0x08, 0x15, 0x08, 0x9d, 0x07, 0x9d, 0x07, 0x1e, 0x07,
  0x1e, 0x07, 0x9a, 0x06, 0x9a, 0x06, 0x10, 0x06, 0x10, 0x06, 0x81, 0x05,
  0x81, 0x05, 0xed, 0x04, 0xed, 0x04, 0x54, 0x04, 0x54, 0x04, 0xb8, 0x03,
  0xb8, 0x03, 0x19, 0x03, 0x19, 0x03, 0x77, 0x02, 0x77, 0x02, 0xd4, 0x01,
  0xd4, 0x01, 0x2f, 0x01, 0x2f, 0x01, 0x88, 0x00, 0x88, 0x00, 0xe2, 0xff,
  0xe2, 0xff, 0x3b, 0xff, 0x3b, 0xff, 0x95, 0xfe, 0x95, 0xfe, 0xf1, 0xfd,
  0xf1, 0xfd, 0x4d, 0xfd, 0x4d, 0xfd, 0xad, 0xfc, 0xad, 0xfc, 0x0f, 0xfc,
  0x0f, 0xfc, 0x74, 0xfb, 0x74, 0xfb, 0xde, 0xfa, 0xde, 0xfa, 0x4c, 0xfa,
  0x4c, 0xfa, 0xbe, 0xf9, 0xbe, 0xf9, 0x36, 0xf9, 0x36, 0xf9, 0xb3, 0xf8,
  0xb3, 0xf8, 0x37, 0xf8, 0x37, 0xf8, 0xc1, 0xf7, 0xc1, 0xf7, 0x52, 0xf7,
  0x52, 0xf7, 0xec, 0xf6, 0xec, 0xf6, 0x8c, 0xf6, 0x8c, 0xf6, 0x35, 0xf6,
  0x35, 0xf6, 0xe5, 0xf5, 0xe5, 0xf5, 0x9f, 0xf5, 0x9f, 0xf5, 0x61, 0xf5,
  0x61, 0xf5, 0x2c, 0xf5, 0x2c, 0xf5, 0x00, 0xf5, 0x00, 0xf5, 0xde, 0xf4,
  0xde, 0xf4, 0xc6, 0xf4, 0xc6, 0xf4, 0xb6, 0xf4, 0xb6, 0xf4, 0xb0, 0xf4,
  0xb0, 0xf4, 0xb4, 0xf4, 0xb4, 0xf4, 0xc2, 0xf4, 0xc2, 0xf4, 0xd9, 0xf4,
  0xd9, 0xf4, 0xf9, 0xf4, 0xf9, 0xf4, 0x23, 0xf5, 0x23, 0xf5, 0x57, 0xf5,
  0x57, 0xf5, 0x93, 0xf5, 0x93, 0xf5, 0xd7, 0xf5, 0xd7, 0xf5, 0x25, 0xf6,
  0x25, 0xf6, 0x7b, 0xf6, 0x7b, 0xf6, 0xd9, 0xf6, 0xd9, 0xf6, 0x3f, 0xf7,
  0x3f, 0xf7, 0xac, 0xf7, 0xac, 0xf7, 0x21, 0xf8, 0x21, 0xf8, 0x9c, 0xf8,
  0x9c, 0xf8, 0x1d, 0xf9, 0x1d, 0xf9, 0xa4, 0xf9, 0xa4, 0xf9, 0x31, 0xfa,
  0x31, 0xfa, 0xc2, 0xfa, 0xc2, 0xfa, 0x59, 0xfb, 0x59, 0xfb, 0xf2, 0xfb,
  0xf2, 0xfb, 0x8f, 0xfc, 0x8f, 0xfc, 0x2f, 0xfd, 0x2f, 0xfd, 0xd2, 0xfd,
  0xd2, 0xfd, 0x77, 0xfe, 0x77, 0xfe, 0x1c, 0xff, 0x1c, 0xff, 0xc3, 0xff,
  0xc3, 0xff, 0x6a, 0x00, 0x6a, 0x00, 0x10, 0x01, 0x10, 0x01, 0xb6, 0x01,
  0xb6, 0x01, 0x5a, 0x02, 0x5a, 0x02, 0xfc, 0x02, 0xfc, 0x02, 0x9b, 0x03,
  0x9b, 0x03, 0x38, 0x04, 0x38, 0x04, 0xd0, 0x04, 0xd0, 0x04, 0x66, 0x05,
  0x66, 0x05, 0xf6, 0x05, 0xf6, 0x05, 0x80, 0x06, 0x80, 0x06, 0x06, 0x07,
  0x06, 0x07, 0x86, 0x07, 0x86, 0x07, 0x00, 0x08, 0x00, 0x08, 0x72, 0x08,
  0x72, 0x08, 0xdd, 0x08, 0xdd, 0x08, 0x41, 0x09, 0x41, 0x09, 0x9d, 0x09,
  0x9d, 0x09, 0xf1, 0x09, 0xf1, 0x09, 0x3c, 0x0a, 0x3c, 0x0a, 0x7e, 0x0a,
  0x7e, 0x0a, 0xb8, 0x0a, 0xb8, 0x0a, 0xe9, 0x0a, 0xe9, 0x0a, 0x10, 0x0b,
  0x10, 0x0b, 0x2e, 0x0b, 0x2e, 0x0b, 0x43, 0x0b, 0x43, 0x0b, 0x4d, 0x0b,
  0x4d, 0x0b, 0x4f, 0x0b, 0x4f, 0x0b, 0x47, 0x0b, 0x47, 0x0b, 0x35, 0x0b,
  0x35, 0x0b, 0x1a, 0x0b, 0x1a, 0x0b, 0xf5, 0x0a, 0xf5, 0x0a, 0xc6, 0x0a,
  0xc6, 0x0a, 0x8f, 0x0a, 0x8f, 0x0a, 0x50, 0x0a, 0x50, 0x0a, 0x06, 0x0a,
  0x06, 0x0a, 0xb5, 0x09, 0xb5, 0x09, 0x5b, 0x09, 0x5b, 0x09, 0xf9, 0x08,
  0xf9, 0x08, 0x90, 0x08, 0x90, 0x08, 0x20, 0x08, 0x20, 0x08, 0xa8, 0x07,
  0xa8, 0x07, 0x2a, 0x07, 0x2a, 0x07, 0xa6, 0x06, 0xa6, 0x06, 0x1d, 0x06,
  0x1d, 0x06, 0x8e, 0x05, 0x8e, 0x05, 0xfa, 0x04, 0xfa, 0x04, 0x62, 0x04,
  0x62, 0x04, 0xc7, 0x03, 0xc7, 0x03, 0x28, 0x03, 0x28, 0x03, 0x87, 0x02,
  0x87, 0x02, 0xe3, 0x01, 0xe3, 0x01, 0x3e, 0x01, 0x3e, 0x01, 0x98, 0x00,
  0x98, 0x00, 0xf1, 0xff, 0xf1, 0xff, 0x4a, 0xff, 0x4a, 0xff, 0xa4, 0xfe,
  0xa4, 0xfe, 0xff, 0xfd, 0xff, 0xfd, 0x5d, 0xfd, 0x5d, 0xfd, 0xbb, 0xfc,
  0xbb, 0xfc, 0x1d, 0xfc, 0x1d, 0xfc, 0x82, 0xfb, 0x82, 0xfb, 0xeb, 0xfa,
  0xeb, 0xfa, 0x59, 0xfa, 0x59, 0xfa, 0xca, 0xf9, 0xca, 0xf9, 0x42, 0xf9,
  0x42, 0xf9, 0xbf, 0xf8, 0xbf, 0xf8, 0x42, 0xf8, 0x42, 0xf8, 0xcc, 0xf7,
  0xcc, 0xf7, 0x5d, 0xf7, 0x5d, 0xf7, 0xf4, 0xf6, 0xf4, 0xf6, 0x94, 0xf6,
  0x94, 0xf6, 0x3c, 0xf6, 0x3c, 0xf6, 0xec, 0xf5, 0xec, 0xf5, 0xa5, 0xf5,
  0xa5, 0xf5, 0x66, 0xf5, 0x66, 0xf5, 0x30, 0xf5, 0x30, 0xf5, 0x04, 0xf5,
  0x04, 0xf5, 0xe1, 0xf4, 0xe1, 0xf4, 0xc7, 0xf4, 0xc7, 0xf4, 0xb7, 0xf4,
  0xb7, 0xf4, 0xb0, 0xf4, 0xb0, 0xf4, 0xb3, 0xf4, 0xb3, 0xf4, 0xc0, 0xf4,
  0xc0, 0xf4, 0xd7, 0xf4, 0xd7, 0xf4, 0xf6, 0xf4, 0xf6, 0xf4, 0x1f, 0xf5,
  0x1f, 0xf5, 0x52, 0xf5, 0x52, 0xf5, 0x8d, 0xf5, 0x8d, 0xf5, 0xd1, 0xf5,
  0xd1, 0xf5, 0x1d, 0xf6, 0x1d, 0xf6, 0x73, 0xf6, 0x73, 0xf6, 0xd0, 0xf6,
  0xd0, 0xf6, 0x35, 0xf7, 0x35, 0xf7, 0xa2, 0xf7, 0xa2, 0xf7, 0x16, 0xf8,
  0x16, 0xf8, 0x90, 0xf8, 0x90, 0xf8, 0x11, 0xf9, 0x11, 0xf9, 0x98, 0xf9,
  0x98, 0xf9, 0x24, 0xfa, 0x24, 0xfa, 0xb5, 0xfa, 0xb5, 0xfa, 0x4a, 0xfb,
  0x4a, 0xfb, 0xe4, 0xfb, 0xe4, 0xfb, 0x81, 0xfc, 0x81, 0xfc, 0x21, 0xfd,
  0x21, 0xfd, 0xc3, 0xfd, 0xc3, 0xfd, 0x67, 0xfe, 0x67, 0xfe, 0x0d, 0xff,
  0x0d, 0xff, 0xb4, 0xff, 0xb4, 0xff, 0x5b, 0x00, 0x5b, 0x00, 0x01, 0x01,
  0x01, 0x01, 0xa7, 0x01, 0xa7, 0x01, 0x4b, 0x02, 0x4b, 0x02, 0xee, 0x02,
  0xee, 0x02, 0x8d, 0x03, 0x8d, 0x03, 0x2a, 0x04, 0x2a, 0x04, 0xc3, 0x04,
  0xc3, 0x04, 0x58, 0x05, 0x58, 0x05, 0xe8, 0x05, 0xe8, 0x05, 0x74, 0x06,
  0x74, 0x06, 0xfa, 0x06, 0xfa, 0x06, 0x7b, 0x07, 0x7b, 0x07, 0xf4, 0x07,
  0xf4, 0x07, 0x68, 0x08, 0x68, 0x08, 0xd4, 0x08, 0xd4, 0x08, 0x38, 0x09,
  0x38, 0x09, 0x95, 0x09, 0x95, 0x09, 0xe9, 0x09, 0xe9, 0x09, 0x35, 0x0a,
  0x35, 0x0a, 0x79, 0x0a, 0x79, 0x0a, 0xb3, 0x0a, 0xb3, 0x0a, 0xe5, 0x0a,
  0xe5, 0x0a, 0x0d, 0x0b, 0x0d, 0x0b, 0x2c, 0x0b, 0x2c, 0x0b, 0x41, 0x0b,
  0x41, 0x0b, 0x4d, 0x0b, 0x4d, 0x0b, 0x50, 0x0b, 0x50, 0x0b, 0x48, 0x0b,
  0x48, 0x0b, 0x37, 0x0b, 0x37, 0x0b, 0x1d, 0x0b, 0x1d, 0x0b, 0xf9, 0x0a,
  0xf9, 0x0a, 0xcb, 0x0a, 0xcb, 0x0a, 0x95, 0x0a, 0x95, 0x0a, 0x55, 0x0a,
  0x55, 0x0a, 0x0d, 0x0a, 0x0d, 0x0a, 0xbd, 0x09, 0xbd, 0x09, 0x63, 0x09,
  0x63, 0x09, 0x03, 0x09, 0x03, 0x09, 0x9a, 0x08, 0x9a, 0x08, 0x2a, 0x08,
  0x2a, 0x08, 0xb3, 0x07, 0xb3, 0x07, 0x36, 0x07, 0x36, 0x07, 0xb3, 0x06,
  0xb3, 0x06, 0x29, 0x06, 0x29, 0x06, 0x9b, 0x05, 0x9b, 0x05, 0x08, 0x05,
  0x08, 0x05, 0x70, 0x04, 0x70, 0x04, 0xd5, 0x03, 0xd5, 0x03, 0x36, 0x03,
  0x36, 0x03, 0x96, 0x02, 0x96, 0x02, 0xf3, 0x01, 0xf3, 0x01, 0x4d, 0x01,
  0x4d, 0x01, 0xa7, 0x00, 0xa7, 0x00, 0x00, 0x00, 0x00, 0x00, 0x5a, 0xff,
  0x5a, 0xff, 0xb4, 0xfe, 0xb4, 0xfe, 0x0e, 0xfe, 0x0e, 0xfe, 0x6b, 0xfd,
  0x6b, 0xfd, 0xca, 0xfc, 0xca, 0xfc, 0x2b, 0xfc, 0x2b, 0xfc, 0x90, 0xfb,
  0x90, 0xfb, 0xf9, 0xfa, 0xf9, 0xfa, 0x65, 0xfa, 0x65, 0xfa, 0xd7, 0xf9,
  0xd7, 0xf9, 0x4e, 0xf9, 0x4e, 0xf9, 0xca, 0xf8, 0xca, 0xf8, 0x4d, 0xf8,
  0x4d, 0xf8, 0xd6, 0xf7, 0xd6, 0xf7, 0x66, 0xf7, 0x66, 0xf7, 0xfe, 0xf6,
  0xfe, 0xf6, 0x9d, 0xf6, 0x9d, 0xf6, 0x43, 0xf6, 0x43, 0xf6, 0xf3, 0xf5,
  0xf3, 0xf5, 0xab, 0xf5, 0xab, 0xf5, 0x6c, 0xf5, 0x6c, 0xf5, 0x35, 0xf5,
  0x35, 0xf5, 0x07, 0xf5, 0x07, 0xf5, 0xe4, 0xf4, 0xe4, 0xf4, 0xc9, 0xf4,
  0xc9, 0xf4, 0xb8, 0xf4, 0xb8, 0xf4, 0xb0, 0xf4, 0xb0, 0xf4, 0xb3, 0xf4,
  0xb3, 0xf4, 0xbf, 0xf4, 0xbf, 0xf4, 0xd4, 0xf4, 0xd4, 0xf4, 0xf3, 0xf4,
  0xf3, 0xf4, 0x1b, 0xf5, 0x1b, 0xf5, 0x4d, 0xf5, 0x4d, 0xf5, 0x87, 0xf5,
  0x87, 0xf5, 0xcb, 0xf5, 0xcb, 0xf5, 0x16, 0xf6, 0x16, 0xf6, 0x6b, 0xf6,
  0x6b, 0xf6, 0xc8, 0xf6, 0xc8, 0xf6, 0x2c, 0xf7, 0x2c, 0xf7, 0x98, 0xf7,
  0x98, 0xf7, 0x0c, 0xf8, 0x0c, 0xf8, 0x85, 0xf8, 0x85, 0xf8, 0x05, 0xf9,
  0x05, 0xf9, 0x8c, 0xf9, 0x8c, 0xf9, 0x17, 0xfa, 0x17, 0xfa, 0xa8, 0xfa,
  0xa8, 0xfa, 0x3c, 0xfb, 0x3c, 0xfb, 0xd6, 0xfb, 0xd6, 0xfb, 0x73, 0xfc,
  0x73, 0xfc, 0x12, 0xfd, 0x12, 0xfd, 0xb5, 0xfd, 0xb5, 0xfd, 0x58, 0xfe,
  0x58, 0xfe, 0xfe, 0xfe, 0xfe, 0xfe, 0xa5, 0xff, 0xa5, 0xff, 0x4c, 0x00,
  0x4c, 0x00, 0xf2, 0x00, 0xf2, 0x00, 0x98, 0x01, 0x98, 0x01, 0x3c, 0x02,
  0x3c, 0x02, 0xdf, 0x02, 0xdf, 0x02, 0x7e, 0x03, 0x7e, 0x03, 0x1b, 0x04,
  0x1b, 0x04, 0xb6, 0x04, 0xb6, 0x04, 0x4b, 0x05, 0x4b, 0x05, 0xdc, 0x05,
  0xdc, 0x05, 0x68, 0x06, 0x68, 0x06, 0xee, 0x06, 0xee, 0x06, 0x6f, 0x07,
  0x6f, 0x07, 0xea, 0x07, 0xea, 0x07, 0x5e, 0x08, 0x5e, 0x08, 0xca, 0x08,
  0xca, 0x08, 0x2f, 0x09, 0x2f, 0x09, 0x8c, 0x09, 0x8c, 0x09, 0xe2, 0x09,
  0xe2, 0x09, 0x2f, 0x0a, 0x2f, 0x0a, 0x73, 0x0a, 0x73, 0x0a, 0xae, 0x0a,
  0xae, 0x0a, 0xe1, 0x0a, 0xe1, 0x0a, 0x0a, 0x0b, 0x0a, 0x0b, 0x29, 0x0b,
  0x29, 0x0b, 0x40, 0x0b, 0x40, 0x0b, 0x4d, 0x0b, 0x4d, 0x0b, 0x50, 0x0b,
  0x50, 0x0b, 0x49, 0x0b, 0x49, 0x0b, 0x39, 0x0b, 0x39, 0x0b, 0x1f, 0x0b,
  0x1f, 0x0b, 0xfc, 0x0a, 0xfc, 0x0a, 0xd0, 0x0a, 0xd0, 0x0a, 0x9a, 0x0a,
  0x9a, 0x0a, 0x5c, 0x0a, 0x5c, 0x0a, 0x14, 0x0a, 0x14, 0x0a, 0xc4, 0x09,
  0xc4, 0x09, 0x6c, 0x09, 0x6c, 0x09, 0x0c, 0x09, 0x0c, 0x09, 0xa4, 0x08,
  0xa4, 0x08, 0x35, 0x08, 0x35, 0x08, 0xbf, 0x07, 0xbf, 0x07, 0x42, 0x07,
  0x42, 0x07, 0xbf, 0x06, 0xbf, 0x06, 0x36, 0x06, 0x36, 0x06, 0xa8, 0x05,
  0xa8, 0x05, 0x15, 0x05, 0x15, 0x05, 0x7e, 0x04, 0x7e, 0x04, 0xe4, 0x03,
  0xe4, 0x03, 0x45, 0x03, 0x45, 0x03, 0xa4, 0x02, 0xa4, 0x02, 0x01, 0x02,
  0x01, 0x02, 0x5d, 0x01, 0x5d, 0x01, 0xb6, 0x00, 0xb6, 0x00, 0x10, 0x00,
  0x10, 0x00, 0x69, 0xff, 0x69, 0xff, 0xc3, 0xfe, 0xc3, 0xfe, 0x1e, 0xfe,
  0x1e, 0xfe, 0x7a, 0xfd, 0x7a, 0xfd, 0xd9, 0xfc, 0xd9, 0xfc, 0x3a, 0xfc,
  0x3a, 0xfc, 0x9e, 0xfb, 0x9e, 0xfb, 0x07, 0xfb, 0x07, 0xfb, 0x73, 0xfa,
  0x73, 0xfa, 0xe4, 0xf9, 0xe4, 0xf9, 0x5b, 0xf9, 0x5b, 0xf9, 0xd6, 0xf8,
  0xd6, 0xf8, 0x59, 0xf8, 0x59, 0xf8, 0xe1, 0xf7, 0xe1, 0xf7, 0x70, 0xf7,
  0x70, 0xf7, 0x07, 0xf7, 0x07, 0xf7, 0xa5, 0xf6, 0xa5, 0xf6, 0x4b, 0xf6,
  0x4b, 0xf6, 0xfa, 0xf5, 0xfa, 0xf5, 0xb1, 0xf5, 0xb1, 0xf5, 0x71, 0xf5,
  0x71, 0xf5, 0x3a, 0xf5, 0x3a, 0xf5, 0x0c, 0xf5, 0x0c, 0xf5, 0xe7, 0xf4,
  0xe7, 0xf4, 0xcb, 0xf4, 0xcb, 0xf4, 0xba, 0xf4, 0xba, 0xf4, 0xb1, 0xf4,
  0xb1, 0xf4, 0xb3, 0xf4, 0xb3, 0xf4, 0xbd, 0xf4, 0xbd, 0xf4, 0xd2, 0xf4,
  0xd2, 0xf4, 0xef, 0xf4, 0xef, 0xf4, 0x17, 0xf5, 0x17, 0xf5, 0x48, 0xf5,
  0x48, 0xf5, 0x81, 0xf5, 0x81, 0xf5, 0xc4, 0xf5, 0xc4, 0xf5, 0x0f, 0xf6,
  0x0f, 0xf6, 0x63, 0xf6, 0x63, 0xf6, 0xbf, 0xf6, 0xbf, 0xf6, 0x23, 0xf7,
  0x23, 0xf7, 0x8e, 0xf7, 0x8e, 0xf7, 0x00, 0xf8, 0x00, 0xf8, 0x7a, 0xf8,
  0x7a, 0xf8, 0xf9, 0xf8, 0xf9, 0xf8, 0x7f, 0xf9, 0x7f, 0xf9, 0x0a, 0xfa,
  0x0a, 0xfa, 0x9a, 0xfa, 0x9a, 0xfa, 0x2f, 0xfb, 0x2f, 0xfb, 0xc8, 0xfb,
  0xc8, 0xfb, 0x64, 0xfc, 0x64, 0xfc, 0x04, 0xfd, 0x04, 0xfd, 0xa6, 0xfd,
  0xa6, 0xfd, 0x4a, 0xfe, 0x4a, 0xfe, 0xef, 0xfe, 0xef, 0xfe, 0x95, 0xff,
  0x95, 0xff, 0x3d, 0x00, 0x3d, 0x00, 0xe3, 0x00, 0xe3, 0x00, 0x88, 0x01,
  0x88, 0x01, 0x2d, 0x02, 0x2d, 0x02, 0xd0, 0x02, 0xd0, 0x02, 0x70, 0x03,
  0x70, 0x03, 0x0d, 0x04, 0x0d, 0x04, 0xa7, 0x04, 0xa7, 0x04, 0x3d, 0x05,
  0x3d, 0x05, 0xcf, 0x05, 0xcf, 0x05, 0x5b, 0x06, 0x5b, 0x06, 0xe3, 0x06,
  0xe3, 0x06, 0x63, 0x07, 0x63, 0x07, 0xdf, 0x07, 0xdf, 0x07, 0x53, 0x08,
  0x53, 0x08, 0xc1, 0x08, 0xc1, 0x08, 0x27, 0x09, 0x27, 0x09, 0x85, 0x09,
  0x85, 0x09, 0xda, 0x09, 0xda, 0x09, 0x28, 0x0a, 0x28, 0x0a, 0x6d, 0x0a,
  0x6d, 0x0a, 0xa9, 0x0a, 0xa9, 0x0a, 0xdc, 0x0a, 0xdc, 0x0a, 0x07, 0x0b,
  0x07, 0x0b, 0x27, 0x0b, 0x27, 0x0b, 0x3e, 0x0b, 0x3e, 0x0b, 0x4b, 0x0b,
  0x4b, 0x0b, 0x50, 0x0b, 0x50, 0x0b, 0x4a, 0x0b, 0x4a, 0x0b, 0x3a, 0x0b,
  0x3a, 0x0b, 0x22, 0x0b, 0x22, 0x0b, 0x00, 0x0b, 0x00, 0x0b, 0xd4, 0x0a,
  0xd4, 0x0a, 0x9f, 0x0a, 0x9f, 0x0a, 0x62, 0x0a, 0x62, 0x0a, 0x1b, 0x0a,
  0x1b, 0x0a, 0xcc, 0x09, 0xcc, 0x09, 0x74, 0x09, 0x74, 0x09, 0x15, 0x09,
  0x15, 0x09, 0xae, 0x08, 0xae, 0x08, 0x3f, 0x08, 0x3f, 0x08, 0xc9, 0x07,
  0xc9, 0x07, 0x4e, 0x07, 0x4e, 0x07, 0xcb, 0x06, 0xcb, 0x06, 0x43, 0x06,
  0x43, 0x06, 0xb5, 0x05, 0xb5, 0x05, 0x22, 0x05, 0x22, 0x05, 0x8d, 0x04,
  0x8d, 0x04, 0xf2, 0x03, 0xf2, 0x03, 0x54, 0x03, 0x54, 0x03, 0xb4, 0x02,
  0xb4, 0x02, 0x0f, 0x02, 0x0f, 0x02, 0x6b, 0x01, 0x6b, 0x01, 0xc5, 0x00,
  0xc5, 0x00, 0x1e, 0x00, 0x1e, 0x00, 0x78, 0xff, 0x78, 0xff, 0xd1, 0xfe,
  0xd1, 0xfe, 0x2d, 0xfe, 0x2d, 0xfe, 0x89, 0xfd, 0x89, 0xfd, 0xe7, 0xfc,
  0xe7, 0xfc, 0x48, 0xfc, 0x48, 0xfc, 0xac, 0xfb, 0xac, 0xfb, 0x14, 0xfb,
  0x14, 0xfb, 0x80, 0xfa, 0x80, 0xfa, 0xf1, 0xf9, 0xf1, 0xf9, 0x67, 0xf9,
  0x67, 0xf9, 0xe2, 0xf8, 0xe2, 0xf8, 0x63, 0xf8, 0x63, 0xf8, 0xeb, 0xf7,
  0xeb, 0xf7, 0x7b, 0xf7, 0x7b, 0xf7, 0x10, 0xf7, 0x10, 0xf7, 0xae, 0xf6,
  0xae, 0xf6, 0x53, 0xf6, 0x53, 0xf6, 0x01, 0xf6, 0x01, 0xf6, 0xb7, 0xf5,
  0xb7, 0xf5, 0x76, 0xf5, 0x76, 0xf5, 0x3e, 0xf5, 0x3e, 0xf5, 0x0f, 0xf5,
  0x0f, 0xf5, 0xea, 0xf4, 0xea, 0xf4, 0xcd, 0xf4, 0xcd, 0xf4, 0xba, 0xf4,
  0xba, 0xf4, 0xb1, 0xf4, 0xb1, 0xf4, 0xb2, 0xf4, 0xb2, 0xf4, 0xbc, 0xf4,
  0xbc, 0xf4, 0xd0, 0xf4, 0xd0, 0xf4, 0xed, 0xf4, 0xed, 0xf4, 0x13, 0xf5,
  0x13, 0xf5, 0x43, 0xf5, 0x43, 0xf5, 0x7b, 0xf5, 0x7b, 0xf5, 0xbd, 0xf5,
  0xbd, 0xf5, 0x08, 0xf6, 0x08, 0xf6, 0x5b, 0xf6, 0x5b, 0xf6, 0xb6, 0xf6,
  0xb6, 0xf6, 0x19, 0xf7, 0x19, 0xf7, 0x84, 0xf7, 0x84, 0xf7, 0xf6, 0xf7,
  0xf6, 0xf7, 0x6f, 0xf8, 0x6f, 0xf8, 0xed, 0xf8, 0xed, 0xf8, 0x72, 0xf9,
  0x72, 0xf9, 0xfd, 0xf9, 0xfd, 0xf9, 0x8d, 0xfa, 0x8d, 0xfa, 0x21, 0xfb,
  0x21, 0xfb, 0xba, 0xfb, 0xba, 0xfb, 0x56, 0xfc, 0x56, 0xfc, 0xf5, 0xfc,
  0xf5, 0xfc, 0x97, 0xfd, 0x97, 0xfd, 0x3b, 0xfe, 0x3b, 0xfe, 0xe0, 0xfe,
  0xe0, 0xfe, 0x86, 0xff, 0x86, 0xff, 0x2d, 0x00, 0x2d, 0x00, 0xd4, 0x00,
  0xd4, 0x00, 0x7a, 0x01, 0x7a, 0x01, 0x1e, 0x02, 0x1e, 0x02, 0xc1, 0x02,
  0xc1, 0x02, 0x61, 0x03, 0x61, 0x03, 0xff, 0x03, 0xff, 0x03, 0x99, 0x04,
  0x99, 0x04, 0x30, 0x05, 0x30, 0x05, 0xc2, 0x05, 0xc2, 0x05, 0x4e, 0x06,
  0x4e, 0x06, 0xd7, 0x06, 0xd7, 0x06, 0x58, 0x07, 0x58, 0x07, 0xd4, 0x07,
  0xd4, 0x07, 0x49, 0x08, 0x49, 0x08, 0xb7, 0x08, 0xb7, 0x08, 0x1d, 0x09,
  0x1d, 0x09, 0x7c, 0x09, 0x7c, 0x09, 0xd3, 0x09, 0xd3, 0x09, 0x22, 0x0a,
  0x22, 0x0a, 0x68, 0x0a, 0x68, 0x0a, 0xa4, 0x0a, 0xa4, 0x0a, 0xd8, 0x0a,
  0xd8, 0x0a, 0x03, 0x0b, 0x03, 0x0b, 0x24, 0x0b, 0x24, 0x0b, 0x3c, 0x0b,
  0x3c, 0x0b, 0x4b, 0x0b, 0x4b, 0x0b, 0x50, 0x0b, 0x50, 0x0b, 0x4b, 0x0b,
  0x4b, 0x0b, 0x3c, 0x0b, 0x3c, 0x0b, 0x24, 0x0b, 0x24, 0x0b, 0x03, 0x0b,
  0x03, 0x0b, 0xd9, 0x0a, 0xd9, 0x0a, 0xa4, 0x0a, 0xa4, 0x0a, 0x68, 0x0a,
  0x68, 0x0a, 0x22, 0x0a, 0x22, 0x0a, 0xd3, 0x09, 0xd3, 0x09, 0x7d, 0x09,
  0x7d, 0x09, 0x1d, 0x09, 0x1d, 0x09, 0xb8, 0x08, 0xb8, 0x08, 0x49, 0x08,
  0x49, 0x08, 0xd4, 0x07, 0xd4, 0x07, 0x59, 0x07, 0x59, 0x07, 0xd7, 0x06,
  0xd7, 0x06, 0x4f, 0x06, 0x4f, 0x06, 0xc2, 0x05, 0xc2, 0x05, 0x30, 0x05,
  0x30, 0x05, 0x9a, 0x04, 0x9a, 0x04, 0x00, 0x04, 0x00, 0x04, 0x62, 0x03,
  0x62, 0x03, 0xc2, 0x02, 0xc2, 0x02, 0x1f, 0x02, 0x1f, 0x02, 0x7a, 0x01,
  0x7a, 0x01, 0xd4, 0x00, 0xd4, 0x00, 0x2d, 0x00, 0x2d, 0x00, 0x87, 0xff,
  0x87, 0xff, 0xe1, 0xfe, 0xe1, 0xfe, 0x3b, 0xfe, 0x3b, 0xfe, 0x97, 0xfd,
  0x97, 0xfd, 0xf5, 0xfc, 0xf5, 0xfc, 0x56, 0xfc, 0x56, 0xfc, 0xba, 0xfb,
  0xba, 0xfb, 0x21, 0xfb, 0x21, 0xfb, 0x8e, 0xfa, 0x8e, 0xfa, 0xfd, 0xf9,
  0xfd, 0xf9, 0x73, 0xf9, 0x73, 0xf9, 0xee, 0xf8, 0xee, 0xf8, 0x6f, 0xf8,
  0x6f, 0xf8, 0xf6, 0xf7, 0xf6, 0xf7, 0x85, 0xf7, 0x85, 0xf7, 0x19, 0xf7,
  0x19, 0xf7, 0xb6, 0xf6, 0xb6, 0xf6, 0x5c, 0xf6, 0x5c, 0xf6, 0x08, 0xf6,
  0x08, 0xf6, 0xbe, 0xf5, 0xbe, 0xf5, 0x7c, 0xf5, 0x7c, 0xf5, 0x43, 0xf5,
  0x43, 0xf5, 0x13, 0xf5, 0x13, 0xf5, 0xed, 0xf4, 0xed, 0xf4, 0xd0, 0xf4,
  0xd0, 0xf4, 0xbc, 0xf4, 0xbc, 0xf4, 0xb2, 0xf4, 0xb2, 0xf4, 0xb1, 0xf4,
  0xb1, 0xf4, 0xba, 0xf4, 0xba, 0xf4, 0xcd, 0xf4, 0xcd, 0xf4, 0xea, 0xf4,
  0xea, 0xf4, 0x0f, 0xf5, 0x0f, 0xf5, 0x3e, 0xf5, 0x3e, 0xf5, 0x76, 0xf5,
  0x76, 0xf5, 0xb7, 0xf5, 0xb7, 0xf5, 0x01, 0xf6, 0x01, 0xf6, 0x53, 0xf6,
  0x53, 0xf6, 0xae, 0xf6, 0xae, 0xf6, 0x10, 0xf7, 0x10, 0xf7, 0x7a, 0xf7,
  0x7a, 0xf7, 0xeb, 0xf7, 0xeb, 0xf7, 0x63, 0xf8, 0x63, 0xf8, 0xe2, 0xf8,
  0xe2, 0xf8, 0x66, 0xf9, 0x66, 0xf9, 0xf0, 0xf9, 0xf0, 0xf9, 0x7f, 0xfa,
  0x7f, 0xfa, 0x13, 0xfb, 0x13, 0xfb, 0xac, 0xfb, 0xac, 0xfb, 0x48, 0xfc,
  0x48, 0xfc, 0xe7, 0xfc, 0xe7, 0xfc, 0x89, 0xfd, 0x89, 0xfd, 0x2c, 0xfe,
  0x2c, 0xfe, 0xd1, 0xfe, 0xd1, 0xfe, 0x78, 0xff, 0x78, 0xff, 0x1e, 0x00,
  0x1e, 0x00, 0xc5, 0x00, 0xc5, 0x00, 0x6b, 0x01, 0x6b, 0x01, 0x0f, 0x02,
  0x0f, 0x02, 0xb3, 0x02, 0xb3, 0x02, 0x53, 0x03, 0x53, 0x03, 0xf1, 0x03,
  0xf1, 0x03, 0x8c, 0x04, 0x8c, 0x04, 0x22, 0x05, 0x22, 0x05, 0xb4, 0x05,
  0xb4, 0x05, 0x42, 0x06, 0x42, 0x06, 0xca, 0x06, 0xca, 0x06, 0x4d, 0x07,
  0x4d, 0x07, 0xc9, 0x07, 0xc9, 0x07, 0x3f, 0x08, 0x3f, 0x08, 0xae, 0x08,
  0xae, 0x08, 0x14, 0x09, 0x14, 0x09, 0x74, 0x09, 0x74, 0x09, 0xcb, 0x09,
  0xcb, 0x09, 0x1b, 0x0a, 0x1b, 0x0a, 0x61, 0x0a, 0x61, 0x0a, 0x9f, 0x0a,
  0x9f, 0x0a, 0xd4, 0x0a, 0xd4, 0x0a, 0x00, 0x0b, 0x00, 0x0b, 0x22, 0x0b,
  0x22, 0x0b, 0x3a, 0x0b, 0x3a, 0x0b, 0x4a, 0x0b, 0x4a, 0x0b, 0x50, 0x0b,
  0x50, 0x0b, 0x4c, 0x0b, 0x4c, 0x0b, 0x3e, 0x0b, 0x3e, 0x0b, 0x27, 0x0b,
  0x27, 0x0b, 0x07, 0x0b, 0x07, 0x0b, 0xdd, 0x0a, 0xdd, 0x0a, 0xa9, 0x0a,
  0xa9, 0x0a, 0x6d, 0x0a, 0x6d, 0x0a, 0x29, 0x0a, 0x29, 0x0a, 0xdb, 0x09,
  0xdb, 0x09, 0x85, 0x09, 0x85, 0x09, 0x27, 0x09, 0x27, 0x09, 0xc1, 0x08,
  0xc1, 0x08, 0x54, 0x08, 0x54, 0x08, 0xdf, 0x07, 0xdf, 0x07, 0x64, 0x07,
  0x64, 0x07, 0xe3, 0x06, 0xe3, 0x06, 0x5c, 0x06, 0x5c, 0x06, 0xcf, 0x05,
  0xcf, 0x05, 0x3e, 0x05, 0x3e, 0x05, 0xa7, 0x04, 0xa7, 0x04, 0x0e, 0x04,
  0x0e, 0x04, 0x71, 0x03, 0x71, 0x03, 0xd1, 0x02, 0xd1, 0x02, 0x2e, 0x02,
  0x2e, 0x02, 0x89, 0x01, 0x89, 0x01, 0xe4, 0x00, 0xe4, 0x00, 0x3d, 0x00,
  0x3d, 0x00, 0x96, 0xff, 0x96, 0xff, 0xf0, 0xfe, 0xf0, 0xfe, 0x4a, 0xfe,
  0x4a, 0xfe, 0xa6, 0xfd, 0xa6, 0xfd, 0x04, 0xfd, 0x04, 0xfd, 0x65, 0xfc,
  0x65, 0xfc, 0xc8, 0xfb, 0xc8, 0xfb, 0x30, 0xfb, 0x30, 0xfb, 0x9a, 0xfa,
  0x9a, 0xfa, 0x0a, 0xfa, 0x0a, 0xfa, 0x80, 0xf9, 0x80, 0xf9, 0xfa, 0xf8,
  0xfa, 0xf8, 0x7a, 0xf8, 0x7a, 0xf8, 0x00, 0xf8, 0x00, 0xf8, 0x8e, 0xf7,
  0x8e, 0xf7, 0x23, 0xf7, 0x23, 0xf7, 0xbf, 0xf6, 0xbf, 0xf6, 0x63, 0xf6,
  0x63, 0xf6, 0x0f, 0xf6, 0x0f, 0xf6, 0xc4, 0xf5, 0xc4, 0xf5, 0x82, 0xf5,
  0x82, 0xf5, 0x48, 0xf5, 0x48, 0xf5, 0x17, 0xf5, 0x17, 0xf5, 0xf0, 0xf4,
  0xf0, 0xf4, 0xd2, 0xf4, 0xd2, 0xf4, 0xbd, 0xf4, 0xbd, 0xf4, 0xb3, 0xf4,
  0xb3, 0xf4, 0xb1, 0xf4, 0xb1, 0xf4, 0xb9, 0xf4, 0xb9, 0xf4, 0xcb, 0xf4,
  0xcb, 0xf4, 0xe6, 0xf4, 0xe6, 0xf4, 0x0b, 0xf5, 0x0b, 0xf5, 0x3a, 0xf5,
  0x3a, 0xf5, 0x71, 0xf5, 0x71, 0xf5, 0xb0, 0xf5, 0xb0, 0xf5, 0xfa, 0xf5,
  0xfa, 0xf5, 0x4b, 0xf6, 0x4b, 0xf6, 0xa5, 0xf6, 0xa5, 0xf6, 0x07, 0xf7,
  0x07, 0xf7, 0x70, 0xf7, 0x70, 0xf7, 0xe0, 0xf7, 0xe0, 0xf7, 0x58, 0xf8,
  0x58, 0xf8, 0xd6, 0xf8, 0xd6, 0xf8, 0x5a, 0xf9, 0x5a, 0xf9, 0xe3, 0xf9,
  0xe3, 0xf9, 0x72, 0xfa, 0x72, 0xfa, 0x06, 0xfb, 0x06, 0xfb, 0x9e, 0xfb,
  0x9e, 0xfb, 0x39, 0xfc, 0x39, 0xfc, 0xd8, 0xfc, 0xd8, 0xfc, 0x79, 0xfd,
  0x79, 0xfd, 0x1d, 0xfe, 0x1d, 0xfe, 0xc2, 0xfe, 0xc2, 0xfe, 0x68, 0xff,
  0x68, 0xff, 0x0f, 0x00, 0x0f, 0x00, 0xb6, 0x00, 0xb6, 0x00, 0x5c, 0x01,
  0x5c, 0x01, 0x01, 0x02, 0x01, 0x02, 0xa3, 0x02, 0xa3, 0x02, 0x45, 0x03,
  0x45, 0x03, 0xe3, 0x03, 0xe3, 0x03, 0x7e, 0x04, 0x7e, 0x04, 0x15, 0x05,
  0x15, 0x05, 0xa7, 0x05, 0xa7, 0x05, 0x36, 0x06, 0x36, 0x06, 0xbe, 0x06,
  0xbe, 0x06, 0x41, 0x07, 0x41, 0x07, 0xbe, 0x07, 0xbe, 0x07, 0x34, 0x08,
  0x34, 0x08, 0xa3, 0x08, 0xa3, 0x08, 0x0c, 0x09, 0x0c, 0x09, 0x6c, 0x09,
  0x6c, 0x09, 0xc4, 0x09, 0xc4, 0x09, 0x14, 0x0a, 0x14, 0x0a, 0x5b, 0x0a,
  0x5b, 0x0a, 0x9a, 0x0a, 0x9a, 0x0a, 0xd0, 0x0a, 0xd0, 0x0a, 0xfc, 0x0a,
  0xfc, 0x0a, 0x1f, 0x0b, 0x1f, 0x0b, 0x39, 0x0b, 0x39, 0x0b, 0x49, 0x0b,
  0x49, 0x0b, 0x50, 0x0b, 0x50, 0x0b, 0x4d, 0x0b, 0x4d, 0x0b, 0x40, 0x0b,
  0x40, 0x0b, 0x29, 0x0b, 0x29, 0x0b, 0x0a, 0x0b, 0x0a, 0x0b, 0xe1, 0x0a,
  0xe1, 0x0a, 0xae, 0x0a, 0xae, 0x0a, 0x73, 0x0a, 0x73, 0x0a, 0x2f, 0x0a,
  0x2f, 0x0a, 0xe3, 0x09, 0xe3, 0x09, 0x8d, 0x09, 0x8d, 0x09, 0x30, 0x09,
  0x30, 0x09, 0xcb, 0x08, 0xcb, 0x08, 0x5e, 0x08, 0x5e, 0x08, 0xea, 0x07,
  0xea, 0x07, 0x70, 0x07, 0x70, 0x07, 0xef, 0x06, 0xef, 0x06, 0x68, 0x06,
  0x68, 0x06, 0xdc, 0x05, 0xdc, 0x05, 0x4b, 0x05, 0x4b, 0x05, 0xb6, 0x04,
  0xb6, 0x04, 0x1c, 0x04, 0x1c, 0x04, 0x7f, 0x03, 0x7f, 0x03, 0xdf, 0x02,
  0xdf, 0x02, 0x3d, 0x02, 0x3d, 0x02, 0x99, 0x01, 0x99, 0x01, 0xf3, 0x00,
  0xf3, 0x00, 0x4c, 0x00, 0x4c, 0x00, 0xa5, 0xff, 0xa5, 0xff, 0xff, 0xfe,
  0xff, 0xfe, 0x59, 0xfe, 0x59, 0xfe, 0xb5, 0xfd, 0xb5, 0xfd, 0x12, 0xfd,
  0x12, 0xfd, 0x73, 0xfc, 0x73, 0xfc, 0xd6, 0xfb, 0xd6, 0xfb, 0x3d, 0xfb,
  0x3d, 0xfb, 0xa8, 0xfa, 0xa8, 0xfa, 0x18, 0xfa, 0x18, 0xfa, 0x8c, 0xf9,
  0x8c, 0xf9, 0x06, 0xf9, 0x06, 0xf9, 0x85, 0xf8, 0x85, 0xf8, 0x0c, 0xf8,
  0x0c, 0xf8, 0x98, 0xf7, 0x98, 0xf7, 0x2c, 0xf7, 0x2c, 0xf7, 0xc8, 0xf6,
  0xc8, 0xf6, 0x6b, 0xf6, 0x6b, 0xf6, 0x17, 0xf6, 0x17, 0xf6, 0xcb, 0xf5,
  0xcb, 0xf5, 0x87, 0xf5, 0x87, 0xf5, 0x4d, 0xf5, 0x4d, 0xf5, 0x1b, 0xf5,
  0x1b, 0xf5, 0xf3, 0xf4, 0xf3, 0xf4, 0xd4, 0xf4, 0xd4, 0xf4, 0xbf, 0xf4,
  0xbf, 0xf4, 0xb3, 0xf4, 0xb3, 0xf4, 0xb0, 0xf4, 0xb0, 0xf4, 0xb8, 0xf4,
  0xb8, 0xf4, 0xc9, 0xf4, 0xc9, 0xf4, 0xe3, 0xf4, 0xe3, 0xf4, 0x07, 0xf5,
  0x07, 0xf5, 0x35, 0xf5, 0x35, 0xf5, 0x6b, 0xf5, 0x6b, 0xf5, 0xab, 0xf5,
  0xab, 0xf5, 0xf3, 0xf5, 0xf3, 0xf5, 0x43, 0xf6, 0x43, 0xf6, 0x9d, 0xf6,
  0x9d, 0xf6, 0xfd, 0xf6, 0xfd, 0xf6, 0x66, 0xf7, 0x66, 0xf7, 0xd6, 0xf7,
  0xd6, 0xf7, 0x4d, 0xf8, 0x4d, 0xf8, 0xca, 0xf8, 0xca, 0xf8, 0x4d, 0xf9,
  0x4d, 0xf9, 0xd7, 0xf9, 0xd7, 0xf9, 0x65, 0xfa, 0x65, 0xfa, 0xf8, 0xfa,
  0xf8, 0xfa, 0x90, 0xfb, 0x90, 0xfb, 0x2b, 0xfc, 0x2b, 0xfc, 0xca, 0xfc,
  0xca, 0xfc, 0x6a, 0xfd, 0x6a, 0xfd, 0x0d, 0xfe, 0x0d, 0xfe, 0xb3, 0xfe,
  0xb3, 0xfe, 0x59, 0xff, 0x59, 0xff, 0x00, 0x00, 0x00, 0x00, 0xa6, 0x00,
  0xa6, 0x00, 0x4c, 0x01, 0x4c, 0x01, 0xf2, 0x01, 0xf2, 0x01, 0x95, 0x02,
  0x95, 0x02, 0x36, 0x03, 0x36, 0x03, 0xd5, 0x03, 0xd5, 0x03, 0x70, 0x04,
  0x70, 0x04, 0x07, 0x05, 0x07, 0x05, 0x9b, 0x05, 0x9b, 0x05, 0x29, 0x06,
  0x29, 0x06, 0xb2, 0x06, 0xb2, 0x06, 0x36, 0x07, 0x36, 0x07, 0xb3, 0x07,
  0xb3, 0x07, 0x2a, 0x08, 0x2a, 0x08, 0x9a, 0x08, 0x9a, 0x08, 0x02, 0x09,
  0x02, 0x09, 0x63, 0x09, 0x63, 0x09, 0xbd, 0x09, 0xbd, 0x09, 0x0d, 0x0a,
  0x0d, 0x0a, 0x55, 0x0a, 0x55, 0x0a, 0x94, 0x0a, 0x94, 0x0a, 0xcb, 0x0a,
  0xcb, 0x0a, 0xf9, 0x0a, 0xf9, 0x0a, 0x1c, 0x0b, 0x1c, 0x0b, 0x37, 0x0b,
  0x37, 0x0b, 0x48, 0x0b, 0x48, 0x0b, 0x50, 0x0b, 0x50, 0x0b, 0x4d, 0x0b,
  0x4d, 0x0b, 0x41, 0x0b, 0x41, 0x0b, 0x2c, 0x0b, 0x2c, 0x0b, 0x0d, 0x0b,
  0x0d, 0x0b, 0xe5, 0x0a, 0xe5, 0x0a, 0xb3, 0x0a, 0xb3, 0x0a, 0x79, 0x0a,
  0x79, 0x0a, 0x35, 0x0a, 0x35, 0x0a, 0xea, 0x09, 0xea, 0x09, 0x95, 0x09,
  0x95, 0x09, 0x38, 0x09, 0x38, 0x09, 0xd4, 0x08, 0xd4, 0x08, 0x68, 0x08,
  0x68, 0x08, 0xf4, 0x07, 0xf4, 0x07, 0x7b, 0x07, 0x7b, 0x07, 0xfb, 0x06,
  0xfb, 0x06, 0x74, 0x06, 0x74, 0x06, 0xe9, 0x05, 0xe9, 0x05, 0x58, 0x05,
  0x58, 0x05, 0xc4, 0x04, 0xc4, 0x04, 0x2a, 0x04, 0x2a, 0x04, 0x8d, 0x03,
  0x8d, 0x03, 0xee, 0x02, 0xee, 0x02, 0x4b, 0x02, 0x4b, 0x02, 0xa8, 0x01,
  0xa8, 0x01, 0x02, 0x01, 0x02, 0x01, 0x5b, 0x00, 0x5b, 0x00, 0xb4, 0xff,
  0xb4, 0xff, 0x0e, 0xff, 0x0e, 0xff, 0x68, 0xfe, 0x68, 0xfe, 0xc4, 0xfd,
  0xc4, 0xfd, 0x21, 0xfd, 0x21, 0xfd, 0x82, 0xfc, 0x82, 0xfc, 0xe5, 0xfb,
  0xe5, 0xfb, 0x4a, 0xfb, 0x4a, 0xfb, 0xb5, 0xfa, 0xb5, 0xfa, 0x24, 0xfa,
  0x24, 0xfa, 0x98, 0xf9, 0x98, 0xf9, 0x12, 0xf9, 0x12, 0xf9, 0x91, 0xf8,
  0x91, 0xf8, 0x16, 0xf8, 0x16, 0xf8, 0xa2, 0xf7, 0xa2, 0xf7, 0x36, 0xf7,
  0x36, 0xf7, 0xd1, 0xf6, 0xd1, 0xf6, 0x74, 0xf6, 0x74, 0xf6, 0x1e, 0xf6,
  0x1e, 0xf6, 0xd1, 0xf5, 0xd1, 0xf5, 0x8d, 0xf5, 0x8d, 0xf5, 0x52, 0xf5,
  0x52, 0xf5, 0x1f, 0xf5, 0x1f, 0xf5, 0xf6, 0xf4, 0xf6, 0xf4, 0xd7, 0xf4,
  0xd7, 0xf4, 0xc0, 0xf4, 0xc0, 0xf4, 0xb3, 0xf4, 0xb3, 0xf4, 0xb0, 0xf4,
  0xb0, 0xf4, 0xb7, 0xf4, 0xb7, 0xf4, 0xc7, 0xf4, 0xc7, 0xf4, 0xe1, 0xf4,
  0xe1, 0xf4, 0x04, 0xf5, 0x04, 0xf5, 0x30, 0xf5, 0x30, 0xf5, 0x66, 0xf5,
  0x66, 0xf5, 0xa4, 0xf5, 0xa4, 0xf5, 0xec, 0xf5, 0xec, 0xf5, 0x3c, 0xf6,
  0x3c, 0xf6, 0x94, 0xf6, 0x94, 0xf6, 0xf4, 0xf6, 0xf4, 0xf6, 0x5c, 0xf7,
  0x5c, 0xf7, 0xcb, 0xf7, 0xcb, 0xf7, 0x41, 0xf8, 0x41, 0xf8, 0xbe, 0xf8,
  0xbe, 0xf8, 0x41, 0xf9, 0x41, 0xf9, 0xca, 0xf9, 0xca, 0xf9, 0x58, 0xfa,
  0x58, 0xfa, 0xeb, 0xfa, 0xeb, 0xfa, 0x82, 0xfb, 0x82, 0xfb, 0x1c, 0xfc,
  0x1c, 0xfc, 0xbb, 0xfc, 0xbb, 0xfc, 0x5c, 0xfd, 0x5c, 0xfd, 0xff, 0xfd,
  0xff, 0xfd, 0xa3, 0xfe, 0xa3, 0xfe, 0x4a, 0xff, 0x4a, 0xff, 0xf0, 0xff,
  0xf0, 0xff, 0x97, 0x00, 0x97, 0x00, 0x3d, 0x01, 0x3d, 0x01, 0xe2, 0x01,
  0xe2, 0x01, 0x86, 0x02, 0x86, 0x02, 0x27, 0x03, 0x27, 0x03, 0xc6, 0x03,
  0xc6, 0x03, 0x62, 0x04, 0x62, 0x04, 0xf9, 0x04, 0xf9, 0x04, 0x8d, 0x05,
  0x8d, 0x05, 0x1c, 0x06, 0x1c, 0x06, 0xa5, 0x06, 0xa5, 0x06, 0x2a, 0x07,
  0x2a, 0x07, 0xa7, 0x07, 0xa7, 0x07, 0x1f, 0x08, 0x1f, 0x08, 0x90, 0x08,
  0x90, 0x08, 0xf9, 0x08, 0xf9, 0x08, 0x5b, 0x09, 0x5b, 0x09, 0xb5, 0x09,
  0xb5, 0x09, 0x06, 0x0a, 0x06, 0x0a, 0x4f, 0x0a, 0x4f, 0x0a, 0x8f, 0x0a,
  0x8f, 0x0a, 0xc6, 0x0a, 0xc6, 0x0a, 0xf4, 0x0a, 0xf4, 0x0a, 0x19, 0x0b,
  0x19, 0x0b, 0x35, 0x0b, 0x35, 0x0b, 0x46, 0x0b, 0x46, 0x0b, 0x4f, 0x0b,
  0x4f, 0x0b, 0x4d, 0x0b, 0x4d, 0x0b, 0x43, 0x0b, 0x43, 0x0b, 0x2e, 0x0b,
  0x2e, 0x0b, 0x11, 0x0b, 0x11, 0x0b, 0xe9, 0x0a, 0xe9, 0x0a, 0xb8, 0x0a,
  0xb8, 0x0a, 0x7f, 0x0a, 0x7f, 0x0a, 0x3c, 0x0a, 0x3c, 0x0a, 0xf1, 0x09,
  0xf1, 0x09, 0x9d, 0x09, 0x9d, 0x09, 0x41, 0x09, 0x41, 0x09, 0xdd, 0x08,
  0xdd, 0x08, 0x72, 0x08, 0x72, 0x08, 0x00, 0x08, 0x00, 0x08, 0x86, 0x07,
  0x86, 0x07, 0x07, 0x07, 0x07, 0x07, 0x81, 0x06, 0x81, 0x06, 0xf6, 0x05,
  0xf6, 0x05, 0x66, 0x05, 0x66, 0x05, 0xd1, 0x04, 0xd1, 0x04, 0x38, 0x04,
  0x38, 0x04, 0x9c, 0x03, 0x9c, 0x03, 0xfc, 0x02, 0xfc, 0x02, 0x5a, 0x02,
  0x5a, 0x02, 0xb6, 0x01, 0xb6, 0x01, 0x11, 0x01, 0x11, 0x01, 0x6b, 0x00,
  0x6b, 0x00, 0xc3, 0xff, 0xc3, 0xff, 0x1d, 0xff, 0x1d, 0xff, 0x78, 0xfe,
  0x78, 0xfe, 0xd3, 0xfd, 0xd3, 0xfd, 0x30, 0xfd, 0x30, 0xfd, 0x90, 0xfc,
  0x90, 0xfc, 0xf3, 0xfb, 0xf3, 0xfb, 0x59, 0xfb, 0x59, 0xfb, 0xc3, 0xfa,
  0xc3, 0xfa, 0x31, 0xfa, 0x31, 0xfa, 0xa5, 0xf9, 0xa5, 0xf9, 0x1d, 0xf9,
  0x1d, 0xf9, 0x9d, 0xf8, 0x9d, 0xf8, 0x21, 0xf8, 0x21, 0xf8, 0xad, 0xf7,
  0xad, 0xf7, 0x3f, 0xf7, 0x3f, 0xf7, 0xd9, 0xf6, 0xd9, 0xf6, 0x7b, 0xf6,
  0x7b, 0xf6, 0x26, 0xf6, 0x26, 0xf6, 0xd8, 0xf5, 0xd8, 0xf5, 0x93, 0xf5,
  0x93, 0xf5, 0x57, 0xf5, 0x57, 0xf5, 0x24, 0xf5, 0x24, 0xf5, 0xf9, 0xf4,
  0xf9, 0xf4, 0xd9, 0xf4, 0xd9, 0xf4, 0xc2, 0xf4, 0xc2, 0xf4, 0xb5, 0xf4,
  0xb5, 0xf4, 0xb0, 0xf4, 0xb0, 0xf4, 0xb6, 0xf4, 0xb6, 0xf4, 0xc6, 0xf4,
  0xc6, 0xf4, 0xde, 0xf4, 0xde, 0xf4, 0x00, 0xf5, 0x00, 0xf5, 0x2c, 0xf5,
  0x2c, 0xf5, 0x61, 0xf5, 0x61, 0xf5, 0x9e, 0xf5, 0x9e, 0xf5, 0xe5, 0xf5,
  0xe5, 0xf5, 0x34, 0xf6, 0x34, 0xf6, 0x8c, 0xf6, 0x8c, 0xf6, 0xeb, 0xf6,
  0xeb, 0xf6, 0x52, 0xf7, 0x52, 0xf7, 0xc1, 0xf7, 0xc1, 0xf7, 0x37, 0xf8,
  0x37, 0xf8, 0xb2, 0xf8, 0xb2, 0xf8, 0x35, 0xf9, 0x35, 0xf9, 0xbd, 0xf9,
  0xbd, 0xf9, 0x4b, 0xfa, 0x4b, 0xfa, 0xde, 0xfa, 0xde, 0xfa, 0x73, 0xfb,
  0x73, 0xfb, 0x0e, 0xfc, 0x0e, 0xfc, 0xac, 0xfc, 0xac, 0xfc, 0x4c, 0xfd,
  0x4c, 0xfd, 0xf1, 0xfd, 0xf1, 0xfd, 0x95, 0xfe, 0x95, 0xfe, 0x3b, 0xff,
  0x3b, 0xff, 0xe2, 0xff, 0xe2, 0xff, 0x88, 0x00, 0x88, 0x00, 0x2f, 0x01,
  0x2f, 0x01, 0xd3, 0x01, 0xd3, 0x01, 0x77, 0x02, 0x77, 0x02, 0x19, 0x03,
  0x19, 0x03, 0xb8, 0x03, 0xb8, 0x03, 0x54, 0x04, 0x54, 0x04, 0xec, 0x04,
  0xec, 0x04, 0x80, 0x05, 0x80, 0x05, 0x0f, 0x06, 0x0f, 0x06, 0x99, 0x06,
  0x99, 0x06, 0x1e, 0x07, 0x1e, 0x07, 0x9d, 0x07, 0x9d, 0x07, 0x15, 0x08,
  0x15, 0x08, 0x85, 0x08, 0x85, 0x08, 0xf0, 0x08, 0xf0, 0x08, 0x52, 0x09,
  0x52, 0x09, 0xad, 0x09, 0xad, 0x09, 0xff, 0x09, 0xff, 0x09, 0x49, 0x0a,
  0x49, 0x0a, 0x8a, 0x0a, 0x8a, 0x0a, 0xc2, 0x0a, 0xc2, 0x0a, 0xf1, 0x0a,
  0xf1, 0x0a, 0x16, 0x0b, 0x16, 0x0b, 0x33, 0x0b, 0x33, 0x0b, 0x46, 0x0b,
  0x46, 0x0b, 0x4f, 0x0b, 0x4f, 0x0b, 0x4e, 0x0b, 0x4e, 0x0b, 0x44, 0x0b,
  0x44, 0x0b, 0x30, 0x0b, 0x30, 0x0b, 0x13, 0x0b, 0x13, 0x0b, 0xed, 0x0a,
  0xed, 0x0a, 0xbd, 0x0a, 0xbd, 0x0a, 0x85, 0x0a, 0x85, 0x0a, 0x43, 0x0a,
  0x43, 0x0a, 0xf8, 0x09, 0xf8, 0x09, 0xa5, 0x09, 0xa5, 0x09, 0x4a, 0x09,
  0x4a, 0x09, 0xe7, 0x08, 0xe7, 0x08, 0x7c, 0x08, 0x7c, 0x08, 0x0a, 0x08,
  0x0a, 0x08, 0x91, 0x07, 0x91, 0x07, 0x13, 0x07, 0x13, 0x07, 0x8e, 0x06,
  0x8e, 0x06, 0x03, 0x06, 0x03, 0x06, 0x73, 0x05, 0x73, 0x05, 0xdf, 0x04,
  0xdf, 0x04, 0x46, 0x04, 0x46, 0x04, 0xaa, 0x03, 0xaa, 0x03, 0x0b, 0x03,
  0x0b, 0x03, 0x69, 0x02, 0x69, 0x02, 0xc5, 0x01, 0xc5, 0x01, 0x20, 0x01,
  0x20, 0x01, 0x7a, 0x00, 0x7a, 0x00, 0xd3, 0xff, 0xd3, 0xff, 0x2c, 0xff,
  0x2c, 0xff, 0x86, 0xfe, 0x86, 0xfe, 0xe2, 0xfd, 0xe2, 0xfd, 0x3f, 0xfd,
  0x3f, 0xfd, 0x9f, 0xfc, 0x9f, 0xfc, 0x01, 0xfc, 0x01, 0xfc, 0x67, 0xfb,
  0x67, 0xfb, 0xd0, 0xfa, 0xd0, 0xfa, 0x3e, 0xfa, 0x3e, 0xfa, 0xb2, 0xf9,
  0xb2, 0xf9, 0x29, 0xf9, 0x29, 0xf9, 0xa8, 0xf8, 0xa8, 0xf8, 0x2c, 0xf8,
  0x2c, 0xf8, 0xb7, 0xf7, 0xb7, 0xf7, 0x49, 0xf7, 0x49, 0xf7, 0xe3, 0xf6,
  0xe3, 0xf6, 0x84, 0xf6, 0x84, 0xf6, 0x2d, 0xf6, 0x2d, 0xf6, 0xde, 0xf5,
  0xde, 0xf5, 0x98, 0xf5, 0x98, 0xf5, 0x5c, 0xf5, 0x5c, 0xf5, 0x28, 0xf5,
  0x28, 0xf5, 0xfd, 0xf4, 0xfd, 0xf4, 0xdc, 0xf4, 0xdc, 0xf4, 0xc4, 0xf4,
  0xc4, 0xf4, 0xb5, 0xf4, 0xb5, 0xf4, 0xb0, 0xf4, 0xb0, 0xf4, 0xb5, 0xf4,
  0xb5, 0xf4, 0xc4, 0xf4, 0xc4, 0xf4, 0xdc, 0xf4, 0xdc, 0xf4, 0xfd, 0xf4,
  0xfd, 0xf4, 0x27, 0xf5, 0x27, 0xf5, 0x5c, 0xf5, 0x5c, 0xf5, 0x98, 0xf5,
  0x98, 0xf5, 0xde, 0xf5, 0xde, 0xf5, 0x2d, 0xf6, 0x2d, 0xf6, 0x83, 0xf6,
  0x83, 0xf6, 0xe3, 0xf6, 0xe3, 0xf6, 0x48, 0xf7, 0x48, 0xf7, 0xb7, 0xf7,
  0xb7, 0xf7, 0x2c, 0xf8, 0x2c, 0xf8, 0xa7, 0xf8, 0xa7, 0xf8, 0x29, 0xf9,
  0x29, 0xf9, 0xb1, 0xf9, 0xb1, 0xf9, 0x3e, 0xfa, 0x3e, 0xfa, 0xd0, 0xfa,
  0xd0, 0xfa, 0x66, 0xfb, 0x66, 0xfb, 0x00, 0xfc, 0x00, 0xfc, 0x9e, 0xfc,
  0x9e, 0xfc, 0x3e, 0xfd, 0x3e, 0xfd, 0xe1, 0xfd, 0xe1, 0xfd, 0x86, 0xfe,
  0x86, 0xfe, 0x2c, 0xff, 0x2c, 0xff, 0xd3, 0xff, 0xd3, 0xff, 0x79, 0x00,
  0x79, 0x00, 0x1f, 0x01, 0x1f, 0x01, 0xc5, 0x01, 0xc5, 0x01, 0x69, 0x02,
  0x69, 0x02, 0x0b, 0x03, 0x0b, 0x03, 0xaa, 0x03, 0xaa, 0x03, 0x46, 0x04,
  0x46, 0x04, 0xdf, 0x04, 0xdf, 0x04, 0x72, 0x05, 0x72, 0x05, 0x03, 0x06,
  0x03, 0x06, 0x8d, 0x06, 0x8d, 0x06, 0x12, 0x07, 0x12, 0x07, 0x91, 0x07,
  0x91, 0x07, 0x0a, 0x08, 0x0a, 0x08, 0x7b, 0x08, 0x7b, 0x08, 0xe7, 0x08,
  0xe7, 0x08, 0x4a, 0x09, 0x4a, 0x09, 0xa4, 0x09, 0xa4, 0x09, 0xf8, 0x09,
  0xf8, 0x09, 0x42, 0x0a, 0x42, 0x0a, 0x84, 0x0a, 0x84, 0x0a, 0xbd, 0x0a,
  0xbd, 0x0a, 0xed, 0x0a, 0xed, 0x0a, 0x13, 0x0b, 0x13, 0x0b, 0x30, 0x0b,
  0x30, 0x0b, 0x44, 0x0b, 0x44, 0x0b, 0x4e, 0x0b, 0x4e, 0x0b, 0x4f, 0x0b,
  0x4f, 0x0b, 0x46, 0x0b, 0x46, 0x0b, 0x33, 0x0b, 0x33, 0x0b, 0x16, 0x0b,
  0x16, 0x0b, 0xf1, 0x0a, 0xf1, 0x0a, 0xc2, 0x0a, 0xc2, 0x0a, 0x8a, 0x0a,
  0x8a, 0x0a, 0x49, 0x0a, 0x49, 0x0a, 0xff, 0x09, 0xff, 0x09, 0xad, 0x09,
  0xad, 0x09, 0x52, 0x09, 0x52, 0x09, 0xf0, 0x08, 0xf0, 0x08, 0x86, 0x08,
  0x86, 0x08, 0x15, 0x08, 0x15, 0x08, 0x9d, 0x07, 0x9d, 0x07, 0x1e, 0x07,
  0x1e, 0x07, 0x9a, 0x06, 0x9a, 0x06, 0x10, 0x06, 0x10, 0x06, 0x81, 0x05,
  0x81, 0x05, 0xed, 0x04, 0xed, 0x04, 0x54, 0x04, 0x54, 0x04, 0xb8, 0x03,
  0xb8, 0x03, 0x19, 0x03, 0x19, 0x03, 0x77, 0x02, 0x77, 0x02, 0xd4, 0x01,
  0xd4, 0x01, 0x2f, 0x01, 0x2f, 0x01, 0x88, 0x00, 0x88, 0x00, 0xe2, 0xff,
  0xe2, 0xff, 0x3b, 0xff, 0x3b, 0xff, 0x95, 0xfe, 0x95, 0xfe, 0xf1, 0xfd,
  0xf1, 0xfd, 0x4d, 0xfd, 0x4d, 0xfd, 0xad, 0xfc, 0xad, 0xfc, 0x0f, 0xfc,
  0x0f, 0xfc, 0x74, 0xfb, 0x74, 0xfb, 0xde, 0xfa, 0xde, 0xfa, 0x4c, 0xfa,
  0x4c, 0xfa, 0xbe, 0xf9, 0xbe, 0xf9, 0x36, 0xf9, 0x36, 0xf9, 0xb3, 0xf8,
  0xb3, 0xf8, 0x37, 0xf8, 0x37, 0xf8, 0xc1, 0xf7, 0xc1, 0xf7, 0x52, 0xf7,
  0x52, 0xf7, 0xec, 0xf6, 0xec, 0xf6, 0x8c, 0xf6, 0x8c, 0xf6, 0x35, 0xf6,
  0x35, 0xf6, 0xe5, 0xf5, 0xe5, 0xf5, 0x9f, 0xf5, 0x9f, 0xf5, 0x61, 0xf5,
  0x61, 0xf5, 0x2c, 0xf5, 0x2c, 0xf5, 0x00, 0xf5, 0x00, 0xf5, 0xde, 0xf4,
  0xde, 0xf4, 0xc6, 0xf4, 0xc6, 0xf4, 0xb6, 0xf4, 0xb6, 0xf4, 0xb0, 0xf4,
  0xb0, 0xf4, 0xb4, 0xf4, 0xb4, 0xf4, 0xc2, 0xf4, 0xc2, 0xf4, 0xd9, 0xf4,
  0xd9, 0xf4, 0xf9, 0xf4, 0xf9, 0xf4, 0x23, 0xf5, 0x23, 0xf5, 0x57, 0xf5,
  0x57, 0xf5, 0x93, 0xf5, 0x93, 0xf5, 0xd7, 0xf5, 0xd7, 0xf5, 0x25, 0xf6,
  0x25, 0xf6, 0x7b, 0xf6, 0x7b, 0xf6, 0xd9, 0xf6, 0xd9, 0xf6, 0x3f, 0xf7,
  0x3f, 0xf7, 0xac, 0xf7, 0xac, 0xf7, 0x21, 0xf8, 0x21, 0xf8, 0x9c, 0xf8,
  0x9c, 0xf8, 0x1d, 0xf9, 0x1d, 0xf9, 0xa4, 0xf9, 0xa4, 0xf9, 0x31, 0xfa,
  0x31, 0xfa, 0xc2, 0xfa, 0xc2, 0xfa, 0x59, 0xfb, 0x59, 0xfb, 0xf2, 0xfb,
  0xf2, 0xfb, 0x8f, 0xfc, 0x8f, 0xfc, 0x2f, 0xfd, 0x2f, 0xfd, 0xd2, 0xfd,
  0xd2, 0xfd, 0x77, 0xfe, 0x77, 0xfe, 0x1c, 0xff, 0x1c, 0xff, 0xc3, 0xff,
  0xc3, 0xff, 0x6a, 0x00, 0x6a, 0x00, 0x10, 0x01, 0x10, 0x01, 0xb6, 0x01,
  0xb6, 0x01, 0x5a, 0x02, 0x5a, 0x02, 0xfc, 0x02, 0xfc, 0x02, 0x9b, 0x03,
  0x9b, 0x03, 0x38, 0x04, 0x38, 0x04, 0xd0, 0x04, 0xd0, 0x04, 0x66, 0x05,
  0x66, 0x05, 0xf6, 0x05, 0xf6, 0x05, 0x80, 0x06, 0x80, 0x06, 0x06, 0x07,
  0x06, 0x07, 0x86, 0x07, 0x86, 0x07, 0x00, 0x08, 0x00, 0x08, 0x72, 0x08,
  0x72, 0x08, 0xdd, 0x08, 0xdd, 0x08, 0x41, 0x09, 0x41, 0x09, 0x9d, 0x09,
  0x9d, 0x09, 0xf1, 0x09, 0xf1, 0x09, 0x3c, 0x0a, 0x3c, 0x0a, 0x7e, 0x0a,
  0x7e, 0x0a, 0xb8, 0x0a, 0xb8, 0x0a, 0xe9, 0x0a, 0xe9, 0x0a, 0x10, 0x0b,
  0x10, 0x0b, 0x2e, 0x0b, 0x2e, 0x0b, 0x43, 0x0b, 0x43, 0x0b, 0x4d, 0x0b,
  0x4d, 0x0b, 0x4f, 0x0b, 0x4f, 0x0b, 0x47, 0x0b, 0x47, 0x0b, 0x35, 0x0b,
  0x35, 0x0b, 0x1a, 0x0b, 0x1a, 0x0b, 0xf5, 0x0a, 0xf5, 0x0a, 0xc6, 0x0a,
  0xc6, 0x0a, 0x8f, 0x0a, 0x8f, 0x0a, 0x50, 0x0a, 0x50, 0x0a, 0x06, 0x0a,
  0x06, 0x0a, 0xb5, 0x09, 0xb5, 0x09, 0x5b, 0x09, 0x5b, 0x09, 0xf9, 0x08,
  0xf9, 0x08, 0x90, 0x08, 0x90, 0x08, 0x20, 0x08, 0x20, 0x08, 0xa8, 0x07,
  0xa8, 0x07, 0x2a, 0x07, 0x2a, 0x07, 0xa6, 0x06, 0xa6, 0x06, 0x1d, 0x06,
  0x1d, 0x06, 0x8e, 0x05, 0x8e, 0x05, 0xfa, 0x04, 0xfa, 0x04, 0x62, 0x04,
  0x62, 0x04, 0xc7, 0x03, 0xc7, 0x03, 0x28, 0x03, 0x28, 0x03, 0x87, 0x02,
  0x87, 0x02, 0xe3, 0x01, 0xe3, 0x01, 0x3e, 0x01, 0x3e, 0x01, 0x98, 0x00,
  0x98, 0x00, 0xf1, 0xff, 0xf1, 0xff, 0x4a, 0xff, 0x4a, 0xff, 0xa4, 0xfe,
  0xa4, 0xfe, 0xff, 0xfd, 0xff, 0xfd, 0x5d, 0xfd, 0x5d, 0xfd, 0xbb, 0xfc,
  0xbb, 0xfc, 0x1d, 0xfc, 0x1d, 0xfc, 0x82, 0xfb, 0x82, 0xfb, 0xeb, 0xfa,
  0xeb, 0xfa, 0x59, 0xfa, 0x59, 0xfa, 0xca, 0xf9, 0xca, 0xf9, 0x42, 0xf9,
  0x42, 0xf9, 0xbf, 0xf8, 0xbf, 0xf8, 0x42, 0xf8, 0x42, 0xf8, 0xcc, 0xf7,
  0xcc, 0xf7, 0x5d, 0xf7, 0x5d, 0xf7, 0xf4, 0xf6, 0xf4, 0xf6, 0x94, 0xf6,
  0x94, 0xf6, 0x3c, 0xf6, 0x3c, 0xf6, 0xec, 0xf5, 0xec, 0xf5, 0xa5, 0xf5,
  0xa5, 0xf5, 0x66, 0xf5, 0x66, 0xf5, 0x30, 0xf5, 0x30, 0xf5, 0x04, 0xf5,
  0x04, 0xf5, 0xe1, 0xf4, 0xe1, 0xf4, 0xc7, 0xf4, 0xc7, 0xf4, 0xb7, 0xf4,
  0xb7, 0xf4, 0xb0, 0xf4, 0xb0, 0xf4, 0xb3, 0xf4, 0xb3, 0xf4, 0xc0, 0xf4,
  0xc0, 0xf4, 0xd7, 0xf4, 0xd7, 0xf4, 0xf6, 0xf4, 0xf6, 0xf4, 0x1f, 0xf5,
  0x1f, 0xf5, 0x52, 0xf5, 0x52, 0xf5, 0x8d, 0xf5, 0x8d, 0xf5, 0xd1, 0xf5,
  0xd1, 0xf5, 0x1d, 0xf6, 0x1d, 0xf6, 0x73, 0xf6, 0x73, 0xf6, 0xd0, 0xf6,
  0xd0, 0xf6, 0x35, 0xf7, 0x35, 0xf7, 0xa2, 0xf7, 0xa2, 0xf7, 0x16, 0xf8,
  0x16, 0xf8, 0x90, 0xf8, 0x90, 0xf8, 0x11, 0xf9, 0x11, 0xf9, 0x98, 0xf9,
  0x98, 0xf9, 0x24, 0xfa, 0x24, 0xfa, 0xb5, 0xfa, 0xb5, 0xfa, 0x4a, 0xfb,
  0x4a, 0xfb, 0xe4, 0xfb, 0xe4, 0xfb, 0x81, 0xfc, 0x81, 0xfc, 0x21, 0xfd,
  0x21, 0xfd, 0xc3, 0xfd, 0xc3, 0xfd, 0x67, 0xfe, 0x67, 0xfe, 0x0d, 0xff,
  0x0d, 0xff, 0xb4, 0xff, 0xb4, 0xff, 0x5b, 0x00, 0x5b, 0x00, 0x01, 0x01,
  0x01, 0x01, 0xa7, 0x01, 0xa7, 0x01, 0x4b, 0x02, 0x4b, 0x02, 0xee, 0x02,
  0xee, 0x02, 0x8d, 0x03, 0x8d, 0x03, 0x2a, 0x04, 0x2a, 0x04, 0xc3, 0x04,
  0xc3, 0x04, 0x58, 0x05, 0x58, 0x05, 0xe8, 0x05, 0xe8, 0x05, 0x74, 0x06,
  0x74, 0x06, 0xfa, 0x06, 0xfa, 0x06, 0x7b, 0x07, 0x7b, 0x07, 0xf4, 0x07,
  0xf4, 0x07, 0x68, 0x08, 0x68, 0x08, 0xd4, 0x08, 0xd4, 0x08, 0x38, 0x09,
  0x38, 0x09, 0x95, 0x09, 0x95, 0x09, 0xe9, 0x09, 0xe9, 0x09, 0x35, 0x0a,
  0x35, 0x0a, 0x79, 0x0a, 0x79, 0x0a, 0xb3, 0x0a, 0xb3, 0x0a, 0xe5, 0x0a,
  0xe5, 0x0a, 0x0d, 0x0b, 0x0d, 0x0b, 0x2c, 0x0b, 0x2c, 0x0b, 0x41, 0x0b,
  0x41, 0x0b, 0x4d, 0x0b, 0x4d, 0x0b, 0x50, 0x0b, 0x50, 0x0b, 0x48, 0x0b,
  0x48, 0x0b, 0x37, 0x0b, 0x37, 0x0b, 0x1d, 0x0b, 0x1d, 0x0b, 0xf9, 0x0a,
  0xf9, 0x0a, 0xcb, 0x0a, 0xcb, 0x0a, 0x95, 0x0a, 0x95, 0x0a, 0x55, 0x0a,
  0x55, 0x0a, 0x0d, 0x0a, 0x0d, 0x0a, 0xbd, 0x09, 0xbd, 0x09, 0x63, 0x09,
  0x63, 0x09, 0x03, 0x09, 0x03, 0x09, 0x9a, 0x08, 0x9a, 0x08, 0x2a, 0x08,
  0x2a, 0x08, 0xb3, 0x07, 0xb3, 0x07, 0x36, 0x07, 0x36, 0x07, 0xb3, 0x06,
  0xb3, 0x06, 0x29, 0x06, 0x29, 0x06, 0x9b, 0x05, 0x9b, 0x05, 0x08, 0x05,
  0x08, 0x05, 0x70, 0x04, 0x70, 0x04, 0xd5, 0x03, 0xd5, 0x03, 0x36, 0x03,
  0x36, 0x03, 0x96, 0x02, 0x96, 0x02, 0xf3, 0x01, 0xf3, 0x01, 0x4d, 0x01,
  0x4d, 0x01, 0xa7, 0x00, 0xa7, 0x00, 0x00, 0x00, 0x00, 0x00, 0x5a, 0xff,
  0x5a, 0xff, 0xb4, 0xfe, 0xb4, 0xfe, 0x0e, 0xfe, 0x0e, 0xfe, 0x6b, 0xfd,
  0x6b, 0xfd, 0xca, 0xfc, 0xca, 0xfc, 0x2b, 0xfc, 0x2b, 0xfc, 0x90, 0xfb,
  0x90, 0xfb, 0xf9, 0xfa, 0xf9, 0xfa, 0x65, 0xfa, 0x65, 0xfa, 0xd7, 0xf9,
  0xd7, 0xf9, 0x4e, 0xf9, 0x4e, 0xf9, 0xca, 0xf8, 0xca, 0xf8, 0x4d, 0xf8,
  0x4d, 0xf8, 0xd6, 0xf7, 0xd6, 0xf7, 0x66, 0xf7, 0x66, 0xf7, 0xfe, 0xf6,
  0xfe, 0xf6, 0x9d, 0xf6, 0x9d, 0xf6, 0x43, 0xf6, 0x43, 0xf6, 0xf3, 0xf5,
  0xf3, 0xf5, 0xab, 0xf5, 0xab, 0xf5, 0x6c, 0xf5, 0x6c, 0xf5, 0x35, 0xf5,
  0x35, 0xf5, 0x07, 0xf5, 0x07, 0xf5, 0xe4, 0xf4, 0xe4, 0xf4, 0xc9, 0xf4,
  0xc9, 0xf4, 0xb8, 0xf4, 0xb8, 0xf4, 0xb0, 0xf4, 0xb0, 0xf4, 0xb3, 0xf4,
  0xb3, 0xf4, 0xbf, 0xf4, 0xbf, 0xf4, 0xd4, 0xf4, 0xd4, 0xf4, 0xf3, 0xf4,
  0xf3, 0xf4, 0x1b, 0xf5, 0x1b, 0xf5, 0x4d, 0xf5, 0x4d, 0xf5, 0x87, 0xf5,
  0x87, 0xf5, 0xcb, 0xf5, 0xcb, 0xf5, 0x16, 0xf6, 0x16, 0xf6, 0x6b, 0xf6,
  0x6b, 0xf6, 0xc8, 0xf6, 0xc8, 0xf6, 0x2c, 0xf7, 0x2c, 0xf7, 0x98, 0xf7,
  0x98, 0xf7, 0x0c, 0xf8, 0x0c, 0xf8, 0x85, 0xf8, 0x85, 0xf8, 0x05, 0xf9,
  0x05, 0xf9, 0x8c, 0xf9, 0x8c, 0xf9, 0x17, 0xfa, 0x17, 0xfa, 0xa8, 0xfa,
  0xa8, 0xfa, 0x3c, 0xfb, 0x3c, 0xfb, 0xd6, 0xfb, 0xd6, 0xfb, 0x73, 0xfc,
  0x73, 0xfc, 0x12, 0xfd, 0x12, 0xfd, 0xb5, 0xfd, 0xb5, 0xfd, 0x58, 0xfe,
  0x58, 0xfe, 0xfe, 0xfe, 0xfe, 0xfe, 0xa5, 0xff, 0xa5, 0xff, 0x4c, 0x00,
  0x4c, 0x00, 0xf2, 0x00, 0xf2, 0x00, 0x98, 0x01, 0x98, 0x01, 0x3c, 0x02,
  0x3c, 0x02, 0xdf, 0x02, 0xdf, 0x02, 0x7e, 0x03, 0x7e, 0x03, 0x1b, 0x04,
  0x1b, 0x04, 0xb6, 0x04, 0xb6, 0x04, 0x4b, 0x05, 0x4b, 0x05, 0xdc, 0x05,
  0xdc, 0x05, 0x68, 0x06, 0x68, 0x06, 0xee, 0x06, 0xee, 0x06, 0x6f, 0x07,
  0x6f, 0x07, 0xea, 0x07, 0xea, 0x07, 0x5e, 0x08, 0x5e, 0x08, 0xca, 0x08,
  0xca, 0x08, 0x2f, 0x09, 0x2f, 0x09, 0x8c, 0x09, 0x8c, 0x09, 0xe2, 0x09,
  0xe2, 0x09, 0x2f, 0x0a, 0x2f, 0x0a, 0x73, 0x0a, 0x73, 0x0a, 0xae, 0x0a,
  0xae, 0x0a, 0xe1, 0x0a, 0xe1, 0x0a, 0x0a, 0x0b, 0x0a, 0x0b, 0x29, 0x0b,
  0x29, 0x0b, 0x40, 0x0b, 0x40, 0x0b, 0x4d, 0x0b, 0x4d, 0x0b, 0x50, 0x0b,
  0x50, 0x0b, 0x49, 0x0b, 0x49, 0x0b, 0x39, 0x0b, 0x39, 0x0b, 0x1f, 0x0b,
  0x1f, 0x0b, 0xfc, 0x0a, 0xfc, 0x0a, 0xd0, 0x0a, 0xd0, 0x0a, 0x9a, 0x0a,
  0x9a, 0x0a, 0x5c, 0x0a, 0x5c, 0x0a, 0x14, 0x0a, 0x14, 0x0a, 0xc4, 0x09,
  0xc4, 0x09, 0x6c, 0x09, 0x6c, 0x09, 0x0c, 0x09, 0x0c, 0x09, 0xa4, 0x08,
  0xa4, 0x08, 0x35, 0x08, 0x35, 0x08, 0xbf, 0x07, 0xbf, 0x07, 0x42, 0x07,
  0x42, 0x07, 0xbf, 0x06, 0xbf, 0x06, 0x36, 0x06, 0x36, 0x06, 0xa8, 0x05,
  0xa8, 0x05, 0x15, 0x05, 0x15, 0x05, 0x7e, 0x04, 0x7e, 0x04, 0xe4, 0x03,
  0xe4, 0x03, 0x45, 0x03, 0x45, 0x03, 0xa4, 0x02, 0xa4, 0x02, 0x01, 0x02,
  0x01, 0x02, 0x5d, 0x01, 0x5d, 0x01, 0xb6, 0x00, 0xb6, 0x00, 0x10, 0x00,
  0x10, 0x00, 0x69, 0xff, 0x69, 0xff, 0xc3, 0xfe, 0xc3, 0xfe, 0x1e, 0xfe,
  0x1e, 0xfe, 0x7a, 0xfd, 0x7a, 0xfd, 0xd9, 0xfc, 0xd9, 0xfc, 0x3a, 0xfc,
  0x3a, 0xfc, 0x9e, 0xfb, 0x9e, 0xfb, 0x07, 0xfb, 0x07, 0xfb, 0x73, 0xfa,
  0x73, 0xfa, 0xe4, 0xf9, 0xe4, 0xf9, 0x5b, 0xf9, 0x5b, 0xf9, 0xd6, 0xf8,
  0xd6, 0xf8, 0x59, 0xf8, 0x59, 0xf8, 0xe1, 0xf7, 0xe1, 0xf7, 0x70, 0xf7,
  0x70, 0xf7, 0x07, 0xf7, 0x07, 0xf7, 0xa5, 0xf6, 0xa5, 0xf6, 0x4b, 0xf6,
  0x4b, 0xf6, 0xfa, 0xf5, 0xfa, 0xf5, 0xb1, 0xf5, 0xb1, 0xf5, 0x71, 0xf5,
  0x71, 0xf5, 0x3a, 0xf5, 0x3a, 0xf5, 0x0c, 0xf5, 0x0c, 0xf5, 0xe7, 0xf4,
  0xe7, 0xf4, 0xcb, 0xf4, 0xcb, 0xf4, 0xba, 0xf4, 0xba, 0xf4, 0xb1, 0xf4,
  0xb1, 0xf4, 0xb3, 0xf4, 0xb3, 0xf4, 0xbd, 0xf4, 0xbd, 0xf4, 0xd2, 0xf4,
  0xd2, 0xf4, 0xef, 0xf4, 0xef, 0xf4, 0x17, 0xf5, 0x17, 0xf5, 0x48, 0xf5,
  0x48, 0xf5, 0x81, 0xf5, 0x81, 0xf5, 0xc4, 0xf5, 0xc4, 0xf5, 0x0f, 0xf6,
  0x0f, 0xf6, 0x63, 0xf6, 0x63, 0xf6, 0xbf, 0xf6, 0xbf, 0xf6, 0x23, 0xf7,
  0x23, 0xf7, 0x8e, 0xf7, 0x8e, 0xf7, 0x00, 0xf8, 0x00, 0xf8, 0x7a, 0xf8,
  0x7a, 0xf8, 0xf9, 0xf8, 0xf9, 0xf8, 0x7f, 0xf9, 0x7f, 0xf9, 0x0a, 0xfa,
  0x0a, 0xfa, 0x9a, 0xfa, 0x9a, 0xfa, 0x2f, 0xfb, 0x2f, 0xfb, 0xc8, 0xfb,
  0xc8, 0xfb, 0x64, 0xfc, 0x64, 0xfc, 0x04, 0xfd, 0x04, 0xfd, 0xa6, 0xfd,
  0xa6, 0xfd, 0x4a, 0xfe, 0x4a, 0xfe, 0xef, 0xfe, 0xef, 0xfe, 0x95, 0xff,
  0x95, 0xff, 0x3d, 0x00, 0x3d, 0x00, 0xe3, 0x00, 0xe3, 0x00, 0x88, 0x01,
  0x88, 0x01, 0x2d, 0x02, 0x2d, 0x02, 0xd0, 0x02, 0xd0, 0x02, 0x70, 0x03,
  0x70, 0x03, 0x0d, 0x04, 0x0d, 0x04, 0xa7, 0x04, 0xa7, 0x04, 0x3d, 0x05,
  0x3d, 0x05, 0xcf, 0x05, 0xcf, 0x05, 0x5b, 0x06, 0x5b, 0x06, 0xe3, 0x06,
  0xe3, 0x06, 0x63, 0x07, 0x63, 0x07, 0xdf, 0x07, 0xdf, 0x07, 0x53, 0x08,
  0x53, 0x08, 0xc1, 0x08, 0xc1, 0x08, 0x27, 0x09, 0x27, 0x09, 0x85, 0x09,
  0x85, 0x09, 0xda, 0x09, 0xda, 0x09, 0x28, 0x0a, 0x28, 0x0a, 0x6d, 0x0a,
  0x6d, 0x0a, 0xa9, 0x0a, 0xa9, 0x0a, 0xdc, 0x0a, 0xdc, 0x0a, 0x07, 0x0b,
  0x07, 0x0b, 0x27, 0x0b, 0x27, 0x0b, 0x3e, 0x0b, 0x3e, 0x0b, 0x4b, 0x0b,
  0x4b, 0x0b, 0x50, 0x0b, 0x50, 0x0b, 0x4a, 0x0b, 0x4a, 0x0b, 0x3a, 0x0b,
  0x3a, 0x0b, 0x22, 0x0b, 0x22, 0x0b, 0x00, 0x0b, 0x00, 0x0b, 0xd4, 0x0a,
  0xd4, 0x0a, 0x9f, 0x0a, 0x9f, 0x0a, 0x62, 0x0a, 0x62, 0x0a, 0x1b, 0x0a,
  0x1b, 0x0a, 0xcc, 0x09, 0xcc, 0x09, 0x74, 0x09, 0x74, 0x09, 0x15, 0x09,
  0x15, 0x09, 0xae, 0x08, 0xae, 0x08, 0x3f, 0x08, 0x3f, 0x08, 0xc9, 0x07,
  0xc9, 0x07, 0x4e, 0x07, 0x4e, 0x07, 0xcb, 0x06, 0xcb, 0x06, 0x43, 0x06,
  0x43, 0x06, 0xb5, 0x05, 0xb5, 0x05, 0x22, 0x05, 0x22, 0x05, 0x8d, 0x04,
  0x8d, 0x04, 0xf2, 0x03, 0xf2, 0x03, 0x54, 0x03, 0x54, 0x03, 0xb4, 0x02,
  0xb4, 0x02, 0x0f, 0x02, 0x0f, 0x02, 0x6b, 0x01, 0x6b, 0x01, 0xc5, 0x00,
  0xc5, 0x00, 0x1e, 0x00, 0x1e, 0x00, 0x78, 0xff, 0x78, 0xff, 0xd1, 0xfe,
  0xd1, 0xfe, 0x2d, 0xfe, 0x2d, 0xfe, 0x89, 0xfd, 0x89, 0xfd, 0xe7, 0xfc,
  0xe7, 0xfc, 0x48, 0xfc, 0x48, 0xfc, 0xac, 0xfb, 0xac, 0xfb, 0x14, 0xfb,
  0x14, 0xfb, 0x80, 0xfa, 0x80, 0xfa, 0xf1, 0xf9, 0xf1, 0xf9, 0x67, 0xf9,
  0x67, 0xf9, 0xe2, 0xf8, 0xe2, 0xf8, 0x63, 0xf8, 0x63, 0xf8, 0xeb, 0xf7,
  0xeb, 0xf7, 0x7b, 0xf7, 0x7b, 0xf7, 0x10, 0xf7, 0x10, 0xf7, 0xae, 0xf6,
  0xae, 0xf6, 0x53, 0xf6, 0x53, 0xf6, 0x01, 0xf6, 0x01, 0xf6, 0xb7, 0xf5,
  0xb7, 0xf5, 0x76, 0xf5, 0x76, 0xf5, 0x3e, 0xf5, 0x3e, 0xf5, 0x0f, 0xf5,
  0x0f, 0xf5, 0xea, 0xf4, 0xea, 0xf4, 0xcd, 0xf4, 0xcd, 0xf4, 0xba, 0xf4,
  0xba, 0xf4, 0xb1, 0xf4, 0xb1, 0xf4, 0xb2, 0xf4, 0xb2, 0xf4, 0xbc, 0xf4,
  0xbc, 0xf4, 0xd0, 0xf4, 0xd0, 0xf4, 0xed, 0xf4, 0xed, 0xf4, 0x13, 0xf5,
  0x13, 0xf5, 0x43, 0xf5, 0x43, 0xf5, 0x7b, 0xf5, 0x7b, 0xf5, 0xbd, 0xf5,
  0xbd, 0xf5, 0x08, 0xf6, 0x08, 0xf6, 0x5b, 0xf6, 0x5b, 0xf6, 0xb6, 0xf6,
  0xb6, 0xf6, 0x19, 0xf7, 0x19, 0xf7, 0x84, 0xf7, 0x84, 0xf7, 0xf6, 0xf7,
  0xf6, 0xf7, 0x6f, 0xf8, 0x6f, 0xf8, 0xed, 0xf8, 0xed, 0xf8, 0x72, 0xf9,
  0x72, 0xf9, 0xfd, 0xf9, 0xfd, 0xf9, 0x8d, 0xfa, 0x8d, 0xfa, 0x21, 0xfb,
  0x21, 0xfb, 0xba, 0xfb, 0xba, 0xfb, 0x56, 0xfc, 0x56, 0xfc, 0xf5, 0xfc,
  0xf5, 0xfc, 0x97, 0xfd, 0x97, 0xfd, 0x3b, 0xfe, 0x3b, 0xfe, 0xe0, 0xfe,
  0xe0, 0xfe, 0x86, 0xff, 0x86, 0xff, 0x2d, 0x00, 0x2d, 0x00, 0xd4, 0x00,
  0xd4, 0x00, 0x7a, 0x01, 0x7a, 0x01, 0x1e, 0x02, 0x1e, 0x02, 0xc1, 0x02,
  0xc1, 0x02, 0x61, 0x03, 0x61, 0x03, 0xff, 0x03, 0xff, 0x03, 0x99, 0x04,
  0x99, 0x04, 0x30, 0x05, 0x30, 0x05, 0xc2, 0x05, 0xc2, 0x05, 0x4e, 0x06,
  0x4e, 0x06, 0xd7, 0x06, 0xd7, 0x06, 0x58, 0x07, 0x58, 0x07, 0xd4, 0x07,
  0xd4, 0x07, 0x49, 0x08, 0x49, 0x08, 0xb7, 0x08, 0xb7, 0x08, 0x1d, 0x09,
  0x1d, 0x09, 0x7c, 0x09, 0x7c, 0x09, 0xd3, 0x09, 0xd3, 0x09, 0x22, 0x0a,
  0x22, 0x0a, 0x68, 0x0a, 0x68, 0x0a, 0xa4, 0x0a, 0xa4, 0x0a, 0xd8, 0x0a,
  0xd8, 0x0a, 0x03, 0x0b, 0x03, 0x0b, 0x24, 0x0b, 0x24, 0x0b, 0x3c, 0x0b,
  0x3c, 0x0b, 0x4b, 0x0b, 0x4b, 0x0b, 0x50, 0x0b, 0x50, 0x0b, 0x4b, 0x0b,
  0x4b, 0x0b, 0x3c, 0x0b, 0x3c, 0x0b, 0x24, 0x0b, 0x24, 0x0b, 0x03, 0x0b,
  0x03, 0x0b, 0xd9, 0x0a, 0xd9, 0x0a, 0xa4, 0x0a, 0xa4, 0x0a, 0x68, 0x0a,
  0x68, 0x0a, 0x22, 0x0a, 0x22, 0x0a, 0xd3, 0x09, 0xd3, 0x09, 0x7d, 0x09,
  0x7d, 0x09, 0x1d, 0x09, 0x1d, 0x09, 0xb8, 0x08, 0xb8, 0x08, 0x49, 0x08,
  0x49, 0x08, 0xd4, 0x07, 0xd4, 0x07, 0x59, 0x07, 0x59, 0x07, 0xd7, 0x06,
  0xd7, 0x06, 0x4f, 0x06, 0x4f, 0x06, 0xc2, 0x05, 0xc2, 0x05, 0x30, 0x05,
  0x30, 0x05, 0x9a, 0x04, 0x9a, 0x04, 0x00, 0x04, 0x00, 0x04, 0x62, 0x03,
  0x62, 0x03, 0xc2, 0x02, 0xc2, 0x02, 0x1f, 0x02, 0x1f, 0x02, 0x7a, 0x01,
  0x7a, 0x01, 0xd4, 0x00, 0xd4, 0x00, 0x2d, 0x00, 0x2d, 0x00, 0x87, 0xff,
  0x87, 0xff, 0xe1, 0xfe, 0xe1, 0xfe, 0x3b, 0xfe, 0x3b, 0xfe, 0x97, 0xfd,
  0x97, 0xfd, 0xf5, 0xfc, 0xf5, 0xfc, 0x56, 0xfc, 0x56, 0xfc, 0xba, 0xfb,
  0xba, 0xfb, 0x21, 0xfb, 0x21, 0xfb, 0x8e, 0xfa, 0x8e, 0xfa, 0xfd, 0xf9,
  0xfd, 0xf9, 0x73, 0xf9, 0x73, 0xf9, 0xee, 0xf8, 0xee, 0xf8, 0x6f, 0xf8,
  0x6f, 0xf8, 0xf6, 0xf7, 0xf6, 0xf7, 0x85, 0xf7, 0x85, 0xf7, 0x19, 0xf7,
  0x19, 0xf7, 0xb6, 0xf6, 0xb6, 0xf6, 0x5c, 0xf6, 0x5c, 0xf6, 0x08, 0xf6,
  0x08, 0xf6, 0xbe, 0xf5, 0xbe, 0xf5, 0x7c, 0xf5, 0x7c, 0xf5, 0x43, 0xf5,
  0x43, 0xf5, 0x13, 0xf5, 0x13, 0xf5, 0xed, 0xf4, 0xed, 0xf4, 0xd0, 0xf4,
  0xd0, 0xf4, 0xbc, 0xf4, 0xbc, 0xf4, 0xb2, 0xf4, 0xb2, 0xf4, 0xb1, 0xf4,
  0xb1, 0xf4, 0xba, 0xf4, 0xba, 0xf4, 0xcd, 0xf4, 0xcd, 0xf4, 0xea, 0xf4,
  0xea, 0xf4, 0x0f, 0xf5, 0x0f, 0xf5, 0x3e, 0xf5, 0x3e, 0xf5, 0x76, 0xf5,
  0x76, 0xf5, 0xb7, 0xf5, 0xb7, 0xf5, 0x01, 0xf6, 0x01, 0xf6, 0x53, 0xf6,
  0x53, 0xf6, 0xae, 0xf6, 0xae, 0xf6, 0x10, 0xf7, 0x10, 0xf7, 0x7a, 0xf7,
  0x7a, 0xf7, 0xeb, 0xf7, 0xeb, 0xf7, 0x63, 0xf8, 0x63, 0xf8, 0xe2, 0xf8,
  0xe2, 0xf8, 0x66, 0xf9, 0x66, 0xf9, 0xf0, 0xf9, 0xf0, 0xf9, 0x7f, 0xfa,
  0x7f, 0xfa, 0x13, 0xfb, 0x13, 0xfb, 0xac, 0xfb, 0xac, 0xfb, 0x48, 0xfc,
  0x48, 0xfc, 0xe7, 0xfc, 0xe7, 0xfc, 0x89, 0xfd, 0x89, 0xfd, 0x2c, 0xfe,
  0x2c, 0xfe, 0xd1, 0xfe, 0xd1, 0xfe, 0x78, 0xff, 0x78, 0xff, 0x1e, 0x00,
  0x1e, 0x00, 0xc5, 0x00, 0xc5, 0x00, 0x6b, 0x01, 0x6b, 0x01, 0x0f, 0x02,
  0x0f, 0x02, 0xb3, 0x02, 0xb3, 0x02, 0x53, 0x03, 0x53, 0x03, 0xf1, 0x03,
  0xf1, 0x03, 0x8c, 0x04, 0x8c, 0x04, 0x22, 0x05, 0x22, 0x05, 0xb4, 0x05,
  0xb4, 0x05, 0x42, 0x06, 0x42, 0x06, 0xca, 0x06, 0xca, 0x06, 0x4d, 0x07,
  0x4d, 0x07, 0xc9, 0x07, 0xc9, 0x07, 0x3f, 0x08, 0x3f, 0x08, 0xae, 0x08,
  0xae, 0x08, 0x14, 0x09, 0x14, 0x09, 0x74, 0x09, 0x74, 0x09, 0xcb, 0x09,
  0xcb, 0x09, 0x1b, 0x0a, 0x1b, 0x0a, 0x61, 0x0a, 0x61, 0x0a, 0x9f, 0x0a,
  0x9f, 0x0a, 0xd4, 0x0a, 0xd4, 0x0a, 0x00, 0x0b, 0x00, 0x0b, 0x22, 0x0b,
  0x22, 0x0b, 0x3a, 0x0b, 0x3a, 0x0b, 0x4a, 0x0b, 0x4a, 0x0b, 0x50, 0x0b,
  0x50, 0x0b, 0x4c, 0x0b, 0x4c, 0x0b, 0x3e, 0x0b, 0x3e, 0x0b, 0x27, 0x0b,
  0x27, 0x0b, 0x07, 0x0b, 0x07, 0x0b, 0xdd, 0x0a, 0xdd, 0x0a, 0xa9, 0x0a,
  0xa9, 0x0a, 0x6d, 0x0a, 0x6d, 0x0a, 0x29, 0x0a, 0x29, 0x0a, 0xdb, 0x09,
  0xdb, 0x09, 0x85, 0x09, 0x85, 0x09, 0x27, 0x09, 0x27, 0x09, 0xc1, 0x08,
  0xc1, 0x08, 0x54, 0x08, 0x54, 0x08, 0xdf, 0x07, 0xdf, 0x07, 0x64, 0x07,
  0x64, 0x07, 0xe3, 0x06, 0xe3, 0x06, 0x5c, 0x06, 0x5c, 0x06, 0xcf, 0x05,
  0xcf, 0x05, 0x3e, 0x05, 0x3e, 0x05, 0xa7, 0x04, 0xa7, 0x04, 0x0e, 0x04,
  0x0e, 0x04, 0x71, 0x03, 0x71, 0x03, 0xd1, 0x02, 0xd1, 0x02, 0x2e, 0x02,
  0x2e, 0x02, 0x89, 0x01, 0x89, 0x01, 0xe4, 0x00, 0xe4, 0x00, 0x3d, 0x00,
  0x3d, 0x00, 0x96, 0xff, 0x96, 0xff, 0xf0, 0xfe, 0xf0, 0xfe, 0x4a, 0xfe,
  0x4a, 0xfe, 0xa6, 0xfd, 0xa6, 0xfd, 0x04, 0xfd, 0x04, 0xfd, 0x65, 0xfc,
  0x65, 0xfc, 0xc8, 0xfb, 0xc8, 0xfb, 0x30, 0xfb, 0x30, 0xfb, 0x9a, 0xfa,
  0x9a, 0xfa, 0x0a, 0xfa, 0x0a, 0xfa, 0x80, 0xf9, 0x80, 0xf9, 0xfa, 0xf8,
  0xfa, 0xf8, 0x7a, 0xf8, 0x7a, 0xf8, 0x00, 0xf8, 0x00, 0xf8, 0x8e, 0xf7,
  0x8e, 0xf7, 0x23, 0xf7, 0x23, 0xf7, 0xbf, 0xf6, 0xbf, 0xf6, 0x63, 0xf6,
  0x63, 0xf6, 0x0f, 0xf6, 0x0f, 0xf6, 0xc4, 0xf5, 0xc4, 0xf5, 0x82, 0xf5,
  0x82, 0xf5, 0x48, 0xf5, 0x48, 0xf5, 0x17, 0xf5, 0x17, 0xf5, 0xf0, 0xf4,
  0xf0, 0xf4, 0xd2, 0xf4, 0xd2, 0xf4, 0xbd, 0xf4, 0xbd, 0xf4, 0xb3, 0xf4,
  0xb3, 0xf4, 0xb1, 0xf4, 0xb1, 0xf4, 0xb9, 0xf4, 0xb9, 0xf4, 0xcb, 0xf4,
  0xcb, 0xf4, 0xe6, 0xf4, 0xe6, 0xf4, 0x0b, 0xf5, 0x0b, 0xf5, 0x3a, 0xf5,
  0x3a, 0xf5, 0x71, 0xf5, 0x71, 0xf5, 0xb0, 0xf5, 0xb0, 0xf5, 0xfa, 0xf5,
  0xfa, 0xf5, 0x4b, 0xf6, 0x4b, 0xf6, 0xa5, 0xf6, 0xa5, 0xf6, 0x07, 0xf7,
  0x07, 0xf7, 0x70, 0xf7, 0x70, 0xf7, 0xe0, 0xf7, 0xe0, 0xf7, 0x58, 0xf8,
  0x58, 0xf8, 0xd6, 0xf8, 0xd6, 0xf8, 0x5a, 0xf9, 0x5a, 0xf9, 0xe3, 0xf9,
  0xe3, 0xf9, 0x72, 0xfa, 0x72, 0xfa, 0x06, 0xfb, 0x06, 0xfb, 0x9e, 0xfb,
  0x9e, 0xfb, 0x39, 0xfc, 0x39, 0xfc, 0xd8, 0xfc, 0xd8, 0xfc, 0x79, 0xfd,
  0x79, 0xfd, 0x1d, 0xfe, 0x1d, 0xfe, 0xc2, 0xfe, 0xc2, 0xfe, 0x68, 0xff,
  0x68, 0xff, 0x0f, 0x00, 0x0f, 0x00, 0xb6, 0x00, 0xb6, 0x00, 0x5c, 0x01,
  0x5c, 0x01, 0x01, 0x02, 0x01, 0x02, 0xa3, 0x02, 0xa3, 0x02, 0x45, 0x03,
  0x45, 0x03, 0xe3, 0x03, 0xe3, 0x03, 0x7e, 0x04, 0x7e, 0x04, 0x15, 0x05,
  0x15, 0x05, 0xa7, 0x05, 0xa7, 0x05, 0x36, 0x06, 0x36, 0x06, 0xbe, 0x06,
  0xbe, 0x06, 0x41, 0x07, 0x41, 0x07, 0xbe, 0x07, 0xbe, 0x07, 0x34, 0x08,
  0x34, 0x08, 0xa3, 0x08, 0xa3, 0x08, 0x0c, 0x09, 0x0c, 0x09, 0x6c, 0x09,
  0x6c, 0x09, 0xc4, 0x09, 0xc4, 0x09, 0x14, 0x0a, 0x14, 0x0a, 0x5b, 0x0a,
  0x5b, 0x0a, 0x9a, 0x0a, 0x9a, 0x0a, 0xd0, 0x0a, 0xd0, 0x0a, 0xfc, 0x0a,
  0xfc, 0x0a, 0x1f, 0x0b, 0x1f, 0x0b, 0x39, 0x0b, 0x39, 0x0b, 0x49, 0x0b,
  0x49, 0x0b, 0x50, 0x0b, 0x50, 0x0b, 0x4d, 0x0b, 0x4d, 0x0b, 0x40, 0x0b,
  0x40, 0x0b, 0x29, 0x0b, 0x29, 0x0b, 0x0a, 0x0b, 0x0a, 0x0b, 0xe1, 0x0a,
  0xe1, 0x0a, 0xae, 0x0a, 0xae, 0x0a, 0x73, 0x0a, 0x73, 0x0a, 0x2f, 0x0a,
  0x2f, 0x0a, 0xe3, 0x09, 0xe3, 0x09, 0x8d, 0x09, 0x8d, 0x09, 0x30, 0x09,
  0x30, 0x09, 0xcb, 0x08, 0xcb, 0x08, 0x5e, 0x08, 0x5e, 0x08, 0xea, 0x07,
  0xea, 0x07, 0x70, 0x07, 0x70, 0x07, 0xef, 0x06, 0xef, 0x06, 0x68, 0x06,
  0x68, 0x06, 0xdc, 0x05, 0xdc, 0x05, 0x4b, 0x05, 0x4b, 0x05, 0xb6, 0x04,
  0xb6, 0x04, 0x1c, 0x04, 0x1c, 0x04, 0x7f, 0x03, 0x7f, 0x03, 0xdf, 0x02,
  0xdf, 0x02, 0x3d, 0x02, 0x3d, 0x02, 0x99, 0x01, 0x99, 0x01, 0xf3, 0x00,
  0xf3, 0x00, 0x4c, 0x00, 0x4c, 0x00, 0xa5, 0xff, 0xa5, 0xff, 0xff, 0xfe,
  0xff, 0xfe, 0x59, 0xfe, 0x59, 0xfe, 0xb5, 0xfd, 0xb5, 0xfd, 0x12, 0xfd,
  0x12, 0xfd, 0x73, 0xfc, 0x73, 0xfc, 0xd6, 0xfb, 0xd6, 0xfb, 0x3d, 0xfb,
  0x3d, 0xfb, 0xa8, 0xfa, 0xa8, 0xfa, 0x18, 0xfa, 0x18, 0xfa, 0x8c, 0xf9,
  0x8c, 0xf9, 0x06, 0xf9, 0x06, 0xf9, 0x85, 0xf8, 0x85, 0xf8, 0x0c, 0xf8,
  0x0c, 0xf8, 0x98, 0xf7, 0x98, 0xf7, 0x2c, 0xf7, 0x2c, 0xf7, 0xc8, 0xf6,
  0xc8, 0xf6, 0x6b, 0xf6, 0x6b, 0xf6, 0x17, 0xf6, 0x17, 0xf6, 0xcb, 0xf5,
  0xcb, 0xf5, 0x87, 0xf5, 0x87, 0xf5, 0x4d, 0xf5, 0x4d, 0xf5, 0x1b, 0xf5,
  0x1b, 0xf5, 0xf3, 0xf4, 0xf3, 0xf4, 0xd4, 0xf4, 0xd4, 0xf4, 0xbf, 0xf4,
  0xbf, 0xf4, 0xb3, 0xf4, 0xb3, 0xf4, 0xb0, 0xf4, 0xb0, 0xf4, 0xb8, 0xf4,
  0xb8, 0xf4, 0xc9, 0xf4, 0xc9, 0xf4, 0xe3, 0xf4, 0xe3, 0xf4, 0x07, 0xf5,
  0x07, 0xf5, 0x35, 0xf5, 0x35, 0xf5, 0x6b, 0xf5, 0x6b, 0xf5, 0xab, 0xf5,
  0xab, 0xf5, 0xf3, 0xf5, 0xf3, 0xf5, 0x43, 0xf6, 0x43, 0xf6, 0x9d, 0xf6,
  0x9d, 0xf6, 0xfd, 0xf6, 0xfd, 0xf6, 0x66, 0xf7, 0x66, 0xf7, 0xd6, 0xf7,
  0xd6, 0xf7, 0x4d, 0xf8, 0x4d, 0xf8, 0xca, 0xf8, 0xca, 0xf8, 0x4d, 0xf9,
  0x4d, 0xf9, 0xd7, 0xf9, 0xd7, 0xf9, 0x65, 0xfa, 0x65, 0xfa, 0xf8, 0xfa,
  0xf8, 0xfa, 0x90, 0xfb, 0x90, 0xfb, 0x2b, 0xfc, 0x2b, 0xfc, 0xca, 0xfc,
  0xca, 0xfc, 0x6a, 0xfd, 0x6a, 0xfd, 0x0d, 0xfe, 0x0d, 0xfe, 0xb3, 0xfe,
  0xb3, 0xfe, 0x59, 0xff, 0x59, 0xff, 0x00, 0x00, 0x00, 0x00, 0xa6, 0x00,
  0xa6, 0x00, 0x4c, 0x01, 0x4c, 0x01, 0xf2, 0x01, 0xf2, 0x01, 0x95, 0x02,
  0x95, 0x02, 0x36, 0x03, 0x36, 0x03, 0xd5, 0x03, 0xd5, 0x03, 0x70, 0x04,
  0x70, 0x04, 0x07, 0x05, 0x07, 0x05, 0x9b, 0x05, 0x9b, 0x05, 0x29, 0x06,
  0x29, 0x06, 0xb2, 0x06, 0xb2, 0x06, 0x36, 0x07, 0x36, 0x07, 0xb3, 0x07,
  0xb3, 0x07, 0x2a, 0x08, 0x2a, 0x08, 0x9a, 0x08, 0x9a, 0x08, 0x02, 0x09,
  0x02, 0x09, 0x63, 0x09, 0x63, 0x09, 0xbd, 0x09, 0xbd, 0x09, 0x0d, 0x0a,
  0x0d, 0x0a, 0x55, 0x0a, 0x55, 0x0a, 0x94, 0x0a, 0x94, 0x0a, 0xcb, 0x0a,
  0xcb, 0x0a, 0xf9, 0x0a, 0xf9, 0x0a, 0x1c, 0x0b, 0x1c, 0x0b, 0x37, 0x0b,
  0x37, 0x0b, 0x48, 0x0b, 0x48, 0x0b, 0x50, 0x0b, 0x50, 0x0b, 0x4d, 0x0b,
  0x4d, 0x0b, 0x41, 0x0b, 0x41, 0x0b, 0x2c, 0x0b, 0x2c, 0x0b, 0x0d, 0x0b,
  0x0d, 0x0b, 0xe5, 0x0a, 0xe5, 0x0a, 0xb3, 0x0a, 0xb3, 0x0a, 0x79, 0x0a,
  0x79, 0x0a, 0x35, 0x0a, 0x35, 0x0a, 0xea, 0x09, 0xea, 0x09, 0x95, 0x09,
  0x95, 0x09, 0x38, 0x09, 0x38, 0x09, 0xd4, 0x08, 0xd4, 0x08, 0x68, 0x08,
  0x68, 0x08, 0xf4, 0x07, 0xf4, 0x07, 0x7b, 0x07, 0x7b, 0x07, 0xfb, 0x06,
  0xfb, 0x06, 0x74, 0x06, 0x74, 0x06, 0xe9, 0x05, 0xe9, 0x05, 0x58, 0x05,
  0x58, 0x05, 0xc4, 0x04, 0xc4, 0x04, 0x2a, 0x04, 0x2a, 0x04, 0x8d, 0x03,
  0x8d, 0x03, 0xee, 0x02, 0xee, 0x02, 0x4b, 0x02, 0x4b, 0x02, 0xa8, 0x01,
  0xa8, 0x01, 0x02, 0x01, 0x02, 0x01, 0x5b, 0x00, 0x5b, 0x00, 0xb4, 0xff,
  0xb4, 0xff, 0x0e, 0xff, 0x0e, 0xff, 0x68, 0xfe, 0x68, 0xfe, 0xc4, 0xfd,
  0xc4, 0xfd, 0x21, 0xfd, 0x21, 0xfd, 0x82, 0xfc, 0x82, 0xfc, 0xe5, 0xfb,
  0xe5, 0xfb, 0x4a, 0xfb, 0x4a, 0xfb, 0xb5, 0xfa, 0xb5, 0xfa, 0x24, 0xfa,
  0x24, 0xfa, 0x98, 0xf9, 0x98, 0xf9, 0x12, 0xf9, 0x12, 0xf9, 0x91, 0xf8,
  0x91, 0xf8, 0x16, 0xf8, 0x16, 0xf8, 0xa2, 0xf7, 0xa2, 0xf7, 0x36, 0xf7,
  0x36, 0xf7, 0xd1, 0xf6, 0xd1, 0xf6, 0x74, 0xf6, 0x74, 0xf6, 0x1e, 0xf6,
  0x1e, 0xf6, 0xd1, 0xf5, 0xd1, 0xf5, 0x8d, 0xf5, 0x8d, 0xf5, 0x52, 0xf5,
  0x52, 0xf5, 0x1f, 0xf5, 0x1f, 0xf5, 0xf6, 0xf4, 0xf6, 0xf4, 0xd7, 0xf4,
  0xd7, 0xf4, 0xc0, 0xf4, 0xc0, 0xf4, 0xb3, 0xf4, 0xb3, 0xf4, 0xb0, 0xf4,
  0xb0, 0xf4, 0xb7, 0xf4, 0xb7, 0xf4, 0xc7, 0xf4, 0xc7, 0xf4, 0xe1, 0xf4,
  0xe1, 0xf4, 0x04, 0xf5, 0x04, 0xf5, 0x30, 0xf5, 0x30, 0xf5, 0x66, 0xf5,
  0x66, 0xf5, 0xa4, 0xf5, 0xa4, 0xf5, 0xec, 0xf5, 0xec, 0xf5, 0x3c, 0xf6,
  0x3c, 0xf6, 0x94, 0xf6, 0x94, 0xf6, 0xf4, 0xf6, 0xf4, 0xf6, 0x5c, 0xf7,
  0x5c, 0xf7, 0xcb, 0xf7, 0xcb, 0xf7, 0x41, 0xf8, 0x41, 0xf8, 0xbe, 0xf8,
  0xbe, 0xf8, 0x41, 0xf9, 0x41, 0xf9, 0xca, 0xf9, 0xca, 0xf9, 0x58, 0xfa,
  0x58, 0xfa, 0xeb, 0xfa, 0xeb, 0xfa, 0x82, 0xfb, 0x82, 0xfb, 0x1c, 0xfc,
  0x1c, 0xfc, 0xbb, 0xfc, 0xbb, 0xfc, 0x5c, 0xfd, 0x5c, 0xfd, 0xff, 0xfd,
  0xff, 0xfd, 0xa3, 0xfe, 0xa3, 0xfe, 0x4a, 0xff, 0x4a, 0xff, 0xf0, 0xff,
  0xf0, 0xff, 0x97, 0x00, 0x97, 0x00, 0x3d, 0x01, 0x3d, 0x01, 0xe2, 0x01,
  0xe2, 0x01, 0x86, 0x02, 0x86, 0x02, 0x27, 0x03, 0x27, 0x03, 0xc6, 0x03,
  0xc6, 0x03, 0x62, 0x04, 0x62, 0x04, 0xf9, 0x04, 0xf9, 0x04, 0x8d, 0x05,
  0x8d, 0x05, 0x1c, 0x06, 0x1c, 0x06, 0xa5, 0x06, 0xa5, 0x06, 0x2a, 0x07,
  0x2a, 0x07, 0xa7, 0x07, 0xa7, 0x07, 0x1f, 0x08, 0x1f, 0x08, 0x90, 0x08,
  0x90, 0x08, 0xf9, 0x08, 0xf9, 0x08, 0x5b, 0x09, 0x5b, 0x09, 0xb5, 0x09,
  0xb5, 0x09, 0x06, 0x0a, 0x06, 0x0a, 0x4f, 0x0a, 0x4f, 0x0a, 0x8f, 0x0a,
  0x8f, 0x0a, 0xc6, 0x0a, 0xc6, 0x0a, 0xf4, 0x0a, 0xf4, 0x0a, 0x19, 0x0b,
  0x19, 0x0b, 0x35, 0x0b, 0x35, 0x0b, 0x46, 0x0b, 0x46, 0x0b, 0x4f, 0x0b,
  0x4f, 0x0b, 0x4d, 0x0b, 0x4d, 0x0b, 0x43, 0x0b, 0x43, 0x0b, 0x2e, 0x0b,
  0x2e, 0x0b, 0x11, 0x0b, 0x11, 0x0b, 0xe9, 0x0a, 0xe9, 0x0a, 0xb8, 0x0a,
  0xb8, 0x0a, 0x7f, 0x0a, 0x7f, 0x0a, 0x3c, 0x0a, 0x3c, 0x0a, 0xf1, 0x09,
  0xf1, 0x09, 0x9d, 0x09, 0x9d, 0x09, 0x41, 0x09, 0x41, 0x09, 0xdd, 0x08,
  0xdd, 0x08, 0x72, 0x08, 0x72, 0x08, 0x00, 0x08, 0x00, 0x08, 0x86, 0x07,
  0x86, 0x07, 0x07, 0x07, 0x07, 0x07, 0x81, 0x06, 0x81, 0x06, 0xf6, 0x05,
  0xf6, 0x05, 0x66, 0x05, 0x66, 0x05, 0xd1, 0x04, 0xd1, 0x04, 0x38, 0x04,
  0x38, 0x04, 0x9c, 0x03, 0x9c, 0x03, 0xfc, 0x02, 0xfc, 0x02, 0x5a, 0x02,
  0x5a, 0x02, 0xb6, 0x01, 0xb6, 0x01, 0x11, 0x01, 0x11, 0x01, 0x6b, 0x00,
  0x6b, 0x00, 0xc3, 0xff, 0xc3, 0xff, 0x1d, 0xff, 0x1d, 0xff, 0x78, 0xfe,
  0x78, 0xfe, 0xd3, 0xfd, 0xd3, 0xfd, 0x30, 0xfd, 0x30, 0xfd, 0x90, 0xfc,
  0x90, 0xfc, 0xf3, 0xfb, 0xf3, 0xfb, 0x59, 0xfb, 0x59, 0xfb, 0xc3, 0xfa,
  0xc3, 0xfa, 0x31, 0xfa, 0x31, 0xfa, 0xa5, 0xf9, 0xa5, 0xf9, 0x1d, 0xf9,
  0x1d, 0xf9, 0x9d, 0xf8, 0x9d, 0xf8, 0x21, 0xf8, 0x21, 0xf8, 0xad, 0xf7,
  0xad, 0xf7, 0x3f, 0xf7, 0x3f, 0xf7, 0xd9, 0xf6, 0xd9, 0xf6, 0x7b, 0xf6,
  0x7b, 0xf6, 0x26, 0xf6, 0x26, 0xf6, 0xd8, 0xf5, 0xd8, 0xf5, 0x93, 0xf5,
  0x93, 0xf5, 0x57, 0xf5, 0x57, 0xf5, 0x24, 0xf5, 0x24, 0xf5, 0xf9, 0xf4,
  0xf9, 0xf4, 0xd9, 0xf4, 0xd9, 0xf4, 0xc2, 0xf4, 0xc2, 0xf4, 0xb5, 0xf4,
  0xb5, 0xf4, 0xb0, 0xf4, 0xb0, 0xf4, 0xb6, 0xf4, 0xb6, 0xf4, 0xc6, 0xf4,
  0xc6, 0xf4, 0xde, 0xf4, 0xde, 0xf4, 0x00, 0xf5, 0x00, 0xf5, 0x2c, 0xf5,
  0x2c, 0xf5, 0x61, 0xf5, 0x61, 0xf5, 0x9e, 0xf5, 0x9e, 0xf5, 0xe5, 0xf5,
  0xe5, 0xf5, 0x34, 0xf6, 0x34, 0xf6, 0x8c, 0xf6, 0x8c, 0xf6, 0xeb, 0xf6,
  0xeb, 0xf6, 0x52, 0xf7, 0x52, 0xf7, 0xc1, 0xf7, 0xc1, 0xf7, 0x37, 0xf8,
  0x37, 0xf8, 0xb2, 0xf8, 0xb2, 0xf8, 0x35, 0xf9, 0x35, 0xf9, 0xbd, 0xf9,
  0xbd, 0xf9, 0x4b, 0xfa, 0x4b, 0xfa, 0xde, 0xfa, 0xde, 0xfa, 0x73, 0xfb,
  0x73, 0xfb, 0x0e, 0xfc, 0x0e, 0xfc, 0xac, 0xfc, 0xac, 0xfc, 0x4c, 0xfd,
  0x4c, 0xfd, 0xf1, 0xfd, 0xf1, 0xfd, 0x95, 0xfe, 0x95, 0xfe, 0x3b, 0xff,
  0x3b, 0xff, 0xe2, 0xff, 0xe2, 0xff, 0x88, 0x00, 0x88, 0x00, 0x2f, 0x01,
  0x2f, 0x01, 0xd3, 0x01, 0xd3, 0x01, 0x77, 0x02, 0x77, 0x02, 0x19, 0x03,
  0x19, 0x03, 0xb8, 0x03, 0xb8, 0x03, 0x54, 0x04, 0x54, 0x04, 0xec, 0x04,
  0xec, 0x04, 0x80, 0x05, 0x80, 0x05, 0x0f, 0x06, 0x0f, 0x06, 0x99, 0x06,
  0x99, 0x06, 0x1e, 0x07, 0x1e, 0x07, 0x9d, 0x07, 0x9d, 0x07, 0x15, 0x08,
  0x15, 0x08, 0x85, 0x08, 0x85, 0x08, 0xf0, 0x08, 0xf0, 0x08, 0x52, 0x09,
  0x52, 0x09, 0xad, 0x09, 0xad, 0x09, 0xff, 0x09, 0xff, 0x09, 0x49, 0x0a,
  0x49, 0x0a, 0x8a, 0x0a, 0x8a, 0x0a, 0xc2, 0x0a, 0xc2, 0x0a, 0xf1, 0x0a,
  0xf1, 0x0a, 0x16, 0x0b, 0x16, 0x0b, 0x33, 0x0b, 0x33, 0x0b, 0x46, 0x0b,
  0x46, 0x0b, 0x4f, 0x0b, 0x4f, 0x0b, 0x4e, 0x0b, 0x4e, 0x0b, 0x44, 0x0b,
  0x44, 0x0b, 0x30, 0x0b, 0x30, 0x0b, 0x13, 0x0b, 0x13, 0x0b, 0xed, 0x0a,
  0xed, 0x0a, 0xbd, 0x0a, 0xbd, 0x0a, 0x85, 0x0a, 0x85, 0x0a, 0x43, 0x0a,
  0x43, 0x0a, 0xf8, 0x09, 0xf8, 0x09, 0xa5, 0x09, 0xa5, 0x09, 0x4a, 0x09,
  0x4a, 0x09, 0xe7, 0x08, 0xe7, 0x08, 0x7c, 0x08, 0x7c, 0x08, 0x0a, 0x08,
  0x0a, 0x08, 0x91, 0x07, 0x91, 0x07, 0x13, 0x07, 0x13, 0x07, 0x8e, 0x06,
  0x8e, 0x06, 0x03, 0x06, 0x03, 0x06, 0x73, 0x05, 0x73, 0x05, 0xdf, 0x04,
  0xdf, 0x04, 0x46, 0x04, 0x46, 0x04, 0xaa, 0x03, 0xaa, 0x03, 0x0b, 0x03,
  0x0b, 0x03, 0x69, 0x02, 0x69, 0x02, 0xc5, 0x01, 0xc5, 0x01, 0x20, 0x01,
  0x20, 0x01, 0x7a, 0x00, 0x7a, 0x00, 0xd3, 0xff, 0xd3, 0xff, 0x2c, 0xff,
  0x2c, 0xff, 0x86, 0xfe, 0x86, 0xfe, 0xe2, 0xfd, 0xe2, 0xfd, 0x3f, 0xfd,
  0x3f, 0xfd, 0x9f, 0xfc, 0x9f, 0xfc, 0x01, 0xfc, 0x01, 0xfc, 0x67, 0xfb,
  0x67, 0xfb, 0xd0, 0xfa, 0xd0, 0xfa, 0x3e, 0xfa, 0x3e, 0xfa, 0xb2, 0xf9,
  0xb2, 0xf9, 0x29, 0xf9, 0x29, 0xf9, 0xa8, 0xf8, 0xa8, 0xf8, 0x2c, 0xf8,
  0x2c, 0xf8, 0xb7, 0xf7, 0xb7, 0xf7, 0x49, 0xf7, 0x49, 0xf7, 0xe3, 0xf6,
  0xe3, 0xf6, 0x84, 0xf6, 0x84, 0xf6, 0x2d, 0xf6, 0x2d, 0xf6, 0xde, 0xf5,
  0xde, 0xf5, 0x98, 0xf5, 0x98, 0xf5, 0x5c, 0xf5, 0x5c, 0xf5, 0x28, 0xf5,
  0x28, 0xf5, 0xfd, 0xf4, 0xfd, 0xf4, 0xdc, 0xf4, 0xdc, 0xf4, 0xc4, 0xf4,
  0xc4, 0xf4, 0xb5, 0xf4, 0xb5, 0xf4, 0xb0, 0xf4, 0xb0, 0xf4, 0xb5, 0xf4,
  0xb5, 0xf4, 0xc4, 0xf4, 0xc4, 0xf4, 0xdc, 0xf4, 0xdc, 0xf4, 0xfd, 0xf4,
  0xfd, 0xf4, 0x27, 0xf5, 0x27, 0xf5, 0x5c, 0xf5, 0x5c, 0xf5, 0x98, 0xf5,
  0x98, 0xf5, 0xde, 0xf5, 0xde, 0xf5, 0x2d, 0xf6, 0x2d, 0xf6, 0x83, 0xf6,
  0x83, 0xf6, 0xe3, 0xf6, 0xe3, 0xf6, 0x48, 0xf7, 0x48, 0xf7, 0xb7, 0xf7,
  0xb7, 0xf7, 0x2c, 0xf8, 0x2c, 0xf8, 0xa7, 0xf8, 0xa7, 0xf8, 0x29, 0xf9,
  0x29, 0xf9, 0xb1, 0xf9, 0xb1, 0xf9, 0x3e, 0xfa, 0x3e, 0xfa, 0xd0, 0xfa,
  0xd0, 0xfa, 0x66, 0xfb, 0x66, 0xfb, 0x00, 0xfc, 0x00, 0xfc, 0x9e, 0xfc,
  0x9e, 0xfc, 0x3e, 0xfd, 0x3e, 0xfd, 0xe1, 0xfd, 0xe1, 0xfd, 0x86, 0xfe,
  0x86, 0xfe, 0x2c, 0xff, 0x2c, 0xff, 0xd3, 0xff, 0xd3, 0xff, 0x79, 0x00,
  0x79, 0x00, 0x1f, 0x01, 0x1f, 0x01, 0xc5, 0x01, 0xc5, 0x01, 0x69, 0x02,
  0x69, 0x02, 0x0b, 0x03, 0x0b, 0x03, 0xaa, 0x03, 0xaa, 0x03, 0x46, 0x04,
  0x46, 0x04, 0xdf, 0x04, 0xdf, 0x04, 0x72, 0x05, 0x72, 0x05, 0x03, 0x06,
  0x03, 0x06, 0x8d, 0x06, 0x8d, 0x06, 0x12, 0x07, 0x12, 0x07, 0x91, 0x07,
  0x91, 0x07, 0x0a, 0x08, 0x0a, 0x08, 0x7b, 0x08, 0x7b, 0x08, 0xe7, 0x08,
  0xe7, 0x08, 0x4a, 0x09, 0x4a, 0x09, 0xa4, 0x09, 0xa4, 0x09, 0xf8, 0x09,
  0xf8, 0x09, 0x42, 0x0a, 0x42, 0x0a, 0x84, 0x0a, 0x84, 0x0a, 0xbd, 0x0a,
  0xbd, 0x0a, 0xed, 0x0a, 0xed, 0x0a, 0x13, 0x0b, 0x13, 0x0b, 0x30, 0x0b,
  0x30, 0x0b, 0x44, 0x0b, 0x44, 0x0b, 0x4e, 0x0b, 0x4e, 0x0b, 0x4f, 0x0b,
  0x4f, 0x0b, 0x46, 0x0b, 0x46, 0x0b, 0x33, 0x0b, 0x33, 0x0b, 0x16, 0x0b,
  0x16, 0x0b, 0xf1, 0x0a, 0xf1, 0x0a, 0xc2, 0x0a, 0xc2, 0x0a, 0x8a, 0x0a,
  0x8a, 0x0a, 0x49, 0x0a, 0x49, 0x0a, 0xff, 0x09, 0xff, 0x09, 0xad, 0x09,
  0xad, 0x09, 0x52, 0x09, 0x52, 0x09, 0xf0, 0x08, 0xf0, 0x08, 0x86, 0x08,
  0x86, 0x08, 0x15, 0x08, 0x15, 0x08, 0x9d, 0x07, 0x9d, 0x07, 0x1e, 0x07,
  0x1e, 0x07, 0x9a, 0x06, 0x9a, 0x06, 0x10, 0x06, 0x10, 0x06, 0x81, 0x05,
  0x81, 0x05, 0xed, 0x04, 0xed, 0x04, 0x54, 0x04, 0x54, 0x04, 0xb8, 0x03,
  0xb8, 0x03, 0x19, 0x03, 0x19, 0x03, 0x77, 0x02, 0x77, 0x02, 0xd4, 0x01,
  0xd4, 0x01, 0x2f, 0x01, 0x2f, 0x01, 0x88, 0x00, 0x88, 0x00, 0xe2, 0xff,
  0xe2, 0xff, 0x3b, 0xff, 0x3b, 0xff, 0x95, 0xfe, 0x95, 0xfe, 0xf1, 0xfd,
  0xf1, 0xfd, 0x4d, 0xfd, 0x4d, 0xfd, 0xad, 0xfc, 0xad, 0xfc, 0x0f, 0xfc,
  0x0f, 0xfc, 0x74, 0xfb, 0x74, 0xfb, 0xde, 0xfa, 0xde, 0xfa, 0x4c, 0xfa,
  0x4c, 0xfa, 0xbe, 0xf9, 0xbe, 0xf9, 0x36, 0xf9, 0x36, 0xf9, 0xb3, 0xf8,
  0xb3, 0xf8, 0x37, 0xf8, 0x37, 0xf8, 0xc1, 0xf7, 0xc1, 0xf7, 0x52, 0xf7,
  0x52, 0xf7, 0xec, 0xf6, 0xec, 0xf6, 0x8c, 0xf6, 0x8c, 0xf6, 0x35, 0xf6,
  0x35, 0xf6, 0xe5, 0xf5, 0xe5, 0xf5, 0x9f, 0xf5, 0x9f, 0xf5, 0x61, 0xf5,
  0x61, 0xf5, 0x2c, 0xf5, 0x2c, 0xf5, 0x00, 0xf5, 0x00, 0xf5, 0xde, 0xf4,
  0xde, 0xf4, 0xc6, 0xf4, 0xc6, 0xf4, 0xb6, 0xf4, 0xb6, 0xf4, 0xb0, 0xf4,
  0xb0, 0xf4, 0xb4, 0xf4, 0xb4, 0xf4, 0xc2, 0xf4, 0xc2, 0xf4, 0xd9, 0xf4,
  0xd9, 0xf4, 0xf9, 0xf4, 0xf9, 0xf4, 0x23, 0xf5, 0x23, 0xf5, 0x57, 0xf5,
  0x57, 0xf5, 0x93, 0xf5, 0x93, 0xf5, 0xd7, 0xf5, 0xd7, 0xf5, 0x25, 0xf6,
  0x25, 0xf6, 0x7b, 0xf6, 0x7b, 0xf6, 0xd9, 0xf6, 0xd9, 0xf6, 0x3f, 0xf7,
  0x3f, 0xf7, 0xac, 0xf7, 0xac, 0xf7, 0x21, 0xf8, 0x21, 0xf8, 0x9c, 0xf8,
  0x9c, 0xf8, 0x1d, 0xf9, 0x1d, 0xf9, 0xa4, 0xf9, 0xa4, 0xf9, 0x31, 0xfa,
  0x31, 0xfa, 0xc2, 0xfa, 0xc2, 0xfa, 0x59, 0xfb, 0x59, 0xfb, 0xf2, 0xfb,
  0xf2, 0xfb, 0x8f, 0xfc, 0x8f, 0xfc, 0x2f, 0xfd, 0x2f, 0xfd, 0xd2, 0xfd,
  0xd2, 0xfd, 0x77, 0xfe, 0x77, 0xfe, 0x1c, 0xff, 0x1c, 0xff, 0xc3, 0xff,
  0xc3, 0xff, 0x6a, 0x00, 0x6a, 0x00, 0x10, 0x01, 0x10, 0x01, 0xb6, 0x01,
  0xb6, 0x01, 0x5a, 0x02, 0x5a, 0x02, 0xfc, 0x02, 0xfc, 0x02, 0x9b, 0x03,
  0x9b, 0x03, 0x38, 0x04, 0x38, 0x04, 0xd0, 0x04, 0xd0, 0x04, 0x66, 0x05,
  0x66, 0x05, 0xf6, 0x05, 0xf6, 0x05, 0x80, 0x06, 0x80, 0x06, 0x06, 0x07,
  0x06, 0x07, 0x86, 0x07, 0x86, 0x07, 0x00, 0x08, 0x00, 0x08, 0x72, 0x08,
  0x72, 0x08, 0xdd, 0x08, 0xdd, 0x08, 0x41, 0x09, 0x41, 0x09, 0x9d, 0x09,
  0x9d, 0x09, 0xf1, 0x09, 0xf1, 0x09, 0x3c, 0x0a, 0x3c, 0x0a, 0x7e, 0x0a,
  0x7e, 0x0a, 0xb8, 0x0a, 0xb8, 0x0a, 0xe9, 0x0a, 0xe9, 0x0a, 0x10, 0x0b,
  0x10, 0x0b, 0x2e, 0x0b, 0x2e, 0x0b, 0x43, 0x0b, 0x43, 0x0b, 0x4d, 0x0b,
  0x4d, 0x0b, 0x4f, 0x0b, 0x4f, 0x0b, 0x47, 0x0b, 0x47, 0x0b, 0x35, 0x0b,
  0x35, 0x0b, 0x1a, 0x0b, 0x1a, 0x0b, 0xf5, 0x0a, 0xf5, 0x0a, 0xc6, 0x0a,
  0xc6, 0x0a, 0x8f, 0x0a, 0x8f, 0x0a, 0x50, 0x0a, 0x50, 0x0a, 0x06, 0x0a,
  0x06, 0x0a, 0xb5, 0x09, 0xb5, 0x09, 0x5b, 0x09, 0x5b, 0x09, 0xf9, 0x08,
  0xf9, 0x08, 0x90, 0x08, 0x90, 0x08, 0x20, 0x08, 0x20, 0x08, 0xa8, 0x07,
  0xa8, 0x07, 0x2a, 0x07, 0x2a, 0x07, 0xa6, 0x06, 0xa6, 0x06, 0x1d, 0x06,
  0x1d, 0x06, 0x8e, 0x05, 0x8e, 0x05, 0xfa, 0x04, 0xfa, 0x04, 0x62, 0x04,
  0x62, 0x04, 0xc7, 0x03, 0xc7, 0x03, 0x28, 0x03, 0x28, 0x03, 0x87, 0x02,
  0x87, 0x02, 0xe3, 0x01, 0xe3, 0x01, 0x3e, 0x01, 0x3e, 0x01, 0x98, 0x00,
  0x98, 0x00, 0xf1, 0xff, 0xf1, 0xff, 0x4a, 0xff, 0x4a, 0xff, 0xa4, 0xfe,
  0xa4, 0xfe, 0xff, 0xfd, 0xff, 0xfd, 0x5d, 0xfd, 0x5d, 0xfd, 0xbb, 0xfc,
  0xbb, 0xfc, 0x1d, 0xfc, 0x1d, 0xfc, 0x82, 0xfb, 0x82, 0xfb, 0xeb, 0xfa,
  0xeb, 0xfa, 0x59, 0xfa, 0x59, 0xfa, 0xca, 0xf9, 0xca, 0xf9, 0x42, 0xf9,
  0x42, 0xf9, 0xbf, 0xf8, 0xbf, 0xf8, 0x42, 0xf8, 0x42, 0xf8, 0xcc, 0xf7,
  0xcc, 0xf7, 0x5d, 0xf7, 0x5d, 0xf7, 0xf4, 0xf6, 0xf4, 0xf6, 0x94, 0xf6,
  0x94, 0xf6, 0x3c, 0xf6, 0x3c, 0xf6, 0xec, 0xf5, 0xec, 0xf5, 0xa5, 0xf5,
  0xa5, 0xf5, 0x66, 0xf5, 0x66, 0xf5, 0x30, 0xf5, 0x30, 0xf5, 0x04, 0xf5,
  0x04, 0xf5, 0xe1, 0xf4, 0xe1, 0xf4, 0xc7, 0xf4, 0xc7, 0xf4, 0xb7, 0xf4,
  0xb7, 0xf4, 0xb0, 0xf4, 0xb0, 0xf4, 0xb3, 0xf4, 0xb3, 0xf4, 0xc0, 0xf4,
  0xc0, 0xf4, 0xd7, 0xf4, 0xd7, 0xf4, 0xf6, 0xf4, 0xf6, 0xf4, 0x1f, 0xf5,
  0x1f, 0xf5, 0x52, 0xf5, 0x52, 0xf5, 0x8d, 0xf5, 0x8d, 0xf5, 0xd1, 0xf5,
  0xd1, 0xf5, 0x1d, 0xf6, 0x1d, 0xf6, 0x73, 0xf6, 0x73, 0xf6, 0xd0, 0xf6,
  0xd0, 0xf6, 0x35, 0xf7, 0x35, 0xf7, 0xa2, 0xf7, 0xa2, 0xf7, 0x16, 0xf8,
  0x16, 0xf8, 0x90, 0xf8, 0x90, 0xf8, 0x11, 0xf9, 0x11, 0xf9, 0x98, 0xf9,
  0x98, 0xf9, 0x24, 0xfa, 0x24, 0xfa, 0xb5, 0xfa, 0xb5, 0xfa, 0x4a, 0xfb,
  0x4a, 0xfb, 0xe4, 0xfb, 0xe4, 0xfb, 0x81, 0xfc, 0x81, 0xfc, 0x21, 0xfd,
  0x21, 0xfd, 0xc3, 0xfd, 0xc3, 0xfd, 0x67, 0xfe, 0x67, 0xfe, 0x0d, 0xff,
  0x0d, 0xff, 0xb4, 0xff, 0xb4, 0xff, 0x5b, 0x00, 0x5b, 0x00, 0x01, 0x01,
  0x01, 0x01, 0xa7, 0x01, 0xa7, 0x01, 0x4b, 0x02, 0x4b, 0x02, 0xee, 0x02,
  0xee, 0x02, 0x8d, 0x03, 0x8d, 0x03, 0x2a, 0x04, 0x2a, 0x04, 0xc3, 0x04,
  0xc3, 0x04, 0x58, 0x05, 0x58, 0x05, 0xe8, 0x05, 0xe8, 0x05, 0x74, 0x06,
  0x74, 0x06, 0xfa, 0x06, 0xfa, 0x06, 0x7b, 0x07, 0x7b, 0x07, 0xf4, 0x07,
  0xf4, 0x07, 0x68, 0x08, 0x68, 0x08, 0xd4, 0x08, 0xd4, 0x08, 0x38, 0x09,
  0x38, 0x09, 0x95, 0x09, 0x95, 0x09, 0xe9, 0x09, 0xe9, 0x09, 0x35, 0x0a,
  0x35, 0x0a, 0x79, 0x0a, 0x79, 0x0a, 0xb3, 0x0a, 0xb3, 0x0a, 0xe5, 0x0a,
  0xe5, 0x0a, 0x0d, 0x0b, 0x0d, 0x0b, 0x2c, 0x0b, 0x2c, 0x0b, 0x41, 0x0b,
  0x41, 0x0b, 0x4d, 0x0b, 0x4d, 0x0b, 0x50, 0x0b, 0x50, 0x0b, 0x48, 0x0b,
  0x48, 0x0b, 0x37, 0x0b, 0x37, 0x0b, 0x1d, 0x0b, 0x1d, 0x0b, 0xf9, 0x0a,
  0xf9, 0x0a, 0xcb, 0x0a, 0xcb, 0x0a, 0x95, 0x0a, 0x95, 0x0a, 0x55, 0x0a,
  0x55, 0x0a, 0x0d, 0x0a, 0x0d, 0x0a, 0xbd, 0x09, 0xbd, 0x09, 0x63, 0x09,
  0x63, 0x09, 0x03, 0x09, 0x03, 0x09, 0x9a, 0x08, 0x9a, 0x08, 0x2a, 0x08,
  0x2a, 0x08, 0xb3, 0x07, 0xb3, 0x07, 0x36, 0x07, 0x36, 0x07, 0xb3, 0x06,
  0xb3, 0x06, 0x29, 0x06, 0x29, 0x06, 0x9b, 0x05, 0x9b, 0x05, 0x08, 0x05,
  0x08, 0x05, 0x70, 0x04, 0x70, 0x04, 0xd5, 0x03, 0xd5, 0x03, 0x36, 0x03,
  0x36, 0x03, 0x96, 0x02, 0x96, 0x02, 0xf3, 0x01, 0xf3, 0x01, 0x4d, 0x01,
  0x4d, 0x01, 0xa7, 0x00, 0xa7, 0x00, 0x00, 0x00, 0x00, 0x00, 0x5a, 0xff,
  0x5a, 0xff, 0xb4, 0xfe, 0xb4, 0xfe, 0x0e, 0xfe, 0x0e, 0xfe, 0x6b, 0xfd,
  0x6b, 0xfd, 0xca, 0xfc, 0xca, 0xfc, 0x2b, 0xfc, 0x2b, 0xfc, 0x90, 0xfb,
  0x90, 0xfb, 0xf9, 0xfa, 0xf9, 0xfa, 0x65, 0xfa, 0x65, 0xfa, 0xd7, 0xf9,
  0xd7, 0xf9, 0x4e, 0xf9, 0x4e, 0xf9, 0xca, 0xf8, 0xca, 0xf8, 0x4d, 0xf8,
  0x4d, 0xf8, 0xd6, 0xf7, 0xd6, 0xf7, 0x66, 0xf7, 0x66, 0xf7, 0xfe, 0xf6,
  0xfe, 0xf6, 0x9d, 0xf6, 0x9d, 0xf6, 0x43, 0xf6, 0x43, 0xf6, 0xf3, 0xf5,
  0xf3, 0xf5, 0xab, 0xf5, 0xab, 0xf5, 0x6c, 0xf5, 0x6c, 0xf5, 0x35, 0xf5,
  0x35, 0xf5, 0x07, 0xf5, 0x07, 0xf5, 0xe4, 0xf4, 0xe4, 0xf4, 0xc9, 0xf4,
  0xc9, 0xf4, 0xb8, 0xf4, 0xb8, 0xf4, 0xb0, 0xf4, 0xb0, 0xf4, 0xb3, 0xf4,
  0xb3, 0xf4, 0xbf, 0xf4, 0xbf, 0xf4, 0xd4, 0xf4, 0xd4, 0xf4, 0xf3, 0xf4,
  0xf3, 0xf4, 0x1b, 0xf5, 0x1b, 0xf5, 0x4d, 0xf5, 0x4d, 0xf5, 0x87, 0xf5,
  0x87, 0xf5, 0xcb, 0xf5, 0xcb, 0xf5, 0x16, 0xf6, 0x16, 0xf6, 0x6b, 0xf6,
  0x6b, 0xf6, 0xc8, 0xf6, 0xc8, 0xf6, 0x2c, 0xf7, 0x2c, 0xf7, 0x98, 0xf7,
  0x98, 0xf7, 0x0c, 0xf8, 0x0c, 0xf8, 0x85, 0xf8, 0x85, 0xf8, 0x05, 0xf9,
  0x05, 0xf9, 0x8c, 0xf9, 0x8c, 0xf9, 0x17, 0xfa, 0x17, 0xfa, 0xa8, 0xfa,
  0xa8, 0xfa, 0x3c, 0xfb, 0x3c, 0xfb, 0xd6, 0xfb, 0xd6, 0xfb, 0x73, 0xfc,
  0x73, 0xfc, 0x12, 0xfd, 0x12, 0xfd, 0xb5, 0xfd, 0xb5, 0xfd, 0x58, 0xfe,
  0x58, 0xfe, 0xfe, 0xfe, 0xfe, 0xfe, 0xa5, 0xff, 0xa5, 0xff, 0x4c, 0x00,
  0x4c, 0x00, 0xf2, 0x00, 0xf2, 0x00, 0x98, 0x01, 0x98, 0x01, 0x3c, 0x02,
  0x3c, 0x02, 0xdf, 0x02, 0xdf, 0x02, 0x7e, 0x03, 0x7e, 0x03, 0x1b, 0x04,
  0x1b, 0x04, 0xb6, 0x04, 0xb6, 0x04, 0x4b, 0x05, 0x4b, 0x05, 0xdc, 0x05,
  0xdc, 0x05, 0x68, 0x06, 0x68, 0x06, 0xee, 0x06, 0xee, 0x06, 0x6f, 0x07,
  0x6f, 0x07, 0xea, 0x07, 0xea, 0x07, 0x5e, 0x08, 0x5e, 0x08, 0xca, 0x08,
  0xca, 0x08, 0x2f, 0x09, 0x2f, 0x09, 0x8c, 0x09, 0x8c, 0x09, 0xe2, 0x09,
  0xe2, 0x09, 0x2f, 0x0a, 0x2f, 0x0a, 0x73, 0x0a, 0x73, 0x0a, 0xae, 0x0a,
  0xae, 0x0a, 0xe1, 0x0a, 0xe1, 0x0a, 0x0a, 0x0b, 0x0a, 0x0b, 0x29, 0x0b,
  0x29, 0x0b, 0x40, 0x0b, 0x40, 0x0b, 0x4d, 0x0b, 0x4d, 0x0b, 0x50, 0x0b,
  0x50, 0x0b, 0x49, 0x0b, 0x49, 0x0b, 0x39, 0x0b, 0x39, 0x0b, 0x1f, 0x0b,
  0x1f, 0x0b, 0xfc, 0x0a, 0xfc, 0x0a, 0xd0, 0x0a, 0xd0, 0x0a, 0x9a, 0x0a,
  0x9a, 0x0a, 0x5c, 0x0a, 0x5c, 0x0a, 0x14, 0x0a, 0x14, 0x0a, 0xc4, 0x09,
  0xc4, 0x09, 0x6c, 0x09, 0x6c, 0x09, 0x0c, 0x09, 0x0c, 0x09, 0xa4, 0x08,
  0xa4, 0x08, 0x35, 0x08, 0x35, 0x08, 0xbf, 0x07, 0xbf, 0x07, 0x42, 0x07,
  0x42, 0x07, 0xbf, 0x06, 0xbf, 0x06, 0x36, 0x06, 0x36, 0x06, 0xa8, 0x05,
  0xa8, 0x05, 0x15, 0x05, 0x15, 0x05, 0x7e, 0x04, 0x7e, 0x04, 0xe4, 0x03,
  0xe4, 0x03, 0x45, 0x03, 0x45, 0x03, 0xa4, 0x02, 0xa4, 0x02, 0x01, 0x02,
  0x01, 0x02, 0x5d, 0x01, 0x5d, 0x01, 0xb6, 0x00, 0xb6, 0x00, 0x10, 0x00,
  0x10, 0x00, 0x69, 0xff, 0x69, 0xff, 0xc3, 0xfe, 0xc3, 0xfe, 0x1e, 0xfe,
  0x1e, 0xfe, 0x7a, 0xfd, 0x7a, 0xfd, 0xd9, 0xfc, 0xd9, 0xfc, 0x3a, 0xfc,
  0x3a, 0xfc, 0x9e, 0xfb, 0x9e, 0xfb, 0x07, 0xfb, 0x07, 0xfb, 0x73, 0xfa,
  0x73, 0xfa, 0xe4, 0xf9, 0xe4, 0xf9, 0x5b, 0xf9, 0x5b, 0xf9, 0xd6, 0xf8,
  0xd6, 0xf8, 0x59, 0xf8, 0x59, 0xf8, 0xe1, 0xf7, 0xe1, 0xf7, 0x70, 0xf7,
  0x70, 0xf7, 0x07, 0xf7, 0x07, 0xf7, 0xa5, 0xf6, 0xa5, 0xf6, 0x4b, 0xf6,
  0x4b, 0xf6, 0xfa, 0xf5, 0xfa, 0xf5, 0xb1, 0xf5, 0xb1, 0xf5, 0x71, 0xf5,
  0x71, 0xf5, 0x3a, 0xf5, 0x3a, 0xf5, 0x0c, 0xf5, 0x0c, 0xf5, 0xe7, 0xf4,
  0xe7, 0xf4, 0xcb, 0xf4, 0xcb, 0xf4, 0xba, 0xf4, 0xba, 0xf4, 0xb1, 0xf4,
  0xb1, 0xf4, 0xb3, 0xf4, 0xb3, 0xf4, 0xbd, 0xf4, 0xbd, 0xf4, 0xd2, 0xf4,
  0xd2, 0xf4, 0xef, 0xf4, 0xef, 0xf4, 0x17, 0xf5, 0x17, 0xf5, 0x48, 0xf5,
  0x48, 0xf5, 0x81, 0xf5, 0x81, 0xf5, 0xc4, 0xf5, 0xc4, 0xf5, 0x0f, 0xf6,
  0x0f, 0xf6, 0x63, 0xf6, 0x63, 0xf6, 0xbf, 0xf6, 0xbf, 0xf6, 0x23, 0xf7,
  0x23, 0xf7, 0x8e, 0xf7, 0x8e, 0xf7, 0x00, 0xf8, 0x00, 0xf8, 0x7a, 0xf8,
  0x7a, 0xf8, 0xf9, 0xf8, 0xf9, 0xf8, 0x7f, 0xf9, 0x7f, 0xf9, 0x0a, 0xfa,
  0x0a, 0xfa, 0x9a, 0xfa, 0x9a, 0xfa, 0x2f, 0xfb, 0x2f, 0xfb, 0xc8, 0xfb,
  0xc8, 0xfb, 0x64, 0xfc, 0x64, 0xfc, 0x04, 0xfd, 0x04, 0xfd, 0xa6, 0xfd,
  0xa6, 0xfd, 0x4a, 0xfe, 0x4a, 0xfe, 0xef, 0xfe, 0xef, 0xfe, 0x95, 0xff,
  0x95, 0xff, 0x3d, 0x00, 0x3d, 0x00, 0xe3, 0x00, 0xe3, 0x00, 0x88, 0x01,
  0x88, 0x01, 0x2d, 0x02, 0x2d, 0x02, 0xd0, 0x02, 0xd0, 0x02, 0x70, 0x03,
  0x70, 0x03, 0x0d, 0x04, 0x0d, 0x04, 0xa7, 0x04, 0xa7, 0x04, 0x3d, 0x05,
  0x3d, 0x05, 0xcf, 0x05, 0xcf, 0x05, 0x5b, 0x06, 0x5b, 0x06, 0xe3, 0x06,
  0xe3, 0x06, 0x63, 0x07, 0x63, 0x07, 0xdf, 0x07, 0xdf, 0x07, 0x53, 0x08,
  0x53, 0x08, 0xc1, 0x08, 0xc1, 0x08, 0x27, 0x09, 0x27, 0x09, 0x85, 0x09,
  0x85, 0x09, 0xda, 0x09, 0xda, 0x09, 0x28, 0x0a, 0x28, 0x0a, 0x6d, 0x0a,
  0x6d, 0x0a, 0xa9, 0x0a, 0xa9, 0x0a, 0xdc, 0x0a, 0xdc, 0x0a, 0x07, 0x0b,
  0x07, 0x0b, 0x27, 0x0b, 0x27, 0x0b, 0x3e, 0x0b, 0x3e, 0x0b, 0x4b, 0x0b,
  0x4b, 0x0b, 0x50, 0x0b, 0x50, 0x0b, 0x4a, 0x0b, 0x4a, 0x0b, 0x3a, 0x0b,
  0x3a, 0x0b, 0x22, 0x0b, 0x22, 0x0b, 0x00, 0x0b, 0x00, 0x0b, 0xd4, 0x0a,
  0xd4, 0x0a, 0x9f, 0x0a, 0x9f, 0x0a, 0x62, 0x0a, 0x62, 0x0a, 0x1b, 0x0a,
  0x1b, 0x0a, 0xcc, 0x09, 0xcc, 0x09, 0x74, 0x09, 0x74, 0x09, 0x15, 0x09,
  0x15, 0x09, 0xae, 0x08, 0xae, 0x08, 0x3f, 0x08, 0x3f, 0x08, 0xc9, 0x07,
  0xc9, 0x07, 0x4e, 0x07, 0x4e, 0x07, 0xcb, 0x06, 0xcb, 0x06, 0x43, 0x06,
  0x43, 0x06, 0xb5, 0x05, 0xb5, 0x05, 0x22, 0x05, 0x22, 0x05, 0x8d, 0x04,
  0x8d, 0x04, 0xf2, 0x03, 0xf2, 0x03, 0x54, 0x03, 0x54, 0x03, 0xb4, 0x02,
  0xb4, 0x02, 0x0f, 0x02, 0x0f, 0x02, 0x6b, 0x01, 0x6b, 0x01, 0xc5, 0x00,
  0xc5, 0x00, 0x1e, 0x00, 0x1e, 0x00, 0x78, 0xff, 0x78, 0xff, 0xd1, 0xfe,
  0xd1, 0xfe, 0x2d, 0xfe, 0x2d, 0xfe, 0x89, 0xfd, 0x89, 0xfd, 0xe7, 0xfc,
  0xe7, 0xfc, 0x48, 0xfc, 0x48, 0xfc, 0xac, 0xfb, 0xac, 0xfb, 0x14, 0xfb,
  0x14, 0xfb, 0x80, 0xfa, 0x80, 0xfa, 0xf1, 0xf9, 0xf1, 0xf9, 0x67, 0xf9,
  0x67, 0xf9, 0xe2, 0xf8, 0xe2, 0xf8, 0x63, 0xf8, 0x63, 0xf8, 0xeb, 0xf7,
  0xeb, 0xf7, 0x7b, 0xf7, 0x7b, 0xf7, 0x10, 0xf7, 0x10, 0xf7, 0xae, 0xf6,
  0xae, 0xf6, 0x53, 0xf6, 0x53, 0xf6, 0x01, 0xf6, 0x01, 0xf6, 0xb7, 0xf5,
  0xb7, 0xf5, 0x76, 0xf5, 0x76, 0xf5, 0x3e, 0xf5, 0x3e, 0xf5, 0x0f, 0xf5,
  0x0f, 0xf5, 0xea, 0xf4, 0xea, 0xf4, 0xcd, 0xf4, 0xcd, 0xf4, 0xba, 0xf4,
  0xba, 0xf4, 0xb1, 0xf4, 0xb1, 0xf4, 0xb2, 0xf4, 0xb2, 0xf4, 0xbc, 0xf4,
  0xbc, 0xf4, 0xd0, 0xf4, 0xd0, 0xf4, 0xed, 0xf4, 0xed, 0xf4, 0x13, 0xf5,
  0x13, 0xf5, 0x43, 0xf5, 0x43, 0xf5, 0x7b, 0xf5, 0x7b, 0xf5, 0xbd, 0xf5,
  0xbd, 0xf5, 0x08, 0xf6, 0x08, 0xf6, 0x5b, 0xf6, 0x5b, 0xf6, 0xb6, 0xf6,
  0xb6, 0xf6, 0x19, 0xf7, 0x19, 0xf7, 0x84, 0xf7, 0x84, 0xf7, 0xf6, 0xf7,
  0xf6, 0xf7, 0x6f, 0xf8, 0x6f, 0xf8, 0xed, 0xf8, 0xed, 0xf8, 0x72, 0xf9,
  0x72, 0xf9, 0xfd, 0xf9, 0xfd, 0xf9, 0x8d, 0xfa, 0x8d, 0xfa, 0x21, 0xfb,
  0x21, 0xfb, 0xba, 0xfb, 0xba, 0xfb, 0x56, 0xfc, 0x56, 0xfc, 0xf5, 0xfc,
  0xf5, 0xfc, 0x97, 0xfd, 0x97, 0xfd, 0x3b, 0xfe, 0x3b, 0xfe, 0xe0, 0xfe,
  0xe0, 0xfe, 0x86, 0xff, 0x86, 0xff, 0x2d, 0x00, 0x2d, 0x00, 0xd4, 0x00,
  0xd4, 0x00, 0x7a, 0x01, 0x7a, 0x01, 0x1e, 0x02, 0x1e, 0x02, 0xc1, 0x02,
  0xc1, 0x02, 0x61, 0x03, 0x61, 0x03, 0xff, 0x03, 0xff, 0x03, 0x99, 0x04,
  0x99, 0x04, 0x30, 0x05, 0x30, 0x05, 0xc2, 0x05, 0xc2, 0x05, 0x4e, 0x06,
  0x4e, 0x06, 0xd7, 0x06, 0xd7, 0x06, 0x58, 0x07, 0x58, 0x07, 0xd4, 0x07,
  0xd4, 0x07, 0x49, 0x08, 0x49, 0x08, 0xb7, 0x08, 0xb7, 0x08, 0x1d, 0x09,
  0x1d, 0x09, 0x7c, 0x09, 0x7c, 0x09, 0xd3, 0x09, 0xd3, 0x09, 0x22, 0x0a,
  0x22, 0x0a, 0x68, 0x0a, 0x68, 0x0a, 0xa4, 0x0a, 0xa4, 0x0a, 0xd8, 0x0a,
  0xd8, 0x0a, 0x03, 0x0b, 0x03, 0x0b, 0x24, 0x0b, 0x24, 0x0b, 0x3c, 0x0b,
  0x3c, 0x0b, 0x4b, 0x0b, 0x4b, 0x0b, 0x50, 0x0b, 0x50, 0x0b, 0x4b, 0x0b,
  0x4b, 0x0b, 0x3c, 0x0b, 0x3c, 0x0b, 0x24, 0x0b, 0x24, 0x0b, 0x03, 0x0b,
  0x03, 0x0b, 0xd9, 0x0a, 0xd9, 0x0a, 0xa4, 0x0a, 0xa4, 0x0a, 0x68, 0x0a,
  0x68, 0x0a, 0x22, 0x0a, 0x22, 0x0a, 0xd3, 0x09, 0xd3, 0x09, 0x7d, 0x09,
  0x7d, 0x09, 0x1d, 0x09, 0x1d, 0x09, 0xb8, 0x08, 0xb8, 0x08, 0x49, 0x08,
  0x49, 0x08, 0xd4, 0x07, 0xd4, 0x07, 0x59, 0x07, 0x59, 0x07, 0xd7, 0x06,
  0xd7, 0x06, 0x4f, 0x06, 0x4f, 0x06, 0xc2, 0x05, 0xc2, 0x05, 0x30, 0x05,
  0x30, 0x05, 0x9a, 0x04, 0x9a, 0x04, 0x00, 0x04, 0x00, 0x04, 0x62, 0x03,
  0x62, 0x03, 0xc2, 0x02, 0xc2, 0x02, 0x1f, 0x02, 0x1f, 0x02, 0x7a, 0x01,
  0x7a, 0x01, 0xd4, 0x00, 0xd4, 0x00, 0x2d, 0x00, 0x2d, 0x00, 0x87, 0xff,
  0x87, 0xff, 0xe1, 0xfe, 0xe1, 0xfe, 0x3b, 0xfe, 0x3b, 0xfe, 0x97, 0xfd,
  0x97, 0xfd, 0xf5, 0xfc, 0xf5, 0xfc, 0x56, 0xfc, 0x56, 0xfc, 0xba, 0xfb,
  0xba, 0xfb, 0x21, 0xfb, 0x21, 0xfb, 0x8e, 0xfa, 0x8e, 0xfa, 0xfd, 0xf9,
  0xfd, 0xf9, 0x73, 0xf9, 0x73, 0xf9, 0xee, 0xf8, 0xee, 0xf8, 0x6f, 0xf8,
  0x6f, 0xf8, 0xf6, 0xf7, 0xf6, 0xf7, 0x85, 0xf7, 0x85, 0xf7, 0x19, 0xf7,
  0x19, 0xf7, 0xb6, 0xf6, 0xb6, 0xf6, 0x5c, 0xf6, 0x5c, 0xf6, 0x08, 0xf6,
  0x08, 0xf6, 0xbe, 0xf5, 0xbe, 0xf5, 0x7c, 0xf5, 0x7c, 0xf5, 0x43, 0xf5,
  0x43, 0xf5, 0x13, 0xf5, 0x13, 0xf5, 0xed, 0xf4, 0xed, 0xf4, 0xd0, 0xf4,
  0xd0, 0xf4, 0xbc, 0xf4, 0xbc, 0xf4, 0xb2, 0xf4, 0xb2, 0xf4, 0xb1, 0xf4,
  0xb1, 0xf4, 0xba, 0xf4, 0xba, 0xf4, 0xcd, 0xf4, 0xcd, 0xf4, 0xea, 0xf4,
  0xea, 0xf4, 0x0f, 0xf5, 0x0f, 0xf5, 0x3e, 0xf5, 0x3e, 0xf5, 0x76, 0xf5,
  0x76, 0xf5, 0xb7, 0xf5, 0xb7, 0xf5, 0x01, 0xf6, 0x01, 0xf6, 0x53, 0xf6,
  0x53, 0xf6, 0xae, 0xf6, 0xae, 0xf6, 0x10, 0xf7, 0x10, 0xf7, 0x7a, 0xf7,
  0x7a, 0xf7, 0xeb, 0xf7, 0xeb, 0xf7, 0x63, 0xf8, 0x63, 0xf8, 0xe2, 0xf8,
  0xe2, 0xf8, 0x66, 0xf9, 0x66, 0xf9, 0xf0, 0xf9, 0xf0, 0xf9, 0x7f, 0xfa,
  0x7f, 0xfa, 0x13, 0xfb, 0x13, 0xfb, 0xac, 0xfb, 0xac, 0xfb, 0x48, 0xfc,
  0x48, 0xfc, 0xe7, 0xfc, 0xe7, 0xfc, 0x89, 0xfd, 0x89, 0xfd, 0x2c, 0xfe,
  0x2c, 0xfe, 0xd1, 0xfe, 0xd1, 0xfe, 0x78, 0xff, 0x78, 0xff, 0x1e, 0x00,
  0x1e, 0x00, 0xc5, 0x00, 0xc5, 0x00, 0x6b, 0x01, 0x6b, 0x01, 0x0f, 0x02,
  0x0f, 0x02, 0xb3, 0x02, 0xb3, 0x02, 0x53, 0x03, 0x53, 0x03, 0xf1, 0x03,
  0xf1, 0x03, 0x8c, 0x04, 0x8c, 0x04, 0x22, 0x05, 0x22, 0x05, 0xb4, 0x05,
  0xb4, 0x05, 0x42, 0x06, 0x42, 0x06, 0xca, 0x06, 0xca, 0x06, 0x4d, 0x07,
  0x4d, 0x07, 0xc9, 0x07, 0xc9, 0x07, 0x3f, 0x08, 0x3f, 0x08, 0xae, 0x08,
  0xae, 0x08, 0x14, 0x09, 0x14, 0x09, 0x74, 0x09, 0x74, 0x09, 0xcb, 0x09,
  0xcb, 0x09, 0x1b, 0x0a, 0x1b, 0x0a, 0x61, 0x0a, 0x61, 0x0a, 0x9f, 0x0a,
  0x9f, 0x0a, 0xd4, 0x0a, 0xd4, 0x0a, 0x00, 0x0b, 0x00, 0x0b, 0x22, 0x0b,
  0x22, 0x0b, 0x3a, 0x0b, 0x3a, 0x0b, 0x4a, 0x0b, 0x4a, 0x0b, 0x50, 0x0b,
  0x50, 0x0b, 0x4c, 0x0b, 0x4c, 0x0b, 0x3e, 0x0b, 0x3e, 0x0b, 0x27, 0x0b,
  0x27, 0x0b, 0x07, 0x0b, 0x07, 0x0b, 0xdd, 0x0a, 0xdd, 0x0a, 0xa9, 0x0a,
  0xa9, 0x0a, 0x6d, 0x0a, 0x6d, 0x0a, 0x29, 0x0a, 0x29, 0x0a, 0xdb, 0x09,
  0xdb, 0x09, 0x85, 0x09, 0x85, 0x09, 0x27, 0x09, 0x27, 0x09, 0xc1, 0x08,
  0xc1, 0x08, 0x54, 0x08, 0x54, 0x08, 0xdf, 0x07, 0xdf, 0x07, 0x64, 0x07,
  0x64, 0x07, 0xe3, 0x06, 0xe3, 0x06, 0x5c, 0x06, 0x5c, 0x06, 0xcf, 0x05,
  0xcf, 0x05, 0x3e, 0x05, 0x3e, 0x05, 0xa7, 0x04, 0xa7, 0x04, 0x0e, 0x04,
  0x0e, 0x04, 0x71, 0x03, 0x71, 0x03, 0xd1, 0x02, 0xd1, 0x02, 0x2e, 0x02,
  0x2e, 0x02, 0x89, 0x01, 0x89, 0x01, 0xe4, 0x00, 0xe4, 0x00, 0x3d, 0x00,
  0x3d, 0x00, 0x96, 0xff, 0x96, 0xff, 0xf0, 0xfe, 0xf0, 0xfe, 0x4a, 0xfe,
  0x4a, 0xfe, 0xa6, 0xfd, 0xa6, 0xfd, 0x04, 0xfd, 0x04, 0xfd, 0x65, 0xfc,
  0x65, 0xfc, 0xc8, 0xfb, 0xc8, 0xfb, 0x30, 0xfb, 0x30, 0xfb, 0x9a, 0xfa,
  0x9a, 0xfa, 0x0a, 0xfa, 0x0a, 0xfa, 0x80, 0xf9, 0x80, 0xf9, 0xfa, 0xf8,
  0xfa, 0xf8, 0x7a, 0xf8, 0x7a, 0xf8, 0x00, 0xf8, 0x00, 0xf8, 0x8e, 0xf7,
  0x8e, 0xf7, 0x23, 0xf7, 0x23, 0xf7, 0xbf, 0xf6, 0xbf, 0xf6, 0x63, 0xf6,
  0x63, 0xf6, 0x0f, 0xf6, 0x0f, 0xf6, 0xc4, 0xf5, 0xc4, 0xf5, 0x82, 0xf5,
  0x82, 0xf5, 0x48, 0xf5, 0x48, 0xf5, 0x17, 0xf5, 0x17, 0xf5, 0xf0, 0xf4,
  0xf0, 0xf4, 0xd2, 0xf4, 0xd2, 0xf4, 0xbd, 0xf4, 0xbd, 0xf4, 0xb3, 0xf4,
  0xb3, 0xf4, 0xb1, 0xf4, 0xb1, 0xf4, 0xb9, 0xf4, 0xb9, 0xf4, 0xcb, 0xf4,
  0xcb, 0xf4, 0xe6, 0xf4, 0xe6, 0xf4, 0x0b, 0xf5, 0x0b, 0xf5, 0x3a, 0xf5,
  0x3a, 0xf5, 0x71, 0xf5, 0x71, 0xf5, 0xb0, 0xf5, 0xb0, 0xf5, 0xfa, 0xf5,
  0xfa, 0xf5, 0x4b, 0xf6, 0x4b, 0xf6, 0xa5, 0xf6, 0xa5, 0xf6, 0x07, 0xf7,
  0x07, 0xf7, 0x70, 0xf7, 0x70, 0xf7, 0xe0, 0xf7, 0xe0, 0xf7, 0x58, 0xf8,
  0x58, 0xf8, 0xd6, 0xf8, 0xd6, 0xf8, 0x5a, 0xf9, 0x5a, 0xf9, 0xe3, 0xf9,
  0xe3, 0xf9, 0x72, 0xfa, 0x72, 0xfa, 0x06, 0xfb, 0x06, 0xfb, 0x9e, 0xfb,
  0x9e, 0xfb, 0x39, 0xfc, 0x39, 0xfc, 0xd8, 0xfc, 0xd8, 0xfc, 0x79, 0xfd,
  0x79, 0xfd, 0x1d, 0xfe, 0x1d, 0xfe, 0xc2, 0xfe, 0xc2, 0xfe, 0x68, 0xff,
  0x68, 0xff, 0x0f, 0x00, 0x0f, 0x00, 0xb6, 0x00, 0xb6, 0x00, 0x5c, 0x01,
  0x5c, 0x01, 0x01, 0x02, 0x01, 0x02, 0xa3, 0x02, 0xa3, 0x02, 0x45, 0x03,
  0x45, 0x03, 0xe3, 0x03, 0xe3, 0x03, 0x7e, 0x04, 0x7e, 0x04, 0x15, 0x05,
  0x15, 0x05, 0xa7, 0x05, 0xa7, 0x05, 0x36, 0x06, 0x36, 0x06, 0xbe, 0x06,
  0xbe, 0x06, 0x41, 0x07, 0x41, 0x07, 0xbe, 0x07, 0xbe, 0x07, 0x34, 0x08,
  0x34, 0x08, 0xa3, 0x08, 0xa3, 0x08, 0x0c, 0x09, 0x0c, 0x09, 0x6c, 0x09,
  0x6c, 0x09, 0xc4, 0x09, 0xc4, 0x09, 0x14, 0x0a, 0x14, 0x0a, 0x5b, 0x0a,
  0x5b, 0x0a, 0x9a, 0x0a, 0x9a, 0x0a, 0xd0, 0x0a, 0xd0, 0x0a, 0xfc, 0x0a,
  0xfc, 0x0a, 0x1f, 0x0b, 0x1f, 0x0b, 0x39, 0x0b, 0x39, 0x0b, 0x49, 0x0b,
  0x49, 0x0b, 0x50, 0x0b, 0x50, 0x0b, 0x4d, 0x0b, 0x4d, 0x0b, 0x40, 0x0b,
  0x40, 0x0b, 0x29, 0x0b, 0x29, 0x0b, 0x0a, 0x0b, 0x0a, 0x0b, 0xe1, 0x0a,
  0xe1, 0x0a, 0xae, 0x0a, 0xae, 0x0a, 0x73, 0x0a, 0x73, 0x0a, 0x2f, 0x0a,
  0x2f, 0x0a, 0xe3, 0x09, 0xe3, 0x09, 0x8d, 0x09, 0x8d, 0x09, 0x30, 0x09,
  0x30, 0x09, 0xcb, 0x08, 0xcb, 0x08, 0x5e, 0x08, 0x5e, 0x08, 0xea, 0x07,
  0xea, 0x07, 0x70, 0x07, 0x70, 0x07, 0xef, 0x06, 0xef, 0x06, 0x68, 0x06,
  0x68, 0x06, 0xdc, 0x05, 0xdc, 0x05, 0x4b, 0x05, 0x4b, 0x05, 0xb6, 0x04,
  0xb6, 0x04, 0x1c, 0x04, 0x1c, 0x04, 0x7f, 0x03, 0x7f, 0x03, 0xdf, 0x02,
  0xdf, 0x02, 0x3d, 0x02, 0x3d, 0x02, 0x99, 0x01, 0x99, 0x01, 0xf3, 0x00,
  0xf3, 0x00, 0x4c, 0x00, 0x4c, 0x00, 0xa5, 0xff, 0xa5, 0xff, 0xff, 0xfe,
  0xff, 0xfe, 0x59, 0xfe, 0x59, 0xfe, 0xb5, 0xfd, 0xb5, 0xfd, 0x12, 0xfd,
  0x12, 0xfd, 0x73, 0xfc, 0x73, 0xfc, 0xd6, 0xfb, 0xd6, 0xfb, 0x3d, 0xfb,
  0x3d, 0xfb, 0xa8, 0xfa, 0xa8, 0xfa, 0x18, 0xfa, 0x18, 0xfa, 0x8c, 0xf9,
  0x8c, 0xf9, 0x06, 0xf9, 0x06, 0xf9, 0x85, 0xf8, 0x85, 0xf8, 0x0c, 0xf8,
  0x0c, 0xf8, 0x98, 0xf7, 0x98, 0xf7, 0x2c, 0xf7, 0x2c, 0xf7, 0xc8, 0xf6,
  0xc8, 0xf6, 0x6b, 0xf6, 0x6b, 0xf6, 0x17, 0xf6, 0x17, 0xf6, 0xcb, 0xf5,
  0xcb, 0xf5, 0x87, 0xf5, 0x87, 0xf5, 0x4d, 0xf5, 0x4d, 0xf5, 0x1b, 0xf5,
  0x1b, 0xf5, 0xf3, 0xf4, 0xf3, 0xf4, 0xd4, 0xf4, 0xd4, 0xf4, 0xbf, 0xf4,
  0xbf, 0xf4, 0xb3, 0xf4, 0xb3, 0xf4, 0xb0, 0xf4, 0xb0, 0xf4, 0xb8, 0xf4,
  0xb8, 0xf4, 0xc9, 0xf4, 0xc9, 0xf4, 0xe3, 0xf4, 0xe3, 0xf4, 0x07, 0xf5,
  0x07, 0xf5, 0x35, 0xf5, 0x35, 0xf5, 0x6b, 0xf5, 0x6b, 0xf5, 0xab, 0xf5,
  0xab, 0xf5, 0xf3, 0xf5, 0xf3, 0xf5, 0x43, 0xf6, 0x43, 0xf6, 0x9d, 0xf6,
  0x9d, 0xf6, 0xfd, 0xf6, 0xfd, 0xf6, 0x66, 0xf7, 0x66, 0xf7, 0xd6, 0xf7,
  0xd6, 0xf7, 0x4d, 0xf8, 0x4d, 0xf8, 0xca, 0xf8, 0xca, 0xf8, 0x4d, 0xf9,
  0x4d, 0xf9, 0xd7, 0xf9, 0xd7, 0xf9, 0x65, 0xfa, 0x65, 0xfa, 0xf8, 0xfa,
  0xf8, 0xfa, 0x90, 0xfb, 0x90, 0xfb, 0x2b, 0xfc, 0x2b, 0xfc, 0xca, 0xfc,
  0xca, 0xfc, 0x6a, 0xfd, 0x6a, 0xfd, 0x0d, 0xfe, 0x0d, 0xfe, 0xb3, 0xfe,
  0xb3, 0xfe, 0x59, 0xff, 0x59, 0xff, 0x00, 0x00, 0x00, 0x00, 0xa6, 0x00,
  0xa6, 0x00, 0x4c, 0x01, 0x4c, 0x01, 0xf2, 0x01, 0xf2, 0x01, 0x95, 0x02,
  0x95, 0x02, 0x36, 0x03, 0x36, 0x03, 0xd5, 0x03, 0xd5, 0x03, 0x70, 0x04,
  0x70, 0x04, 0x07, 0x05, 0x07, 0x05, 0x9b, 0x05, 0x9b, 0x05, 0x29, 0x06,
  0x29, 0x06, 0xb2, 0x06, 0xb2, 0x06, 0x36, 0x07, 0x36, 0x07, 0xb3, 0x07,
  0xb3, 0x07, 0x2a, 0x08, 0x2a, 0x08, 0x9a, 0x08, 0x9a, 0x08, 0x02, 0x09,
  0x02, 0x09, 0x63, 0x09, 0x63, 0x09, 0xbd, 0x09, 0xbd, 0x09, 0x0d, 0x0a,
  0x0d, 0x0a, 0x55, 0x0a, 0x55, 0x0a, 0x94, 0x0a, 0x94, 0x0a, 0xcb, 0x0a,
  0xcb, 0x0a, 0xf9, 0x0a, 0xf9, 0x0a, 0x1c, 0x0b, 0x1c, 0x0b, 0x37, 0x0b,
  0x37, 0x0b, 0x48, 0x0b, 0x48, 0x0b, 0x50, 0x0b, 0x50, 0x0b, 0x4d, 0x0b,
  0x4d, 0x0b, 0x41, 0x0b, 0x41, 0x0b, 0x2c, 0x0b, 0x2c, 0x0b, 0x0d, 0x0b,
  0x0d, 0x0b, 0xe5, 0x0a, 0xe5, 0x0a, 0xb3, 0x0a, 0xb3, 0x0a, 0x79, 0x0a,
  0x79, 0x0a, 0x35, 0x0a, 0x35, 0x0a, 0xea, 0x09, 0xea, 0x09, 0x95, 0x09,
  0x95, 0x09, 0x38, 0x09, 0x38, 0x09, 0xd4, 0x08, 0xd4, 0x08, 0x68, 0x08,
  0x68, 0x08, 0xf4, 0x07, 0xf4, 0x07, 0x7b, 0x07, 0x7b, 0x07, 0xfb, 0x06,
  0xfb, 0x06, 0x74, 0x06, 0x74, 0x06, 0xe9, 0x05, 0xe9, 0x05, 0x58, 0x05,
  0x58, 0x05, 0xc4, 0x04, 0xc4, 0x04, 0x2a, 0x04, 0x2a, 0x04, 0x8d, 0x03,
  0x8d, 0x03, 0xee, 0x02, 0xee, 0x02, 0x4b, 0x02, 0x4b, 0x02, 0xa8, 0x01,
  0xa8, 0x01, 0x02, 0x01, 0x02, 0x01, 0x5b, 0x00, 0x5b, 0x00, 0xb4, 0xff,
  0xb4, 0xff, 0x0e, 0xff, 0x0e, 0xff, 0x68, 0xfe, 0x68, 0xfe, 0xc4, 0xfd,
  0xc4, 0xfd, 0x21, 0xfd, 0x21, 0xfd, 0x82, 0xfc, 0x82, 0xfc, 0xe5, 0xfb,
  0xe5, 0xfb, 0x4a, 0xfb, 0x4a, 0xfb, 0xb5, 0xfa, 0xb5, 0xfa, 0x24, 0xfa,
  0x24, 0xfa, 0x98, 0xf9, 0x98, 0xf9, 0x12, 0xf9, 0x12, 0xf9, 0x91, 0xf8,
  0x91, 0xf8, 0x16, 0xf8, 0x16, 0xf8, 0xa2, 0xf7, 0xa2, 0xf7, 0x36, 0xf7,
  0x36, 0xf7, 0xd1, 0xf6, 0xd1, 0xf6, 0x74, 0xf6, 0x74, 0xf6, 0x1e, 0xf6,
  0x1e, 0xf6, 0xd1, 0xf5, 0xd1, 0xf5, 0x8d, 0xf5, 0x8d, 0xf5, 0x52, 0xf5,
  0x52, 0xf5, 0x1f, 0xf5, 0x1f, 0xf5, 0xf6, 0xf4, 0xf6, 0xf4, 0xd7, 0xf4,
  0xd7, 0xf4, 0xc0, 0xf4, 0xc0, 0xf4, 0xb3, 0xf4, 0xb3, 0xf4, 0xb0, 0xf4,
  0xb0, 0xf4, 0xb7, 0xf4, 0xb7, 0xf4, 0xc7, 0xf4, 0xc7, 0xf4, 0xe1, 0xf4,
  0xe1, 0xf4, 0x04, 0xf5, 0x04, 0xf5, 0x30, 0xf5, 0x30, 0xf5, 0x66, 0xf5,
  0x66, 0xf5, 0xa4, 0xf5, 0xa4, 0xf5, 0xec, 0xf5, 0xec, 0xf5, 0x3c, 0xf6,
  0x3c, 0xf6, 0x94, 0xf6, 0x94, 0xf6, 0xf4, 0xf6, 0xf4, 0xf6, 0x5c, 0xf7,
  0x5c, 0xf7, 0xcb, 0xf7, 0xcb, 0xf7, 0x41, 0xf8, 0x41, 0xf8, 0xbe, 0xf8,
  0xbe, 0xf8, 0x41, 0xf9, 0x41, 0xf9, 0xca, 0xf9, 0xca, 0xf9, 0x58, 0xfa,
  0x58, 0xfa, 0xeb, 0xfa, 0xeb, 0xfa, 0x82, 0xfb, 0x82, 0xfb, 0x1c, 0xfc,
  0x1c, 0xfc, 0xbb, 0xfc, 0xbb, 0xfc, 0x5c, 0xfd, 0x5c, 0xfd, 0xff, 0xfd,
  0xff, 0xfd, 0xa3, 0xfe, 0xa3, 0xfe, 0x4a, 0xff, 0x4a, 0xff, 0xf0, 0xff,
  0xf0, 0xff, 0x97, 0x00, 0x97, 0x00, 0x3d, 0x01, 0x3d, 0x01, 0xe2, 0x01,
  0xe2, 0x01, 0x86, 0x02, 0x86, 0x02, 0x27, 0x03, 0x27, 0x03, 0xc6, 0x03,
  0xc6, 0x03, 0x62, 0x04, 0x62, 0x04, 0xf9, 0x04, 0xf9, 0x04, 0x8d, 0x05,
  0x8d, 0x05, 0x1c, 0x06, 0x1c, 0x06, 0xa5, 0x06, 0xa5, 0x06, 0x2a, 0x07,
  0x2a, 0x07, 0xa7, 0x07, 0xa7, 0x07, 0x1f, 0x08, 0x1f, 0x08, 0x90, 0x08,
  0x90, 0x08, 0xf9, 0x08, 0xf9, 0x08, 0x5b, 0x09, 0x5b, 0x09, 0xb5, 0x09,
  0xb5, 0x09, 0x06, 0x0a, 0x06, 0x0a, 0x4f, 0x0a, 0x4f, 0x0a, 0x8f, 0x0a,
  0x8f, 0x0a, 0xc6, 0x0a, 0xc6, 0x0a, 0xf4, 0x0a, 0xf4, 0x0a, 0x19, 0x0b,
  0x19, 0x0b, 0x35, 0x0b, 0x35, 0x0b, 0x46, 0x0b, 0x46, 0x0b, 0x4f, 0x0b,
  0x4f, 0x0b, 0x4d, 0x0b, 0x4d, 0x0b, 0x43, 0x0b, 0x43, 0x0b, 0x2e, 0x0b,
  0x2e, 0x0b, 0x11, 0x0b, 0x11, 0x0b, 0xe9, 0x0a, 0xe9, 0x0a, 0xb8, 0x0a,
  0xb8, 0x0a, 0x7f, 0x0a, 0x7f, 0x0a, 0x3c, 0x0a, 0x3c, 0x0a, 0xf1, 0x09,
  0xf1, 0x09, 0x9d, 0x09, 0x9d, 0x09, 0x41, 0x09, 0x41, 0x09, 0xdd, 0x08,
  0xdd, 0x08, 0x72, 0x08, 0x72, 0x08, 0x00, 0x08, 0x00, 0x08, 0x86, 0x07,
  0x86, 0x07, 0x07, 0x07, 0x07, 0x07, 0x81, 0x06, 0x81, 0x06, 0xf6, 0x05,
  0xf6, 0x05, 0x66, 0x05, 0x66, 0x05, 0xd1, 0x04, 0xd1, 0x04, 0x38, 0x04,
  0x38, 0x04, 0x9c, 0x03, 0x9c, 0x03, 0xfc, 0x02, 0xfc, 0x02, 0x5a, 0x02,
  0x5a, 0x02, 0xb6, 0x01, 0xb6, 0x01, 0x11, 0x01, 0x11, 0x01, 0x6b, 0x00,
  0x6b, 0x00, 0xc3, 0xff, 0xc3, 0xff, 0x1d, 0xff, 0x1d, 0xff, 0x78, 0xfe,
  0x78, 0xfe, 0xd3, 0xfd, 0xd3, 0xfd, 0x30, 0xfd, 0x30, 0xfd, 0x90, 0xfc,
  0x90, 0xfc, 0xf3, 0xfb, 0xf3, 0xfb, 0x59, 0xfb, 0x59, 0xfb, 0xc3, 0xfa,
  0xc3, 0xfa, 0x31, 0xfa, 0x31, 0xfa, 0xa5, 0xf9, 0xa5, 0xf9, 0x1d, 0xf9,
  0x1d, 0xf9, 0x9d, 0xf8, 0x9d, 0xf8, 0x21, 0xf8, 0x21, 0xf8, 0xad, 0xf7,
  0xad, 0xf7, 0x3f, 0xf7, 0x3f, 0xf7, 0xd9, 0xf6, 0xd9, 0xf6, 0x7b, 0xf6,
  0x7b, 0xf6, 0x26, 0xf6, 0x26, 0xf6, 0xd8, 0xf5, 0xd8, 0xf5, 0x93, 0xf5,
  0x93, 0xf5, 0x57, 0xf5, 0x57, 0xf5, 0x24, 0xf5, 0x24, 0xf5, 0xf9, 0xf4,
  0xf9, 0xf4, 0xd9, 0xf4, 0xd9, 0xf4, 0xc2, 0xf4, 0xc2, 0xf4, 0xb5, 0xf4,
  0xb5, 0xf4, 0xb0, 0xf4, 0xb0, 0xf4, 0xb6, 0xf4, 0xb6, 0xf4, 0xc6, 0xf4,
  0xc6, 0xf4, 0xde, 0xf4, 0xde, 0xf4, 0x00, 0xf5, 0x00, 0xf5, 0x2c, 0xf5,
  0x2c, 0xf5, 0x61, 0xf5, 0x61, 0xf5, 0x9e, 0xf5, 0x9e, 0xf5, 0xe5, 0xf5,
  0xe5, 0xf5, 0x34, 0xf6, 0x34, 0xf6, 0x8c, 0xf6, 0x8c, 0xf6, 0xeb, 0xf6,
  0xeb, 0xf6, 0x52, 0xf7, 0x52, 0xf7, 0xc1, 0xf7, 0xc1, 0xf7, 0x37, 0xf8,
  0x37, 0xf8, 0xb2, 0xf8, 0xb2, 0xf8, 0x35, 0xf9, 0x35, 0xf9, 0xbd, 0xf9,
  0xbd, 0xf9, 0x4b, 0xfa, 0x4b, 0xfa, 0xde, 0xfa, 0xde, 0xfa, 0x73, 0xfb,
  0x73, 0xfb, 0x0e, 0xfc, 0x0e, 0xfc, 0xac, 0xfc, 0xac, 0xfc, 0x4c, 0xfd,
  0x4c, 0xfd, 0xf1, 0xfd, 0xf1, 0xfd, 0x95, 0xfe, 0x95, 0xfe, 0x3b, 0xff,
  0x3b, 0xff, 0xe2, 0xff, 0xe2, 0xff, 0x88, 0x00, 0x88, 0x00, 0x2f, 0x01,
  0x2f, 0x01, 0xd3, 0x01, 0xd3, 0x01, 0x77, 0x02, 0x77, 0x02, 0x19, 0x03,
  0x19, 0x03, 0xb8, 0x03, 0xb8, 0x03, 0x54, 0x04, 0x54, 0x04, 0xec, 0x04,
  0xec, 0x04, 0x80, 0x05, 0x80, 0x05, 0x0f, 0x06, 0x0f, 0x06, 0x99, 0x06,
  0x99, 0x06, 0x1e, 0x07, 0x1e, 0x07, 0x9d, 0x07, 0x9d, 0x07, 0x15, 0x08,
  0x15, 0x08, 0x85, 0x08, 0x85, 0x08, 0xf0, 0x08, 0xf0, 0x08, 0x52, 0x09,
  0x52, 0x09, 0xad, 0x09, 0xad, 0x09, 0xff, 0x09, 0xff, 0x09, 0x49, 0x0a,
  0x49, 0x0a, 0x8a, 0x0a, 0x8a, 0x0a, 0xc2, 0x0a, 0xc2, 0x0a, 0xf1, 0x0a,
  0xf1, 0x0a, 0x16, 0x0b, 0x16, 0x0b, 0x33, 0x0b, 0x33, 0x0b, 0x46, 0x0b,
  0x46, 0x0b, 0x4f, 0x0b, 0x4f, 0x0b, 0x4e, 0x0b, 0x4e, 0x0b, 0x44, 0x0b,
  0x44, 0x0b, 0x30, 0x0b, 0x30, 0x0b, 0x13, 0x0b, 0x13, 0x0b, 0xed, 0x0a,
  0xed, 0x0a, 0xbd, 0x0a, 0xbd, 0x0a, 0x85, 0x0a, 0x85, 0x0a, 0x43, 0x0a,
  0x43, 0x0a, 0xf8, 0x09, 0xf8, 0x09, 0xa5, 0x09, 0xa5, 0x09, 0x4a, 0x09,
  0x4a, 0x09, 0xe7, 0x08, 0xe7, 0x08, 0x7c, 0x08, 0x7c, 0x08, 0x0a, 0x08,
  0x0a, 0x08, 0x91, 0x07, 0x91, 0x07, 0x13, 0x07, 0x13, 0x07, 0x8e, 0x06,
  0x8e, 0x06, 0x03, 0x06, 0x03, 0x06, 0x73, 0x05, 0x73, 0x05, 0xdf, 0x04,
  0xdf, 0x04, 0x46, 0x04, 0x46, 0x04, 0xaa, 0x03, 0xaa, 0x03, 0x0b, 0x03,
  0x0b, 0x03, 0x69, 0x02, 0x69, 0x02, 0xc5, 0x01, 0xc5, 0x01, 0x20, 0x01,
  0x20, 0x01, 0x7a, 0x00, 0x7a, 0x00, 0xd3, 0xff, 0xd3, 0xff, 0x2c, 0xff,
  0x2c, 0xff, 0x86, 0xfe, 0x86, 0xfe, 0xe2, 0xfd, 0xe2, 0xfd, 0x3f, 0xfd,
  0x3f, 0xfd, 0x9f, 0xfc, 0x9f, 0xfc, 0x01, 0xfc, 0x01, 0xfc, 0x67, 0xfb,
  0x67, 0xfb, 0xd0, 0xfa, 0xd0, 0xfa, 0x3e, 0xfa, 0x3e, 0xfa, 0xb2, 0xf9,
  0xb2, 0xf9, 0x29, 0xf9, 0x29, 0xf9, 0xa8, 0xf8, 0xa8, 0xf8, 0x2c, 0xf8,
  0x2c, 0xf8, 0xb7, 0xf7, 0xb7, 0xf7, 0x49, 0xf7, 0x49, 0xf7, 0xe3, 0xf6,
  0xe3, 0xf6, 0x84, 0xf6, 0x84, 0xf6, 0x2d, 0xf6, 0x2d, 0xf6, 0xde, 0xf5,
  0xde, 0xf5, 0x98, 0xf5, 0x98, 0xf5, 0x5c, 0xf5, 0x5c, 0xf5, 0x28, 0xf5,
  0x28, 0xf5, 0xfd, 0xf4, 0xfd, 0xf4, 0xdc, 0xf4, 0xdc, 0xf4, 0xc4, 0xf4,
  0xc4, 0xf4, 0xb5, 0xf4, 0xb5, 0xf4, 0xb0, 0xf4, 0xb0, 0xf4, 0xb5, 0xf4,
  0xb5, 0xf4, 0xc4, 0xf4, 0xc4, 0xf4, 0xdc, 0xf4, 0xdc, 0xf4, 0xfd, 0xf4,
  0xfd, 0xf4, 0x27, 0xf5, 0x27, 0xf5, 0x5c, 0xf5, 0x5c, 0xf5, 0x98, 0xf5,
  0x98, 0xf5, 0xde, 0xf5, 0xde, 0xf5, 0x2d, 0xf6, 0x2d, 0xf6, 0x83, 0xf6,
  0x83, 0xf6, 0xe3, 0xf6, 0xe3, 0xf6, 0x48, 0xf7, 0x48, 0xf7, 0xb7, 0xf7,
  0xb7, 0xf7, 0x2c, 0xf8, 0x2c, 0xf8, 0xa7, 0xf8, 0xa7, 0xf8, 0x29, 0xf9,
  0x29, 0xf9, 0xb1, 0xf9, 0xb1, 0xf9, 0x3e, 0xfa, 0x3e, 0xfa, 0xd0, 0xfa,
  0xd0, 0xfa, 0x66, 0xfb, 0x66, 0xfb, 0x00, 0xfc, 0x00, 0xfc, 0x9e, 0xfc,
  0x9e, 0xfc, 0x3e, 0xfd, 0x3e, 0xfd, 0xe1, 0xfd, 0xe1, 0xfd, 0x86, 0xfe,
  0x86, 0xfe, 0x2c, 0xff, 0x2c, 0xff, 0xd3, 0xff, 0xd3, 0xff, 0x79, 0x00,
  0x79, 0x00, 0x1f, 0x01, 0x1f, 0x01, 0xc5, 0x01, 0xc5, 0x01, 0x69, 0x02,
  0x69, 0x02, 0x0b, 0x03, 0x0b, 0x03, 0xaa, 0x03, 0xaa, 0x03, 0x46, 0x04,
  0x46, 0x04, 0xdf, 0x04, 0xdf, 0x04, 0x72, 0x05, 0x72, 0x05, 0x03, 0x06,
  0x03, 0x06, 0x8d, 0x06, 0x8d, 0x06, 0x12, 0x07, 0x12, 0x07, 0x91, 0x07,
  0x91, 0x07, 0x0a, 0x08, 0x0a, 0x08, 0x7b, 0x08, 0x7b, 0x08, 0xe7, 0x08,
  0xe7, 0x08, 0x4a, 0x09, 0x4a, 0x09, 0xa4, 0x09, 0xa4, 0x09, 0xf8, 0x09,
  0xf8, 0x09, 0x42, 0x0a, 0x42, 0x0a, 0x84, 0x0a, 0x84, 0x0a, 0xbd, 0x0a,
  0xbd, 0x0a, 0xed, 0x0a, 0xed, 0x0a, 0x13, 0x0b, 0x13, 0x0b, 0x30, 0x0b,
  0x30, 0x0b, 0x44, 0x0b, 0x44, 0x0b, 0x4e, 0x0b, 0x4e, 0x0b, 0x4f, 0x0b,
  0x4f, 0x0b, 0x46, 0x0b, 0x46, 0x0b, 0x33, 0x0b, 0x33, 0x0b, 0x16, 0x0b,
  0x16, 0x0b, 0xf1, 0x0a, 0xf1, 0x0a, 0xc2, 0x0a, 0xc2, 0x0a, 0x8a, 0x0a,
  0x8a, 0x0a, 0x49, 0x0a, 0x49, 0x0a, 0xff, 0x09, 0xff, 0x09, 0xad, 0x09,
  0xad, 0x09, 0x52, 0x09, 0x52, 0x09, 0xf0, 0x08, 0xf0, 0x08, 0x86, 0x08,
  0x86, 0x08, 0x15, 0x08, 0x15, 0x08, 0x9d, 0x07, 0x9d, 0x07, 0x1e, 0x07,
  0x1e, 0x07, 0x9a, 0x06, 0x9a, 0x06, 0x10, 0x06, 0x10, 0x06, 0x81, 0x05,
  0x81, 0x05, 0xed, 0x04, 0xed, 0x04, 0x54, 0x04, 0x54, 0x04, 0xb8, 0x03,
  0xb8, 0x03, 0x19, 0x03, 0x19, 0x03, 0x77, 0x02, 0x77, 0x02, 0xd4, 0x01,
  0xd4, 0x01, 0x2f, 0x01, 0x2f, 0x01, 0x88, 0x00, 0x88, 0x00, 0xe2, 0xff,
  0xe2, 0xff, 0x3b, 0xff, 0x3b, 0xff, 0x95, 0xfe, 0x95, 0xfe, 0xf1, 0xfd,
  0xf1, 0xfd, 0x4d, 0xfd, 0x4d, 0xfd, 0xad, 0xfc, 0xad, 0xfc, 0x0f, 0xfc,
  0x0f, 0xfc, 0x74, 0xfb, 0x74, 0xfb, 0xde, 0xfa, 0xde, 0xfa, 0x4c, 0xfa,
  0x4c, 0xfa, 0xbe, 0xf9, 0xbe, 0xf9, 0x36, 0xf9, 0x36, 0xf9, 0xb3, 0xf8,
  0xb3, 0xf8, 0x37, 0xf8, 0x37, 0xf8, 0xc1, 0xf7, 0xc1, 0xf7, 0x52, 0xf7,
  0x52, 0xf7, 0xec, 0xf6, 0xec, 0xf6, 0x8c, 0xf6, 0x8c, 0xf6, 0x35, 0xf6,
  0x35, 0xf6, 0xe5, 0xf5, 0xe5, 0xf5, 0x9f, 0xf5, 0x9f, 0xf5, 0x61, 0xf5,
  0x61, 0xf5, 0x2c, 0xf5, 0x2c, 0xf5, 0x00, 0xf5, 0x00, 0xf5, 0xde, 0xf4,
  0xde, 0xf4, 0xc6, 0xf4, 0xc6, 0xf4, 0xb6, 0xf4, 0xb6, 0xf4, 0xb0, 0xf4,
  0xb0, 0xf4, 0xb4, 0xf4, 0xb4, 0xf4, 0xc2, 0xf4, 0xc2, 0xf4, 0xd9, 0xf4,
  0xd9, 0xf4, 0xf9, 0xf4, 0xf9, 0xf4, 0x23, 0xf5, 0x23, 0xf5, 0x57, 0xf5,
  0x57, 0xf5, 0x93, 0xf5, 0x93, 0xf5, 0xd7, 0xf5, 0xd7, 0xf5, 0x25, 0xf6,
  0x25, 0xf6, 0x7b, 0xf6, 0x7b, 0xf6, 0xd9, 0xf6, 0xd9, 0xf6, 0x3f, 0xf7,
  0x3f, 0xf7, 0xac, 0xf7, 0xac, 0xf7, 0x21, 0xf8, 0x21, 0xf8, 0x9c, 0xf8,
  0x9c, 0xf8, 0x1d, 0xf9, 0x1d, 0xf9, 0xa4, 0xf9, 0xa4, 0xf9, 0x31, 0xfa,
  0x31, 0xfa, 0xc2, 0xfa, 0xc2, 0xfa, 0x59, 0xfb, 0x59, 0xfb, 0xf2, 0xfb,
  0xf2, 0xfb, 0x8f, 0xfc, 0x8f, 0xfc, 0x2f, 0xfd, 0x2f, 0xfd, 0xd2, 0xfd,
  0xd2, 0xfd, 0x77, 0xfe, 0x77, 0xfe, 0x1c, 0xff, 0x1c, 0xff, 0xc3, 0xff,
  0xc3, 0xff, 0x6a, 0x00, 0x6a, 0x00, 0x10, 0x01, 0x10, 0x01, 0xb6, 0x01,
  0xb6, 0x01, 0x5a, 0x02, 0x5a, 0x02, 0xfc, 0x02, 0xfc, 0x02, 0x9b, 0x03,
  0x9b, 0x03, 0x38, 0x04, 0x38, 0x04, 0xd0, 0x04, 0xd0, 0x04, 0x66, 0x05,
  0x66, 0x05, 0xf6, 0x05, 0xf6, 0x05, 0x80, 0x06, 0x80, 0x06, 0x06, 0x07,
  0x06, 0x07, 0x86, 0x07, 0x86, 0x07, 0x00, 0x08, 0x00, 0x08, 0x72, 0x08,
  0x72, 0x08, 0xdd, 0x08, 0xdd, 0x08, 0x41, 0x09, 0x41, 0x09, 0x9d, 0x09,
  0x9d, 0x09, 0xf1, 0x09, 0xf1, 0x09, 0x3c, 0x0a, 0x3c, 0x0a, 0x7e, 0x0a,
  0x7e, 0x0a, 0xb8, 0x0a, 0xb8, 0x0a, 0xe9, 0x0a, 0xe9, 0x0a, 0x10, 0x0b,
  0x10, 0x0b, 0x2e, 0x0b, 0x2e, 0x0b, 0x43, 0x0b, 0x43, 0x0b, 0x4d, 0x0b,
  0x4d, 0x0b, 0x4f, 0x0b, 0x4f, 0x0b, 0x47, 0x0b, 0x47, 0x0b, 0x35, 0x0b,
  0x35, 0x0b, 0x1a, 0x0b, 0x1a, 0x0b, 0xf5, 0x0a, 0xf5, 0x0a, 0xc6, 0x0a,
  0xc6, 0x0a, 0x8f, 0x0a, 0x8f, 0x0a, 0x50, 0x0a, 0x50, 0x0a, 0x06, 0x0a,
  0x06, 0x0a, 0xb5, 0x09, 0xb5, 0x09, 0x5b, 0x09, 0x5b, 0x09, 0xf9, 0x08,
  0xf9, 0x08, 0x90, 0x08, 0x90, 0x08, 0x20, 0x08, 0x20, 0x08, 0xa8, 0x07,
  0xa8, 0x07, 0x2a, 0x07, 0x2a, 0x07, 0xa6, 0x06, 0xa6, 0x06, 0x1d, 0x06,
  0x1d, 0x06, 0x8e, 0x05, 0x8e, 0x05, 0xfa, 0x04, 0xfa, 0x04, 0x62, 0x04,
  0x62, 0x04, 0xc7, 0x03, 0xc7, 0x03, 0x28, 0x03, 0x28, 0x03, 0x87, 0x02,
  0x87, 0x02, 0xe3, 0x01, 0xe3, 0x01, 0x3e, 0x01, 0x3e, 0x01, 0x98, 0x00,
  0x98, 0x00, 0xf1, 0xff, 0xf1, 0xff, 0x4a, 0xff, 0x4a, 0xff, 0xa4, 0xfe,
  0xa4, 0xfe, 0xff, 0xfd, 0xff, 0xfd, 0x5d, 0xfd, 0x5d, 0xfd, 0xbb, 0xfc,
  0xbb, 0xfc, 0x1d, 0xfc, 0x1d, 0xfc, 0x82, 0xfb, 0x82, 0xfb, 0xeb, 0xfa,
  0xeb, 0xfa, 0x59, 0xfa, 0x59, 0xfa, 0xca, 0xf9, 0xca, 0xf9, 0x42, 0xf9,
  0x42, 0xf9, 0xbf, 0xf8, 0xbf, 0xf8, 0x42, 0xf8, 0x42, 0xf8, 0xcc, 0xf7,
  0xcc, 0xf7, 0x5d, 0xf7, 0x5d, 0xf7, 0xf4, 0xf6, 0xf4, 0xf6, 0x94, 0xf6,
  0x94, 0xf6, 0x3c, 0xf6, 0x3c, 0xf6, 0xec, 0xf5, 0xec, 0xf5, 0xa5, 0xf5,
  0xa5, 0xf5, 0x66, 0xf5, 0x66, 0xf5, 0x30, 0xf5, 0x30, 0xf5, 0x04, 0xf5,
  0x04, 0xf5, 0xe1, 0xf4, 0xe1, 0xf4, 0xc7, 0xf4, 0xc7, 0xf4, 0xb7, 0xf4,
  0xb7, 0xf4, 0xb0, 0xf4, 0xb0, 0xf4, 0xb3, 0xf4, 0xb3, 0xf4, 0xc0, 0xf4,
  0xc0, 0xf4, 0xd7, 0xf4, 0xd7, 0xf4, 0xf6, 0xf4, 0xf6, 0xf4, 0x1f, 0xf5,
  0x1f, 0xf5, 0x52, 0xf5, 0x52, 0xf5, 0x8d, 0xf5, 0x8d, 0xf5, 0xd1, 0xf5,
  0xd1, 0xf5, 0x1d, 0xf6, 0x1d, 0xf6, 0x73, 0xf6, 0x73, 0xf6, 0xd0, 0xf6,
  0xd0, 0xf6, 0x35, 0xf7, 0x35, 0xf7, 0xa2, 0xf7, 0xa2, 0xf7, 0x16, 0xf8,
  0x16, 0xf8, 0x90, 0xf8, 0x90, 0xf8, 0x11, 0xf9, 0x11, 0xf9, 0x98, 0xf9,
  0x98, 0xf9, 0x24, 0xfa, 0x24, 0xfa, 0xb5, 0xfa, 0xb5, 0xfa, 0x4a, 0xfb,
  0x4a, 0xfb, 0xe4, 0xfb, 0xe4, 0xfb, 0x81, 0xfc, 0x81, 0xfc, 0x21, 0xfd,
  0x21, 0xfd, 0xc3, 0xfd, 0xc3, 0xfd, 0x67, 0xfe, 0x67, 0xfe, 0x0d, 0xff,
  0x0d, 0xff, 0xb4, 0xff, 0xb4, 0xff, 0x5b, 0x00, 0x5b, 0x00, 0x01, 0x01,
  0x01, 0x01, 0xa7, 0x01, 0xa7, 0x01, 0x4b, 0x02, 0x4b, 0x02, 0xee, 0x02,
  0xee, 0x02, 0x8d, 0x03, 0x8d, 0x03, 0x2a, 0x04, 0x2a, 0x04, 0xc3, 0x04,
  0xc3, 0x04, 0x58, 0x05, 0x58, 0x05, 0xe8, 0x05, 0xe8, 0x05, 0x74, 0x06,
  0x74, 0x06, 0xfa, 0x06, 0xfa, 0x06, 0x7b, 0x07, 0x7b, 0x07, 0xf4, 0x07,
  0xf4, 0x07, 0x68, 0x08, 0x68, 0x08, 0xd4, 0x08, 0xd4, 0x08, 0x38, 0x09,
  0x38, 0x09, 0x95, 0x09, 0x95, 0x09, 0xe9, 0x09, 0xe9, 0x09, 0x35, 0x0a,
  0x35, 0x0a, 0x79, 0x0a, 0x79, 0x0a, 0xb3, 0x0a, 0xb3, 0x0a, 0xe5, 0x0a,
  0xe5, 0x0a, 0x0d, 0x0b, 0x0d, 0x0b, 0x2c, 0x0b, 0x2c, 0x0b, 0x41, 0x0b,
  0x41, 0x0b, 0x4d, 0x0b, 0x4d, 0x0b, 0x50, 0x0b, 0x50, 0x0b, 0x48, 0x0b,
  0x48, 0x0b, 0x37, 0x0b, 0x37, 0x0b, 0x1d, 0x0b, 0x1d, 0x0b, 0xf9, 0x0a,
  0xf9, 0x0a, 0xcb, 0x0a, 0xcb, 0x0a, 0x95, 0x0a, 0x95, 0x0a, 0x55, 0x0a,
  0x55, 0x0a, 0x0d, 0x0a, 0x0d, 0x0a, 0xbd, 0x09, 0xbd, 0x09, 0x63, 0x09,
  0x63, 0x09, 0x03, 0x09, 0x03, 0x09, 0x9a, 0x08, 0x9a, 0x08, 0x2a, 0x08,
  0x2a, 0x08, 0xb3, 0x07, 0xb3, 0x07, 0x36, 0x07, 0x36, 0x07, 0xb3, 0x06,
  0xb3, 0x06, 0x29, 0x06, 0x29, 0x06, 0x9b, 0x05, 0x9b, 0x05, 0x08, 0x05,
  0x08, 0x05, 0x70, 0x04, 0x70, 0x04, 0xd5, 0x03, 0xd5, 0x03, 0x36, 0x03,
  0x36, 0x03, 0x96, 0x02, 0x96, 0x02, 0xf3, 0x01, 0xf3, 0x01, 0x4d, 0x01,
  0x4d, 0x01, 0xa7, 0x00, 0xa7, 0x00, 0x00, 0x00, 0x00, 0x00, 0x5a, 0xff,
  0x5a, 0xff, 0xb4, 0xfe, 0xb4, 0xfe, 0x0e, 0xfe, 0x0e, 0xfe, 0x6b, 0xfd,
  0x6b, 0xfd, 0xca, 0xfc, 0xca, 0xfc, 0x2b, 0xfc, 0x2b, 0xfc, 0x90, 0xfb,
  0x90, 0xfb, 0xf9, 0xfa, 0xf9, 0xfa, 0x65, 0xfa, 0x65, 0xfa, 0xd7, 0xf9,
  0xd7, 0xf9, 0x4e, 0xf9, 0x4e, 0xf9, 0xca, 0xf8, 0xca, 0xf8, 0x4d, 0xf8,
  0x4d, 0xf8, 0xd6, 0xf7, 0xd6, 0xf7, 0x66, 0xf7, 0x66, 0xf7, 0xfe, 0xf6,
  0xfe, 0xf6, 0x9d, 0xf6, 0x9d, 0xf6, 0x43, 0xf6, 0x43, 0xf6, 0xf3, 0xf5,
  0xf3, 0xf5, 0xab, 0xf5, 0xab, 0xf5, 0x6c, 0xf5, 0x6c, 0xf5, 0x35, 0xf5,
  0x35, 0xf5, 0x07, 0xf5, 0x07, 0xf5, 0xe4, 0xf4, 0xe4, 0xf4, 0xc9, 0xf4,
  0xc9, 0xf4, 0xb8, 0xf4, 0xb8, 0xf4, 0xb0, 0xf4, 0xb0, 0xf4, 0xb3, 0xf4,
  0xb3, 0xf4, 0xbf, 0xf4, 0xbf, 0xf4, 0xd4, 0xf4, 0xd4, 0xf4, 0xf3, 0xf4,
  0xf3, 0xf4, 0x1b, 0xf5, 0x1b, 0xf5, 0x4d, 0xf5, 0x4d, 0xf5, 0x87, 0xf5,
  0x87, 0xf5, 0xcb, 0xf5, 0xcb, 0xf5, 0x16, 0xf6, 0x16, 0xf6, 0x6b, 0xf6,
  0x6b, 0xf6, 0xc8, 0xf6, 0xc8, 0xf6, 0x2c, 0xf7, 0x2c, 0xf7, 0x98, 0xf7,
  0x98, 0xf7, 0x0c, 0xf8, 0x0c, 0xf8, 0x85, 0xf8, 0x85, 0xf8, 0x05, 0xf9,
  0x05, 0xf9, 0x8c, 0xf9, 0x8c, 0xf9, 0x17, 0xfa, 0x17, 0xfa, 0xa8, 0xfa,
  0xa8, 0xfa, 0x3c, 0xfb, 0x3c, 0xfb, 0xd6, 0xfb, 0xd6, 0xfb, 0x73, 0xfc,
  0x73, 0xfc, 0x12, 0xfd, 0x12, 0xfd, 0xb5, 0xfd, 0xb5, 0xfd, 0x58, 0xfe,
  0x58, 0xfe, 0xfe, 0xfe, 0xfe, 0xfe, 0xa5, 0xff, 0xa5, 0xff, 0x4c, 0x00,
  0x4c, 0x00, 0xf2, 0x00, 0xf2, 0x00, 0x98, 0x01, 0x98, 0x01, 0x3c, 0x02,
  0x3c, 0x02, 0xdf, 0x02, 0xdf, 0x02, 0x7e, 0x03, 0x7e, 0x03, 0x1b, 0x04,
  0x1b, 0x04, 0xb6, 0x04, 0xb6, 0x04, 0x4b, 0x05, 0x4b, 0x05, 0xdc, 0x05,
  0xdc, 0x05, 0x68, 0x06, 0x68, 0x06, 0xee, 0x06, 0xee, 0x06, 0x6f, 0x07,
  0x6f, 0x07, 0xea, 0x07, 0xea, 0x07, 0x5e, 0x08, 0x5e, 0x08, 0xca, 0x08,
  0xca, 0x08, 0x2f, 0x09, 0x2f, 0x09, 0x8c, 0x09, 0x8c, 0x09, 0xe2, 0x09,
  0xe2, 0x09, 0x2f, 0x0a, 0x2f, 0x0a, 0x73, 0x0a, 0x73, 0x0a, 0xae, 0x0a,
  0xae, 0x0a, 0xe1, 0x0a, 0xe1, 0x0a, 0x0a, 0x0b, 0x0a, 0x0b, 0x29, 0x0b,
  0x29, 0x0b, 0x40, 0x0b, 0x40, 0x0b, 0x4d, 0x0b, 0x4d, 0x0b, 0x50, 0x0b,
  0x50, 0x0b, 0x49, 0x0b, 0x49, 0x0b, 0x39, 0x0b, 0x39, 0x0b, 0x1f, 0x0b,
  0x1f, 0x0b, 0xfc, 0x0a, 0xfc, 0x0a, 0xd0, 0x0a, 0xd0, 0x0a, 0x9a, 0x0a,
  0x9a, 0x0a, 0x5c, 0x0a, 0x5c, 0x0a, 0x14, 0x0a, 0x14, 0x0a, 0xc4, 0x09,
  0xc4, 0x09, 0x6c, 0x09, 0x6c, 0x09, 0x0c, 0x09, 0x0c, 0x09, 0xa4, 0x08,
  0xa4, 0x08, 0x35, 0x08, 0x35, 0x08, 0xbf, 0x07, 0xbf, 0x07, 0x42, 0x07,
  0x42, 0x07, 0xbf, 0x06, 0xbf, 0x06, 0x36, 0x06, 0x36, 0x06, 0xa8, 0x05,
  0xa8, 0x05, 0x15, 0x05, 0x15, 0x05, 0x7e, 0x04, 0x7e, 0x04, 0xe4, 0x03,
  0xe4, 0x03, 0x45, 0x03, 0x45, 0x03, 0xa4, 0x02, 0xa4, 0x02, 0x01, 0x02,
  0x01, 0x02, 0x5d, 0x01, 0x5d, 0x01, 0xb6, 0x00, 0xb6, 0x00, 0x10, 0x00,
  0x10, 0x00, 0x69, 0xff, 0x69, 0xff, 0xc3, 0xfe, 0xc3, 0xfe, 0x1e, 0xfe,
  0x1e, 0xfe, 0x7a, 0xfd, 0x7a, 0xfd, 0xd9, 0xfc, 0xd9, 0xfc, 0x3a, 0xfc,
  0x3a, 0xfc, 0x9e, 0xfb, 0x9e, 0xfb, 0x07, 0xfb, 0x07, 0xfb, 0x73, 0xfa,
  0x73, 0xfa, 0xe4, 0xf9, 0xe4, 0xf9, 0x5b, 0xf9, 0x5b, 0xf9, 0xd6, 0xf8,
  0xd6, 0xf8, 0x59, 0xf8, 0x59, 0xf8, 0xe1, 0xf7, 0xe1, 0xf7, 0x70, 0xf7,
  0x70, 0xf7, 0x07, 0xf7, 0x07, 0xf7, 0xa5, 0xf6, 0xa5, 0xf6, 0x4b, 0xf6,
  0x4b, 0xf6, 0xfa, 0xf5, 0xfa, 0xf5, 0xb1, 0xf5, 0xb1, 0xf5, 0x71, 0xf5,
  0x71, 0xf5, 0x3a, 0xf5, 0x3a, 0xf5, 0x0c, 0xf5, 0x0c, 0xf5, 0xe7, 0xf4,
  0xe7, 0xf4, 0xcb, 0xf4, 0xcb, 0xf4, 0xba, 0xf4, 0xba, 0xf4, 0xb1, 0xf4,
  0xb1, 0xf4, 0xb3, 0xf4, 0xb3, 0xf4, 0xbd, 0xf4, 0xbd, 0xf4, 0xd2, 0xf4,
  0xd2, 0xf4, 0xef, 0xf4, 0xef, 0xf4, 0x17, 0xf5, 0x17, 0xf5, 0x48, 0xf5,
  0x48, 0xf5, 0x81, 0xf5, 0x81, 0xf5, 0xc4, 0xf5, 0xc4, 0xf5, 0x0f, 0xf6,
  0x0f, 0xf6, 0x63, 0xf6, 0x63, 0xf6, 0xbf, 0xf6, 0xbf, 0xf6, 0x23, 0xf7,
  0x23, 0xf7, 0x8e, 0xf7, 0x8e, 0xf7, 0x00, 0xf8, 0x00, 0xf8, 0x7a, 0xf8,
  0x7a, 0xf8, 0xf9, 0xf8, 0xf9, 0xf8, 0x7f, 0xf9, 0x7f, 0xf9, 0x0a, 0xfa,
  0x0a, 0xfa, 0x9a, 0xfa, 0x9a, 0xfa, 0x2f, 0xfb, 0x2f, 0xfb, 0xc8, 0xfb,
  0xc8, 0xfb, 0x64, 0xfc, 0x64, 0xfc, 0x04, 0xfd, 0x04, 0xfd, 0xa6, 0xfd,
  0xa6, 0xfd, 0x4a, 0xfe, 0x4a, 0xfe, 0xef, 0xfe, 0xef, 0xfe, 0x95, 0xff,
  0x95, 0xff, 0x3d, 0x00, 0x3d, 0x00, 0xe3, 0x00, 0xe3, 0x00, 0x88, 0x01,
  0x88, 0x01, 0x2d, 0x02, 0x2d, 0x02, 0xd0, 0x02, 0xd0, 0x02, 0x70, 0x03,
  0x70, 0x03, 0x0d, 0x04, 0x0d, 0x04, 0xa7, 0x04, 0xa7, 0x04, 0x3d, 0x05,
  0x3d, 0x05, 0xcf, 0x05, 0xcf, 0x05, 0x5b, 0x06, 0x5b, 0x06, 0xe3, 0x06,
  0xe3, 0x06, 0x63, 0x07, 0x63, 0x07, 0xdf, 0x07, 0xdf, 0x07, 0x53, 0x08,
  0x53, 0x08, 0xc1, 0x08, 0xc1, 0x08, 0x27, 0x09, 0x27, 0x09, 0x85, 0x09,
  0x85, 0x09, 0xda, 0x09, 0xda, 0x09, 0x28, 0x0a, 0x28, 0x0a, 0x6d, 0x0a,
  0x6d, 0x0a, 0xa9, 0x0a, 0xa9, 0x0a, 0xdc, 0x0a, 0xdc, 0x0a, 0x07, 0x0b,
  0x07, 0x0b, 0x27, 0x0b, 0x27, 0x0b, 0x3e, 0x0b, 0x3e, 0x0b, 0x4b, 0x0b,
  0x4b, 0x0b, 0x50, 0x0b, 0x50, 0x0b, 0x4a, 0x0b, 0x4a, 0x0b, 0x3a, 0x0b,
  0x3a, 0x0b, 0x22, 0x0b, 0x22, 0x0b, 0x00, 0x0b, 0x00, 0x0b, 0xd4, 0x0a,
  0xd4, 0x0a, 0x9f, 0x0a, 0x9f, 0x0a, 0x62, 0x0a, 0x62, 0x0a, 0x1b, 0x0a,
  0x1b, 0x0a, 0xcc, 0x09, 0xcc, 0x09, 0x74, 0x09, 0x74, 0x09, 0x15, 0x09,
  0x15, 0x09, 0xae, 0x08, 0xae, 0x08, 0x3f, 0x08, 0x3f, 0x08, 0xc9, 0x07,
  0xc9, 0x07, 0x4e, 0x07, 0x4e, 0x07, 0xcb, 0x06, 0xcb, 0x06, 0x43, 0x06,
  0x43, 0x06, 0xb5, 0x05, 0xb5, 0x05, 0x22, 0x05, 0x22, 0x05, 0x8d, 0x04,
  0x8d, 0x04, 0xf2, 0x03, 0xf2, 0x03, 0x54, 0x03, 0x54, 0x03, 0xb4, 0x02,
  0xb4, 0x02, 0x0f, 0x02, 0x0f, 0x02, 0x6b, 0x01, 0x6b, 0x01, 0xc5, 0x00,
  0xc5, 0x00, 0x1e, 0x00, 0x1e, 0x00, 0x78, 0xff, 0x78, 0xff, 0xd1, 0xfe,
  0xd1, 0xfe, 0x2d, 0xfe, 0x2d, 0xfe, 0x89, 0xfd, 0x89, 0xfd, 0xe7, 0xfc,
  0xe7, 0xfc, 0x48, 0xfc, 0x48, 0xfc, 0xac, 0xfb, 0xac, 0xfb, 0x14, 0xfb,
  0x14, 0xfb, 0x80, 0xfa, 0x80, 0xfa, 0xf1, 0xf9, 0xf1, 0xf9, 0x67, 0xf9,
  0x67, 0xf9, 0xe2, 0xf8, 0xe2, 0xf8, 0x63, 0xf8, 0x63, 0xf8, 0xeb, 0xf7,
  0xeb, 0xf7, 0x7b, 0xf7, 0x7b, 0xf7, 0x10, 0xf7, 0x10, 0xf7, 0xae, 0xf6,
  0xae, 0xf6, 0x53, 0xf6, 0x53, 0xf6, 0x01, 0xf6, 0x01, 0xf6, 0xb7, 0xf5,
  0xb7, 0xf5, 0x76, 0xf5, 0x76, 0xf5, 0x3e, 0xf5, 0x3e, 0xf5, 0x0f, 0xf5,
  0x0f, 0xf5, 0xea, 0xf4, 0xea, 0xf4, 0xcd, 0xf4, 0xcd, 0xf4, 0xba, 0xf4,
  0xba, 0xf4, 0xb1, 0xf4, 0xb1, 0xf4, 0xb2, 0xf4, 0xb2, 0xf4, 0xbc, 0xf4,
  0xbc, 0xf4, 0xd0, 0xf4, 0xd0, 0xf4, 0xed, 0xf4, 0xed, 0xf4, 0x13, 0xf5,
  0x13, 0xf5, 0x43, 0xf5, 0x43, 0xf5, 0x7b, 0xf5, 0x7b, 0xf5, 0xbd, 0xf5,
  0xbd, 0xf5, 0x08, 0xf6, 0x08, 0xf6, 0x5b, 0xf6, 0x5b, 0xf6, 0xb6, 0xf6,
  0xb6, 0xf6, 0x19, 0xf7, 0x19, 0xf7, 0x84, 0xf7, 0x84, 0xf7, 0xf6, 0xf7,
  0xf6, 0xf7, 0x6f, 0xf8, 0x6f, 0xf8, 0xed, 0xf8, 0xed, 0xf8, 0x72, 0xf9,
  0x72, 0xf9, 0xfd, 0xf9, 0xfd, 0xf9, 0x8d, 0xfa, 0x8d, 0xfa, 0x21, 0xfb,
  0x21, 0xfb, 0xba, 0xfb, 0xba, 0xfb, 0x56, 0xfc, 0x56, 0xfc, 0xf5, 0xfc,
  0xf5, 0xfc, 0x97, 0xfd, 0x97, 0xfd, 0x3b, 0xfe, 0x3b, 0xfe, 0xe0, 0xfe,
  0xe0, 0xfe, 0x86, 0xff, 0x86, 0xff, 0x2d, 0x00, 0x2d, 0x00, 0xd4, 0x00,
  0xd4, 0x00, 0x7a, 0x01, 0x7a, 0x01, 0x1e, 0x02, 0x1e, 0x02, 0xc1, 0x02,
  0xc1, 0x02, 0x61, 0x03, 0x61, 0x03, 0xff, 0x03, 0xff, 0x03, 0x99, 0x04,
  0x99, 0x04, 0x30, 0x05, 0x30, 0x05, 0xc2, 0x05, 0xc2, 0x05, 0x4e, 0x06,
  0x4e, 0x06, 0xd7, 0x06, 0xd7, 0x06, 0x58, 0x07, 0x58, 0x07, 0xd4, 0x07,
  0xd4, 0x07, 0x49, 0x08, 0x49, 0x08, 0xb7, 0x08, 0xb7, 0x08, 0x1d, 0x09,
  0x1d, 0x09, 0x7c, 0x09, 0x7c, 0x09, 0xd3, 0x09, 0xd3, 0x09, 0x22, 0x0a,
  0x22, 0x0a, 0x68, 0x0a, 0x68, 0x0a, 0xa4, 0x0a, 0xa4, 0x0a, 0xd8, 0x0a,
  0xd8, 0x0a, 0x03, 0x0b, 0x03, 0x0b, 0x24, 0x0b, 0x24, 0x0b, 0x3c, 0x0b,
  0x3c, 0x0b, 0x4b, 0x0b, 0x4b, 0x0b, 0x50, 0x0b, 0x50, 0x0b, 0x4b, 0x0b,
  0x4b, 0x0b, 0x3c, 0x0b, 0x3c, 0x0b, 0x24, 0x0b, 0x24, 0x0b, 0x03, 0x0b,
  0x03, 0x0b, 0xd9, 0x0a, 0xd9, 0x0a, 0xa4, 0x0a, 0xa4, 0x0a, 0x68, 0x0a,
  0x68, 0x0a, 0x22, 0x0a, 0x22, 0x0a, 0xd3, 0x09, 0xd3, 0x09, 0x7d, 0x09,
  0x7d, 0x09, 0x1d, 0x09, 0x1d, 0x09, 0xb8, 0x08, 0xb8, 0x08, 0x49, 0x08,
  0x49, 0x08, 0xd4, 0x07, 0xd4, 0x07, 0x59, 0x07, 0x59, 0x07, 0xd7, 0x06,
  0xd7, 0x06, 0x4f, 0x06, 0x4f, 0x06, 0xc2, 0x05, 0xc2, 0x05, 0x30, 0x05,
  0x30, 0x05, 0x9a, 0x04, 0x9a, 0x04, 0x00, 0x04, 0x00, 0x04, 0x62, 0x03,
  0x62, 0x03, 0xc2, 0x02, 0xc2, 0x02, 0x1f, 0x02, 0x1f, 0x02, 0x7a, 0x01,
  0x7a, 0x01, 0xd4, 0x00, 0xd4, 0x00, 0x2d, 0x00, 0x2d, 0x00, 0x87, 0xff,
  0x87, 0xff, 0xe1, 0xfe, 0xe1, 0xfe, 0x3b, 0xfe, 0x3b, 0xfe, 0x97, 0xfd,
  0x97, 0xfd, 0xf5, 0xfc, 0xf5, 0xfc, 0x56, 0xfc, 0x56, 0xfc, 0xba, 0xfb,
  0xba, 0xfb, 0x21, 0xfb, 0x21, 0xfb, 0x8e, 0xfa, 0x8e, 0xfa, 0xfd, 0xf9,
  0xfd, 0xf9, 0x73, 0xf9, 0x73, 0xf9, 0xee, 0xf8, 0xee, 0xf8, 0x6f, 0xf8,
  0x6f, 0xf8, 0xf6, 0xf7, 0xf6, 0xf7, 0x85, 0xf7, 0x85, 0xf7, 0x19, 0xf7,
  0x19, 0xf7, 0xb6, 0xf6, 0xb6, 0xf6, 0x5c, 0xf6, 0x5c, 0xf6, 0x08, 0xf6,
  0x08, 0xf6, 0xbe, 0xf5, 0xbe, 0xf5, 0x7c, 0xf5, 0x7c, 0xf5, 0x43, 0xf5,
  0x43, 0xf5, 0x13, 0xf5, 0x13, 0xf5, 0xed, 0xf4, 0xed, 0xf4, 0xd0, 0xf4,
  0xd0, 0xf4, 0xbc, 0xf4, 0xbc, 0xf4, 0xb2, 0xf4, 0xb2, 0xf4, 0xb1, 0xf4,
  0xb1, 0xf4, 0xba, 0xf4, 0xba, 0xf4, 0xcd, 0xf4, 0xcd, 0xf4, 0xea, 0xf4,
  0xea, 0xf4, 0x0f, 0xf5, 0x0f, 0xf5, 0x3e, 0xf5, 0x3e, 0xf5, 0x76, 0xf5,
  0x76, 0xf5, 0xb7, 0xf5, 0xb7, 0xf5, 0x01, 0xf6, 0x01, 0xf6, 0x53, 0xf6,
  0x53, 0xf6, 0xae, 0xf6, 0xae, 0xf6, 0x10, 0xf7, 0x10, 0xf7, 0x7a, 0xf7,
  0x7a, 0xf7, 0xeb, 0xf7, 0xeb, 0xf7, 0x63, 0xf8, 0x63, 0xf8, 0xe2, 0xf8,
  0xe2, 0xf8, 0x66, 0xf9, 0x66, 0xf9, 0xf0, 0xf9, 0xf0, 0xf9, 0x7f, 0xfa,
  0x7f, 0xfa, 0x13, 0xfb, 0x13, 0xfb, 0xac, 0xfb, 0xac, 0xfb, 0x48, 0xfc,
  0x48, 0xfc, 0xe7, 0xfc, 0xe7, 0xfc, 0x89, 0xfd, 0x89, 0xfd, 0x2c, 0xfe,
  0x2c, 0xfe, 0xd1, 0xfe, 0xd1, 0xfe, 0x78, 0xff, 0x78, 0xff, 0x1e, 0x00,
  0x1e, 0x00, 0xc5, 0x00, 0xc5, 0x00, 0x6b, 0x01, 0x6b, 0x01, 0x0f, 0x02,
  0x0f, 0x02, 0xb3, 0x02, 0xb3, 0x02, 0x53, 0x03, 0x53, 0x03, 0xf1, 0x03,
  0xf1, 0x03, 0x8c, 0x04, 0x8c, 0x04, 0x22, 0x05, 0x22, 0x05, 0xb4, 0x05,
  0xb4, 0x05, 0x42, 0x06, 0x42, 0x06, 0xca, 0x06, 0xca, 0x06, 0x4d, 0x07,
  0x4d, 0x07, 0xc9, 0x07, 0xc9, 0x07, 0x3f, 0x08, 0x3f, 0x08, 0xae, 0x08,
  0xae, 0x08, 0x14, 0x09, 0x14, 0x09, 0x74, 0x09, 0x74, 0x09, 0xcb, 0x09,
  0xcb, 0x09, 0x1b, 0x0a, 0x1b, 0x0a, 0x61, 0x0a, 0x61, 0x0a, 0x9f, 0x0a,
  0x9f, 0x0a, 0xd4, 0x0a, 0xd4, 0x0a, 0x00, 0x0b, 0x00, 0x0b, 0x22, 0x0b,
  0x22, 0x0b, 0x3a, 0x0b, 0x3a, 0x0b, 0x4a, 0x0b, 0x4a, 0x0b, 0x50, 0x0b,
  0x50, 0x0b, 0x4c, 0x0b, 0x4c, 0x0b, 0x3e, 0x0b, 0x3e, 0x0b, 0x27, 0x0b,
  0x27, 0x0b, 0x07, 0x0b, 0x07, 0x0b, 0xdd, 0x0a, 0xdd, 0x0a, 0xa9, 0x0a,
  0xa9, 0x0a, 0x6d, 0x0a, 0x6d, 0x0a, 0x29, 0x0a, 0x29, 0x0a, 0xdb, 0x09,
  0xdb, 0x09, 0x85, 0x09, 0x85, 0x09, 0x27, 0x09, 0x27, 0x09, 0xc1, 0x08,
  0xc1, 0x08, 0x54, 0x08, 0x54, 0x08, 0xdf, 0x07, 0xdf, 0x07, 0x64, 0x07,
  0x64, 0x07, 0xe3, 0x06, 0xe3, 0x06, 0x5c, 0x06, 0x5c, 0x06, 0xcf, 0x05,
  0xcf, 0x05, 0x3e, 0x05, 0x3e, 0x05, 0xa7, 0x04, 0xa7, 0x04, 0x0e, 0x04,
  0x0e, 0x04, 0x71, 0x03, 0x71, 0x03, 0xd1, 0x02, 0xd1, 0x02, 0x2e, 0x02,
  0x2e, 0x02, 0x89, 0x01, 0x89, 0x01, 0xe4, 0x00, 0xe4, 0x00, 0x3d, 0x00,
  0x3d, 0x00, 0x96, 0xff, 0x96, 0xff, 0xf0, 0xfe, 0xf0, 0xfe, 0x4a, 0xfe,
  0x4a, 0xfe, 0xa6, 0xfd, 0xa6, 0xfd, 0x04, 0xfd, 0x04, 0xfd, 0x65, 0xfc,
  0x65, 0xfc, 0xc8, 0xfb, 0xc8, 0xfb, 0x30, 0xfb, 0x30, 0xfb, 0x9a, 0xfa,
  0x9a, 0xfa, 0x0a, 0xfa, 0x0a, 0xfa, 0x80, 0xf9, 0x80, 0xf9, 0xfa, 0xf8,
  0xfa, 0xf8, 0x7a, 0xf8, 0x7a, 0xf8, 0x00, 0xf8, 0x00, 0xf8, 0x8e, 0xf7,
  0x8e, 0xf7, 0x23, 0xf7, 0x23, 0xf7, 0xbf, 0xf6, 0xbf, 0xf6, 0x63, 0xf6,
  0x63, 0xf6, 0x0f, 0xf6, 0x0f, 0xf6, 0xc4, 0xf5, 0xc4, 0xf5, 0x82, 0xf5,
  0x82, 0xf5, 0x48, 0xf5, 0x48, 0xf5, 0x17, 0xf5, 0x17, 0xf5, 0xf0, 0xf4,
  0xf0, 0xf4, 0xd2, 0xf4, 0xd2, 0xf4, 0xbd, 0xf4, 0xbd, 0xf4, 0xb3, 0xf4,
  0xb3, 0xf4, 0xb1, 0xf4, 0xb1, 0xf4, 0xb9, 0xf4, 0xb9, 0xf4, 0xcb, 0xf4,
  0xcb, 0xf4, 0xe6, 0xf4, 0xe6, 0xf4, 0x0b, 0xf5, 0x0b, 0xf5, 0x3a, 0xf5,
  0x3a, 0xf5, 0x71, 0xf5, 0x71, 0xf5, 0xb0, 0xf5, 0xb0, 0xf5, 0xfa, 0xf5,
  0xfa, 0xf5, 0x4b, 0xf6, 0x4b, 0xf6, 0xa5, 0xf6, 0xa5, 0xf6, 0x07, 0xf7,
  0x07, 0xf7, 0x70, 0xf7, 0x70, 0xf7, 0xe0, 0xf7, 0xe0, 0xf7, 0x58, 0xf8,
  0x58, 0xf8, 0xd6, 0xf8, 0xd6, 0xf8, 0x5a, 0xf9, 0x5a, 0xf9, 0xe3, 0xf9,
  0xe3, 0xf9, 0x72, 0xfa, 0x72, 0xfa, 0x06, 0xfb, 0x06, 0xfb, 0x9e, 0xfb,
  0x9e, 0xfb, 0x39, 0xfc, 0x39, 0xfc, 0xd8, 0xfc, 0xd8, 0xfc, 0x79, 0xfd,
  0x79, 0xfd, 0x1d, 0xfe, 0x1d, 0xfe, 0xc2, 0xfe, 0xc2, 0xfe, 0x68, 0xff,
  0x68, 0xff, 0x0f, 0x00, 0x0f, 0x00, 0xb6, 0x00, 0xb6, 0x00, 0x5c, 0x01,
  0x5c, 0x01, 0x01, 0x02, 0x01, 0x02, 0xa3, 0x02, 0xa3, 0x02, 0x45, 0x03,
  0x45, 0x03, 0xe3, 0x03, 0xe3, 0x03, 0x7e, 0x04, 0x7e, 0x04, 0x15, 0x05,
  0x15, 0x05, 0xa7, 0x05, 0xa7, 0x05, 0x36, 0x06, 0x36, 0x06, 0xbe, 0x06,
  0xbe, 0x06, 0x41, 0x07, 0x41, 0x07, 0xbe, 0x07, 0xbe, 0x07, 0x34, 0x08,
  0x34, 0x08, 0xa3, 0x08, 0xa3, 0x08, 0x0c, 0x09, 0x0c, 0x09, 0x6c, 0x09,
  0x6c, 0x09, 0xc4, 0x09, 0xc4, 0x09, 0x14, 0x0a, 0x14, 0x0a, 0x5b, 0x0a,
  0x5b, 0x0a, 0x9a, 0x0a, 0x9a, 0x0a, 0xd0, 0x0a, 0xd0, 0x0a, 0xfc, 0x0a,
  0xfc, 0x0a, 0x1f, 0x0b, 0x1f, 0x0b, 0x39, 0x0b, 0x39, 0x0b, 0x49, 0x0b,
  0x49, 0x0b, 0x50, 0x0b, 0x50, 0x0b, 0x4d, 0x0b, 0x4d, 0x0b, 0x40, 0x0b,
  0x40, 0x0b, 0x29, 0x0b, 0x29, 0x0b, 0x0a, 0x0b, 0x0a, 0x0b, 0xe1, 0x0a,
  0xe1, 0x0a, 0xae, 0x0a, 0xae, 0x0a, 0x73, 0x0a, 0x73, 0x0a, 0x2f, 0x0a,
  0x2f, 0x0a, 0xe3, 0x09, 0xe3, 0x09, 0x8d, 0x09, 0x8d, 0x09, 0x30, 0x09,
  0x30, 0x09, 0xcb, 0x08, 0xcb, 0x08, 0x5e, 0x08, 0x5e, 0x08, 0xea, 0x07,
  0xea, 0x07, 0x70, 0x07, 0x70, 0x07, 0xef, 0x06, 0xef, 0x06, 0x68, 0x06,
  0x68, 0x06, 0xdc, 0x05, 0xdc, 0x05, 0x4b, 0x05, 0x4b, 0x05, 0xb6, 0x04,
  0xb6, 0x04, 0x1c, 0x04, 0x1c, 0x04, 0x7f, 0x03, 0x7f, 0x03, 0xdf, 0x02,
  0xdf, 0x02, 0x3d, 0x02, 0x3d, 0x02, 0x99, 0x01, 0x99, 0x01, 0xf3, 0x00,
  0xf3, 0x00, 0x4c, 0x00, 0x4c, 0x00, 0xa5, 0xff, 0xa5, 0xff, 0xff, 0xfe,
  0xff, 0xfe, 0x59, 0xfe, 0x59, 0xfe, 0xb5, 0xfd, 0xb5, 0xfd, 0x12, 0xfd,
  0x12, 0xfd, 0x73, 0xfc, 0x73, 0xfc, 0xd6, 0xfb, 0xd6, 0xfb, 0x3d, 0xfb,
  0x3d, 0xfb, 0xa8, 0xfa, 0xa8, 0xfa, 0x18, 0xfa, 0x18, 0xfa, 0x8c, 0xf9,
  0x8c, 0xf9, 0x06, 0xf9, 0x06, 0xf9, 0x85, 0xf8, 0x85, 0xf8, 0x0c, 0xf8,
  0x0c, 0xf8, 0x98, 0xf7, 0x98, 0xf7, 0x2c, 0xf7, 0x2c, 0xf7, 0xc8, 0xf6,
  0xc8, 0xf6, 0x6b, 0xf6, 0x6b, 0xf6, 0x17, 0xf6, 0x17, 0xf6, 0xcb, 0xf5,
  0xcb, 0xf5, 0x87, 0xf5, 0x87, 0xf5, 0x4d, 0xf5, 0x4d, 0xf5, 0x1b, 0xf5,
  0x1b, 0xf5, 0xf3, 0xf4, 0xf3, 0xf4, 0xd4, 0xf4, 0xd4, 0xf4, 0xbf, 0xf4,
  0xbf, 0xf4, 0xb3, 0xf4, 0xb3, 0xf4, 0xb0, 0xf4, 0xb0, 0xf4, 0xb8, 0xf4,
  0xb8, 0xf4, 0xc9, 0xf4, 0xc9, 0xf4, 0xe3, 0xf4, 0xe3, 0xf4, 0x07, 0xf5,
  0x07, 0xf5, 0x35, 0xf5, 0x35, 0xf5, 0x6b, 0xf5, 0x6b, 0xf5, 0xab, 0xf5,
  0xab, 0xf5, 0xf3, 0xf5, 0xf3, 0xf5, 0x43, 0xf6, 0x43, 0xf6, 0x9d, 0xf6,
  0x9d, 0xf6, 0xfd, 0xf6, 0xfd, 0xf6, 0x66, 0xf7, 0x66, 0xf7, 0xd6, 0xf7,
  0xd6, 0xf7, 0x4d, 0xf8, 0x4d, 0xf8, 0xca, 0xf8, 0xca, 0xf8, 0x4d, 0xf9,
  0x4d, 0xf9, 0xd7, 0xf9, 0xd7, 0xf9, 0x65, 0xfa, 0x65, 0xfa, 0xf8, 0xfa,
  0xf8, 0xfa, 0x90, 0xfb, 0x90, 0xfb, 0x2b, 0xfc, 0x2b, 0xfc, 0xca, 0xfc,
  0xca, 0xfc, 0x6a, 0xfd, 0x6a, 0xfd, 0x0d, 0xfe, 0x0d, 0xfe, 0xb3, 0xfe,
  0xb3, 0xfe, 0x59, 0xff, 0x59, 0xff, 0x00, 0x00, 0x00, 0x00, 0xa6, 0x00,
  0xa6, 0x00, 0x4c, 0x01, 0x4c, 0x01, 0xf2, 0x01, 0xf2, 0x01, 0x95, 0x02,
  0x95, 0x02, 0x36, 0x03, 0x36, 0x03, 0xd5, 0x03, 0xd5, 0x03, 0x70, 0x04,
  0x70, 0x04, 0x07, 0x05, 0x07, 0x05, 0x9b, 0x05, 0x9b, 0x05, 0x29, 0x06,
  0x29, 0x06, 0xb2, 0x06, 0xb2, 0x06, 0x36, 0x07, 0x36, 0x07, 0xb3, 0x07,
  0xb3, 0x07, 0x2a, 0x08, 0x2a, 0x08, 0x9a, 0x08, 0x9a, 0x08, 0x02, 0x09,
  0x02, 0x09, 0x63, 0x09, 0x63, 0x09, 0xbd, 0x09, 0xbd, 0x09, 0x0d, 0x0a,
  0x0d, 0x0a, 0x55, 0x0a, 0x55, 0x0a, 0x94, 0x0a, 0x94, 0x0a, 0xcb, 0x0a,
  0xcb, 0x0a, 0xf9, 0x0a, 0xf9, 0x0a, 0x1c, 0x0b, 0x1c, 0x0b, 0x37, 0x0b,
  0x37, 0x0b, 0x48, 0x0b, 0x48, 0x0b, 0x50, 0x0b, 0x50, 0x0b, 0x4d, 0x0b,
  0x4d, 0x0b, 0x41, 0x0b, 0x41, 0x0b, 0x2c, 0x0b, 0x2c, 0x0b, 0x0d, 0x0b,
  0x0d, 0x0b, 0xe5, 0x0a, 0xe5, 0x0a, 0xb3, 0x0a, 0xb3, 0x0a, 0x79, 0x0a,
  0x79, 0x0a, 0x35, 0x0a, 0x35, 0x0a, 0xea, 0x09, 0xea, 0x09, 0x95, 0x09,
  0x95, 0x09, 0x38, 0x09, 0x38, 0x09, 0xd4, 0x08, 0xd4, 0x08, 0x68, 0x08,
  0x68, 0x08, 0xf4, 0x07, 0xf4, 0x07, 0x7b, 0x07, 0x7b, 0x07, 0xfb, 0x06,
  0xfb, 0x06, 0x74, 0x06, 0x74, 0x06, 0xe9, 0x05, 0xe9, 0x05, 0x58, 0x05,
  0x58, 0x05, 0xc4, 0x04, 0xc4, 0x04, 0x2a, 0x04, 0x2a, 0x04, 0x8d, 0x03,
  0x8d, 0x03, 0xee, 0x02, 0xee, 0x02, 0x4b, 0x02, 0x4b, 0x02, 0xa8, 0x01,
  0xa8, 0x01, 0x02, 0x01, 0x02, 0x01, 0x5b, 0x00, 0x5b, 0x00, 0xb4, 0xff,
  0xb4, 0xff, 0x0e, 0xff, 0x0e, 0xff, 0x68, 0xfe, 0x68, 0xfe, 0xc4, 0xfd,
  0xc4, 0xfd, 0x21, 0xfd, 0x21, 0xfd, 0x82, 0xfc, 0x82, 0xfc, 0xe5, 0xfb,
  0xe5, 0xfb, 0x4a, 0xfb, 0x4a, 0xfb, 0xb5, 0xfa, 0xb5, 0xfa, 0x24, 0xfa,
  0x24, 0xfa, 0x98, 0xf9, 0x98, 0xf9, 0x12, 0xf9, 0x12, 0xf9, 0x91, 0xf8,
  0x91, 0xf8, 0x16, 0xf8, 0x16, 0xf8, 0xa2, 0xf7, 0xa2, 0xf7, 0x36, 0xf7,
  0x36, 0xf7, 0xd1, 0xf6, 0xd1, 0xf6, 0x74, 0xf6, 0x74, 0xf6, 0x1e, 0xf6,
  0x1e, 0xf6, 0xd1, 0xf5, 0xd1, 0xf5, 0x8d, 0xf5, 0x8d, 0xf5, 0x52, 0xf5,
  0x52, 0xf5, 0x1f, 0xf5, 0x1f, 0xf5, 0xf6, 0xf4, 0xf6, 0xf4, 0xd7, 0xf4,
  0xd7, 0xf4, 0xc0, 0xf4, 0xc0, 0xf4, 0xb3, 0xf4, 0xb3, 0xf4, 0xb0, 0xf4,
  0xb0, 0xf4, 0xb7, 0xf4, 0xb7, 0xf4, 0xc7, 0xf4, 0xc7, 0xf4, 0xe1, 0xf4,
  0xe1, 0xf4, 0x04, 0xf5, 0x04, 0xf5, 0x30, 0xf5, 0x30, 0xf5, 0x66, 0xf5,
  0x66, 0xf5, 0xa4, 0xf5, 0xa4, 0xf5, 0xec, 0xf5, 0xec, 0xf5, 0x3c, 0xf6,
  0x3c, 0xf6, 0x94, 0xf6, 0x94, 0xf6, 0xf4, 0xf6, 0xf4, 0xf6, 0x5c, 0xf7,
  0x5c, 0xf7, 0xcb, 0xf7, 0xcb, 0xf7, 0x41, 0xf8, 0x41, 0xf8, 0xbe, 0xf8,
  0xbe, 0xf8, 0x41, 0xf9, 0x41, 0xf9, 0xca, 0xf9, 0xca, 0xf9, 0x58, 0xfa,
  0x58, 0xfa, 0xeb, 0xfa, 0xeb, 0xfa, 0x82, 0xfb, 0x82, 0xfb, 0x1c, 0xfc,
  0x1c, 0xfc, 0xbb, 0xfc, 0xbb, 0xfc, 0x5c, 0xfd, 0x5c, 0xfd, 0xff, 0xfd,
  0xff, 0xfd, 0xa3, 0xfe, 0xa3, 0xfe, 0x4a, 0xff, 0x4a, 0xff, 0xf0, 0xff,
  0xf0, 0xff, 0x97, 0x00, 0x97, 0x00, 0x3d, 0x01, 0x3d, 0x01, 0xe2, 0x01,
  0xe2, 0x01, 0x86, 0x02, 0x86, 0x02, 0x27, 0x03, 0x27, 0x03, 0xc6, 0x03,
  0xc6, 0x03, 0x62, 0x04, 0x62, 0x04, 0xf9, 0x04, 0xf9, 0x04, 0x8d, 0x05,
  0x8d, 0x05, 0x1c, 0x06, 0x1c, 0x06, 0xa5, 0x06, 0xa5, 0x06, 0x2a, 0x07,
  0x2a, 0x07, 0xa7, 0x07, 0xa7, 0x07, 0x1f, 0x08, 0x1f, 0x08, 0x90, 0x08,
  0x90, 0x08, 0xf9, 0x08, 0xf9, 0x08, 0x5b, 0x09, 0x5b, 0x09, 0xb5, 0x09,
  0xb5, 0x09, 0x06, 0x0a, 0x06, 0x0a, 0x4f, 0x0a, 0x4f, 0x0a, 0x8f, 0x0a,
  0x8f, 0x0a, 0xc6, 0x0a, 0xc6, 0x0a, 0xf4, 0x0a, 0xf4, 0x0a, 0x19, 0x0b,
  0x19, 0x0b, 0x35, 0x0b, 0x35, 0x0b, 0x46, 0x0b, 0x46, 0x0b, 0x4f, 0x0b,
  0x4f, 0x0b, 0x4d, 0x0b, 0x4d, 0x0b, 0x43, 0x0b, 0x43, 0x0b, 0x2e, 0x0b,
  0x2e, 0x0b, 0x11, 0x0b, 0x11, 0x0b, 0xe9, 0x0a, 0xe9, 0x0a, 0xb8, 0x0a,
  0xb8, 0x0a, 0x7f, 0x0a, 0x7f, 0x0a, 0x3c, 0x0a, 0x3c, 0x0a, 0xf1, 0x09,
  0xf1, 0x09, 0x9d, 0x09, 0x9d, 0x09, 0x41, 0x09, 0x41, 0x09, 0xdd, 0x08,
  0xdd, 0x08, 0x72, 0x08, 0x72, 0x08, 0x00, 0x08, 0x00, 0x08, 0x86, 0x07,
  0x86, 0x07, 0x07, 0x07, 0x07, 0x07, 0x81, 0x06, 0x81, 0x06, 0xf6, 0x05,
  0xf6, 0x05, 0x66, 0x05, 0x66, 0x05, 0xd1, 0x04, 0xd1, 0x04, 0x38, 0x04,
  0x38, 0x04, 0x9c, 0x03, 0x9c, 0x03, 0xfc, 0x02, 0xfc, 0x02, 0x5a, 0x02,
  0x5a, 0x02, 0xb6, 0x01, 0xb6, 0x01, 0x11, 0x01, 0x11, 0x01, 0x6b, 0x00,
  0x6b, 0x00, 0xc3, 0xff, 0xc3, 0xff, 0x1d, 0xff, 0x1d, 0xff, 0x78, 0xfe,
  0x78, 0xfe, 0xd3, 0xfd, 0xd3, 0xfd, 0x30, 0xfd, 0x30, 0xfd, 0x90, 0xfc,
  0x90, 0xfc, 0xf3, 0xfb, 0xf3, 0xfb, 0x59, 0xfb, 0x59, 0xfb, 0xc3, 0xfa,
  0xc3, 0xfa, 0x31, 0xfa, 0x31, 0xfa, 0xa5, 0xf9, 0xa5, 0xf9, 0x1d, 0xf9,
  0x1d, 0xf9, 0x9d, 0xf8, 0x9d, 0xf8, 0x21, 0xf8, 0x21, 0xf8, 0xad, 0xf7,
  0xad, 0xf7, 0x3f, 0xf7, 0x3f, 0xf7, 0xd9, 0xf6, 0xd9, 0xf6, 0x7b, 0xf6,
  0x7b, 0xf6, 0x26, 0xf6, 0x26, 0xf6, 0xd8, 0xf5, 0xd8, 0xf5, 0x93, 0xf5,
  0x93, 0xf5, 0x57, 0xf5, 0x57, 0xf5, 0x24, 0xf5, 0x24, 0xf5, 0xf9, 0xf4,
  0xf9, 0xf4, 0xd9, 0xf4, 0xd9, 0xf4, 0xc2, 0xf4, 0xc2, 0xf4, 0xb5, 0xf4,
  0xb5, 0xf4, 0xb0, 0xf4, 0xb0, 0xf4, 0xb6, 0xf4, 0xb6, 0xf4, 0xc6, 0xf4,
  0xc6, 0xf4, 0xde, 0xf4, 0xde, 0xf4, 0x00, 0xf5, 0x00, 0xf5, 0x2c, 0xf5,
  0x2c, 0xf5, 0x61, 0xf5, 0x61, 0xf5, 0x9e, 0xf5, 0x9e, 0xf5, 0xe5, 0xf5,
  0xe5, 0xf5, 0x34, 0xf6, 0x34, 0xf6, 0x8c, 0xf6, 0x8c, 0xf6, 0xeb, 0xf6,
  0xeb, 0xf6, 0x52, 0xf7, 0x52, 0xf7, 0xc1, 0xf7, 0xc1, 0xf7, 0x37, 0xf8,
  0x37, 0xf8, 0xb2, 0xf8, 0xb2, 0xf8, 0x35, 0xf9, 0x35, 0xf9, 0xbd, 0xf9,
  0xbd, 0xf9, 0x4b, 0xfa, 0x4b, 0xfa, 0xde, 0xfa, 0xde, 0xfa, 0x73, 0xfb,
  0x73, 0xfb, 0x0e, 0xfc, 0x0e, 0xfc, 0xac, 0xfc, 0xac, 0xfc, 0x4c, 0xfd,
  0x4c, 0xfd, 0xf1, 0xfd, 0xf1, 0xfd, 0x95, 0xfe, 0x95, 0xfe, 0x3b, 0xff,
  0x3b, 0xff, 0xe2, 0xff, 0xe2, 0xff, 0x88, 0x00, 0x88, 0x00, 0x2f, 0x01,
  0x2f, 0x01, 0xd3, 0x01, 0xd3, 0x01, 0x77, 0x02, 0x77, 0x02, 0x19, 0x03,
  0x19, 0x03, 0xb8, 0x03, 0xb8, 0x03, 0x54, 0x04, 0x54, 0x04, 0xec, 0x04,
  0xec, 0x04, 0x80, 0x05, 0x80, 0x05, 0x0f, 0x06, 0x0f, 0x06, 0x99, 0x06,
  0x99, 0x06, 0x1e, 0x07, 0x1e, 0x07, 0x9d, 0x07, 0x9d, 0x07, 0x15, 0x08,
  0x15, 0x08, 0x85, 0x08, 0x85, 0x08, 0xf0, 0x08, 0xf0, 0x08, 0x52, 0x09,
  0x52, 0x09, 0xad, 0x09, 0xad, 0x09, 0xff, 0x09, 0xff, 0x09, 0x49, 0x0a,
  0x49, 0x0a, 0x8a, 0x0a, 0x8a, 0x0a, 0xc2, 0x0a, 0xc2, 0x0a, 0xf1, 0x0a,
  0xf1, 0x0a, 0x16, 0x0b, 0x16, 0x0b, 0x33, 0x0b, 0x33, 0x0b, 0x46, 0x0b,
  0x46, 0x0b, 0x4f, 0x0b, 0x4f, 0x0b, 0x4e, 0x0b, 0x4e, 0x0b, 0x44, 0x0b,
  0x44, 0x0b, 0x30, 0x0b, 0x30, 0x0b, 0x13, 0x0b, 0x13, 0x0b, 0xed, 0x0a,
  0xed, 0x0a, 0xbd, 0x0a, 0xbd, 0x0a, 0x85, 0x0a, 0x85, 0x0a, 0x43, 0x0a,
  0x43, 0x0a, 0xf8, 0x09, 0xf8, 0x09, 0xa5, 0x09, 0xa5, 0x09, 0x4a, 0x09,
  0x4a, 0x09, 0xe7, 0x08, 0xe7, 0x08, 0x7c, 0x08, 0x7c, 0x08, 0x0a, 0x08,
  0x0a, 0x08, 0x91, 0x07, 0x91, 0x07, 0x13, 0x07, 0x13, 0x07, 0x8e, 0x06,
  0x8e, 0x06, 0x03, 0x06, 0x03, 0x06, 0x73, 0x05, 0x73, 0x05, 0xdf, 0x04,
  0xdf, 0x04, 0x46, 0x04, 0x46, 0x04, 0xaa, 0x03, 0xaa, 0x03, 0x0b, 0x03,
  0x0b, 0x03, 0x69, 0x02, 0x69, 0x02, 0xc5, 0x01, 0xc5, 0x01, 0x20, 0x01,
  0x20, 0x01, 0x7a, 0x00, 0x7a, 0x00, 0xd3, 0xff, 0xd3, 0xff, 0x2c, 0xff,
  0x2c, 0xff, 0x86, 0xfe, 0x86, 0xfe, 0xe2, 0xfd, 0xe2, 0xfd, 0x3f, 0xfd,
  0x3f, 0xfd, 0x9f, 0xfc, 0x9f, 0xfc, 0x01, 0xfc, 0x01, 0xfc, 0x67, 0xfb,
  0x67, 0xfb, 0xd0, 0xfa, 0xd0, 0xfa, 0x3e, 0xfa, 0x3e, 0xfa, 0xb2, 0xf9,
  0xb2, 0xf9, 0x29, 0xf9, 0x29, 0xf9, 0xa8, 0xf8, 0xa8, 0xf8, 0x2c, 0xf8,
  0x2c, 0xf8, 0xb7, 0xf7, 0xb7, 0xf7, 0x49, 0xf7, 0x49, 0xf7, 0xe3, 0xf6,
  0xe3, 0xf6, 0x84, 0xf6, 0x84, 0xf6, 0x2d, 0xf6, 0x2d, 0xf6, 0xde, 0xf5,
  0xde, 0xf5, 0x98, 0xf5, 0x98, 0xf5, 0x5c, 0xf5, 0x5c, 0xf5, 0x28, 0xf5,
  0x28, 0xf5, 0xfd, 0xf4, 0xfd, 0xf4, 0xdc, 0xf4, 0xdc, 0xf4, 0xc4, 0xf4,
  0xc4, 0xf4, 0xb5, 0xf4, 0xb5, 0xf4, 0xb0, 0xf4, 0xb0, 0xf4, 0xb5, 0xf4,
  0xb5, 0xf4, 0xc4, 0xf4, 0xc4, 0xf4, 0xdc, 0xf4, 0xdc, 0xf4, 0xfd, 0xf4,
  0xfd, 0xf4, 0x27, 0xf5, 0x27, 0xf5, 0x5c, 0xf5, 0x5c, 0xf5, 0x98, 0xf5,
  0x98, 0xf5, 0xde, 0xf5, 0xde, 0xf5, 0x2d, 0xf6, 0x2d, 0xf6, 0x83, 0xf6,
  0x83, 0xf6, 0xe3, 0xf6, 0xe3, 0xf6, 0x48, 0xf7, 0x48, 0xf7, 0xb7, 0xf7,
  0xb7, 0xf7, 0x2c, 0xf8, 0x2c, 0xf8, 0xa7, 0xf8, 0xa7, 0xf8, 0x29, 0xf9,
  0x29, 0xf9, 0xb1, 0xf9, 0xb1, 0xf9, 0x3e, 0xfa, 0x3e, 0xfa, 0xd0, 0xfa,
  0xd0, 0xfa, 0x66, 0xfb, 0x66, 0xfb, 0x00, 0xfc, 0x00, 0xfc, 0x9e, 0xfc,
  0x9e, 0xfc, 0x3e, 0xfd, 0x3e, 0xfd, 0xe1, 0xfd, 0xe1, 0xfd, 0x86, 0xfe,
  0x86, 0xfe, 0x2c, 0xff, 0x2c, 0xff, 0xd3, 0xff, 0xd3, 0xff, 0x79, 0x00,
  0x79, 0x00, 0x1f, 0x01, 0x1f, 0x01, 0xc5, 0x01, 0xc5, 0x01, 0x69, 0x02,
  0x69, 0x02, 0x0b, 0x03, 0x0b, 0x03, 0xaa, 0x03, 0xaa, 0x03, 0x46, 0x04,
  0x46, 0x04, 0xdf, 0x04, 0xdf, 0x04, 0x72, 0x05, 0x72, 0x05, 0x03, 0x06,
  0x03, 0x06, 0x8d, 0x06, 0x8d, 0x06, 0x12, 0x07, 0x12, 0x07, 0x91, 0x07,
  0x91, 0x07, 0x0a, 0x08, 0x0a, 0x08, 0x7b, 0x08, 0x7b, 0x08, 0xe7, 0x08,
  0xe7, 0x08, 0x4a, 0x09, 0x4a, 0x09, 0xa4, 0x09, 0xa4, 0x09, 0xf8, 0x09,
  0xf8, 0x09, 0x42, 0x0a, 0x42, 0x0a, 0x84, 0x0a, 0x84, 0x0a, 0xbd, 0x0a,
  0xbd, 0x0a, 0xed, 0x0a, 0xed, 0x0a, 0x13, 0x0b, 0x13, 0x0b, 0x30, 0x0b,
  0x30, 0x0b, 0x44, 0x0b, 0x44, 0x0b, 0x4e, 0x0b, 0x4e, 0x0b, 0x4f, 0x0b,
  0x4f, 0x0b, 0x46, 0x0b, 0x46, 0x0b, 0x33, 0x0b, 0x33, 0x0b, 0x16, 0x0b,
  0x16, 0x0b, 0xf1, 0x0a, 0xf1, 0x0a, 0xc2, 0x0a, 0xc2, 0x0a, 0x8a, 0x0a,
  0x8a, 0x0a, 0x49, 0x0a, 0x49, 0x0a, 0xff, 0x09, 0xff, 0x09, 0xad, 0x09,
  0xad, 0x09, 0x52, 0x09, 0x52, 0x09, 0xf0, 0x08, 0xf0, 0x08, 0x86, 0x08,
  0x86, 0x08, 0x15, 0x08, 0x15, 0x08, 0x9d, 0x07, 0x9d, 0x07, 0x1e, 0x07,
  0x1e, 0x07, 0x9a, 0x06, 0x9a, 0x06, 0x10, 0x06, 0x10, 0x06, 0x81, 0x05,
  0x81, 0x05, 0xed, 0x04, 0xed, 0x04, 0x54, 0x04, 0x54, 0x04, 0xb8, 0x03,
  0xb8, 0x03, 0x19, 0x03, 0x19, 0x03, 0x77, 0x02, 0x77, 0x02, 0xd4, 0x01,
  0xd4, 0x01, 0x2f, 0x01, 0x2f, 0x01, 0x88, 0x00, 0x88, 0x00, 0xe2, 0xff,
  0xe2, 0xff, 0x3b, 0xff, 0x3b, 0xff, 0x95, 0xfe, 0x95, 0xfe, 0xf1, 0xfd,
  0xf1, 0xfd, 0x4d, 0xfd, 0x4d, 0xfd, 0xad, 0xfc, 0xad, 0xfc, 0x0f, 0xfc,
  0x0f, 0xfc, 0x74, 0xfb, 0x74, 0xfb, 0xde, 0xfa, 0xde, 0xfa, 0x4c, 0xfa,
  0x4c, 0xfa, 0xbe, 0xf9, 0xbe, 0xf9, 0x36, 0xf9, 0x36, 0xf9, 0xb3, 0xf8,
  0xb3, 0xf8, 0x37, 0xf8, 0x37, 0xf8, 0xc1, 0xf7, 0xc1, 0xf7, 0x52, 0xf7,
  0x52, 0xf7, 0xec, 0xf6, 0xec, 0xf6, 0x8c, 0xf6, 0x8c, 0xf6, 0x35, 0xf6,
  0x35, 0xf6, 0xe5, 0xf5, 0xe5, 0xf5, 0x9f, 0xf5, 0x9f, 0xf5, 0x61, 0xf5,
  0x61, 0xf5, 0x2c, 0xf5, 0x2c, 0xf5, 0x00, 0xf5, 0x00, 0xf5, 0xde, 0xf4,
  0xde, 0xf4, 0xc6, 0xf4, 0xc6, 0xf4, 0xb6, 0xf4, 0xb6, 0xf4, 0xb0, 0xf4,
  0xb0, 0xf4, 0xb4, 0xf4, 0xb4, 0xf4, 0xc2, 0xf4, 0xc2, 0xf4, 0xd9, 0xf4,
  0xd9, 0xf4, 0xf9, 0xf4, 0xf9, 0xf4, 0x23, 0xf5, 0x23, 0xf5, 0x57, 0xf5,
  0x57, 0xf5, 0x93, 0xf5, 0x93, 0xf5, 0xd7, 0xf5, 0xd7, 0xf5, 0x25, 0xf6,
  0x25, 0xf6, 0x7b, 0xf6, 0x7b, 0xf6, 0xd9, 0xf6, 0xd9, 0xf6, 0x3f, 0xf7,
  0x3f, 0xf7, 0xac, 0xf7, 0xac, 0xf7, 0x21, 0xf8, 0x21, 0xf8, 0x9c, 0xf8,
  0x9c, 0xf8, 0x1d, 0xf9, 0x1d, 0xf9, 0xa4, 0xf9, 0xa4, 0xf9, 0x31, 0xfa,
  0x31, 0xfa, 0xc2, 0xfa, 0xc2, 0xfa, 0x59, 0xfb, 0x59, 0xfb, 0xf2, 0xfb,
  0xf2, 0xfb, 0x8f, 0xfc, 0x8f, 0xfc, 0x2f, 0xfd, 0x2f, 0xfd, 0xd2, 0xfd,
  0xd2, 0xfd, 0x77, 0xfe, 0x77, 0xfe, 0x1c, 0xff, 0x1c, 0xff, 0xc3, 0xff,
  0xc3, 0xff, 0x6a, 0x00, 0x6a, 0x00, 0x10, 0x01, 0x10, 0x01, 0xb6, 0x01,
  0xb6, 0x01, 0x5a, 0x02, 0x5a, 0x02, 0xfc, 0x02, 0xfc, 0x02, 0x9b, 0x03,
  0x9b, 0x03, 0x38, 0x04, 0x38, 0x04, 0xd0, 0x04, 0xd0, 0x04, 0x66, 0x05,
  0x66, 0x05, 0xf6, 0x05, 0xf6, 0x05, 0x80, 0x06, 0x80, 0x06, 0x06, 0x07,
  0x06, 0x07, 0x86, 0x07, 0x86, 0x07, 0x00, 0x08, 0x00, 0x08, 0x72, 0x08,
  0x72, 0x08, 0xdd, 0x08, 0xdd, 0x08, 0x41, 0x09, 0x41, 0x09, 0x9d, 0x09,
  0x9d, 0x09, 0xf1, 0x09, 0xf1, 0x09, 0x3c, 0x0a, 0x3c, 0x0a, 0x7e, 0x0a,
  0x7e, 0x0a, 0xb8, 0x0a, 0xb8, 0x0a, 0xe9, 0x0a, 0xe9, 0x0a, 0x10, 0x0b,
  0x10, 0x0b, 0x2e, 0x0b, 0x2e, 0x0b, 0x43, 0x0b, 0x43, 0x0b, 0x4d, 0x0b,
  0x4d, 0x0b, 0x4f, 0x0b, 0x4f, 0x0b, 0x47, 0x0b, 0x47, 0x0b, 0x35, 0x0b,
  0x35, 0x0b, 0x1a, 0x0b, 0x1a, 0x0b, 0xf5, 0x0a, 0xf5, 0x0a, 0xc6, 0x0a,
  0xc6, 0x0a, 0x8f, 0x0a, 0x8f, 0x0a, 0x50, 0x0a, 0x50, 0x0a, 0x06, 0x0a,
  0x06, 0x0a, 0xb5, 0x09, 0xb5, 0x09, 0x5b, 0x09, 0x5b, 0x09, 0xf9, 0x08,
  0xf9, 0x08, 0x90, 0x08, 0x90, 0x08, 0x20, 0x08, 0x20, 0x08, 0xa8, 0x07,
  0xa8, 0x07, 0x2a, 0x07, 0x2a, 0x07, 0xa6, 0x06, 0xa6, 0x06, 0x1d, 0x06,
  0x1d, 0x06, 0x8e, 0x05, 0x8e, 0x05, 0xfa, 0x04, 0xfa, 0x04, 0x62, 0x04,
  0x62, 0x04, 0xc7, 0x03, 0xc7, 0x03, 0x28, 0x03, 0x28, 0x03, 0x87, 0x02,
  0x87, 0x02, 0xe3, 0x01, 0xe3, 0x01, 0x3e, 0x01, 0x3e, 0x01, 0x98, 0x00,
  0x98, 0x00, 0xf1, 0xff, 0xf1, 0xff, 0x4a, 0xff, 0x4a, 0xff, 0xa4, 0xfe,
  0xa4, 0xfe, 0xff, 0xfd, 0xff, 0xfd, 0x5d, 0xfd, 0x5d, 0xfd, 0xbb, 0xfc,
  0xbb, 0xfc, 0x1d, 0xfc, 0x1d, 0xfc, 0x82, 0xfb, 0x82, 0xfb, 0xeb, 0xfa,
  0xeb, 0xfa, 0x59, 0xfa, 0x59, 0xfa, 0xca, 0xf9, 0xca, 0xf9, 0x42, 0xf9,
  0x42, 0xf9, 0xbf, 0xf8, 0xbf, 0xf8, 0x42, 0xf8, 0x42, 0xf8, 0xcc, 0xf7,
  0xcc, 0xf7, 0x5d, 0xf7, 0x5d, 0xf7, 0xf4, 0xf6, 0xf4, 0xf6, 0x94, 0xf6,
  0x94, 0xf6, 0x3c, 0xf6, 0x3c, 0xf6, 0xec, 0xf5, 0xec, 0xf5, 0xa5, 0xf5,
  0xa5, 0xf5, 0x66, 0xf5, 0x66, 0xf5, 0x30, 0xf5, 0x30, 0xf5, 0x04, 0xf5,
  0x04, 0xf5, 0xe1, 0xf4, 0xe1, 0xf4, 0xc7, 0xf4, 0xc7, 0xf4, 0xb7, 0xf4,
  0xb7, 0xf4, 0xb0, 0xf4, 0xb0, 0xf4, 0xb3, 0xf4, 0xb3, 0xf4, 0xc0, 0xf4,
  0xc0, 0xf4, 0xd7, 0xf4, 0xd7, 0xf4, 0xf6, 0xf4, 0xf6, 0xf4, 0x1f, 0xf5,
  0x1f, 0xf5, 0x52, 0xf5, 0x52, 0xf5, 0x8d, 0xf5, 0x8d, 0xf5, 0xd1, 0xf5,
  0xd1, 0xf5, 0x1d, 0xf6, 0x1d, 0xf6, 0x73, 0xf6, 0x73, 0xf6, 0xd0, 0xf6,
  0xd0, 0xf6, 0x35, 0xf7, 0x35, 0xf7, 0xa2, 0xf7, 0xa2, 0xf7, 0x16, 0xf8,
  0x16, 0xf8, 0x90, 0xf8, 0x90, 0xf8, 0x11, 0xf9, 0x11, 0xf9, 0x98, 0xf9,
  0x98, 0xf9, 0x24, 0xfa, 0x24, 0xfa, 0xb5, 0xfa, 0xb5, 0xfa, 0x4a, 0xfb,
  0x4a, 0xfb, 0xe4, 0xfb, 0xe4, 0xfb, 0x81, 0xfc, 0x81, 0xfc, 0x21, 0xfd,
  0x21, 0xfd, 0xc3, 0xfd, 0xc3, 0xfd, 0x67, 0xfe, 0x67, 0xfe, 0x0d, 0xff,
  0x0d, 0xff, 0xb4, 0xff, 0xb4, 0xff, 0x5b, 0x00, 0x5b, 0x00, 0x01, 0x01,
  0x01, 0x01, 0xa7, 0x01, 0xa7, 0x01, 0x4b, 0x02, 0x4b, 0x02, 0xee, 0x02,
  0xee, 0x02, 0x8d, 0x03, 0x8d, 0x03, 0x2a, 0x04, 0x2a, 0x04, 0xc3, 0x04,
  0xc3, 0x04, 0x58, 0x05, 0x58, 0x05, 0xe8, 0x05, 0xe8, 0x05, 0x74, 0x06,
  0x74, 0x06, 0xfa, 0x06, 0xfa, 0x06, 0x7b, 0x07, 0x7b, 0x07, 0xf4, 0x07,
  0xf4, 0x07, 0x68, 0x08, 0x68, 0x08, 0xd4, 0x08, 0xd4, 0x08, 0x38, 0x09,
  0x38, 0x09, 0x95, 0x09, 0x95, 0x09, 0xe9, 0x09, 0xe9, 0x09, 0x35, 0x0a,
  0x35, 0x0a, 0x79, 0x0a, 0x79, 0x0a, 0xb3, 0x0a, 0xb3, 0x0a, 0xe5, 0x0a,
  0xe5, 0x0a, 0x0d, 0x0b, 0x0d, 0x0b, 0x2c, 0x0b, 0x2c, 0x0b, 0x41, 0x0b,
  0x41, 0x0b, 0x4d, 0x0b, 0x4d, 0x0b, 0x50, 0x0b, 0x50, 0x0b, 0x48, 0x0b,
  0x48, 0x0b, 0x37, 0x0b, 0x37, 0x0b, 0x1d, 0x0b, 0x1d, 0x0b, 0xf9, 0x0a,
  0xf9, 0x0a, 0xcb, 0x0a, 0xcb, 0x0a, 0x95, 0x0a, 0x95, 0x0a, 0x55, 0x0a,
  0x55, 0x0a, 0x0d, 0x0a, 0x0d, 0x0a, 0xbd, 0x09, 0xbd, 0x09, 0x63, 0x09,
  0x63, 0x09, 0x03, 0x09, 0x03, 0x09, 0x9a, 0x08, 0x9a, 0x08, 0x2a, 0x08,
  0x2a, 0x08, 0xb3, 0x07, 0xb3, 0x07, 0x36, 0x07, 0x36, 0x07, 0xb3, 0x06,
  0xb3, 0x06, 0x29, 0x06, 0x29, 0x06, 0x9b, 0x05, 0x9b, 0x05, 0x08, 0x05,
  0x08, 0x05, 0x70, 0x04, 0x70, 0x04, 0xd5, 0x03, 0xd5, 0x03, 0x36, 0x03,
  0x36, 0x03, 0x96, 0x02, 0x96, 0x02, 0xf3, 0x01, 0xf3, 0x01, 0x4d, 0x01,
  0x4d, 0x01, 0xa7, 0x00, 0xa7, 0x00, 0x00, 0x00, 0x00, 0x00, 0x5a, 0xff,
  0x5a, 0xff, 0xb4, 0xfe, 0xb4, 0xfe, 0x0e, 0xfe, 0x0e, 0xfe, 0x6b, 0xfd,
  0x6b, 0xfd, 0xca, 0xfc, 0xca, 0xfc, 0x2b, 0xfc, 0x2b, 0xfc, 0x90, 0xfb,
  0x90, 0xfb, 0xf9, 0xfa, 0xf9, 0xfa, 0x65, 0xfa, 0x65, 0xfa, 0xd7, 0xf9,
  0xd7, 0xf9, 0x4e, 0xf9, 0x4e, 0xf9, 0xca, 0xf8, 0xca, 0xf8, 0x4d, 0xf8,
  0x4d, 0xf8, 0xd6, 0xf7, 0xd6, 0xf7, 0x66, 0xf7, 0x66, 0xf7, 0xfe, 0xf6,
  0xfe, 0xf6, 0x9d, 0xf6, 0x9d, 0xf6, 0x43, 0xf6, 0x43, 0xf6, 0xf3, 0xf5,
  0xf3, 0xf5, 0xab, 0xf5, 0xab, 0xf5, 0x6c, 0xf5, 0x6c, 0xf5, 0x35, 0xf5,
  0x35, 0xf5, 0x07, 0xf5, 0x07, 0xf5, 0xe4, 0xf4, 0xe4, 0xf4, 0xc9, 0xf4,
  0xc9, 0xf4, 0xb8, 0xf4, 0xb8, 0xf4, 0xb0, 0xf4, 0xb0, 0xf4, 0xb3, 0xf4,
  0xb3, 0xf4, 0xbf, 0xf4, 0xbf, 0xf4, 0xd4, 0xf4, 0xd4, 0xf4, 0xf3, 0xf4,
  0xf3, 0xf4, 0x1b, 0xf5, 0x1b, 0xf5, 0x4d, 0xf5, 0x4d, 0xf5, 0x87, 0xf5,
  0x87, 0xf5, 0xcb, 0xf5, 0xcb, 0xf5, 0x16, 0xf6, 0x16, 0xf6, 0x6b, 0xf6,
  0x6b, 0xf6, 0xc8, 0xf6, 0xc8, 0xf6, 0x2c, 0xf7, 0x2c, 0xf7, 0x98, 0xf7,
  0x98, 0xf7, 0x0c, 0xf8, 0x0c, 0xf8, 0x85, 0xf8, 0x85, 0xf8, 0x05, 0xf9,
  0x05, 0xf9, 0x8c, 0xf9, 0x8c, 0xf9, 0x17, 0xfa, 0x17, 0xfa, 0xa8, 0xfa,
  0xa8, 0xfa, 0x3c, 0xfb, 0x3c, 0xfb, 0xd6, 0xfb, 0xd6, 0xfb, 0x73, 0xfc,
  0x73, 0xfc, 0x12, 0xfd, 0x12, 0xfd, 0xb5, 0xfd, 0xb5, 0xfd, 0x58, 0xfe,
  0x58, 0xfe, 0xfe, 0xfe, 0xfe, 0xfe, 0xa5, 0xff, 0xa5, 0xff, 0x4c, 0x00,
  0x4c, 0x00, 0xf2, 0x00, 0xf2, 0x00, 0x98, 0x01, 0x98, 0x01, 0x3c, 0x02,
  0x3c, 0x02, 0xdf, 0x02, 0xdf, 0x02, 0x7e, 0x03, 0x7e, 0x03, 0x1b, 0x04,
  0x1b, 0x04, 0xb6, 0x04, 0xb6, 0x04, 0x4b, 0x05, 0x4b, 0x05, 0xdc, 0x05,
  0xdc, 0x05, 0x68, 0x06, 0x68, 0x06, 0xee, 0x06, 0xee, 0x06, 0x6f, 0x07,
  0x6f, 0x07, 0xea, 0x07, 0xea, 0x07, 0x5e, 0x08, 0x5e, 0x08, 0xca, 0x08,
  0xca, 0x08, 0x2f, 0x09, 0x2f, 0x09, 0x8c, 0x09, 0x8c, 0x09, 0xe2, 0x09,
  0xe2, 0x09, 0x2f, 0x0a, 0x2f, 0x0a, 0x73, 0x0a, 0x73, 0x0a, 0xae, 0x0a,
  0xae, 0x0a, 0xe1, 0x0a, 0xe1, 0x0a, 0x0a, 0x0b, 0x0a, 0x0b, 0x29, 0x0b,
  0x29, 0x0b, 0x40, 0x0b, 0x40, 0x0b, 0x4d, 0x0b, 0x4d, 0x0b, 0x50, 0x0b,
  0x50, 0x0b, 0x49, 0x0b, 0x49, 0x0b, 0x39, 0x0b, 0x39, 0x0b, 0x1f, 0x0b,
  0x1f, 0x0b, 0xfc, 0x0a, 0xfc, 0x0a, 0xd0, 0x0a, 0xd0, 0x0a, 0x9a, 0x0a,
  0x9a, 0x0a, 0x5c, 0x0a, 0x5c, 0x0a, 0x14, 0x0a, 0x14, 0x0a, 0xc4, 0x09,
  0xc4, 0x09, 0x6c, 0x09, 0x6c, 0x09, 0x0c, 0x09, 0x0c, 0x09, 0xa4, 0x08,
  0xa4, 0x08, 0x35, 0x08, 0x35, 0x08, 0xbf, 0x07, 0xbf, 0x07, 0x42, 0x07,
  0x42, 0x07, 0xbf, 0x06, 0xbf, 0x06, 0x36, 0x06, 0x36, 0x06, 0xa8, 0x05,
  0xa8, 0x05, 0x15, 0x05, 0x15, 0x05, 0x7e, 0x04, 0x7e, 0x04, 0xe4, 0x03,
  0xe4, 0x03, 0x45, 0x03, 0x45, 0x03, 0xa4, 0x02, 0xa4, 0x02, 0x01, 0x02,
  0x01, 0x02, 0x5d, 0x01, 0x5d, 0x01, 0xb6, 0x00, 0xb6, 0x00, 0x10, 0x00,
  0x10, 0x00, 0x69, 0xff, 0x69, 0xff, 0xc3, 0xfe, 0xc3, 0xfe, 0x1e, 0xfe,
  0x1e, 0xfe, 0x7a, 0xfd, 0x7a, 0xfd, 0xd9, 0xfc, 0xd9, 0xfc, 0x3a, 0xfc,
  0x3a, 0xfc, 0x9e, 0xfb, 0x9e, 0xfb, 0x07, 0xfb, 0x07, 0xfb, 0x73, 0xfa,
  0x73, 0xfa, 0xe4, 0xf9, 0xe4, 0xf9, 0x5b, 0xf9, 0x5b, 0xf9, 0xd6, 0xf8,
  0xd6, 0xf8, 0x59, 0xf8, 0x59, 0xf8, 0xe1, 0xf7, 0xe1, 0xf7, 0x70, 0xf7,
  0x70, 0xf7, 0x07, 0xf7, 0x07, 0xf7, 0xa5, 0xf6, 0xa5, 0xf6, 0x4b, 0xf6,
  0x4b, 0xf6, 0xfa, 0xf5, 0xfa, 0xf5, 0xb1, 0xf5, 0xb1, 0xf5, 0x71, 0xf5,
  0x71, 0xf5, 0x3a, 0xf5, 0x3a, 0xf5, 0x0c, 0xf5, 0x0c, 0xf5, 0xe7, 0xf4,
  0xe7, 0xf4, 0xcb, 0xf4, 0xcb, 0xf4, 0xba, 0xf4, 0xba, 0xf4, 0xb1, 0xf4,
  0xb1, 0xf4, 0xb3, 0xf4, 0xb3, 0xf4, 0xbd, 0xf4, 0xbd, 0xf4, 0xd2, 0xf4,
  0xd2, 0xf4, 0xef, 0xf4, 0xef, 0xf4, 0x17, 0xf5, 0x17, 0xf5, 0x48, 0xf5,
  0x48, 0xf5, 0x81, 0xf5, 0x81, 0xf5, 0xc4, 0xf5, 0xc4, 0xf5, 0x0f, 0xf6,
  0x0f, 0xf6, 0x63, 0xf6, 0x63, 0xf6, 0xbf, 0xf6, 0xbf, 0xf6, 0x23, 0xf7,
  0x23, 0xf7, 0x8e, 0xf7, 0x8e, 0xf7, 0x00, 0xf8, 0x00, 0xf8, 0x7a, 0xf8,
  0x7a, 0xf8, 0xf9, 0xf8, 0xf9, 0xf8, 0x7f, 0xf9, 0x7f, 0xf9, 0x0a, 0xfa,
  0x0a, 0xfa, 0x9a, 0xfa, 0x9a, 0xfa, 0x2f, 0xfb, 0x2f, 0xfb, 0xc8, 0xfb,
  0xc8, 0xfb, 0x64, 0xfc, 0x64, 0xfc, 0x04, 0xfd, 0x04, 0xfd, 0xa6, 0xfd,
  0xa6, 0xfd, 0x4a, 0xfe, 0x4a, 0xfe, 0xef, 0xfe, 0xef, 0xfe, 0x95, 0xff,
  0x95, 0xff, 0x3d, 0x00, 0x3d, 0x00, 0xe3, 0x00, 0xe3, 0x00, 0x88, 0x01,
  0x88, 0x01, 0x2d, 0x02, 0x2d, 0x02, 0xd0, 0x02, 0xd0, 0x02, 0x70, 0x03,
  0x70, 0x03, 0x0d, 0x04, 0x0d, 0x04, 0xa7, 0x04, 0xa7, 0x04, 0x3d, 0x05,
  0x3d, 0x05, 0xcf, 0x05, 0xcf, 0x05, 0x5b, 0x06, 0x5b, 0x06, 0xe3, 0x06,
  0xe3, 0x06, 0x63, 0x07, 0x63, 0x07, 0xdf, 0x07, 0xdf, 0x07, 0x53, 0x08,
  0x53, 0x08, 0xc1, 0x08, 0xc1, 0x08, 0x27, 0x09, 0x27, 0x09, 0x85, 0x09,
  0x85, 0x09, 0xda, 0x09, 0xda, 0x09, 0x28, 0x0a, 0x28, 0x0a, 0x6d, 0x0a,
  0x6d, 0x0a, 0xa9, 0x0a, 0xa9, 0x0a, 0xdc, 0x0a, 0xdc, 0x0a, 0x07, 0x0b,
  0x07, 0x0b, 0x27, 0x0b, 0x27, 0x0b, 0x3e, 0x0b, 0x3e, 0x0b, 0x4b, 0x0b,
  0x4b, 0x0b, 0x50, 0x0b, 0x50, 0x0b, 0x4a, 0x0b, 0x4a, 0x0b, 0x3a, 0x0b,
  0x3a, 0x0b, 0x22, 0x0b, 0x22, 0x0b, 0x00, 0x0b, 0x00, 0x0b, 0xd4, 0x0a,
  0xd4, 0x0a, 0x9f, 0x0a, 0x9f, 0x0a, 0x62, 0x0a, 0x62, 0x0a, 0x1b, 0x0a,
  0x1b, 0x0a, 0xcc, 0x09, 0xcc, 0x09, 0x74, 0x09, 0x74, 0x09, 0x15, 0x09,
  0x15, 0x09, 0xae, 0x08, 0xae, 0x08, 0x3f, 0x08, 0x3f, 0x08, 0xc9, 0x07,
  0xc9, 0x07, 0x4e, 0x07, 0x4e, 0x07, 0xcb, 0x06, 0xcb, 0x06, 0x43, 0x06,
  0x43, 0x06, 0xb5, 0x05, 0xb5, 0x05, 0x22, 0x05, 0x22, 0x05, 0x8d, 0x04,
  0x8d, 0x04, 0xf2, 0x03, 0xf2, 0x03, 0x54, 0x03, 0x54, 0x03, 0xb4, 0x02,
  0xb4, 0x02, 0x0f, 0x02, 0x0f, 0x02, 0x6b, 0x01, 0x6b, 0x01, 0xc5, 0x00,
  0xc5, 0x00, 0x1e, 0x00, 0x1e, 0x00, 0x78, 0xff, 0x78, 0xff, 0xd1, 0xfe,
  0xd1, 0xfe, 0x2d, 0xfe, 0x2d, 0xfe, 0x89, 0xfd, 0x89, 0xfd, 0xe7, 0xfc,
  0xe7, 0xfc, 0x48, 0xfc, 0x48, 0xfc, 0xac, 0xfb, 0xac, 0xfb, 0x14, 0xfb,
  0x14, 0xfb, 0x80, 0xfa, 0x80, 0xfa, 0xf1, 0xf9, 0xf1, 0xf9, 0x67, 0xf9,
  0x67, 0xf9, 0xe2, 0xf8, 0xe2, 0xf8, 0x63, 0xf8, 0x63, 0xf8, 0xeb, 0xf7,
  0xeb, 0xf7, 0x7b, 0xf7, 0x7b, 0xf7, 0x10, 0xf7, 0x10, 0xf7, 0xae, 0xf6,
  0xae, 0xf6, 0x53, 0xf6, 0x53, 0xf6, 0x01, 0xf6, 0x01, 0xf6, 0xb7, 0xf5,
  0xb7, 0xf5, 0x76, 0xf5, 0x76, 0xf5, 0x3e, 0xf5, 0x3e, 0xf5, 0x0f, 0xf5,
  0x0f, 0xf5, 0xea, 0xf4, 0xea, 0xf4, 0xcd, 0xf4, 0xcd, 0xf4, 0xba, 0xf4,
  0xba, 0xf4, 0xb1, 0xf4, 0xb1, 0xf4, 0xb2, 0xf4, 0xb2, 0xf4, 0xbc, 0xf4,
  0xbc, 0xf4, 0xd0, 0xf4, 0xd0, 0xf4, 0xed, 0xf4, 0xed, 0xf4, 0x13, 0xf5,
  0x13, 0xf5, 0x43, 0xf5, 0x43, 0xf5, 0x7b, 0xf5, 0x7b, 0xf5, 0xbd, 0xf5,
  0xbd, 0xf5, 0x08, 0xf6, 0x08, 0xf6, 0x5b, 0xf6, 0x5b, 0xf6, 0xb6, 0xf6,
  0xb6, 0xf6, 0x19, 0xf7, 0x19, 0xf7, 0x84, 0xf7, 0x84, 0xf7, 0xf6, 0xf7,
  0xf6, 0xf7, 0x6f, 0xf8, 0x6f, 0xf8, 0xed, 0xf8, 0xed, 0xf8, 0x72, 0xf9,
  0x72, 0xf9, 0xfd, 0xf9, 0xfd, 0xf9, 0x8d, 0xfa, 0x8d, 0xfa, 0x21, 0xfb,
  0x21, 0xfb, 0xba, 0xfb, 0xba, 0xfb, 0x56, 0xfc, 0x56, 0xfc, 0xf5, 0xfc,
  0xf5, 0xfc, 0x97, 0xfd, 0x97, 0xfd, 0x3b, 0xfe, 0x3b, 0xfe, 0xe0, 0xfe,
  0xe0, 0xfe, 0x86, 0xff, 0x86, 0xff, 0x2d, 0x00, 0x2d, 0x00, 0xd4, 0x00,
  0xd4, 0x00, 0x7a, 0x01, 0x7a, 0x01, 0x1e, 0x02, 0x1e, 0x02, 0xc1, 0x02,
  0xc1, 0x02, 0x61, 0x03, 0x61, 0x03, 0xff, 0x03, 0xff, 0x03, 0x99, 0x04,
  0x99, 0x04, 0x30, 0x05, 0x30, 0x05, 0xc2, 0x05, 0xc2, 0x05, 0x4e, 0x06,
  0x4e, 0x06, 0xd7, 0x06, 0xd7, 0x06, 0x58, 0x07, 0x58, 0x07, 0xd4, 0x07,
  0xd4, 0x07, 0x49, 0x08, 0x49, 0x08, 0xb7, 0x08, 0xb7, 0x08, 0x1d, 0x09,
  0x1d, 0x09, 0x7c, 0x09, 0x7c, 0x09, 0xd3, 0x09, 0xd3, 0x09, 0x22, 0x0a,
  0x22, 0x0a, 0x68, 0x0a, 0x68, 0x0a, 0xa4, 0x0a, 0xa4, 0x0a, 0xd8, 0x0a,
  0xd8, 0x0a, 0x03, 0x0b, 0x03, 0x0b, 0x24, 0x0b, 0x24, 0x0b, 0x3c, 0x0b,
  0x3c, 0x0b, 0x4b, 0x0b, 0x4b, 0x0b, 0x50, 0x0b, 0x50, 0x0b, 0x4b, 0x0b,
  0x4b, 0x0b, 0x3c, 0x0b, 0x3c, 0x0b, 0x24, 0x0b, 0x24, 0x0b, 0x03, 0x0b,
  0x03, 0x0b, 0xd9, 0x0a, 0xd9, 0x0a, 0xa4, 0x0a, 0xa4, 0x0a, 0x68, 0x0a,
  0x68, 0x0a, 0x22, 0x0a, 0x22, 0x0a, 0xd3, 0x09, 0xd3, 0x09, 0x7d, 0x09,
  0x7d, 0x09, 0x1d, 0x09, 0x1d, 0x09, 0xb8, 0x08, 0xb8, 0x08, 0x49, 0x08,
  0x49, 0x08, 0xd4, 0x07, 0xd4, 0x07, 0x59, 0x07, 0x59, 0x07, 0xd7, 0x06,
  0xd7, 0x06, 0x4f, 0x06, 0x4f, 0x06, 0xc2, 0x05, 0xc2, 0x05, 0x30, 0x05,
  0x30, 0x05, 0x9a, 0x04, 0x9a, 0x04, 0x00, 0x04, 0x00, 0x04, 0x62, 0x03,
  0x62, 0x03, 0xc2, 0x02, 0xc2, 0x02, 0x1f, 0x02, 0x1f, 0x02, 0x7a, 0x01,
  0x7a, 0x01, 0xd4, 0x00, 0xd4, 0x00, 0x2d, 0x00, 0x2d, 0x00, 0x87, 0xff,
  0x87, 0xff, 0xe1, 0xfe, 0xe1, 0xfe, 0x3b, 0xfe, 0x3b, 0xfe, 0x97, 0xfd,
  0x97, 0xfd, 0xf5, 0xfc, 0xf5, 0xfc, 0x56, 0xfc, 0x56, 0xfc, 0xba, 0xfb,
  0xba, 0xfb, 0x21, 0xfb, 0x21, 0xfb, 0x8e, 0xfa, 0x8e, 0xfa, 0xfd, 0xf9,
  0xfd, 0xf9, 0x73, 0xf9, 0x73, 0xf9, 0xee, 0xf8, 0xee, 0xf8, 0x6f, 0xf8,
  0x6f, 0xf8, 0xf6, 0xf7, 0xf6, 0xf7, 0x85, 0xf7, 0x85, 0xf7, 0x19, 0xf7,
  0x19, 0xf7, 0xb6, 0xf6, 0xb6, 0xf6, 0x5c, 0xf6, 0x5c, 0xf6, 0x08, 0xf6,
  0x08, 0xf6, 0xbe, 0xf5, 0xbe, 0xf5, 0x7c, 0xf5, 0x7c, 0xf5, 0x43, 0xf5,
  0x43, 0xf5, 0x13, 0xf5, 0x13, 0xf5, 0xed, 0xf4, 0xed, 0xf4, 0xd0, 0xf4,
  0xd0, 0xf4, 0xbc, 0xf4, 0xbc, 0xf4, 0xb2, 0xf4, 0xb2, 0xf4, 0xb1, 0xf4,
  0xb1, 0xf4, 0xba, 0xf4, 0xba, 0xf4, 0xcd, 0xf4, 0xcd, 0xf4, 0xea, 0xf4,
  0xea, 0xf4, 0x0f, 0xf5, 0x0f, 0xf5, 0x3e, 0xf5, 0x3e, 0xf5, 0x76, 0xf5,
  0x76, 0xf5, 0xb7, 0xf5, 0xb7, 0xf5, 0x01, 0xf6, 0x01, 0xf6, 0x53, 0xf6,
  0x53, 0xf6, 0xae, 0xf6, 0xae, 0xf6, 0x10, 0xf7, 0x10, 0xf7, 0x7a, 0xf7,
  0x7a, 0xf7, 0xeb, 0xf7, 0xeb, 0xf7, 0x63, 0xf8, 0x63, 0xf8, 0xe2, 0xf8,
  0xe2, 0xf8, 0x66, 0xf9, 0x66, 0xf9, 0xf0, 0xf9, 0xf0, 0xf9, 0x7f, 0xfa,
  0x7f, 0xfa, 0x13, 0xfb, 0x13, 0xfb, 0xac, 0xfb, 0xac, 0xfb, 0x48, 0xfc,
  0x48, 0xfc, 0xe7, 0xfc, 0xe7, 0xfc, 0x89, 0xfd, 0x89, 0xfd, 0x2c, 0xfe,
  0x2c, 0xfe, 0xd1, 0xfe, 0xd1, 0xfe, 0x78, 0xff, 0x78, 0xff, 0x1e, 0x00,
  0x1e, 0x00, 0xc5, 0x00, 0xc5, 0x00, 0x6b, 0x01, 0x6b, 0x01, 0x0f, 0x02,
  0x0f, 0x02, 0xb3, 0x02, 0xb3, 0x02, 0x53, 0x03, 0x53, 0x03, 0xf1, 0x03,
  0xf1, 0x03, 0x8c, 0x04, 0x8c, 0x04, 0x22, 0x05, 0x22, 0x05, 0xb4, 0x05,
  0xb4, 0x05, 0x42, 0x06, 0x42, 0x06, 0xca, 0x06, 0xca, 0x06, 0x4d, 0x07,
  0x4d, 0x07, 0xc9, 0x07, 0xc9, 0x07, 0x3f, 0x08, 0x3f, 0x08, 0xae, 0x08,
  0xae, 0x08, 0x14, 0x09, 0x14, 0x09, 0x74, 0x09, 0x74, 0x09, 0xcb, 0x09,
  0xcb, 0x09, 0x1b, 0x0a, 0x1b, 0x0a, 0x61, 0x0a, 0x61, 0x0a, 0x9f, 0x0a,
  0x9f, 0x0a, 0xd4, 0x0a, 0xd4, 0x0a, 0x00, 0x0b, 0x00, 0x0b, 0x22, 0x0b,
  0x22, 0x0b, 0x3a, 0x0b, 0x3a, 0x0b, 0x4a, 0x0b, 0x4a, 0x0b, 0x50, 0x0b,
  0x50, 0x0b, 0x4c, 0x0b, 0x4c, 0x0b, 0x3e, 0x0b, 0x3e, 0x0b, 0x27, 0x0b,
  0x27, 0x0b, 0x07, 0x0b, 0x07, 0x0b, 0xdd, 0x0a, 0xdd, 0x0a, 0xa9, 0x0a,
  0xa9, 0x0a, 0x6d, 0x0a, 0x6d, 0x0a, 0x29, 0x0a, 0x29, 0x0a, 0xdb, 0x09,
  0xdb, 0x09, 0x85, 0x09, 0x85, 0x09, 0x27, 0x09, 0x27, 0x09, 0xc1, 0x08,
  0xc1, 0x08, 0x54, 0x08, 0x54, 0x08, 0xdf, 0x07, 0xdf, 0x07, 0x64, 0x07,
  0x64, 0x07, 0xe3, 0x06, 0xe3, 0x06, 0x5c, 0x06, 0x5c, 0x06, 0xcf, 0x05,
  0xcf, 0x05, 0x3e, 0x05, 0x3e, 0x05, 0xa7, 0x04, 0xa7, 0x04, 0x0e, 0x04,
  0x0e, 0x04, 0x71, 0x03, 0x71, 0x03, 0xd1, 0x02, 0xd1, 0x02, 0x2e, 0x02,
  0x2e, 0x02, 0x89, 0x01, 0x89, 0x01, 0xe4, 0x00, 0xe4, 0x00, 0x3d, 0x00,
  0x3d, 0x00, 0x96, 0xff, 0x96, 0xff, 0xf0, 0xfe, 0xf0, 0xfe, 0x4a, 0xfe,
  0x4a, 0xfe, 0xa6, 0xfd, 0xa6, 0xfd, 0x04, 0xfd, 0x04, 0xfd, 0x65, 0xfc,
  0x65, 0xfc, 0xc8, 0xfb, 0xc8, 0xfb, 0x30, 0xfb, 0x30, 0xfb, 0x9a, 0xfa,
  0x9a, 0xfa, 0x0a, 0xfa, 0x0a, 0xfa, 0x80, 0xf9, 0x80, 0xf9, 0xfa, 0xf8,
  0xfa, 0xf8, 0x7a, 0xf8, 0x7a, 0xf8, 0x00, 0xf8, 0x00, 0xf8, 0x8e, 0xf7,
  0x8e, 0xf7, 0x23, 0xf7, 0x23, 0xf7, 0xbf, 0xf6, 0xbf, 0xf6, 0x63, 0xf6,
  0x63, 0xf6, 0x0f, 0xf6, 0x0f, 0xf6, 0xc4, 0xf5, 0xc4, 0xf5, 0x82, 0xf5,
  0x82, 0xf5, 0x48, 0xf5, 0x48, 0xf5, 0x17, 0xf5, 0x17, 0xf5, 0xf0, 0xf4,
  0xf0, 0xf4, 0xd2, 0xf4, 0xd2, 0xf4, 0xbd, 0xf4, 0xbd, 0xf4, 0xb3, 0xf4,
  0xb3, 0xf4, 0xb1, 0xf4, 0xb1, 0xf4, 0xb9, 0xf4, 0xb9, 0xf4, 0xcb, 0xf4,
  0xcb, 0xf4, 0xe6, 0xf4, 0xe6, 0xf4, 0x0b, 0xf5, 0x0b, 0xf5, 0x3a, 0xf5,
  0x3a, 0xf5, 0x71, 0xf5, 0x71, 0xf5, 0xb0, 0xf5, 0xb0, 0xf5, 0xfa, 0xf5,
  0xfa, 0xf5, 0x4b, 0xf6, 0x4b, 0xf6, 0xa5, 0xf6, 0xa5, 0xf6, 0x07, 0xf7,
  0x07, 0xf7, 0x70, 0xf7, 0x70, 0xf7, 0xe0, 0xf7, 0xe0, 0xf7, 0x58, 0xf8,
  0x58, 0xf8, 0xd6, 0xf8, 0xd6, 0xf8, 0x5a, 0xf9, 0x5a, 0xf9, 0xe3, 0xf9,
  0xe3, 0xf9, 0x72, 0xfa, 0x72, 0xfa, 0x06, 0xfb, 0x06, 0xfb, 0x9e, 0xfb,
  0x9e, 0xfb, 0x39, 0xfc, 0x39, 0xfc, 0xd8, 0xfc, 0xd8, 0xfc, 0x79, 0xfd,
  0x79, 0xfd, 0x1d, 0xfe, 0x1d, 0xfe, 0xc2, 0xfe, 0xc2, 0xfe, 0x68, 0xff,
  0x68, 0xff, 0x0f, 0x00, 0x0f, 0x00, 0xb6, 0x00, 0xb6, 0x00, 0x5c, 0x01,
  0x5c, 0x01, 0x01, 0x02, 0x01, 0x02, 0xa3, 0x02, 0xa3, 0x02, 0x45, 0x03,
  0x45, 0x03, 0xe3, 0x03, 0xe3, 0x03, 0x7e, 0x04, 0x7e, 0x04, 0x15, 0x05,
  0x15, 0x05, 0xa7, 0x05, 0xa7, 0x05, 0x36, 0x06, 0x36, 0x06, 0xbe, 0x06,
  0xbe, 0x06, 0x41, 0x07, 0x41, 0x07, 0xbe, 0x07, 0xbe, 0x07, 0x34, 0x08,
  0x34, 0x08, 0xa3, 0x08, 0xa3, 0x08, 0x0c, 0x09, 0x0c, 0x09, 0x6c, 0x09,
  0x6c, 0x09, 0xc4, 0x09, 0xc4, 0x09, 0x14, 0x0a, 0x14, 0x0a, 0x5b, 0x0a,
  0x5b, 0x0a, 0x9a, 0x0a, 0x9a, 0x0a, 0xd0, 0x0a, 0xd0, 0x0a, 0xfc, 0x0a,
  0xfc, 0x0a, 0x1f, 0x0b, 0x1f, 0x0b, 0x39, 0x0b, 0x39, 0x0b, 0x49, 0x0b,
  0x49, 0x0b, 0x50, 0x0b, 0x50, 0x0b, 0x4d, 0x0b, 0x4d, 0x0b, 0x40, 0x0b,
  0x40, 0x0b, 0x29, 0x0b, 0x29, 0x0b, 0x0a, 0x0b, 0x0a, 0x0b, 0xe1, 0x0a,
  0xe1, 0x0a, 0xae, 0x0a, 0xae, 0x0a, 0x73, 0x0a, 0x73, 0x0a, 0x2f, 0x0a,
  0x2f, 0x0a, 0xe3, 0x09, 0xe3, 0x09, 0x8d, 0x09, 0x8d, 0x09, 0x30, 0x09,
  0x30, 0x09, 0xcb, 0x08, 0xcb, 0x08, 0x5e, 0x08, 0x5e, 0x08, 0xea, 0x07,
  0xea, 0x07, 0x70, 0x07, 0x70, 0x07, 0xef, 0x06, 0xef, 0x06, 0x68, 0x06,
  0x68, 0x06, 0xdc, 0x05, 0xdc, 0x05, 0x4b, 0x05, 0x4b, 0x05, 0xb6, 0x04,
  0xb6, 0x04, 0x1c, 0x04, 0x1c, 0x04, 0x7f, 0x03, 0x7f, 0x03, 0xdf, 0x02,
  0xdf, 0x02, 0x3d, 0x02, 0x3d, 0x02, 0x99, 0x01, 0x99, 0x01, 0xf3, 0x00,
  0xf3, 0x00, 0x4c, 0x00, 0x4c, 0x00, 0xa5, 0xff, 0xa5, 0xff, 0xff, 0xfe,
  0xff, 0xfe, 0x59, 0xfe, 0x59, 0xfe, 0xb5, 0xfd, 0xb5, 0xfd, 0x12, 0xfd,
  0x12, 0xfd, 0x73, 0xfc, 0x73, 0xfc, 0xd6, 0xfb, 0xd6, 0xfb, 0x3d, 0xfb,
  0x3d, 0xfb, 0xa8, 0xfa, 0xa8, 0xfa, 0x18, 0xfa, 0x18, 0xfa, 0x8c, 0xf9,
  0x8c, 0xf9, 0x06, 0xf9, 0x06, 0xf9, 0x85, 0xf8, 0x85, 0xf8, 0x0c, 0xf8,
  0x0c, 0xf8, 0x98, 0xf7, 0x98, 0xf7, 0x2c, 0xf7, 0x2c, 0xf7, 0xc8, 0xf6,
  0xc8, 0xf6, 0x6b, 0xf6, 0x6b, 0xf6, 0x17, 0xf6, 0x17, 0xf6, 0xcb, 0xf5,
  0xcb, 0xf5, 0x87, 0xf5, 0x87, 0xf5, 0x4d, 0xf5, 0x4d, 0xf5, 0x1b, 0xf5,
  0x1b, 0xf5, 0xf3, 0xf4, 0xf3, 0xf4, 0xd4, 0xf4, 0xd4, 0xf4, 0xbf, 0xf4,
  0xbf, 0xf4, 0xb3, 0xf4, 0xb3, 0xf4, 0xb0, 0xf4, 0xb0, 0xf4, 0xb8, 0xf4,
  0xb8, 0xf4, 0xc9, 0xf4, 0xc9, 0xf4, 0xe3, 0xf4, 0xe3, 0xf4, 0x07, 0xf5,
  0x07, 0xf5, 0x35, 0xf5, 0x35, 0xf5, 0x6b, 0xf5, 0x6b, 0xf5, 0xab, 0xf5,
  0xab, 0xf5, 0xf3, 0xf5, 0xf3, 0xf5, 0x43, 0xf6, 0x43, 0xf6, 0x9d, 0xf6,
  0x9d, 0xf6, 0xfd, 0xf6, 0xfd, 0xf6, 0x66, 0xf7, 0x66, 0xf7, 0xd6, 0xf7,
  0xd6, 0xf7, 0x4d, 0xf8, 0x4d, 0xf8, 0xca, 0xf8, 0xca, 0xf8, 0x4d, 0xf9,
  0x4d, 0xf9, 0xd7, 0xf9, 0xd7, 0xf9, 0x65, 0xfa, 0x65, 0xfa, 0xf8, 0xfa,
  0xf8, 0xfa, 0x90, 0xfb, 0x90, 0xfb, 0x2b, 0xfc, 0x2b, 0xfc, 0xca, 0xfc,
  0xca, 0xfc, 0x6a, 0xfd, 0x6a, 0xfd, 0x0d, 0xfe, 0x0d, 0xfe, 0xb3, 0xfe,
  0xb3, 0xfe, 0x59, 0xff, 0x59, 0xff, 0x00, 0x00, 0x00, 0x00, 0xa6, 0x00,
  0xa6, 0x00, 0x4c, 0x01, 0x4c, 0x01, 0xf2, 0x01, 0xf2, 0x01, 0x95, 0x02,
  0x95, 0x02, 0x36, 0x03, 0x36, 0x03, 0xd5, 0x03, 0xd5, 0x03, 0x70, 0x04,
  0x70, 0x04, 0x07, 0x05, 0x07, 0x05, 0x9b, 0x05, 0x9b, 0x05, 0x29, 0x06,
  0x29, 0x06, 0xb2, 0x06, 0xb2, 0x06, 0x36, 0x07, 0x36, 0x07, 0xb3, 0x07,
  0xb3, 0x07, 0x2a, 0x08, 0x2a, 0x08, 0x9a, 0x08, 0x9a, 0x08, 0x02, 0x09,
  0x02, 0x09, 0x63, 0x09, 0x63, 0x09, 0xbd, 0x09, 0xbd, 0x09, 0x0d, 0x0a,
  0x0d, 0x0a, 0x55, 0x0a, 0x55, 0x0a, 0x94, 0x0a, 0x94, 0x0a, 0xcb, 0x0a,
  0xcb, 0x0a, 0xf9, 0x0a, 0xf9, 0x0a, 0x1c, 0x0b, 0x1c, 0x0b, 0x37, 0x0b,
  0x37, 0x0b, 0x48, 0x0b, 0x48, 0x0b, 0x50, 0x0b, 0x50, 0x0b, 0x4d, 0x0b,
  0x4d, 0x0b, 0x41, 0x0b, 0x41, 0x0b, 0x2c, 0x0b, 0x2c, 0x0b, 0x0d, 0x0b,
  0x0d, 0x0b, 0xe5, 0x0a, 0xe5, 0x0a, 0xb3, 0x0a, 0xb3, 0x0a, 0x79, 0x0a,
  0x79, 0x0a, 0x35, 0x0a, 0x35, 0x0a, 0xea, 0x09, 0xea, 0x09, 0x95, 0x09,
  0x95, 0x09, 0x38, 0x09, 0x38, 0x09, 0xd4, 0x08, 0xd4, 0x08, 0x68, 0x08,
  0x68, 0x08, 0xf4, 0x07, 0xf4, 0x07, 0x7b, 0x07, 0x7b, 0x07, 0xfb, 0x06,
  0xfb, 0x06, 0x74, 0x06, 0x74, 0x06, 0xe9, 0x05, 0xe9, 0x05, 0x58, 0x05,
  0x58, 0x05, 0xc4, 0x04, 0xc4, 0x04, 0x2a, 0x04, 0x2a, 0x04, 0x8d, 0x03,
  0x8d, 0x03, 0xee, 0x02, 0xee, 0x02, 0x4b, 0x02, 0x4b, 0x02, 0xa8, 0x01,
  0xa8, 0x01, 0x02, 0x01, 0x02, 0x01, 0x5b, 0x00, 0x5b, 0x00, 0xb4, 0xff,
  0xb4, 0xff, 0x0e, 0xff, 0x0e, 0xff, 0x68, 0xfe, 0x68, 0xfe, 0xc4, 0xfd,
  0xc4, 0xfd, 0x21, 0xfd, 0x21, 0xfd, 0x82, 0xfc, 0x82, 0xfc, 0xe5, 0xfb,
  0xe5, 0xfb, 0x4a, 0xfb, 0x4a, 0xfb, 0xb5, 0xfa, 0xb5, 0xfa, 0x24, 0xfa,
  0x24, 0xfa, 0x98, 0xf9, 0x98, 0xf9, 0x12, 0xf9, 0x12, 0xf9, 0x91, 0xf8,
  0x91, 0xf8, 0x16, 0xf8, 0x16, 0xf8, 0xa2, 0xf7, 0xa2, 0xf7, 0x36, 0xf7,
  0x36, 0xf7, 0xd1, 0xf6, 0xd1, 0xf6, 0x74, 0xf6, 0x74, 0xf6, 0x1e, 0xf6,
  0x1e, 0xf6, 0xd1, 0xf5, 0xd1, 0xf5, 0x8d, 0xf5, 0x8d, 0xf5, 0x52, 0xf5,
  0x52, 0xf5, 0x1f, 0xf5, 0x1f, 0xf5, 0xf6, 0xf4, 0xf6, 0xf4, 0xd7, 0xf4,
  0xd7, 0xf4, 0xc0, 0xf4, 0xc0, 0xf4, 0xb3, 0xf4, 0xb3, 0xf4, 0xb0, 0xf4,
  0xb0, 0xf4, 0xb7, 0xf4, 0xb7, 0xf4, 0xc7, 0xf4, 0xc7, 0xf4, 0xe1, 0xf4,
  0xe1, 0xf4, 0x04, 0xf5, 0x04, 0xf5, 0x30, 0xf5, 0x30, 0xf5, 0x66, 0xf5,
  0x66, 0xf5, 0xa4, 0xf5, 0xa4, 0xf5, 0xec, 0xf5, 0xec, 0xf5, 0x3c, 0xf6,
  0x3c, 0xf6, 0x94, 0xf6, 0x94, 0xf6, 0xf4, 0xf6, 0xf4, 0xf6, 0x5c, 0xf7,
  0x5c, 0xf7, 0xcb, 0xf7, 0xcb, 0xf7, 0x41, 0xf8, 0x41, 0xf8, 0xbe, 0xf8,
  0xbe, 0xf8, 0x41, 0xf9, 0x41, 0xf9, 0xca, 0xf9, 0xca, 0xf9, 0x58, 0xfa,
  0x58, 0xfa, 0xeb, 0xfa, 0xeb, 0xfa, 0x82, 0xfb, 0x82, 0xfb, 0x1c, 0xfc,
  0x1c, 0xfc, 0xbb, 0xfc, 0xbb, 0xfc, 0x5c, 0xfd, 0x5c, 0xfd, 0xff, 0xfd,
  0xff, 0xfd, 0xa3, 0xfe, 0xa3, 0xfe, 0x4a, 0xff, 0x4a, 0xff, 0xf0, 0xff,
  0xf0, 0xff, 0x97, 0x00, 0x97, 0x00, 0x3d, 0x01, 0x3d, 0x01, 0xe2, 0x01,
  0xe2, 0x01, 0x86, 0x02, 0x86, 0x02, 0x27, 0x03, 0x27, 0x03, 0xc6, 0x03,
  0xc6, 0x03, 0x62, 0x04, 0x62, 0x04, 0xf9, 0x04, 0xf9, 0x04, 0x8d, 0x05,
  0x8d, 0x05, 0x1c, 0x06, 0x1c, 0x06, 0xa5, 0x06, 0xa5, 0x06, 0x2a, 0x07,
  0x2a, 0x07, 0xa7, 0x07, 0xa7, 0x07, 0x1f, 0x08, 0x1f, 0x08, 0x90, 0x08,
  0x90, 0x08, 0xf9, 0x08, 0xf9, 0x08, 0x5b, 0x09, 0x5b, 0x09, 0xb5, 0x09,
  0xb5, 0x09, 0x06, 0x0a, 0x06, 0x0a, 0x4f, 0x0a, 0x4f, 0x0a, 0x8f, 0x0a,
  0x8f, 0x0a, 0xc6, 0x0a, 0xc6, 0x0a, 0xf4, 0x0a, 0xf4, 0x0a, 0x19, 0x0b,
  0x19, 0x0b, 0x35, 0x0b, 0x35, 0x0b, 0x46, 0x0b, 0x46, 0x0b, 0x4f, 0x0b,
  0x4f, 0x0b, 0x4d, 0x0b, 0x4d, 0x0b, 0x43, 0x0b, 0x43, 0x0b, 0x2e, 0x0b,
  0x2e, 0x0b, 0x11, 0x0b, 0x11, 0x0b, 0xe9, 0x0a, 0xe9, 0x0a, 0xb8, 0x0a,
  0xb8, 0x0a, 0x7f, 0x0a, 0x7f, 0x0a, 0x3c, 0x0a, 0x3c, 0x0a, 0xf1, 0x09,
  0xf1, 0x09, 0x9d, 0x09, 0x9d, 0x09, 0x41, 0x09, 0x41, 0x09, 0xdd, 0x08,
  0xdd, 0x08, 0x72, 0x08, 0x72, 0x08, 0x00, 0x08, 0x00, 0x08, 0x86, 0x07,
  0x86, 0x07, 0x07, 0x07, 0x07, 0x07, 0x81, 0x06, 0x81, 0x06, 0xf6, 0x05,
  0xf6, 0x05, 0x66, 0x05, 0x66, 0x05, 0xd1, 0x04, 0xd1, 0x04, 0x38, 0x04,
  0x38, 0x04, 0x9c, 0x03, 0x9c, 0x03, 0xfc, 0x02, 0xfc, 0x02, 0x5a, 0x02,
  0x5a, 0x02, 0xb6, 0x01, 0xb6, 0x01, 0x11, 0x01, 0x11, 0x01, 0x6b, 0x00,
  0x6b, 0x00, 0xc3, 0xff, 0xc3, 0xff, 0x1d, 0xff, 0x1d, 0xff, 0x78, 0xfe,
  0x78, 0xfe, 0xd3, 0xfd, 0xd3, 0xfd, 0x30, 0xfd, 0x30, 0xfd, 0x90, 0xfc,
  0x90, 0xfc, 0xf3, 0xfb, 0xf3, 0xfb, 0x59, 0xfb, 0x59, 0xfb, 0xc3, 0xfa,
  0xc3, 0xfa, 0x31, 0xfa, 0x31, 0xfa, 0xa5, 0xf9, 0xa5, 0xf9, 0x1d, 0xf9,
  0x1d, 0xf9, 0x9d, 0xf8, 0x9d, 0xf8, 0x21, 0xf8, 0x21, 0xf8, 0xad, 0xf7,
  0xad, 0xf7, 0x3f, 0xf7, 0x3f, 0xf7, 0xd9, 0xf6, 0xd9, 0xf6, 0x7b, 0xf6,
  0x7b, 0xf6, 0x26, 0xf6, 0x26, 0xf6, 0xd8, 0xf5, 0xd8, 0xf5, 0x93, 0xf5,
  0x93, 0xf5, 0x57, 0xf5, 0x57, 0xf5, 0x24, 0xf5, 0x24, 0xf5, 0xf9, 0xf4,
  0xf9, 0xf4, 0xd9, 0xf4, 0xd9, 0xf4, 0xc2, 0xf4, 0xc2, 0xf4, 0xb5, 0xf4,
  0xb5, 0xf4, 0xb0, 0xf4, 0xb0, 0xf4, 0xb6, 0xf4, 0xb6, 0xf4, 0xc6, 0xf4,
  0xc6, 0xf4, 0xde, 0xf4, 0xde, 0xf4, 0x00, 0xf5, 0x00, 0xf5, 0x2c, 0xf5,
  0x2c, 0xf5, 0x61, 0xf5, 0x61, 0xf5, 0x9e, 0xf5, 0x9e, 0xf5, 0xe5, 0xf5,
  0xe5, 0xf5, 0x34, 0xf6, 0x34, 0xf6, 0x8c, 0xf6, 0x8c, 0xf6, 0xeb, 0xf6,
  0xeb, 0xf6, 0x52, 0xf7, 0x52, 0xf7, 0xc1, 0xf7, 0xc1, 0xf7, 0x37, 0xf8,
  0x37, 0xf8, 0xb2, 0xf8, 0xb2, 0xf8, 0x35, 0xf9, 0x35, 0xf9, 0xbd, 0xf9,
  0xbd, 0xf9, 0x4b, 0xfa, 0x4b, 0xfa, 0xde, 0xfa, 0xde, 0xfa, 0x73, 0xfb,
  0x73, 0xfb, 0x0e, 0xfc, 0x0e, 0xfc, 0xac, 0xfc, 0xac, 0xfc, 0x4c, 0xfd,
  0x4c, 0xfd, 0xf1, 0xfd, 0xf1, 0xfd, 0x95, 0xfe, 0x95, 0xfe, 0x3b, 0xff,
  0x3b, 0xff, 0xe2, 0xff, 0xe2, 0xff, 0x88, 0x00, 0x88, 0x00, 0x2f, 0x01,
  0x2f, 0x01, 0xd3, 0x01, 0xd3, 0x01, 0x77, 0x02, 0x77, 0x02, 0x19, 0x03,
  0x19, 0x03, 0xb8, 0x03, 0xb8, 0x03, 0x54, 0x04, 0x54, 0x04, 0xec, 0x04,
  0xec, 0x04, 0x80, 0x05, 0x80, 0x05, 0x0f, 0x06, 0x0f, 0x06, 0x99, 0x06,
  0x99, 0x06, 0x1e, 0x07, 0x1e, 0x07, 0x9d, 0x07, 0x9d, 0x07, 0x15, 0x08,
  0x15, 0x08, 0x85, 0x08, 0x85, 0x08, 0xf0, 0x08, 0xf0, 0x08, 0x52, 0x09,
  0x52, 0x09, 0xad, 0x09, 0xad, 0x09, 0xff, 0x09, 0xff, 0x09, 0x49, 0x0a,
  0x49, 0x0a, 0x8a, 0x0a, 0x8a, 0x0a, 0xc2, 0x0a, 0xc2, 0x0a, 0xf1, 0x0a,
  0xf1, 0x0a, 0x16, 0x0b, 0x16, 0x0b, 0x33, 0x0b, 0x33, 0x0b, 0x46, 0x0b,
  0x46, 0x0b, 0x4f, 0x0b, 0x4f, 0x0b, 0x4e, 0x0b, 0x4e, 0x0b, 0x44, 0x0b,
  0x44, 0x0b, 0x30, 0x0b, 0x30, 0x0b, 0x13, 0x0b, 0x13, 0x0b, 0xed, 0x0a,
  0xed, 0x0a, 0xbd, 0x0a, 0xbd, 0x0a, 0x85, 0x0a, 0x85, 0x0a, 0x43, 0x0a,
  0x43, 0x0a, 0xf8, 0x09, 0xf8, 0x09, 0xa5, 0x09, 0xa5, 0x09, 0x4a, 0x09,
  0x4a, 0x09, 0xe7, 0x08, 0xe7, 0x08, 0x7c, 0x08, 0x7c, 0x08, 0x0a, 0x08,
  0x0a, 0x08, 0x91, 0x07, 0x91, 0x07, 0x13, 0x07, 0x13, 0x07, 0x8e, 0x06,
  0x8e, 0x06, 0x03, 0x06, 0x03, 0x06, 0x73, 0x05, 0x73, 0x05, 0xdf, 0x04,
  0xdf, 0x04, 0x46, 0x04, 0x46, 0x04, 0xaa, 0x03, 0xaa, 0x03, 0x0b, 0x03,
  0x0b, 0x03, 0x69, 0x02, 0x69, 0x02, 0xc5, 0x01, 0xc5, 0x01, 0x20, 0x01,
  0x20, 0x01, 0x7a, 0x00, 0x7a, 0x00, 0xd3, 0xff, 0xd3, 0xff, 0x2c, 0xff,
  0x2c, 0xff, 0x86, 0xfe, 0x86, 0xfe, 0xe2, 0xfd, 0xe2, 0xfd, 0x3f, 0xfd,
  0x3f, 0xfd, 0x9f, 0xfc, 0x9f, 0xfc, 0x01, 0xfc, 0x01, 0xfc, 0x67, 0xfb,
  0x67, 0xfb, 0xd0, 0xfa, 0xd0, 0xfa, 0x3e, 0xfa, 0x3e, 0xfa, 0xb2, 0xf9,
  0xb2, 0xf9, 0x29, 0xf9, 0x29, 0xf9, 0xa8, 0xf8, 0xa8, 0xf8, 0x2c, 0xf8,
  0x2c, 0xf8, 0xb7, 0xf7, 0xb7, 0xf7, 0x49, 0xf7, 0x49, 0xf7, 0xe3, 0xf6,
  0xe3, 0xf6, 0x84, 0xf6, 0x84, 0xf6, 0x2d, 0xf6, 0x2d, 0xf6, 0xde, 0xf5,
  0xde, 0xf5, 0x98, 0xf5, 0x98, 0xf5, 0x5c, 0xf5, 0x5c, 0xf5, 0x28, 0xf5,
  0x28, 0xf5, 0xfd, 0xf4, 0xfd, 0xf4, 0xdc, 0xf4, 0xdc, 0xf4, 0xc4, 0xf4,
  0xc4, 0xf4, 0xb5, 0xf4, 0xb5, 0xf4, 0xb0, 0xf4, 0xb0, 0xf4, 0xb5, 0xf4,
  0xb5, 0xf4, 0xc4, 0xf4, 0xc4, 0xf4, 0xdc, 0xf4, 0xdc, 0xf4, 0xfd, 0xf4,
  0xfd, 0xf4, 0x27, 0xf5, 0x27, 0xf5, 0x5c, 0xf5, 0x5c, 0xf5, 0x98, 0xf5,
  0x98, 0xf5, 0xde, 0xf5, 0xde, 0xf5, 0x2d, 0xf6, 0x2d, 0xf6, 0x83, 0xf6,
  0x83, 0xf6, 0xe3, 0xf6, 0xe3, 0xf6, 0x48, 0xf7, 0x48, 0xf7, 0xb7, 0xf7,
  0xb7, 0xf7, 0x2c, 0xf8, 0x2c, 0xf8, 0xa7, 0xf8, 0xa7, 0xf8, 0x29, 0xf9,
  0x29, 0xf9, 0xb1, 0xf9, 0xb1, 0xf9, 0x3e, 0xfa, 0x3e, 0xfa, 0xd0, 0xfa,
  0xd0, 0xfa, 0x66, 0xfb, 0x66, 0xfb, 0x00, 0xfc, 0x00, 0xfc, 0x9e, 0xfc,
  0x9e, 0xfc, 0x3e, 0xfd, 0x3e, 0xfd, 0xe1, 0xfd, 0xe1, 0xfd, 0x86, 0xfe,
  0x86, 0xfe, 0x2c, 0xff, 0x2c, 0xff, 0xd3, 0xff, 0xd3, 0xff, 0x79, 0x00,
  0x79, 0x00, 0x1f, 0x01, 0x1f, 0x01, 0xc5, 0x01, 0xc5, 0x01, 0x69, 0x02,
  0x69, 0x02, 0x0b, 0x03, 0x0b, 0x03, 0xaa, 0x03, 0xaa, 0x03, 0x46, 0x04,
  0x46, 0x04, 0xdf, 0x04, 0xdf, 0x04, 0x72, 0x05, 0x72, 0x05, 0x03, 0x06,
  0x03, 0x06, 0x8d, 0x06, 0x8d, 0x06, 0x12, 0x07, 0x12, 0x07, 0x91, 0x07,
  0x91, 0x07, 0x0a, 0x08, 0x0a, 0x08, 0x7b, 0x08, 0x7b, 0x08, 0xe7, 0x08,
  0xe7, 0x08, 0x4a, 0x09, 0x4a, 0x09, 0xa4, 0x09, 0xa4, 0x09, 0xf8, 0x09,
  0xf8, 0x09, 0x42, 0x0a, 0x42, 0x0a, 0x84, 0x0a, 0x84, 0x0a, 0xbd, 0x0a,
  0xbd, 0x0a, 0xed, 0x0a, 0xed, 0x0a, 0x13, 0x0b, 0x13, 0x0b, 0x30, 0x0b,
  0x30, 0x0b, 0x44, 0x0b, 0x44, 0x0b, 0x4e, 0x0b, 0x4e, 0x0b, 0x4f, 0x0b,
  0x4f, 0x0b, 0x46, 0x0b, 0x46, 0x0b, 0x33, 0x0b, 0x33, 0x0b, 0x16, 0x0b,
  0x16, 0x0b, 0xf1, 0x0a, 0xf1, 0x0a, 0xc2, 0x0a, 0xc2, 0x0a, 0x8a, 0x0a,
  0x8a, 0x0a, 0x49, 0x0a, 0x49, 0x0a, 0xff, 0x09, 0xff, 0x09, 0xad, 0x09,
  0xad, 0x09, 0x52, 0x09, 0x52, 0x09, 0xf0, 0x08, 0xf0, 0x08, 0x86, 0x08,
  0x86, 0x08, 0x15, 0x08, 0x15, 0x08, 0x9d, 0x07, 0x9d, 0x07, 0x1e, 0x07,
  0x1e, 0x07, 0x9a, 0x06, 0x9a, 0x06, 0x10, 0x06, 0x10, 0x06, 0x81, 0x05,
  0x81, 0x05, 0xed, 0x04, 0xed, 0x04, 0x54, 0x04, 0x54, 0x04, 0xb8, 0x03,
  0xb8, 0x03, 0x19, 0x03, 0x19, 0x03, 0x77, 0x02, 0x77, 0x02, 0xd4, 0x01,
  0xd4, 0x01, 0x2f, 0x01, 0x2f, 0x01, 0x88, 0x00, 0x88, 0x00, 0xe2, 0xff,
  0xe2, 0xff, 0x3b, 0xff, 0x3b, 0xff, 0x95, 0xfe, 0x95, 0xfe, 0xf1, 0xfd,
  0xf1, 0xfd, 0x4d, 0xfd, 0x4d, 0xfd, 0xad, 0xfc, 0xad, 0xfc, 0x0f, 0xfc,
  0x0f, 0xfc, 0x74, 0xfb, 0x74, 0xfb, 0xde, 0xfa, 0xde, 0xfa, 0x4c, 0xfa,
  0x4c, 0xfa, 0xbe, 0xf9, 0xbe, 0xf9, 0x36, 0xf9, 0x36, 0xf9, 0xb3, 0xf8,
  0xb3, 0xf8, 0x37, 0xf8, 0x37, 0xf8, 0xc1, 0xf7, 0xc1, 0xf7, 0x52, 0xf7,
  0x52, 0xf7, 0xec, 0xf6, 0xec, 0xf6, 0x8c, 0xf6, 0x8c, 0xf6, 0x35, 0xf6,
  0x35, 0xf6, 0xe5, 0xf5, 0xe5, 0xf5, 0x9f, 0xf5, 0x9f, 0xf5, 0x61, 0xf5,
  0x61, 0xf5, 0x2c, 0xf5, 0x2c, 0xf5, 0x00, 0xf5, 0x00, 0xf5, 0xde, 0xf4,
  0xde, 0xf4, 0xc6, 0xf4, 0xc6, 0xf4, 0xb6, 0xf4, 0xb6, 0xf4, 0xb0, 0xf4,
  0xb0, 0xf4, 0xb4, 0xf4, 0xb4, 0xf4, 0xc2, 0xf4, 0xc2, 0xf4, 0xd9, 0xf4,
  0xd9, 0xf4, 0xf9, 0xf4, 0xf9, 0xf4, 0x23, 0xf5, 0x23, 0xf5, 0x57, 0xf5,
  0x57, 0xf5, 0x93, 0xf5, 0x93, 0xf5, 0xd7, 0xf5, 0xd7, 0xf5, 0x25, 0xf6,
  0x25, 0xf6, 0x7b, 0xf6, 0x7b, 0xf6, 0xd9, 0xf6, 0xd9, 0xf6, 0x3f, 0xf7,
  0x3f, 0xf7, 0xac, 0xf7, 0xac, 0xf7, 0x21, 0xf8, 0x21, 0xf8, 0x9c, 0xf8,
  0x9c, 0xf8, 0x1d, 0xf9, 0x1d, 0xf9, 0xa4, 0xf9, 0xa4, 0xf9, 0x31, 0xfa,
  0x31, 0xfa, 0xc2, 0xfa, 0xc2, 0xfa, 0x59, 0xfb, 0x59, 0xfb, 0xf2, 0xfb,
  0xf2, 0xfb, 0x8f, 0xfc, 0x8f, 0xfc, 0x2f, 0xfd, 0x2f, 0xfd, 0xd2, 0xfd,
  0xd2, 0xfd, 0x77, 0xfe, 0x77, 0xfe, 0x1c, 0xff, 0x1c, 0xff, 0xc3, 0xff,
  0xc3, 0xff, 0x6a, 0x00, 0x6a, 0x00, 0x10, 0x01, 0x10, 0x01, 0xb6, 0x01,
  0xb6, 0x01, 0x5a, 0x02, 0x5a, 0x02, 0xfc, 0x02, 0xfc, 0x02, 0x9b, 0x03,
  0x9b, 0x03, 0x38, 0x04, 0x38, 0x04, 0xd0, 0x04, 0xd0, 0x04, 0x66, 0x05,
  0x66, 0x05, 0xf6, 0x05, 0xf6, 0x05, 0x80, 0x06, 0x80, 0x06, 0x06, 0x07,
  0x06, 0x07, 0x86, 0x07, 0x86, 0x07, 0x00, 0x08, 0x00, 0x08, 0x72, 0x08,
  0x72, 0x08, 0xdd, 0x08, 0xdd, 0x08, 0x41, 0x09, 0x41, 0x09, 0x9d, 0x09,
  0x9d, 0x09, 0xf1, 0x09, 0xf1, 0x09, 0x3c, 0x0a, 0x3c, 0x0a, 0x7e, 0x0a,
  0x7e, 0x0a, 0xb8, 0x0a, 0xb8, 0x0a, 0xe9, 0x0a, 0xe9, 0x0a, 0x10, 0x0b,
  0x10, 0x0b, 0x2e, 0x0b, 0x2e, 0x0b, 0x43, 0x0b, 0x43, 0x0b, 0x4d, 0x0b,
  0x4d, 0x0b, 0x4f, 0x0b, 0x4f, 0x0b, 0x47, 0x0b, 0x47, 0x0b, 0x35, 0x0b,
  0x35, 0x0b, 0x1a, 0x0b, 0x1a, 0x0b, 0xf5, 0x0a, 0xf5, 0x0a, 0xc6, 0x0a,
  0xc6, 0x0a, 0x8f, 0x0a, 0x8f, 0x0a, 0x50, 0x0a, 0x50, 0x0a, 0x06, 0x0a,
  0x06, 0x0a, 0xb5, 0x09, 0xb5, 0x09, 0x5b, 0x09, 0x5b, 0x09, 0xf9, 0x08,
  0xf9, 0x08, 0x90, 0x08, 0x90, 0x08, 0x20, 0x08, 0x20, 0x08, 0xa8, 0x07,
  0xa8, 0x07, 0x2a, 0x07, 0x2a, 0x07, 0xa6, 0x06, 0xa6, 0x06, 0x1d, 0x06,
  0x1d, 0x06, 0x8e, 0x05, 0x8e, 0x05, 0xfa, 0x04, 0xfa, 0x04, 0x62, 0x04,
  0x62, 0x04, 0xc7, 0x03, 0xc7, 0x03, 0x28, 0x03, 0x28, 0x03, 0x87, 0x02,
  0x87, 0x02, 0xe3, 0x01, 0xe3, 0x01, 0x3e, 0x01, 0x3e, 0x01, 0x98, 0x00,
  0x98, 0x00, 0xf1, 0xff, 0xf1, 0xff, 0x4a, 0xff, 0x4a, 0xff, 0xa4, 0xfe,
  0xa4, 0xfe, 0xff, 0xfd, 0xff, 0xfd, 0x5d, 0xfd, 0x5d, 0xfd, 0xbb, 0xfc,
  0xbb, 0xfc, 0x1d, 0xfc, 0x1d, 0xfc, 0x82, 0xfb, 0x82, 0xfb, 0xeb, 0xfa,
  0xeb, 0xfa, 0x59, 0xfa, 0x59, 0xfa, 0xca, 0xf9, 0xca, 0xf9, 0x42, 0xf9,
  0x42, 0xf9, 0xbf, 0xf8, 0xbf, 0xf8, 0x42, 0xf8, 0x42, 0xf8, 0xcc, 0xf7,
  0xcc, 0xf7, 0x5d, 0xf7, 0x5d, 0xf7, 0xf4, 0xf6, 0xf4, 0xf6, 0x94, 0xf6,
  0x94, 0xf6, 0x3c, 0xf6, 0x3c, 0xf6, 0xec, 0xf5, 0xec, 0xf5, 0xa5, 0xf5,
  0xa5, 0xf5, 0x66, 0xf5, 0x66, 0xf5, 0x30, 0xf5, 0x30, 0xf5, 0x04, 0xf5,
  0x04, 0xf5, 0xe1, 0xf4, 0xe1, 0xf4, 0xc7, 0xf4, 0xc7, 0xf4, 0xb7, 0xf4,
  0xb7, 0xf4, 0xb0, 0xf4, 0xb0, 0xf4, 0xb3, 0xf4, 0xb3, 0xf4, 0xc0, 0xf4,
  0xc0, 0xf4, 0xd7, 0xf4, 0xd7, 0xf4, 0xf6, 0xf4, 0xf6, 0xf4, 0x1f, 0xf5,
  0x1f, 0xf5, 0x52, 0xf5, 0x52, 0xf5, 0x8d, 0xf5, 0x8d, 0xf5, 0xd1, 0xf5,
  0xd1, 0xf5, 0x1d, 0xf6, 0x1d, 0xf6, 0x73, 0xf6, 0x73, 0xf6, 0xd0, 0xf6,
  0xd0, 0xf6, 0x35, 0xf7, 0x35, 0xf7, 0xa2, 0xf7, 0xa2, 0xf7, 0x16, 0xf8,
  0x16, 0xf8, 0x90, 0xf8, 0x90, 0xf8, 0x11, 0xf9, 0x11, 0xf9, 0x98, 0xf9,
  0x98, 0xf9, 0x24, 0xfa, 0x24, 0xfa, 0xb5, 0xfa, 0xb5, 0xfa, 0x4a, 0xfb,
  0x4a, 0xfb, 0xe4, 0xfb, 0xe4, 0xfb, 0x81, 0xfc, 0x81, 0xfc, 0x21, 0xfd,
  0x21, 0xfd, 0xc3, 0xfd, 0xc3, 0xfd, 0x67, 0xfe, 0x67, 0xfe, 0x0d, 0xff,
  0x0d, 0xff, 0xb4, 0xff, 0xb4, 0xff, 0x5b, 0x00, 0x5b, 0x00, 0x01, 0x01,
  0x01, 0x01, 0xa7, 0x01, 0xa7, 0x01, 0x4b, 0x02, 0x4b, 0x02, 0xee, 0x02,
  0xee, 0x02, 0x8d, 0x03, 0x8d, 0x03, 0x2a, 0x04, 0x2a, 0x04, 0xc3, 0x04,
  0xc3, 0x04, 0x58, 0x05, 0x58, 0x05, 0xe8, 0x05, 0xe8, 0x05, 0x74, 0x06,
  0x74, 0x06, 0xfa, 0x06, 0xfa, 0x06, 0x7b, 0x07, 0x7b, 0x07, 0xf4, 0x07,
  0xf4, 0x07, 0x68, 0x08, 0x68, 0x08, 0xd4, 0x08, 0xd4, 0x08, 0x38, 0x09,
  0x38, 0x09, 0x95, 0x09, 0x95, 0x09, 0xe9, 0x09, 0xe9, 0x09, 0x35, 0x0a,
  0x35, 0x0a, 0x79, 0x0a, 0x79, 0x0a, 0xb3, 0x0a, 0xb3, 0x0a, 0xe5, 0x0a,
  0xe5, 0x0a, 0x0d, 0x0b, 0x0d, 0x0b, 0x2c, 0x0b, 0x2c, 0x0b, 0x41, 0x0b,
  0x41, 0x0b, 0x4d, 0x0b, 0x4d, 0x0b, 0x50, 0x0b, 0x50, 0x0b, 0x48, 0x0b,
  0x48, 0x0b, 0x37, 0x0b, 0x37, 0x0b, 0x1d, 0x0b, 0x1d, 0x0b, 0xf9, 0x0a,
  0xf9, 0x0a, 0xcb, 0x0a, 0xcb, 0x0a, 0x95, 0x0a, 0x95, 0x0a, 0x55, 0x0a,
  0x55, 0x0a, 0x0d, 0x0a, 0x0d, 0x0a, 0xbd, 0x09, 0xbd, 0x09, 0x63, 0x09,
  0x63, 0x09, 0x03, 0x09, 0x03, 0x09, 0x9a, 0x08, 0x9a, 0x08, 0x2a, 0x08,
  0x2a, 0x08, 0xb3, 0x07, 0xb3, 0x07, 0x36, 0x07, 0x36, 0x07, 0xb3, 0x06,
  0xb3, 0x06, 0x29, 0x06, 0x29, 0x06, 0x9b, 0x05, 0x9b, 0x05, 0x08, 0x05,
  0x08, 0x05, 0x70, 0x04, 0x70, 0x04, 0xd5, 0x03, 0xd5, 0x03, 0x36, 0x03,
  0x36, 0x03, 0x96, 0x02, 0x96, 0x02, 0xf3, 0x01, 0xf3, 0x01, 0x4d, 0x01,
  0x4d, 0x01, 0xa7, 0x00, 0xa7, 0x00, 0x00, 0x00, 0x00, 0x00, 0x5a, 0xff,
  0x5a, 0xff, 0xb4, 0xfe, 0xb4, 0xfe, 0x0e, 0xfe, 0x0e, 0xfe, 0x6b, 0xfd,
  0x6b, 0xfd, 0xca, 0xfc, 0xca, 0xfc, 0x2b, 0xfc, 0x2b, 0xfc, 0x90, 0xfb,
  0x90, 0xfb, 0xf9, 0xfa, 0xf9, 0xfa, 0x65, 0xfa, 0x65, 0xfa, 0xd7, 0xf9,
  0xd7, 0xf9, 0x4e, 0xf9, 0x4e, 0xf9, 0xca, 0xf8, 0xca, 0xf8, 0x4d, 0xf8,
  0x4d, 0xf8, 0xd6, 0xf7, 0xd6, 0xf7, 0x66, 0xf7, 0x66, 0xf7, 0xfe, 0xf6,
  0xfe, 0xf6, 0x9d, 0xf6, 0x9d, 0xf6, 0x43, 0xf6, 0x43, 0xf6, 0xf3, 0xf5,
  0xf3, 0xf5, 0xab, 0xf5, 0xab, 0xf5, 0x6c, 0xf5, 0x6c, 0xf5, 0x35, 0xf5,
  0x35, 0xf5, 0x07, 0xf5, 0x07, 0xf5, 0xe4, 0xf4, 0xe4, 0xf4, 0xc9, 0xf4,
  0xc9, 0xf4, 0xb8, 0xf4, 0xb8, 0xf4, 0xb0, 0xf4, 0xb0, 0xf4, 0xb3, 0xf4,
  0xb3, 0xf4, 0xbf, 0xf4, 0xbf, 0xf4, 0xd4, 0xf4, 0xd4, 0xf4, 0xf3, 0xf4,
  0xf3, 0xf4, 0x1b, 0xf5, 0x1b, 0xf5, 0x4d, 0xf5, 0x4d, 0xf5, 0x87, 0xf5,
  0x87, 0xf5, 0xcb, 0xf5, 0xcb, 0xf5, 0x16, 0xf6, 0x16, 0xf6, 0x6b, 0xf6,
  0x6b, 0xf6, 0xc8, 0xf6, 0xc8, 0xf6, 0x2c, 0xf7, 0x2c, 0xf7, 0x98, 0xf7,
  0x98, 0xf7, 0x0c, 0xf8, 0x0c, 0xf8, 0x85, 0xf8, 0x85, 0xf8, 0x05, 0xf9,
  0x05, 0xf9, 0x8c, 0xf9, 0x8c, 0xf9, 0x17, 0xfa, 0x17, 0xfa, 0xa8, 0xfa,
  0xa8, 0xfa, 0x3c, 0xfb, 0x3c, 0xfb, 0xd6, 0xfb, 0xd6, 0xfb, 0x73, 0xfc,
  0x73, 0xfc, 0x12, 0xfd, 0x12, 0xfd, 0xb5, 0xfd, 0xb5, 0xfd, 0x58, 0xfe,
  0x58, 0xfe, 0xfe, 0xfe, 0xfe, 0xfe, 0xa5, 0xff, 0xa5, 0xff, 0x4c, 0x00,
  0x4c, 0x00, 0xf2, 0x00, 0xf2, 0x00, 0x98, 0x01, 0x98, 0x01, 0x3c, 0x02,
  0x3c, 0x02, 0xdf, 0x02, 0xdf, 0x02, 0x7e, 0x03, 0x7e, 0x03, 0x1b, 0x04,
  0x1b, 0x04, 0xb6, 0x04, 0xb6, 0x04, 0x4b, 0x05, 0x4b, 0x05, 0xdc, 0x05,
  0xdc, 0x05, 0x68, 0x06, 0x68, 0x06, 0xee, 0x06, 0xee, 0x06, 0x6f, 0x07,
  0x6f, 0x07, 0xea, 0x07, 0xea, 0x07, 0x5e, 0x08, 0x5e, 0x08, 0xca, 0x08,
  0xca, 0x08, 0x2f, 0x09, 0x2f, 0x09, 0x8c, 0x09, 0x8c, 0x09, 0xe2, 0x09,
  0xe2, 0x09, 0x2f, 0x0a, 0x2f, 0x0a, 0x73, 0x0a, 0x73, 0x0a, 0xae, 0x0a,
  0xae, 0x0a, 0xe1, 0x0a, 0xe1, 0x0a, 0x0a, 0x0b, 0x0a, 0x0b, 0x29, 0x0b,
  0x29, 0x0b, 0x40, 0x0b, 0x40, 0x0b, 0x4d, 0x0b, 0x4d, 0x0b, 0x50, 0x0b,
  0x50, 0x0b, 0x49, 0x0b, 0x49, 0x0b, 0x39, 0x0b, 0x39, 0x0b, 0x1f, 0x0b,
  0x1f, 0x0b, 0xfc, 0x0a, 0xfc, 0x0a, 0xd0, 0x0a, 0xd0, 0x0a, 0x9a, 0x0a,
  0x9a, 0x0a, 0x5c, 0x0a, 0x5c, 0x0a, 0x14, 0x0a, 0x14, 0x0a, 0xc4, 0x09,
  0xc4, 0x09, 0x6c, 0x09, 0x6c, 0x09, 0x0c, 0x09, 0x0c, 0x09, 0xa4, 0x08,
  0xa4, 0x08, 0x35, 0x08, 0x35, 0x08, 0xbf, 0x07, 0xbf, 0x07, 0x42, 0x07,
  0x42, 0x07, 0xbf, 0x06, 0xbf, 0x06, 0x36, 0x06, 0x36, 0x06, 0xa8, 0x05,
  0xa8, 0x05, 0x15, 0x05, 0x15, 0x05, 0x7e, 0x04, 0x7e, 0x04, 0xe4, 0x03,
  0xe4, 0x03, 0x45, 0x03, 0x45, 0x03, 0xa4, 0x02, 0xa4, 0x02, 0x01, 0x02,
  0x01, 0x02, 0x5d, 0x01, 0x5d, 0x01, 0xb6, 0x00, 0xb6, 0x00, 0x10, 0x00,
  0x10, 0x00, 0x69, 0xff, 0x69, 0xff, 0xc3, 0xfe, 0xc3, 0xfe, 0x1e, 0xfe,
  0x1e, 0xfe, 0x7a, 0xfd, 0x7a, 0xfd, 0xd9, 0xfc, 0xd9, 0xfc, 0x3a, 0xfc,
  0x3a, 0xfc, 0x9e, 0xfb, 0x9e, 0xfb, 0x07, 0xfb, 0x07, 0xfb, 0x73, 0xfa,
  0x73, 0xfa, 0xe4, 0xf9, 0xe4, 0xf9, 0x5b, 0xf9, 0x5b, 0xf9, 0xd6, 0xf8,
  0xd6, 0xf8, 0x59, 0xf8, 0x59, 0xf8, 0xe1, 0xf7, 0xe1, 0xf7, 0x70, 0xf7,
  0x70, 0xf7, 0x07, 0xf7, 0x07, 0xf7, 0xa5, 0xf6, 0xa5, 0xf6, 0x4b, 0xf6,
  0x4b, 0xf6, 0xfa, 0xf5, 0xfa, 0xf5, 0xb1, 0xf5, 0xb1, 0xf5, 0x71, 0xf5,
  0x71, 0xf5, 0x3a, 0xf5, 0x3a, 0xf5, 0x0c, 0xf5, 0x0c, 0xf5, 0xe7, 0xf4,
  0xe7, 0xf4, 0xcb, 0xf4, 0xcb, 0xf4, 0xba, 0xf4, 0xba, 0xf4, 0xb1, 0xf4,
  0xb1, 0xf4, 0xb3, 0xf4, 0xb3, 0xf4, 0xbd, 0xf4, 0xbd, 0xf4, 0xd2, 0xf4,
  0xd2, 0xf4, 0xef, 0xf4, 0xef, 0xf4, 0x17, 0xf5, 0x17, 0xf5, 0x48, 0xf5,
  0x48, 0xf5, 0x81, 0xf5, 0x81, 0xf5, 0xc4, 0xf5, 0xc4, 0xf5, 0x0f, 0xf6,
  0x0f, 0xf6, 0x63, 0xf6, 0x63, 0xf6, 0xbf, 0xf6, 0xbf, 0xf6, 0x23, 0xf7,
  0x23, 0xf7, 0x8e, 0xf7, 0x8e, 0xf7, 0x00, 0xf8, 0x00, 0xf8, 0x7a, 0xf8,
  0x7a, 0xf8, 0xf9, 0xf8, 0xf9, 0xf8, 0x7f, 0xf9, 0x7f, 0xf9, 0x0a, 0xfa,
  0x0a, 0xfa, 0x9a, 0xfa, 0x9a, 0xfa, 0x2f, 0xfb, 0x2f, 0xfb, 0xc8, 0xfb,
  0xc8, 0xfb, 0x64, 0xfc, 0x64, 0xfc, 0x04, 0xfd, 0x04, 0xfd, 0xa6, 0xfd,
  0xa6, 0xfd, 0x4a, 0xfe, 0x4a, 0xfe, 0xef, 0xfe, 0xef, 0xfe, 0x95, 0xff,
  0x95, 0xff, 0x3d, 0x00, 0x3d, 0x00, 0xe3, 0x00, 0xe3, 0x00, 0x88, 0x01,
  0x88, 0x01, 0x2d, 0x02, 0x2d, 0x02, 0xd0, 0x02, 0xd0, 0x02, 0x70, 0x03,
  0x70, 0x03, 0x0d, 0x04, 0x0d, 0x04, 0xa7, 0x04, 0xa7, 0x04, 0x3d, 0x05,
  0x3d, 0x05, 0xcf, 0x05, 0xcf, 0x05, 0x5b, 0x06, 0x5b, 0x06, 0xe3, 0x06,
  0xe3, 0x06, 0x63, 0x07, 0x63, 0x07, 0xdf, 0x07, 0xdf, 0x07, 0x53, 0x08,
  0x53, 0x08, 0xc1, 0x08, 0xc1, 0x08, 0x27, 0x09, 0x27, 0x09, 0x85, 0x09,
  0x85, 0x09, 0xda, 0x09, 0xda, 0x09, 0x28, 0x0a, 0x28, 0x0a, 0x6d, 0x0a,
  0x6d, 0x0a, 0xa9, 0x0a, 0xa9, 0x0a, 0xdc, 0x0a, 0xdc, 0x0a, 0x07, 0x0b,
  0x07, 0x0b, 0x27, 0x0b, 0x27, 0x0b, 0x3e, 0x0b, 0x3e, 0x0b, 0x4b, 0x0b,
  0x4b, 0x0b, 0x50, 0x0b, 0x50, 0x0b, 0x4a, 0x0b, 0x4a, 0x0b, 0x3a, 0x0b,
  0x3a, 0x0b, 0x22, 0x0b, 0x22, 0x0b, 0x00, 0x0b, 0x00, 0x0b, 0xd4, 0x0a,
  0xd4, 0x0a, 0x9f, 0x0a, 0x9f, 0x0a, 0x62, 0x0a, 0x62, 0x0a, 0x1b, 0x0a,
  0x1b, 0x0a, 0xcc, 0x09, 0xcc, 0x09, 0x74, 0x09, 0x74, 0x09, 0x15, 0x09,
  0x15, 0x09, 0xae, 0x08, 0xae, 0x08, 0x3f, 0x08, 0x3f, 0x08, 0xc9, 0x07,
  0xc9, 0x07, 0x4e, 0x07, 0x4e, 0x07, 0xcb, 0x06, 0xcb, 0x06, 0x43, 0x06,
  0x43, 0x06, 0xb5, 0x05, 0xb5, 0x05, 0x22, 0x05, 0x22, 0x05, 0x8d, 0x04,
  0x8d, 0x04, 0xf2, 0x03, 0xf2, 0x03, 0x54, 0x03, 0x54, 0x03, 0xb4, 0x02,
  0xb4, 0x02, 0x0f, 0x02, 0x0f, 0x02, 0x6b, 0x01, 0x6b, 0x01, 0xc5, 0x00,
  0xc5, 0x00, 0x1e, 0x00, 0x1e, 0x00, 0x78, 0xff, 0x78, 0xff, 0xd1, 0xfe,
  0xd1, 0xfe, 0x2d, 0xfe, 0x2d, 0xfe, 0x89, 0xfd, 0x89, 0xfd, 0xe7, 0xfc,
  0xe7, 0xfc, 0x48, 0xfc, 0x48, 0xfc, 0xac, 0xfb, 0xac, 0xfb, 0x14, 0xfb,
  0x14, 0xfb, 0x80, 0xfa, 0x80, 0xfa, 0xf1, 0xf9, 0xf1, 0xf9, 0x67, 0xf9,
  0x67, 0xf9, 0xe2, 0xf8, 0xe2, 0xf8, 0x63, 0xf8, 0x63, 0xf8, 0xeb, 0xf7,
  0xeb, 0xf7, 0x7b, 0xf7, 0x7b, 0xf7, 0x10, 0xf7, 0x10, 0xf7, 0xae, 0xf6,
  0xae, 0xf6, 0x53, 0xf6, 0x53, 0xf6, 0x01, 0xf6, 0x01, 0xf6, 0xb7, 0xf5,
  0xb7, 0xf5, 0x76, 0xf5, 0x76, 0xf5, 0x3e, 0xf5, 0x3e, 0xf5, 0x0f, 0xf5,
  0x0f, 0xf5, 0xea, 0xf4, 0xea, 0xf4, 0xcd, 0xf4, 0xcd, 0xf4, 0xba, 0xf4,
  0xba, 0xf4, 0xb1, 0xf4, 0xb1, 0xf4, 0xb2, 0xf4, 0xb2, 0xf4, 0xbc, 0xf4,
  0xbc, 0xf4, 0xd0, 0xf4, 0xd0, 0xf4, 0xed, 0xf4, 0xed, 0xf4, 0x13, 0xf5,
  0x13, 0xf5, 0x43, 0xf5, 0x43, 0xf5, 0x7b, 0xf5, 0x7b, 0xf5, 0xbd, 0xf5,
  0xbd, 0xf5, 0x08, 0xf6, 0x08, 0xf6, 0x5b, 0xf6, 0x5b, 0xf6, 0xb6, 0xf6,
  0xb6, 0xf6, 0x19, 0xf7, 0x19, 0xf7, 0x84, 0xf7, 0x84, 0xf7, 0xf6, 0xf7,
  0xf6, 0xf7, 0x6f, 0xf8, 0x6f, 0xf8, 0xed, 0xf8, 0xed, 0xf8, 0x72, 0xf9,
  0x72, 0xf9, 0xfd, 0xf9, 0xfd, 0xf9, 0x8d, 0xfa, 0x8d, 0xfa, 0x21, 0xfb,
  0x21, 0xfb, 0xba, 0xfb, 0xba, 0xfb, 0x56, 0xfc, 0x56, 0xfc, 0xf5, 0xfc,
  0xf5, 0xfc, 0x97, 0xfd, 0x97, 0xfd, 0x3b, 0xfe, 0x3b, 0xfe, 0xe0, 0xfe,
  0xe0, 0xfe, 0x86, 0xff, 0x86, 0xff, 0x2d, 0x00, 0x2d, 0x00, 0xd4, 0x00,
  0xd4, 0x00, 0x7a, 0x01, 0x7a, 0x01, 0x1e, 0x02, 0x1e, 0x02, 0xc1, 0x02,
  0xc1, 0x02, 0x61, 0x03, 0x61, 0x03, 0xff, 0x03, 0xff, 0x03, 0x99, 0x04,
  0x99, 0x04, 0x30, 0x05, 0x30, 0x05, 0xc2, 0x05, 0xc2, 0x05, 0x4e, 0x06,
  0x4e, 0x06, 0xd7, 0x06, 0xd7, 0x06, 0x58, 0x07, 0x58, 0x07, 0xd4, 0x07,
  0xd4, 0x07, 0x49, 0x08, 0x49, 0x08, 0xb7, 0x08, 0xb7, 0x08, 0x1d, 0x09,
  0x1d, 0x09, 0x7c, 0x09, 0x7c, 0x09, 0xd3, 0x09, 0xd3, 0x09, 0x22, 0x0a,
  0x22, 0x0a, 0x68, 0x0a, 0x68, 0x0a, 0xa4, 0x0a, 0xa4, 0x0a, 0xd8, 0x0a,
  0xd8, 0x0a, 0x03, 0x0b, 0x03, 0x0b, 0x24, 0x0b, 0x24, 0x0b, 0x3c, 0x0b,
  0x3c, 0x0b, 0x4b, 0x0b, 0x4b, 0x0b, 0x50, 0x0b, 0x50, 0x0b, 0x4b, 0x0b,
  0x4b, 0x0b, 0x3c, 0x0b, 0x3c, 0x0b, 0x24, 0x0b, 0x24, 0x0b, 0x03, 0x0b,
  0x03, 0x0b, 0xd9, 0x0a, 0xd9, 0x0a, 0xa4, 0x0a, 0xa4, 0x0a, 0x68, 0x0a,
  0x68, 0x0a, 0x22, 0x0a, 0x22, 0x0a, 0xd3, 0x09, 0xd3, 0x09, 0x7d, 0x09,
  0x7d, 0x09, 0x1d, 0x09, 0x1d, 0x09, 0xb8, 0x08, 0xb8, 0x08, 0x49, 0x08,
  0x49, 0x08, 0xd4, 0x07, 0xd4, 0x07, 0x59, 0x07, 0x59, 0x07, 0xd7, 0x06,
  0xd7, 0x06, 0x4f, 0x06, 0x4f, 0x06, 0xc2, 0x05, 0xc2, 0x05, 0x30, 0x05,
  0x30, 0x05, 0x9a, 0x04, 0x9a, 0x04, 0x00, 0x04, 0x00, 0x04, 0x62, 0x03,
  0x62, 0x03, 0xc2, 0x02, 0xc2, 0x02, 0x1f, 0x02, 0x1f, 0x02, 0x7a, 0x01,
  0x7a, 0x01, 0xd4, 0x00, 0xd4, 0x00, 0x2d, 0x00, 0x2d, 0x00, 0x87, 0xff,
  0x87, 0xff, 0xe1, 0xfe, 0xe1, 0xfe, 0x3b, 0xfe, 0x3b, 0xfe, 0x97, 0xfd,
  0x97, 0xfd, 0xf5, 0xfc, 0xf5, 0xfc, 0x56, 0xfc, 0x56, 0xfc, 0xba, 0xfb,
  0xba, 0xfb, 0x21, 0xfb, 0x21, 0xfb, 0x8e, 0xfa, 0x8e, 0xfa, 0xfd, 0xf9,
  0xfd, 0xf9, 0x73, 0xf9, 0x73, 0xf9, 0xee, 0xf8, 0xee, 0xf8, 0x6f, 0xf8,
  0x6f, 0xf8, 0xf6, 0xf7, 0xf6, 0xf7, 0x85, 0xf7, 0x85, 0xf7, 0x19, 0xf7,
  0x19, 0xf7, 0xb6, 0xf6, 0xb6, 0xf6, 0x5c, 0xf6, 0x5c, 0xf6, 0x08, 0xf6,
  0x08, 0xf6, 0xbe, 0xf5, 0xbe, 0xf5, 0x7c, 0xf5, 0x7c, 0xf5, 0x43, 0xf5,
  0x43, 0xf5, 0x13, 0xf5, 0x13, 0xf5, 0xed, 0xf4, 0xed, 0xf4, 0xd0, 0xf4,
  0xd0, 0xf4, 0xbc, 0xf4, 0xbc, 0xf4, 0xb2, 0xf4, 0xb2, 0xf4, 0xb1, 0xf4,
  0xb1, 0xf4, 0xba, 0xf4, 0xba, 0xf4, 0xcd, 0xf4, 0xcd, 0xf4, 0xea, 0xf4,
  0xea, 0xf4, 0x0f, 0xf5, 0x0f, 0xf5, 0x3e, 0xf5, 0x3e, 0xf5, 0x76, 0xf5,
  0x76, 0xf5, 0xb7, 0xf5, 0xb7, 0xf5, 0x01, 0xf6, 0x01, 0xf6, 0x53, 0xf6,
  0x53, 0xf6, 0xae, 0xf6, 0xae, 0xf6, 0x10, 0xf7, 0x10, 0xf7, 0x7a, 0xf7,
  0x7a, 0xf7, 0xeb, 0xf7, 0xeb, 0xf7, 0x63, 0xf8, 0x63, 0xf8, 0xe2, 0xf8,
  0xe2, 0xf8, 0x66, 0xf9, 0x66, 0xf9, 0xf0, 0xf9, 0xf0, 0xf9, 0x7f, 0xfa,
  0x7f, 0xfa, 0x13, 0xfb, 0x13, 0xfb, 0xac, 0xfb, 0xac, 0xfb, 0x48, 0xfc,
  0x48, 0xfc, 0xe7, 0xfc, 0xe7, 0xfc, 0x89, 0xfd, 0x89, 0xfd, 0x2c, 0xfe,
  0x2c, 0xfe, 0xd1, 0xfe, 0xd1, 0xfe, 0x78, 0xff, 0x78, 0xff, 0x1e, 0x00,
  0x1e, 0x00, 0xc5, 0x00, 0xc5, 0x00, 0x6b, 0x01, 0x6b, 0x01, 0x0f, 0x02,
  0x0f, 0x02, 0xb3, 0x02, 0xb3, 0x02, 0x53, 0x03, 0x53, 0x03, 0xf1, 0x03,
  0xf1, 0x03, 0x8c, 0x04, 0x8c, 0x04, 0x22, 0x05, 0x22, 0x05, 0xb4, 0x05,
  0xb4, 0x05, 0x42, 0x06, 0x42, 0x06, 0xca, 0x06, 0xca, 0x06, 0x4d, 0x07,
  0x4d, 0x07, 0xc9, 0x07, 0xc9, 0x07, 0x3f, 0x08, 0x3f, 0x08, 0xae, 0x08,
  0xae, 0x08, 0x14, 0x09, 0x14, 0x09, 0x74, 0x09, 0x74, 0x09, 0xcb, 0x09,
  0xcb, 0x09, 0x1b, 0x0a, 0x1b, 0x0a, 0x61, 0x0a, 0x61, 0x0a, 0x9f, 0x0a,
  0x9f, 0x0a, 0xd4, 0x0a, 0xd4, 0x0a, 0x00, 0x0b, 0x00, 0x0b, 0x22, 0x0b,
  0x22, 0x0b, 0x3a, 0x0b, 0x3a, 0x0b, 0x4a, 0x0b, 0x4a, 0x0b, 0x50, 0x0b,
  0x50, 0x0b, 0x4c, 0x0b, 0x4c, 0x0b, 0x3e, 0x0b, 0x3e, 0x0b, 0x27, 0x0b,
  0x27, 0x0b, 0x07, 0x0b, 0x07, 0x0b, 0xdd, 0x0a, 0xdd, 0x0a, 0xa9, 0x0a,
  0xa9, 0x0a, 0x6d, 0x0a, 0x6d, 0x0a, 0x29, 0x0a, 0x29, 0x0a, 0xdb, 0x09,
  0xdb, 0x09, 0x85, 0x09, 0x85, 0x09, 0x27, 0x09, 0x27, 0x09, 0xc1, 0x08,
  0xc1, 0x08, 0x54, 0x08, 0x54, 0x08, 0xdf, 0x07, 0xdf, 0x07, 0x64, 0x07,
  0x64, 0x07, 0xe3, 0x06, 0xe3, 0x06, 0x5c, 0x06, 0x5c, 0x06, 0xcf, 0x05,
  0xcf, 0x05, 0x3e, 0x05, 0x3e, 0x05, 0xa7, 0x04, 0xa7, 0x04, 0x0e, 0x04,
  0x0e, 0x04, 0x71, 0x03, 0x71, 0x03, 0xd1, 0x02, 0xd1, 0x02, 0x2e, 0x02,
  0x2e, 0x02, 0x89, 0x01, 0x89, 0x01, 0xe4, 0x00, 0xe4, 0x00, 0x3d, 0x00,
  0x3d, 0x00, 0x96, 0xff, 0x96, 0xff, 0xf0, 0xfe, 0xf0, 0xfe, 0x4a, 0xfe,
  0x4a, 0xfe, 0xa6, 0xfd, 0xa6, 0xfd, 0x04, 0xfd, 0x04, 0xfd, 0x65, 0xfc,
  0x65, 0xfc, 0xc8, 0xfb, 0xc8, 0xfb, 0x30, 0xfb, 0x30, 0xfb, 0x9a, 0xfa,
  0x9a, 0xfa, 0x0a, 0xfa, 0x0a, 0xfa, 0x80, 0xf9, 0x80, 0xf9, 0xfa, 0xf8,
  0xfa, 0xf8, 0x7a, 0xf8, 0x7a, 0xf8, 0x00, 0xf8, 0x00, 0xf8, 0x8e, 0xf7,
  0x8e, 0xf7, 0x23, 0xf7, 0x23, 0xf7, 0xbf, 0xf6, 0xbf, 0xf6, 0x63, 0xf6,
  0x63, 0xf6, 0x0f, 0xf6, 0x0f, 0xf6, 0xc4, 0xf5, 0xc4, 0xf5, 0x82, 0xf5,
  0x82, 0xf5, 0x48, 0xf5, 0x48, 0xf5, 0x17, 0xf5, 0x17, 0xf5, 0xf0, 0xf4,
  0xf0, 0xf4, 0xd2, 0xf4, 0xd2, 0xf4, 0xbd, 0xf4, 0xbd, 0xf4, 0xb3, 0xf4,
  0xb3, 0xf4, 0xb1, 0xf4, 0xb1, 0xf4, 0xb9, 0xf4, 0xb9, 0xf4, 0xcb, 0xf4,
  0xcb, 0xf4, 0xe6, 0xf4, 0xe6, 0xf4, 0x0b, 0xf5, 0x0b, 0xf5, 0x3a, 0xf5,
  0x3a, 0xf5, 0x71, 0xf5, 0x71, 0xf5, 0xb0, 0xf5, 0xb0, 0xf5, 0xfa, 0xf5,
  0xfa, 0xf5, 0x4b, 0xf6, 0x4b, 0xf6, 0xa5, 0xf6, 0xa5, 0xf6, 0x07, 0xf7,
  0x07, 0xf7, 0x70, 0xf7, 0x70, 0xf7, 0xe0, 0xf7, 0xe0, 0xf7, 0x58, 0xf8,
  0x58, 0xf8, 0xd6, 0xf8, 0xd6, 0xf8, 0x5a, 0xf9, 0x5a, 0xf9, 0xe3, 0xf9,
  0xe3, 0xf9, 0x72, 0xfa, 0x72, 0xfa, 0x06, 0xfb, 0x06, 0xfb, 0x9e, 0xfb,
  0x9e, 0xfb, 0x39, 0xfc, 0x39, 0xfc, 0xd8, 0xfc, 0xd8, 0xfc, 0x79, 0xfd,
  0x79, 0xfd, 0x1d, 0xfe, 0x1d, 0xfe, 0xc2, 0xfe, 0xc2, 0xfe, 0x68, 0xff,
  0x68, 0xff, 0x0f, 0x00, 0x0f, 0x00, 0xb6, 0x00, 0xb6, 0x00, 0x5c, 0x01,
  0x5c, 0x01, 0x01, 0x02, 0x01, 0x02, 0xa3, 0x02, 0xa3, 0x02, 0x45, 0x03,
  0x45, 0x03, 0xe3, 0x03, 0xe3, 0x03, 0x7e, 0x04, 0x7e, 0x04, 0x15, 0x05,
  0x15, 0x05, 0xa7, 0x05, 0xa7, 0x05, 0x36, 0x06, 0x36, 0x06, 0xbe, 0x06,
  0xbe, 0x06, 0x41, 0x07, 0x41, 0x07, 0xbe, 0x07, 0xbe, 0x07, 0x34, 0x08,
  0x34, 0x08, 0xa3, 0x08, 0xa3, 0x08, 0x0c, 0x09, 0x0c, 0x09, 0x6c, 0x09,
  0x6c, 0x09, 0xc4, 0x09, 0xc4, 0x09, 0x14, 0x0a, 0x14, 0x0a, 0x5b, 0x0a,
  0x5b, 0x0a, 0x9a, 0x0a, 0x9a, 0x0a, 0xd0, 0x0a, 0xd0, 0x0a, 0xfc, 0x0a,
  0xfc, 0x0a, 0x1f, 0x0b, 0x1f, 0x0b, 0x39, 0x0b, 0x39, 0x0b, 0x49, 0x0b,
  0x49, 0x0b, 0x50, 0x0b, 0x50, 0x0b, 0x4d, 0x0b, 0x4d, 0x0b, 0x40, 0x0b,
  0x40, 0x0b, 0x29, 0x0b, 0x29, 0x0b, 0x0a, 0x0b, 0x0a, 0x0b, 0xe1, 0x0a,
  0xe1, 0x0a, 0xae, 0x0a, 0xae, 0x0a, 0x73, 0x0a, 0x73, 0x0a, 0x2f, 0x0a,
  0x2f, 0x0a, 0xe3, 0x09, 0xe3, 0x09, 0x8d, 0x09, 0x8d, 0x09, 0x30, 0x09,
  0x30, 0x09, 0xcb, 0x08, 0xcb, 0x08, 0x5e, 0x08, 0x5e, 0x08, 0xea, 0x07,
  0xea, 0x07, 0x70, 0x07, 0x70, 0x07, 0xef, 0x06, 0xef, 0x06, 0x68, 0x06,
  0x68, 0x06, 0xdc, 0x05, 0xdc, 0x05, 0x4b, 0x05, 0x4b, 0x05, 0xb6, 0x04,
  0xb6, 0x04, 0x1c, 0x04, 0x1c, 0x04, 0x7f, 0x03, 0x7f, 0x03, 0xdf, 0x02,
  0xdf, 0x02, 0x3d, 0x02, 0x3d, 0x02, 0x99, 0x01, 0x99, 0x01, 0xf3, 0x00,
  0xf3, 0x00, 0x4c, 0x00, 0x4c, 0x00, 0xa5, 0xff, 0xa5, 0xff, 0xff, 0xfe,
  0xff, 0xfe, 0x59, 0xfe, 0x59, 0xfe, 0xb5, 0xfd, 0xb5, 0xfd, 0x12, 0xfd,
  0x12, 0xfd, 0x73, 0xfc, 0x73, 0xfc, 0xd6, 0xfb, 0xd6, 0xfb, 0x3d, 0xfb,
  0x3d, 0xfb, 0xa8, 0xfa, 0xa8, 0xfa, 0x18, 0xfa, 0x18, 0xfa, 0x8c, 0xf9,
  0x8c, 0xf9, 0x06, 0xf9, 0x06, 0xf9, 0x85, 0xf8, 0x85, 0xf8, 0x0c, 0xf8,
  0x0c, 0xf8, 0x98, 0xf7, 0x98, 0xf7, 0x2c, 0xf7, 0x2c, 0xf7, 0xc8, 0xf6,
  0xc8, 0xf6, 0x6b, 0xf6, 0x6b, 0xf6, 0x17, 0xf6, 0x17, 0xf6, 0xcb, 0xf5,
  0xcb, 0xf5, 0x87, 0xf5, 0x87, 0xf5, 0x4d, 0xf5, 0x4d, 0xf5, 0x1b, 0xf5,
  0x1b, 0xf5, 0xf3, 0xf4, 0xf3, 0xf4, 0xd4, 0xf4, 0xd4, 0xf4, 0xbf, 0xf4,
  0xbf, 0xf4, 0xb3, 0xf4, 0xb3, 0xf4, 0xb0, 0xf4, 0xb0, 0xf4, 0xb8, 0xf4,
  0xb8, 0xf4, 0xc9, 0xf4, 0xc9, 0xf4, 0xe3, 0xf4, 0xe3, 0xf4, 0x07, 0xf5,
  0x07, 0xf5, 0x35, 0xf5, 0x35, 0xf5, 0x6b, 0xf5, 0x6b, 0xf5, 0xab, 0xf5,
  0xab, 0xf5, 0xf3, 0xf5, 0xf3, 0xf5, 0x43, 0xf6, 0x43, 0xf6, 0x9d, 0xf6,
  0x9d, 0xf6, 0xfd, 0xf6, 0xfd, 0xf6, 0x66, 0xf7, 0x66, 0xf7, 0xd6, 0xf7,
  0xd6, 0xf7, 0x4d, 0xf8, 0x4d, 0xf8, 0xca, 0xf8, 0xca, 0xf8, 0x4d, 0xf9,
  0x4d, 0xf9, 0xd7, 0xf9, 0xd7, 0xf9, 0x65, 0xfa, 0x65, 0xfa, 0xf8, 0xfa,
  0xf8, 0xfa, 0x90, 0xfb, 0x90, 0xfb, 0x2b, 0xfc, 0x2b, 0xfc, 0xca, 0xfc,
  0xca, 0xfc, 0x6a, 0xfd, 0x6a, 0xfd, 0x0d, 0xfe, 0x0d, 0xfe, 0xb3, 0xfe,
  0xb3, 0xfe, 0x59, 0xff, 0x59, 0xff
};
const unsigned int g_audio_4_wav_len = 96078;
